{"id":[108783],"entity_type":["politician"],"label":["Felix Schreiner"],"api_url":["https://www.abgeordnetenwatch.de/api/v2/politicians/108783"],"abgeordnetenwatch_url":["https://www.abgeordnetenwatch.de/profile/felix-schreiner"],"first_name":["Felix"],"last_name":["Schreiner"],"birth_name":{},"sex":["m"],"year_of_birth":[1986],"party":{"id":[2],"entity_type":["party"],"label":["CDU"],"api_url":["https://www.abgeordnetenwatch.de/api/v2/parties/2"]},"party_past":{},"education":{},"residence":{},"occupation":["Bundestagsabgeordneter"],"statistic_questions":[9],"statistic_questions_answered":[9],"qid_wikidata":["Q1403798"],"field_title":{}}
