{"id":[108761],"entity_type":["politician"],"label":["Markus Frohnmaier"],"api_url":["https://www.abgeordnetenwatch.de/api/v2/politicians/108761"],"abgeordnetenwatch_url":["https://www.abgeordnetenwatch.de/profile/markus-frohnmaier"],"first_name":["Markus"],"last_name":["Frohnmaier"],"birth_name":{},"sex":["m"],"year_of_birth":[1991],"party":{"id":[9],"entity_type":["party"],"label":["AfD"],"api_url":["https://www.abgeordnetenwatch.de/api/v2/parties/9"]},"party_past":{},"education":["Rechtswissenschaft"],"residence":{},"occupation":["MdB"],"statistic_questions":[2],"statistic_questions_answered":{},"qid_wikidata":["Q24540200"],"field_title":{}}
