{"id":[108754],"entity_type":["politician"],"label":["Marc Bernhard"],"api_url":["https://www.abgeordnetenwatch.de/api/v2/politicians/108754"],"abgeordnetenwatch_url":["https://www.abgeordnetenwatch.de/profile/marc-bernhard"],"first_name":["Marc"],"last_name":["Bernhard"],"birth_name":{},"sex":["m"],"year_of_birth":[1972],"party":{"id":[9],"entity_type":["party"],"label":["AfD"],"api_url":["https://www.abgeordnetenwatch.de/api/v2/parties/9"]},"party_past":{},"deceased":{},"deceased_date":{},"education":["Rechtsanwalt, MBA"],"residence":{},"occupation":["MdB"],"statistic_questions":[1],"statistic_questions_answered":{},"qid_wikidata":["Q40976001"],"field_title":{}}
