{"id":[108797],"entity_type":["politician"],"label":["Michel Brandt"],"api_url":["https://www.abgeordnetenwatch.de/api/v2/politicians/108797"],"abgeordnetenwatch_url":["https://www.abgeordnetenwatch.de/profile/michel-brandt"],"first_name":["Michel"],"last_name":["Brandt"],"birth_name":{},"sex":["m"],"year_of_birth":[1990],"party":{"id":[8],"entity_type":["party"],"label":["DIE LINKE"],"api_url":["https://www.abgeordnetenwatch.de/api/v2/parties/8"]},"party_past":{},"deceased":{},"deceased_date":{},"education":["Schauspieler"],"residence":{},"occupation":["MdB, Schauspieler am Badischen Staatstheater"],"statistic_questions":[32],"statistic_questions_answered":[26],"qid_wikidata":["Q40997616"],"field_title":{}}
