[{"id":53703,"entity_type":"candidacy_mandate","label":"Benjamin Strasser (Bundestag 2021 - 2025)","api_url":"https://www.abgeordnetenwatch.de/api/v2/candidacies-mandates/53703","id_external_administration":"2259","id_external_administration_description":"mdbID aus der info-xml-Datei der Bundestagsverwaltung","type":"mandate","parliament_period":{"id":132,"entity_type":"parliament_period","label":"Bundestag 2021 - 2025","api_url":"https://www.abgeordnetenwatch.de/api/v2/parliament-periods/132","abgeordnetenwatch_url":"https://www.abgeordnetenwatch.de/bundestag"},"politician":{"id":108832,"entity_type":"politician","label":"Benjamin Strasser","api_url":"https://www.abgeordnetenwatch.de/api/v2/politicians/108832","abgeordnetenwatch_url":"https://www.abgeordnetenwatch.de/profile/benjamin-strasser"},"electoral_data":{"id":54627,"entity_type":"electoral_data","label":"Benjamin Strasser (Bundestag 2021 - 2025)","electoral_list":{"id":410,"entity_type":"electoral_list","label":"Landesliste Baden-Württemberg (Bundestag 2021 - 2025)","api_url":"https://www.abgeordnetenwatch.de/api/v2/electoral-lists/410"},"list_position":6,"constituency":{"id":11034,"entity_type":"constituency","label":"294 - Ravensburg (Bundestag 2021 - 2025)","api_url":"https://www.abgeordnetenwatch.de/api/v2/constituencies/11034"},"constituency_result":14.3,"mandate_won":"list"},"fraction_membership":[{"id":9550,"entity_type":"fraction_membership","label":"FDP","fraction":{"id":322,"entity_type":"fraction","label":"FDP (Bundestag 2021 - 2025)","api_url":"https://www.abgeordnetenwatch.de/api/v2/fractions/322"}}],"party":{}},{"id":49407,"entity_type":"candidacy_mandate","label":"Benjamin Strasser (Bundestag Wahl 2021)","api_url":"https://www.abgeordnetenwatch.de/api/v2/candidacies-mandates/49407","type":"candidacy","parliament_period":{"id":128,"entity_type":"parliament_period","label":"Bundestag Wahl 2021","api_url":"https://www.abgeordnetenwatch.de/api/v2/parliament-periods/128","abgeordnetenwatch_url":"https://www.abgeordnetenwatch.de/bundestag/wahl-2021"},"politician":{"id":108832,"entity_type":"politician","label":"Benjamin Strasser","api_url":"https://www.abgeordnetenwatch.de/api/v2/politicians/108832","abgeordnetenwatch_url":"https://www.abgeordnetenwatch.de/profile/benjamin-strasser"},"electoral_data":{"id":50329,"entity_type":"electoral_data","label":"Benjamin Strasser (Bundestag Wahl 2021)","electoral_list":{"id":358,"entity_type":"electoral_list","label":"Landesliste Baden-Württemberg (Bundestag Wahl 2021)","api_url":"https://www.abgeordnetenwatch.de/api/v2/electoral-lists/358"},"list_position":6,"constituency":{"id":10351,"entity_type":"constituency","label":"294 - Ravensburg (Bundestag Wahl 2021)","api_url":"https://www.abgeordnetenwatch.de/api/v2/constituencies/10351"},"constituency_result":14.3,"constituency_result_count":20932},"fraction_membership":{},"party":{"id":4,"entity_type":"party","label":"FDP","api_url":"https://www.abgeordnetenwatch.de/api/v2/parties/4"}},{"id":40100,"entity_type":"candidacy_mandate","label":"Benjamin Strasser (Bundestag 2017 - 2021)","api_url":"https://www.abgeordnetenwatch.de/api/v2/candidacies-mandates/40100","id_external_administration":"2259","id_external_administration_description":"mdbID - ID der Bundestagsverwaltung","type":"mandate","parliament_period":{"id":111,"entity_type":"parliament_period","label":"Bundestag 2017 - 2021","api_url":"https://www.abgeordnetenwatch.de/api/v2/parliament-periods/111","abgeordnetenwatch_url":"https://www.abgeordnetenwatch.de/bundestag/19"},"politician":{"id":108832,"entity_type":"politician","label":"Benjamin Strasser","api_url":"https://www.abgeordnetenwatch.de/api/v2/politicians/108832","abgeordnetenwatch_url":"https://www.abgeordnetenwatch.de/profile/benjamin-strasser"},"electoral_data":{"id":40100,"entity_type":"electoral_data","label":"Benjamin Strasser (Bundestag 2017 - 2021)","electoral_list":{"id":106,"entity_type":"electoral_list","label":"Landesliste Baden-Württemberg (Bundestag 2017 - 2021)","api_url":"https://www.abgeordnetenwatch.de/api/v2/electoral-lists/106"},"list_position":8,"constituency":{"id":4418,"entity_type":"constituency","label":"294 - Ravensburg (Bundestag 2017 - 2021)","api_url":"https://www.abgeordnetenwatch.de/api/v2/constituencies/4418"},"constituency_result":10.1,"mandate_won":"list"},"fraction_membership":[{"id":2326,"entity_type":"fraction_membership","label":"FDP","fraction":{"id":14,"entity_type":"fraction","label":"FDP (Bundestag 2017 - 2021)","api_url":"https://www.abgeordnetenwatch.de/api/v2/fractions/14"}}],"party":{}},{"id":7637,"entity_type":"candidacy_mandate","label":"Benjamin Strasser (Bundestag Wahl 2017)","api_url":"https://www.abgeordnetenwatch.de/api/v2/candidacies-mandates/7637","type":"candidacy","parliament_period":{"id":50,"entity_type":"parliament_period","label":"Bundestag Wahl 2017","api_url":"https://www.abgeordnetenwatch.de/api/v2/parliament-periods/50","abgeordnetenwatch_url":"https://www.abgeordnetenwatch.de/bundestag/wahl-2017"},"politician":{"id":108832,"entity_type":"politician","label":"Benjamin Strasser","api_url":"https://www.abgeordnetenwatch.de/api/v2/politicians/108832","abgeordnetenwatch_url":"https://www.abgeordnetenwatch.de/profile/benjamin-strasser"},"electoral_data":{"id":7637,"entity_type":"electoral_data","label":"Benjamin Strasser (Bundestag Wahl 2017)","electoral_list":{"id":265,"entity_type":"electoral_list","label":"Landesliste Baden-Württemberg (Bundestag Wahl 2017)","api_url":"https://www.abgeordnetenwatch.de/api/v2/electoral-lists/265"},"list_position":8,"constituency":{"id":9304,"entity_type":"constituency","label":"294 - Ravensburg (Bundestag Wahl 2017)","api_url":"https://www.abgeordnetenwatch.de/api/v2/constituencies/9304"},"constituency_result":10.1,"mandate_won":"list"},"fraction_membership":{},"party":{"id":4,"entity_type":"party","label":"FDP","api_url":"https://www.abgeordnetenwatch.de/api/v2/parties/4"}},{"id":7636,"entity_type":"candidacy_mandate","label":"Benjamin Strasser (Baden-Württemberg Wahl 2016)","api_url":"https://www.abgeordnetenwatch.de/api/v2/candidacies-mandates/7636","type":"candidacy","parliament_period":{"id":44,"entity_type":"parliament_period","label":"Baden-Württemberg Wahl 2016","api_url":"https://www.abgeordnetenwatch.de/api/v2/parliament-periods/44","abgeordnetenwatch_url":"https://www.abgeordnetenwatch.de/baden-wuerttemberg/wahl-2016"},"politician":{"id":108832,"entity_type":"politician","label":"Benjamin Strasser","api_url":"https://www.abgeordnetenwatch.de/api/v2/politicians/108832","abgeordnetenwatch_url":"https://www.abgeordnetenwatch.de/profile/benjamin-strasser"},"electoral_data":{"id":7636,"entity_type":"electoral_data","label":"Benjamin Strasser (Baden-Württemberg Wahl 2016)","electoral_list":{},"constituency":{"id":7099,"entity_type":"constituency","label":"69 - Ravensburg (Baden-Württemberg Wahl 2016)","api_url":"https://www.abgeordnetenwatch.de/api/v2/constituencies/7099"},"constituency_result":9.1},"fraction_membership":{},"party":{"id":4,"entity_type":"party","label":"FDP","api_url":"https://www.abgeordnetenwatch.de/api/v2/parties/4"}},{"id":7635,"entity_type":"candidacy_mandate","label":"Benjamin Strasser (Baden-Württemberg Wahl 2011)","api_url":"https://www.abgeordnetenwatch.de/api/v2/candidacies-mandates/7635","type":"candidacy","parliament_period":{"id":28,"entity_type":"parliament_period","label":"Baden-Württemberg Wahl 2011","api_url":"https://www.abgeordnetenwatch.de/api/v2/parliament-periods/28","abgeordnetenwatch_url":"https://www.abgeordnetenwatch.de/baden-wuerttemberg/wahl-2011"},"politician":{"id":108832,"entity_type":"politician","label":"Benjamin Strasser","api_url":"https://www.abgeordnetenwatch.de/api/v2/politicians/108832","abgeordnetenwatch_url":"https://www.abgeordnetenwatch.de/profile/benjamin-strasser"},"electoral_data":{"id":7635,"entity_type":"electoral_data","label":"Benjamin Strasser (Baden-Württemberg Wahl 2011)","electoral_list":{},"constituency":{"id":4951,"entity_type":"constituency","label":"69 - Ravensburg (Baden-Württemberg Wahl 2011)","api_url":"https://www.abgeordnetenwatch.de/api/v2/constituencies/4951"}},"fraction_membership":{},"party":{"id":4,"entity_type":"party","label":"FDP","api_url":"https://www.abgeordnetenwatch.de/api/v2/parties/4"}}]
