{"id":[108832],"entity_type":["politician"],"label":["Benjamin Strasser"],"api_url":["https://www.abgeordnetenwatch.de/api/v2/politicians/108832"],"abgeordnetenwatch_url":["https://www.abgeordnetenwatch.de/profile/benjamin-strasser"],"first_name":["Benjamin"],"last_name":["Strasser"],"birth_name":{},"sex":["m"],"year_of_birth":[1987],"party":{"id":[4],"entity_type":["party"],"label":["FDP"],"api_url":["https://www.abgeordnetenwatch.de/api/v2/parties/4"]},"party_past":{},"education":["Assessor, zweites juristisches Staatsexamen"],"residence":{},"occupation":["Bundestagsabgeordneter, Parl. Staatssekretär, Rechtsanwalt"],"statistic_questions":[11],"statistic_questions_answered":[11],"qid_wikidata":["Q40998001"],"field_title":{}}
