[{"id":53719,"entity_type":"candidacy_mandate","label":"Thomas Seitz (Bundestag 2021 - 2025)","api_url":"https://www.abgeordnetenwatch.de/api/v2/candidacies-mandates/53719","id_external_administration":"2244","id_external_administration_description":"mdbID aus der info-xml-Datei der Bundestagsverwaltung","type":"mandate","parliament_period":{"id":132,"entity_type":"parliament_period","label":"Bundestag 2021 - 2025","api_url":"https://www.abgeordnetenwatch.de/api/v2/parliament-periods/132","abgeordnetenwatch_url":"https://www.abgeordnetenwatch.de/bundestag"},"politician":{"id":108924,"entity_type":"politician","label":"Thomas Seitz","api_url":"https://www.abgeordnetenwatch.de/api/v2/politicians/108924","abgeordnetenwatch_url":"https://www.abgeordnetenwatch.de/profile/thomas-seitz"},"electoral_data":{"id":54643,"entity_type":"electoral_data","label":"Thomas Seitz (Bundestag 2021 - 2025)","electoral_list":{"id":410,"entity_type":"electoral_list","label":"Landesliste Baden-Württemberg (Bundestag 2021 - 2025)","api_url":"https://www.abgeordnetenwatch.de/api/v2/electoral-lists/410"},"list_position":9,"constituency":{"id":11023,"entity_type":"constituency","label":"283 - Emmendingen - Lahr (Bundestag 2021 - 2025)","api_url":"https://www.abgeordnetenwatch.de/api/v2/constituencies/11023"},"constituency_result":8.6,"mandate_won":"list"},"fraction_membership":[{"id":9566,"entity_type":"fraction_membership","label":"AfD","fraction":{"id":323,"entity_type":"fraction","label":"AfD (Bundestag 2021 - 2025)","api_url":"https://www.abgeordnetenwatch.de/api/v2/fractions/323"}}],"party":{}},{"id":49988,"entity_type":"candidacy_mandate","label":"Thomas Seitz (Bundestag Wahl 2021)","api_url":"https://www.abgeordnetenwatch.de/api/v2/candidacies-mandates/49988","type":"candidacy","parliament_period":{"id":128,"entity_type":"parliament_period","label":"Bundestag Wahl 2021","api_url":"https://www.abgeordnetenwatch.de/api/v2/parliament-periods/128","abgeordnetenwatch_url":"https://www.abgeordnetenwatch.de/bundestag/wahl-2021"},"politician":{"id":108924,"entity_type":"politician","label":"Thomas Seitz","api_url":"https://www.abgeordnetenwatch.de/api/v2/politicians/108924","abgeordnetenwatch_url":"https://www.abgeordnetenwatch.de/profile/thomas-seitz"},"electoral_data":{"id":50910,"entity_type":"electoral_data","label":"Thomas Seitz (Bundestag Wahl 2021)","electoral_list":{"id":358,"entity_type":"electoral_list","label":"Landesliste Baden-Württemberg (Bundestag Wahl 2021)","api_url":"https://www.abgeordnetenwatch.de/api/v2/electoral-lists/358"},"list_position":9,"constituency":{"id":10340,"entity_type":"constituency","label":"283 - Emmendingen - Lahr (Bundestag Wahl 2021)","api_url":"https://www.abgeordnetenwatch.de/api/v2/constituencies/10340"},"constituency_result":8.6,"constituency_result_count":14397},"fraction_membership":{},"party":{"id":9,"entity_type":"party","label":"AfD","api_url":"https://www.abgeordnetenwatch.de/api/v2/parties/9"}},{"id":40147,"entity_type":"candidacy_mandate","label":"Thomas Seitz (Bundestag 2017 - 2021)","api_url":"https://www.abgeordnetenwatch.de/api/v2/candidacies-mandates/40147","id_external_administration":"2244","id_external_administration_description":"mdbID - ID der Bundestagsverwaltung","type":"mandate","parliament_period":{"id":111,"entity_type":"parliament_period","label":"Bundestag 2017 - 2021","api_url":"https://www.abgeordnetenwatch.de/api/v2/parliament-periods/111","abgeordnetenwatch_url":"https://www.abgeordnetenwatch.de/bundestag/19"},"politician":{"id":108924,"entity_type":"politician","label":"Thomas Seitz","api_url":"https://www.abgeordnetenwatch.de/api/v2/politicians/108924","abgeordnetenwatch_url":"https://www.abgeordnetenwatch.de/profile/thomas-seitz"},"electoral_data":{"id":40147,"entity_type":"electoral_data","label":"Thomas Seitz (Bundestag 2017 - 2021)","electoral_list":{"id":106,"entity_type":"electoral_list","label":"Landesliste Baden-Württemberg (Bundestag 2017 - 2021)","api_url":"https://www.abgeordnetenwatch.de/api/v2/electoral-lists/106"},"list_position":5,"constituency":{"id":4407,"entity_type":"constituency","label":"283 - Emmendingen - Lahr (Bundestag 2017 - 2021)","api_url":"https://www.abgeordnetenwatch.de/api/v2/constituencies/4407"},"constituency_result":10.8,"mandate_won":"list"},"fraction_membership":[{"id":2373,"entity_type":"fraction_membership","label":"AfD","fraction":{"id":56,"entity_type":"fraction","label":"AfD (Bundestag 2017 - 2021)","api_url":"https://www.abgeordnetenwatch.de/api/v2/fractions/56"}}],"party":{}},{"id":7785,"entity_type":"candidacy_mandate","label":"Thomas Seitz (Bundestag Wahl 2017)","api_url":"https://www.abgeordnetenwatch.de/api/v2/candidacies-mandates/7785","type":"candidacy","parliament_period":{"id":50,"entity_type":"parliament_period","label":"Bundestag Wahl 2017","api_url":"https://www.abgeordnetenwatch.de/api/v2/parliament-periods/50","abgeordnetenwatch_url":"https://www.abgeordnetenwatch.de/bundestag/wahl-2017"},"politician":{"id":108924,"entity_type":"politician","label":"Thomas Seitz","api_url":"https://www.abgeordnetenwatch.de/api/v2/politicians/108924","abgeordnetenwatch_url":"https://www.abgeordnetenwatch.de/profile/thomas-seitz"},"electoral_data":{"id":7785,"entity_type":"electoral_data","label":"Thomas Seitz (Bundestag Wahl 2017)","electoral_list":{"id":265,"entity_type":"electoral_list","label":"Landesliste Baden-Württemberg (Bundestag Wahl 2017)","api_url":"https://www.abgeordnetenwatch.de/api/v2/electoral-lists/265"},"list_position":5,"constituency":{"id":9293,"entity_type":"constituency","label":"283 - Emmendingen - Lahr (Bundestag Wahl 2017)","api_url":"https://www.abgeordnetenwatch.de/api/v2/constituencies/9293"},"constituency_result":10.8,"mandate_won":"list"},"fraction_membership":{},"party":{"id":9,"entity_type":"party","label":"AfD","api_url":"https://www.abgeordnetenwatch.de/api/v2/parties/9"}},{"id":7784,"entity_type":"candidacy_mandate","label":"Thomas Seitz (Baden-Württemberg Wahl 2016)","api_url":"https://www.abgeordnetenwatch.de/api/v2/candidacies-mandates/7784","type":"candidacy","parliament_period":{"id":44,"entity_type":"parliament_period","label":"Baden-Württemberg Wahl 2016","api_url":"https://www.abgeordnetenwatch.de/api/v2/parliament-periods/44","abgeordnetenwatch_url":"https://www.abgeordnetenwatch.de/baden-wuerttemberg/wahl-2016"},"politician":{"id":108924,"entity_type":"politician","label":"Thomas Seitz","api_url":"https://www.abgeordnetenwatch.de/api/v2/politicians/108924","abgeordnetenwatch_url":"https://www.abgeordnetenwatch.de/profile/thomas-seitz"},"electoral_data":{"id":7784,"entity_type":"electoral_data","label":"Thomas Seitz (Baden-Württemberg Wahl 2016)","electoral_list":{},"constituency":{"id":7080,"entity_type":"constituency","label":"50 - Lahr (Baden-Württemberg Wahl 2016)","api_url":"https://www.abgeordnetenwatch.de/api/v2/constituencies/7080"},"constituency_result":15},"fraction_membership":{},"party":{"id":9,"entity_type":"party","label":"AfD","api_url":"https://www.abgeordnetenwatch.de/api/v2/parties/9"}}]
