[{"id":40204,"entity_type":"candidacy_mandate","label":"Brigitte Freihold (Bundestag 2017 - 2021)","api_url":"https://www.abgeordnetenwatch.de/api/v2/candidacies-mandates/40204","id_external_administration":"2078","id_external_administration_description":"mdbID - ID der Bundestagsverwaltung","type":"mandate","parliament_period":{"id":111,"entity_type":"parliament_period","label":"Bundestag 2017 - 2021","api_url":"https://www.abgeordnetenwatch.de/api/v2/parliament-periods/111","abgeordnetenwatch_url":"https://www.abgeordnetenwatch.de/bundestag/19"},"politician":{"id":109946,"entity_type":"politician","label":"Brigitte Freihold","api_url":"https://www.abgeordnetenwatch.de/api/v2/politicians/109946","abgeordnetenwatch_url":"https://www.abgeordnetenwatch.de/profile/brigitte-freihold"},"electoral_data":{"id":40204,"entity_type":"electoral_data","label":"Brigitte Freihold (Bundestag 2017 - 2021)","electoral_list":{"id":116,"entity_type":"electoral_list","label":"Landesliste Rheinland-Pfalz (Bundestag 2017 - 2021)","api_url":"https://www.abgeordnetenwatch.de/api/v2/electoral-lists/116"},"list_position":3,"constituency":{"id":4334,"entity_type":"constituency","label":"210 - Pirmasens (Bundestag 2017 - 2021)","api_url":"https://www.abgeordnetenwatch.de/api/v2/constituencies/4334"},"constituency_result":6.1,"mandate_won":"list"},"fraction_membership":[{"id":2430,"entity_type":"fraction_membership","label":"DIE LINKE","fraction":{"id":41,"entity_type":"fraction","label":"DIE LINKE (Bundestag 2017 - 2021)","api_url":"https://www.abgeordnetenwatch.de/api/v2/fractions/41"}}],"party":{}},{"id":8138,"entity_type":"candidacy_mandate","label":"Brigitte Freihold (Bundestag Wahl 2017)","api_url":"https://www.abgeordnetenwatch.de/api/v2/candidacies-mandates/8138","type":"candidacy","parliament_period":{"id":50,"entity_type":"parliament_period","label":"Bundestag Wahl 2017","api_url":"https://www.abgeordnetenwatch.de/api/v2/parliament-periods/50","abgeordnetenwatch_url":"https://www.abgeordnetenwatch.de/bundestag/wahl-2017"},"politician":{"id":109946,"entity_type":"politician","label":"Brigitte Freihold","api_url":"https://www.abgeordnetenwatch.de/api/v2/politicians/109946","abgeordnetenwatch_url":"https://www.abgeordnetenwatch.de/profile/brigitte-freihold"},"electoral_data":{"id":8138,"entity_type":"electoral_data","label":"Brigitte Freihold (Bundestag Wahl 2017)","electoral_list":{"id":275,"entity_type":"electoral_list","label":"Landesliste Rheinland-Pfalz (Bundestag Wahl 2017)","api_url":"https://www.abgeordnetenwatch.de/api/v2/electoral-lists/275"},"list_position":3,"constituency":{"id":9220,"entity_type":"constituency","label":"210 - Pirmasens (Bundestag Wahl 2017)","api_url":"https://www.abgeordnetenwatch.de/api/v2/constituencies/9220"},"constituency_result":6.1,"mandate_won":"list"},"fraction_membership":{},"party":{"id":8,"entity_type":"party","label":"DIE LINKE","api_url":"https://www.abgeordnetenwatch.de/api/v2/parties/8"}},{"id":8137,"entity_type":"candidacy_mandate","label":"Brigitte Freihold (Rheinland-Pfalz Wahl 2016)","api_url":"https://www.abgeordnetenwatch.de/api/v2/candidacies-mandates/8137","type":"candidacy","parliament_period":{"id":45,"entity_type":"parliament_period","label":"Rheinland-Pfalz Wahl 2016","api_url":"https://www.abgeordnetenwatch.de/api/v2/parliament-periods/45","abgeordnetenwatch_url":"https://www.abgeordnetenwatch.de/rheinland-pfalz/wahl-2016"},"politician":{"id":109946,"entity_type":"politician","label":"Brigitte Freihold","api_url":"https://www.abgeordnetenwatch.de/api/v2/politicians/109946","abgeordnetenwatch_url":"https://www.abgeordnetenwatch.de/profile/brigitte-freihold"},"electoral_data":{"id":8137,"entity_type":"electoral_data","label":"Brigitte Freihold (Rheinland-Pfalz Wahl 2016)","electoral_list":{"id":231,"entity_type":"electoral_list","label":"Landesliste (Rheinland-Pfalz Wahl 2016)","api_url":"https://www.abgeordnetenwatch.de/api/v2/electoral-lists/231"},"list_position":3,"constituency":{"id":7147,"entity_type":"constituency","label":"47 - Pirmasens-Land (Rheinland-Pfalz Wahl 2016)","api_url":"https://www.abgeordnetenwatch.de/api/v2/constituencies/7147"},"constituency_result":3},"fraction_membership":{},"party":{"id":8,"entity_type":"party","label":"DIE LINKE","api_url":"https://www.abgeordnetenwatch.de/api/v2/parties/8"}}]
