{"id":[117465],"entity_type":["politician"],"label":["Helin Evrim Sommer"],"api_url":["https://www.abgeordnetenwatch.de/api/v2/politicians/117465"],"abgeordnetenwatch_url":["https://www.abgeordnetenwatch.de/profile/helin-evrim-sommer"],"first_name":["Helin Evrim"],"last_name":["Sommer"],"birth_name":["Baba"],"sex":["f"],"year_of_birth":[1971],"party":{"id":[8],"entity_type":["party"],"label":["DIE LINKE"],"api_url":["https://www.abgeordnetenwatch.de/api/v2/parties/8"]},"party_past":{},"deceased":{},"deceased_date":{},"education":["Historikerin und Übersetzerin"],"residence":["Berlin"],"occupation":["MdB"],"statistic_questions":[9],"statistic_questions_answered":[9],"qid_wikidata":["Q124581"],"field_title":{}}
