{"id":[117431],"entity_type":["politician"],"label":["Canan Bayram"],"api_url":["https://www.abgeordnetenwatch.de/api/v2/politicians/117431"],"abgeordnetenwatch_url":["https://www.abgeordnetenwatch.de/profile/canan-bayram"],"first_name":["Canan"],"last_name":["Bayram"],"birth_name":{},"sex":["f"],"year_of_birth":[1966],"party":{"id":[5],"entity_type":["party"],"label":["Bündnis 90/Die Grünen"],"api_url":["https://www.abgeordnetenwatch.de/api/v2/parties/5"]},"party_past":{},"education":["Juristin"],"residence":{},"occupation":["MdB, selbstständige Rechtsanwältin"],"statistic_questions":[39],"statistic_questions_answered":[25],"qid_wikidata":["Q1032742"],"field_title":{}}
