{"id":[117904],"entity_type":["politician"],"label":["Pascal Meiser"],"api_url":["https://www.abgeordnetenwatch.de/api/v2/politicians/117904"],"abgeordnetenwatch_url":["https://www.abgeordnetenwatch.de/profile/pascal-meiser"],"first_name":["Pascal"],"last_name":["Meiser"],"birth_name":{},"sex":["m"],"year_of_birth":[1975],"party":{"id":[8],"entity_type":["party"],"label":["DIE LINKE"],"api_url":["https://www.abgeordnetenwatch.de/api/v2/parties/8"]},"party_past":{},"education":["Diplom-Politikwissenschaftler"],"residence":["Berlin"],"occupation":["Mitglied des Deutschen Bundestages"],"statistic_questions":[14],"statistic_questions_answered":[10],"qid_wikidata":["Q40136224"],"field_title":{}}
