[{"id":53970,"entity_type":"candidacy_mandate","label":"Annette Widmann-Mauz (Bundestag 2021 - 2025)","api_url":"https://www.abgeordnetenwatch.de/api/v2/candidacies-mandates/53970","id_external_administration":"1130","id_external_administration_description":"mdbID aus der info-xml-Datei der Bundestagsverwaltung","type":"mandate","parliament_period":{"id":132,"entity_type":"parliament_period","label":"Bundestag 2021 - 2025","api_url":"https://www.abgeordnetenwatch.de/api/v2/parliament-periods/132","abgeordnetenwatch_url":"https://www.abgeordnetenwatch.de/bundestag"},"politician":{"id":118138,"entity_type":"politician","label":"Annette Widmann-Mauz","api_url":"https://www.abgeordnetenwatch.de/api/v2/politicians/118138","abgeordnetenwatch_url":"https://www.abgeordnetenwatch.de/profile/annette-widmann-mauz"},"electoral_data":{"id":54894,"entity_type":"electoral_data","label":"Annette Widmann-Mauz (Bundestag 2021 - 2025)","electoral_list":{"id":410,"entity_type":"electoral_list","label":"Landesliste Baden-Württemberg (Bundestag 2021 - 2025)","api_url":"https://www.abgeordnetenwatch.de/api/v2/electoral-lists/410"},"list_position":2,"constituency":{"id":11030,"entity_type":"constituency","label":"290 - Tübingen (Bundestag 2021 - 2025)","api_url":"https://www.abgeordnetenwatch.de/api/v2/constituencies/11030"},"constituency_result":27,"mandate_won":"constituency"},"fraction_membership":[{"id":9817,"entity_type":"fraction_membership","label":"CDU/CSU","fraction":{"id":320,"entity_type":"fraction","label":"CDU/CSU (Bundestag 2021 - 2025)","api_url":"https://www.abgeordnetenwatch.de/api/v2/fractions/320"}}],"party":{}},{"id":49972,"entity_type":"candidacy_mandate","label":"Annette Widmann-Mauz (Bundestag Wahl 2021)","api_url":"https://www.abgeordnetenwatch.de/api/v2/candidacies-mandates/49972","type":"candidacy","parliament_period":{"id":128,"entity_type":"parliament_period","label":"Bundestag Wahl 2021","api_url":"https://www.abgeordnetenwatch.de/api/v2/parliament-periods/128","abgeordnetenwatch_url":"https://www.abgeordnetenwatch.de/bundestag/wahl-2021"},"politician":{"id":118138,"entity_type":"politician","label":"Annette Widmann-Mauz","api_url":"https://www.abgeordnetenwatch.de/api/v2/politicians/118138","abgeordnetenwatch_url":"https://www.abgeordnetenwatch.de/profile/annette-widmann-mauz"},"electoral_data":{"id":50894,"entity_type":"electoral_data","label":"Annette Widmann-Mauz (Bundestag Wahl 2021)","electoral_list":{"id":358,"entity_type":"electoral_list","label":"Landesliste Baden-Württemberg (Bundestag Wahl 2021)","api_url":"https://www.abgeordnetenwatch.de/api/v2/electoral-lists/358"},"list_position":2,"constituency":{"id":10347,"entity_type":"constituency","label":"290 - Tübingen (Bundestag Wahl 2021)","api_url":"https://www.abgeordnetenwatch.de/api/v2/constituencies/10347"},"constituency_result":27,"constituency_result_count":43021,"mandate_won":"constituency"},"fraction_membership":{},"party":{"id":2,"entity_type":"party","label":"CDU","api_url":"https://www.abgeordnetenwatch.de/api/v2/parties/2"}},{"id":44554,"entity_type":"candidacy_mandate","label":"Annette Widmann-Mauz (Bundestag 2017 - 2021)","api_url":"https://www.abgeordnetenwatch.de/api/v2/candidacies-mandates/44554","id_external_administration":"1130","id_external_administration_description":"mdbID - ID der Bundestagsverwaltung","type":"mandate","parliament_period":{"id":111,"entity_type":"parliament_period","label":"Bundestag 2017 - 2021","api_url":"https://www.abgeordnetenwatch.de/api/v2/parliament-periods/111","abgeordnetenwatch_url":"https://www.abgeordnetenwatch.de/bundestag/19"},"politician":{"id":118138,"entity_type":"politician","label":"Annette Widmann-Mauz","api_url":"https://www.abgeordnetenwatch.de/api/v2/politicians/118138","abgeordnetenwatch_url":"https://www.abgeordnetenwatch.de/profile/annette-widmann-mauz"},"electoral_data":{"id":44554,"entity_type":"electoral_data","label":"Annette Widmann-Mauz (Bundestag 2017 - 2021)","electoral_list":{"id":106,"entity_type":"electoral_list","label":"Landesliste Baden-Württemberg (Bundestag 2017 - 2021)","api_url":"https://www.abgeordnetenwatch.de/api/v2/electoral-lists/106"},"list_position":2,"constituency":{"id":4414,"entity_type":"constituency","label":"290 - Tübingen (Bundestag 2017 - 2021)","api_url":"https://www.abgeordnetenwatch.de/api/v2/constituencies/4414"},"constituency_result":35.7,"mandate_won":"constituency"},"fraction_membership":[{"id":6799,"entity_type":"fraction_membership","label":"CDU/CSU","fraction":{"id":81,"entity_type":"fraction","label":"CDU/CSU (Bundestag 2017 - 2021)","api_url":"https://www.abgeordnetenwatch.de/api/v2/fractions/81"}}],"party":{}},{"id":40538,"entity_type":"candidacy_mandate","label":"Annette Widmann-Mauz (Bundestag 2013-2017)","api_url":"https://www.abgeordnetenwatch.de/api/v2/candidacies-mandates/40538","type":"mandate","parliament_period":{"id":97,"entity_type":"parliament_period","label":"Bundestag 2013 - 2017","api_url":"https://www.abgeordnetenwatch.de/api/v2/parliament-periods/97","abgeordnetenwatch_url":"https://www.abgeordnetenwatch.de/bundestag/18"},"politician":{"id":118138,"entity_type":"politician","label":"Annette Widmann-Mauz","api_url":"https://www.abgeordnetenwatch.de/api/v2/politicians/118138","abgeordnetenwatch_url":"https://www.abgeordnetenwatch.de/profile/annette-widmann-mauz"},"electoral_data":{"id":40538,"entity_type":"electoral_data","label":"Annette Widmann-Mauz (Bundestag 2013 - 2017)","electoral_list":{"id":26,"entity_type":"electoral_list","label":"Landesliste Baden-Württemberg (Bundestag 2013-2017)","api_url":"https://www.abgeordnetenwatch.de/api/v2/electoral-lists/26"},"list_position":4,"constituency":{"id":226,"entity_type":"constituency","label":"290 - Tübingen (Bundestag 2013-2017)","api_url":"https://www.abgeordnetenwatch.de/api/v2/constituencies/226"},"constituency_result":46.9,"mandate_won":"constituency"},"fraction_membership":[{"id":2765,"entity_type":"fraction_membership","label":"CDU/CSU","fraction":{"id":111,"entity_type":"fraction","label":"CDU/CSU (Bundestag 2013-2017)","api_url":"https://www.abgeordnetenwatch.de/api/v2/fractions/111"}}],"party":{}},{"id":40537,"entity_type":"candidacy_mandate","label":"Annette Widmann-Mauz (Bundestag 2009-2013)","api_url":"https://www.abgeordnetenwatch.de/api/v2/candidacies-mandates/40537","type":"mandate","parliament_period":{"id":83,"entity_type":"parliament_period","label":"Bundestag 2009 - 2013","api_url":"https://www.abgeordnetenwatch.de/api/v2/parliament-periods/83","abgeordnetenwatch_url":"https://www.abgeordnetenwatch.de/bundestag/17"},"politician":{"id":118138,"entity_type":"politician","label":"Annette Widmann-Mauz","api_url":"https://www.abgeordnetenwatch.de/api/v2/politicians/118138","abgeordnetenwatch_url":"https://www.abgeordnetenwatch.de/profile/annette-widmann-mauz"},"electoral_data":{"id":40537,"entity_type":"electoral_data","label":"Annette Widmann-Mauz (Bundestag 2009 - 2013)","electoral_list":{"id":56,"entity_type":"electoral_list","label":"Landesliste Baden-Württemberg (Bundestag 2009-2013)","api_url":"https://www.abgeordnetenwatch.de/api/v2/electoral-lists/56"},"list_position":4,"constituency":{"id":289,"entity_type":"constituency","label":"290 - Tübingen (Bundestag 2009-2013)","api_url":"https://www.abgeordnetenwatch.de/api/v2/constituencies/289"},"constituency_result":38.9},"fraction_membership":[{"id":2764,"entity_type":"fraction_membership","label":"CDU/CSU","fraction":{"id":112,"entity_type":"fraction","label":"CDU/CSU (Bundestag 2009-2013)","api_url":"https://www.abgeordnetenwatch.de/api/v2/fractions/112"}}],"party":{}},{"id":40536,"entity_type":"candidacy_mandate","label":"Annette Widmann-Mauz (Bundestag 2005-2009)","api_url":"https://www.abgeordnetenwatch.de/api/v2/candidacies-mandates/40536","type":"mandate","parliament_period":{"id":67,"entity_type":"parliament_period","label":"Bundestag 2005 - 2009","api_url":"https://www.abgeordnetenwatch.de/api/v2/parliament-periods/67","abgeordnetenwatch_url":"https://www.abgeordnetenwatch.de/bundestag/16"},"politician":{"id":118138,"entity_type":"politician","label":"Annette Widmann-Mauz","api_url":"https://www.abgeordnetenwatch.de/api/v2/politicians/118138","abgeordnetenwatch_url":"https://www.abgeordnetenwatch.de/profile/annette-widmann-mauz"},"start_date":"1997-11-30","electoral_data":{"id":40536,"entity_type":"electoral_data","label":"Annette Widmann-Mauz (Bundestag 2005 - 2009)","electoral_list":{"id":41,"entity_type":"electoral_list","label":"Landesliste Baden-Württemberg (Bundestag 2005-2009)","api_url":"https://www.abgeordnetenwatch.de/api/v2/electoral-lists/41"},"list_position":5,"constituency":{"id":254,"entity_type":"constituency","label":"291 - Tübingen (Bundestag 2005-2009)","api_url":"https://www.abgeordnetenwatch.de/api/v2/constituencies/254"}},"fraction_membership":[{"id":2763,"entity_type":"fraction_membership","label":"CDU/CSU","fraction":{"id":26,"entity_type":"fraction","label":"CDU/CSU (Bundestag 2005-2009)","api_url":"https://www.abgeordnetenwatch.de/api/v2/fractions/26"}}],"party":{}},{"id":9801,"entity_type":"candidacy_mandate","label":"Annette Widmann-Mauz (Bundestag Wahl 2017)","api_url":"https://www.abgeordnetenwatch.de/api/v2/candidacies-mandates/9801","type":"candidacy","parliament_period":{"id":50,"entity_type":"parliament_period","label":"Bundestag Wahl 2017","api_url":"https://www.abgeordnetenwatch.de/api/v2/parliament-periods/50","abgeordnetenwatch_url":"https://www.abgeordnetenwatch.de/bundestag/wahl-2017"},"politician":{"id":118138,"entity_type":"politician","label":"Annette Widmann-Mauz","api_url":"https://www.abgeordnetenwatch.de/api/v2/politicians/118138","abgeordnetenwatch_url":"https://www.abgeordnetenwatch.de/profile/annette-widmann-mauz"},"electoral_data":{"id":9801,"entity_type":"electoral_data","label":"Annette Widmann-Mauz (Bundestag Wahl 2017)","electoral_list":{"id":265,"entity_type":"electoral_list","label":"Landesliste Baden-Württemberg (Bundestag Wahl 2017)","api_url":"https://www.abgeordnetenwatch.de/api/v2/electoral-lists/265"},"list_position":2,"constituency":{"id":9300,"entity_type":"constituency","label":"290 - Tübingen (Bundestag Wahl 2017)","api_url":"https://www.abgeordnetenwatch.de/api/v2/constituencies/9300"},"constituency_result":35.7,"mandate_won":"constituency"},"fraction_membership":{},"party":{"id":2,"entity_type":"party","label":"CDU","api_url":"https://www.abgeordnetenwatch.de/api/v2/parties/2"}},{"id":9800,"entity_type":"candidacy_mandate","label":"Annette Widmann-Mauz (Bundestag Wahl 2013)","api_url":"https://www.abgeordnetenwatch.de/api/v2/candidacies-mandates/9800","type":"candidacy","parliament_period":{"id":36,"entity_type":"parliament_period","label":"Bundestag Wahl 2013","api_url":"https://www.abgeordnetenwatch.de/api/v2/parliament-periods/36","abgeordnetenwatch_url":"https://www.abgeordnetenwatch.de/bundestag/wahl-2013"},"politician":{"id":118138,"entity_type":"politician","label":"Annette Widmann-Mauz","api_url":"https://www.abgeordnetenwatch.de/api/v2/politicians/118138","abgeordnetenwatch_url":"https://www.abgeordnetenwatch.de/profile/annette-widmann-mauz"},"electoral_data":{"id":9800,"entity_type":"electoral_data","label":"Annette Widmann-Mauz (Bundestag Wahl 2013)","electoral_list":{},"list_position":4,"constituency":{"id":5112,"entity_type":"constituency","label":"290 - Tübingen (Bundestag Wahl 2013)","api_url":"https://www.abgeordnetenwatch.de/api/v2/constituencies/5112"},"constituency_result":46.9,"mandate_won":"constituency"},"fraction_membership":{},"party":{"id":2,"entity_type":"party","label":"CDU","api_url":"https://www.abgeordnetenwatch.de/api/v2/parties/2"}},{"id":9799,"entity_type":"candidacy_mandate","label":"Annette Widmann-Mauz (Bundestag Wahl 2009)","api_url":"https://www.abgeordnetenwatch.de/api/v2/candidacies-mandates/9799","type":"candidacy","parliament_period":{"id":22,"entity_type":"parliament_period","label":"Bundestag Wahl 2009","api_url":"https://www.abgeordnetenwatch.de/api/v2/parliament-periods/22","abgeordnetenwatch_url":"https://www.abgeordnetenwatch.de/bundestag/wahl-2009"},"politician":{"id":118138,"entity_type":"politician","label":"Annette Widmann-Mauz","api_url":"https://www.abgeordnetenwatch.de/api/v2/politicians/118138","abgeordnetenwatch_url":"https://www.abgeordnetenwatch.de/profile/annette-widmann-mauz"},"electoral_data":{"id":9799,"entity_type":"electoral_data","label":"Annette Widmann-Mauz (Bundestag Wahl 2009)","electoral_list":{},"list_position":4,"constituency":{"id":5175,"entity_type":"constituency","label":"290 - Tübingen (Bundestag Wahl 2009)","api_url":"https://www.abgeordnetenwatch.de/api/v2/constituencies/5175"},"constituency_result":38.9,"mandate_won":"constituency"},"fraction_membership":{},"party":{"id":2,"entity_type":"party","label":"CDU","api_url":"https://www.abgeordnetenwatch.de/api/v2/parties/2"}},{"id":9798,"entity_type":"candidacy_mandate","label":"Annette Widmann-Mauz (Bundestag Wahl 2005)","api_url":"https://www.abgeordnetenwatch.de/api/v2/candidacies-mandates/9798","type":"candidacy","parliament_period":{"id":6,"entity_type":"parliament_period","label":"Bundestag Wahl 2005","api_url":"https://www.abgeordnetenwatch.de/api/v2/parliament-periods/6","abgeordnetenwatch_url":"https://www.abgeordnetenwatch.de/bundestag/wahl-2005"},"politician":{"id":118138,"entity_type":"politician","label":"Annette Widmann-Mauz","api_url":"https://www.abgeordnetenwatch.de/api/v2/politicians/118138","abgeordnetenwatch_url":"https://www.abgeordnetenwatch.de/profile/annette-widmann-mauz"},"electoral_data":{"id":9798,"entity_type":"electoral_data","label":"Annette Widmann-Mauz (Bundestag Wahl 2005)","electoral_list":{"id":200,"entity_type":"electoral_list","label":"Landesliste Baden-Württemberg (Bundestag Wahl 2005)","api_url":"https://www.abgeordnetenwatch.de/api/v2/electoral-lists/200"},"list_position":5,"constituency":{"id":5140,"entity_type":"constituency","label":"291 - Tübingen (Bundestag Wahl 2005)","api_url":"https://www.abgeordnetenwatch.de/api/v2/constituencies/5140"},"constituency_result":42.9},"fraction_membership":{},"party":{"id":2,"entity_type":"party","label":"CDU","api_url":"https://www.abgeordnetenwatch.de/api/v2/parties/2"}}]
