{"id":[118250],"entity_type":["politician"],"label":["Christine Aschenberg-Dugnus"],"api_url":["https://www.abgeordnetenwatch.de/api/v2/politicians/118250"],"abgeordnetenwatch_url":["https://www.abgeordnetenwatch.de/profile/christine-aschenberg-dugnus"],"first_name":["Christine"],"last_name":["Aschenberg-Dugnus"],"birth_name":{},"sex":["f"],"year_of_birth":[1959],"party":{"id":[4],"entity_type":["party"],"label":["FDP"],"api_url":["https://www.abgeordnetenwatch.de/api/v2/parties/4"]},"party_past":{},"deceased":{},"deceased_date":{},"education":{},"residence":{},"occupation":["MdB, Rechtsanwältin"],"statistic_questions":[10],"statistic_questions_answered":{},"qid_wikidata":["Q1083405"],"field_title":{}}
