{"id":[118384],"entity_type":["politician"],"label":["Hermann Otto Solms"],"api_url":["https://www.abgeordnetenwatch.de/api/v2/politicians/118384"],"abgeordnetenwatch_url":["https://www.abgeordnetenwatch.de/profile/hermann-otto-solms"],"first_name":["Hermann Otto"],"last_name":["Solms"],"birth_name":{},"sex":["m"],"year_of_birth":[1940],"party":{"id":[4],"entity_type":["party"],"label":["FDP"],"api_url":["https://www.abgeordnetenwatch.de/api/v2/parties/4"]},"party_past":{},"deceased":{},"deceased_date":{},"education":["Diplomökonom"],"residence":{},"occupation":["MdB"],"statistic_questions":[11],"statistic_questions_answered":{},"qid_wikidata":["Q70407"],"field_title":{}}
