{"id":[118538],"entity_type":["politician"],"label":["Frank Schäffler"],"api_url":["https://www.abgeordnetenwatch.de/api/v2/politicians/118538"],"abgeordnetenwatch_url":["https://www.abgeordnetenwatch.de/profile/frank-schaeffler"],"first_name":["Frank"],"last_name":["Schäffler"],"birth_name":{},"sex":["m"],"year_of_birth":[1968],"party":{"id":[4],"entity_type":["party"],"label":["FDP"],"api_url":["https://www.abgeordnetenwatch.de/api/v2/parties/4"]},"party_past":{},"deceased":{},"deceased_date":{},"education":["Industriekaufmann"],"residence":{},"occupation":["MdB"],"statistic_questions":[4],"statistic_questions_answered":[2],"qid_wikidata":["Q90973"],"field_title":{}}
