[{"id":54031,"entity_type":"candidacy_mandate","label":"Frank Schäffler (Bundestag 2021 - 2025)","api_url":"https://www.abgeordnetenwatch.de/api/v2/candidacies-mandates/54031","id_external_administration":"1488","id_external_administration_description":"mdbID aus der info-xml-Datei der Bundestagsverwaltung","type":"mandate","parliament_period":{"id":132,"entity_type":"parliament_period","label":"Bundestag 2021 - 2025","api_url":"https://www.abgeordnetenwatch.de/api/v2/parliament-periods/132","abgeordnetenwatch_url":"https://www.abgeordnetenwatch.de/bundestag"},"politician":{"id":118538,"entity_type":"politician","label":"Frank Schäffler","api_url":"https://www.abgeordnetenwatch.de/api/v2/politicians/118538","abgeordnetenwatch_url":"https://www.abgeordnetenwatch.de/profile/frank-schaeffler"},"electoral_data":{"id":54955,"entity_type":"electoral_data","label":"Frank Schäffler (Bundestag 2021 - 2025)","electoral_list":{"id":419,"entity_type":"electoral_list","label":"Landesliste Nordrhein-Westfalen (Bundestag 2021 - 2025)","api_url":"https://www.abgeordnetenwatch.de/api/v2/electoral-lists/419"},"list_position":9,"constituency":{"id":10874,"entity_type":"constituency","label":"134 - Minden-Lübbecke I (Bundestag 2021 - 2025)","api_url":"https://www.abgeordnetenwatch.de/api/v2/constituencies/10874"},"constituency_result":8.2,"mandate_won":"list"},"fraction_membership":[{"id":9878,"entity_type":"fraction_membership","label":"FDP","fraction":{"id":322,"entity_type":"fraction","label":"FDP (Bundestag 2021 - 2025)","api_url":"https://www.abgeordnetenwatch.de/api/v2/fractions/322"}}],"party":{}},{"id":49415,"entity_type":"candidacy_mandate","label":"Frank Schäffler (Bundestag Wahl 2021)","api_url":"https://www.abgeordnetenwatch.de/api/v2/candidacies-mandates/49415","type":"candidacy","parliament_period":{"id":128,"entity_type":"parliament_period","label":"Bundestag Wahl 2021","api_url":"https://www.abgeordnetenwatch.de/api/v2/parliament-periods/128","abgeordnetenwatch_url":"https://www.abgeordnetenwatch.de/bundestag/wahl-2021"},"politician":{"id":118538,"entity_type":"politician","label":"Frank Schäffler","api_url":"https://www.abgeordnetenwatch.de/api/v2/politicians/118538","abgeordnetenwatch_url":"https://www.abgeordnetenwatch.de/profile/frank-schaeffler"},"electoral_data":{"id":50337,"entity_type":"electoral_data","label":"Frank Schäffler (Bundestag Wahl 2021)","electoral_list":{"id":365,"entity_type":"electoral_list","label":"Landesliste Nordrhein-Westfalen (Bundestag Wahl 2021)","api_url":"https://www.abgeordnetenwatch.de/api/v2/electoral-lists/365"},"list_position":9,"constituency":{"id":10191,"entity_type":"constituency","label":"134 - Minden-Lübbecke I (Bundestag Wahl 2021)","api_url":"https://www.abgeordnetenwatch.de/api/v2/constituencies/10191"},"constituency_result":8.2,"constituency_result_count":12494,"mandate_won":"list"},"fraction_membership":{},"party":{"id":4,"entity_type":"party","label":"FDP","api_url":"https://www.abgeordnetenwatch.de/api/v2/parties/4"}},{"id":40700,"entity_type":"candidacy_mandate","label":"Frank Schäffler (Bundestag 2017 - 2021)","api_url":"https://www.abgeordnetenwatch.de/api/v2/candidacies-mandates/40700","id_external_administration":"1488","id_external_administration_description":"mdbID - ID der Bundestagsverwaltung","type":"mandate","parliament_period":{"id":111,"entity_type":"parliament_period","label":"Bundestag 2017 - 2021","api_url":"https://www.abgeordnetenwatch.de/api/v2/parliament-periods/111","abgeordnetenwatch_url":"https://www.abgeordnetenwatch.de/bundestag/19"},"politician":{"id":118538,"entity_type":"politician","label":"Frank Schäffler","api_url":"https://www.abgeordnetenwatch.de/api/v2/politicians/118538","abgeordnetenwatch_url":"https://www.abgeordnetenwatch.de/profile/frank-schaeffler"},"electoral_data":{"id":40700,"entity_type":"electoral_data","label":"Frank Schäffler (Bundestag 2017 - 2021)","electoral_list":{"id":115,"entity_type":"electoral_list","label":"Landesliste Nordrhein-Westfalen (Bundestag 2017 - 2021)","api_url":"https://www.abgeordnetenwatch.de/api/v2/electoral-lists/115"},"list_position":10,"constituency":{"id":4258,"entity_type":"constituency","label":"134 - Minden-Lübbecke I (Bundestag 2017 - 2021)","api_url":"https://www.abgeordnetenwatch.de/api/v2/constituencies/4258"},"constituency_result":7.1,"mandate_won":"list"},"fraction_membership":[{"id":2927,"entity_type":"fraction_membership","label":"FDP","fraction":{"id":14,"entity_type":"fraction","label":"FDP (Bundestag 2017 - 2021)","api_url":"https://www.abgeordnetenwatch.de/api/v2/fractions/14"}}],"party":{}},{"id":40699,"entity_type":"candidacy_mandate","label":"Frank Schäffler (Bundestag 2009-2013)","api_url":"https://www.abgeordnetenwatch.de/api/v2/candidacies-mandates/40699","type":"mandate","parliament_period":{"id":83,"entity_type":"parliament_period","label":"Bundestag 2009 - 2013","api_url":"https://www.abgeordnetenwatch.de/api/v2/parliament-periods/83","abgeordnetenwatch_url":"https://www.abgeordnetenwatch.de/bundestag/17"},"politician":{"id":118538,"entity_type":"politician","label":"Frank Schäffler","api_url":"https://www.abgeordnetenwatch.de/api/v2/politicians/118538","abgeordnetenwatch_url":"https://www.abgeordnetenwatch.de/profile/frank-schaeffler"},"electoral_data":{"id":40699,"entity_type":"electoral_data","label":"Frank Schäffler (Bundestag 2009 - 2013)","electoral_list":{"id":64,"entity_type":"electoral_list","label":"Landesliste Nordrhein-Westfalen (Bundestag 2009-2013)","api_url":"https://www.abgeordnetenwatch.de/api/v2/electoral-lists/64"},"list_position":11,"constituency":{"id":1635,"entity_type":"constituency","label":"134 - Herford - Minden-Lübbecke II (Bundestag 2009-2013)","api_url":"https://www.abgeordnetenwatch.de/api/v2/constituencies/1635"},"constituency_result":9.6},"fraction_membership":[{"id":2926,"entity_type":"fraction_membership","label":"FDP","fraction":{"id":44,"entity_type":"fraction","label":"FDP (Bundestag 2009-2013)","api_url":"https://www.abgeordnetenwatch.de/api/v2/fractions/44"}}],"party":{}},{"id":40698,"entity_type":"candidacy_mandate","label":"Frank Schäffler (Bundestag 2005-2009)","api_url":"https://www.abgeordnetenwatch.de/api/v2/candidacies-mandates/40698","type":"mandate","parliament_period":{"id":67,"entity_type":"parliament_period","label":"Bundestag 2005 - 2009","api_url":"https://www.abgeordnetenwatch.de/api/v2/parliament-periods/67","abgeordnetenwatch_url":"https://www.abgeordnetenwatch.de/bundestag/16"},"politician":{"id":118538,"entity_type":"politician","label":"Frank Schäffler","api_url":"https://www.abgeordnetenwatch.de/api/v2/politicians/118538","abgeordnetenwatch_url":"https://www.abgeordnetenwatch.de/profile/frank-schaeffler"},"start_date":"2004-11-30","electoral_data":{"id":40698,"entity_type":"electoral_data","label":"Frank Schäffler (Bundestag 2005 - 2009)","electoral_list":{"id":49,"entity_type":"electoral_list","label":"Landesliste Nordrhein-Westfalen (Bundestag 2005-2009)","api_url":"https://www.abgeordnetenwatch.de/api/v2/electoral-lists/49"},"list_position":12,"constituency":{"id":1380,"entity_type":"constituency","label":"134 - Herford - Minden Lübbecke II (Bundestag 2005-2009)","api_url":"https://www.abgeordnetenwatch.de/api/v2/constituencies/1380"}},"fraction_membership":[{"id":2925,"entity_type":"fraction_membership","label":"FDP","fraction":{"id":92,"entity_type":"fraction","label":"FDP (Bundestag 2005-2009)","api_url":"https://www.abgeordnetenwatch.de/api/v2/fractions/92"}}],"party":{}},{"id":10473,"entity_type":"candidacy_mandate","label":"Frank Schäffler (Bundestag Wahl 2017)","api_url":"https://www.abgeordnetenwatch.de/api/v2/candidacies-mandates/10473","type":"candidacy","parliament_period":{"id":50,"entity_type":"parliament_period","label":"Bundestag Wahl 2017","api_url":"https://www.abgeordnetenwatch.de/api/v2/parliament-periods/50","abgeordnetenwatch_url":"https://www.abgeordnetenwatch.de/bundestag/wahl-2017"},"politician":{"id":118538,"entity_type":"politician","label":"Frank Schäffler","api_url":"https://www.abgeordnetenwatch.de/api/v2/politicians/118538","abgeordnetenwatch_url":"https://www.abgeordnetenwatch.de/profile/frank-schaeffler"},"electoral_data":{"id":10473,"entity_type":"electoral_data","label":"Frank Schäffler (Bundestag Wahl 2017)","electoral_list":{"id":274,"entity_type":"electoral_list","label":"Landesliste Nordrhein-Westfalen (Bundestag Wahl 2017)","api_url":"https://www.abgeordnetenwatch.de/api/v2/electoral-lists/274"},"list_position":10,"constituency":{"id":9144,"entity_type":"constituency","label":"134 - Minden-Lübbecke I (Bundestag Wahl 2017)","api_url":"https://www.abgeordnetenwatch.de/api/v2/constituencies/9144"},"constituency_result":7.1,"mandate_won":"list"},"fraction_membership":{},"party":{"id":4,"entity_type":"party","label":"FDP","api_url":"https://www.abgeordnetenwatch.de/api/v2/parties/4"}},{"id":10472,"entity_type":"candidacy_mandate","label":"Frank Schäffler (Bundestag Wahl 2013)","api_url":"https://www.abgeordnetenwatch.de/api/v2/candidacies-mandates/10472","type":"candidacy","parliament_period":{"id":36,"entity_type":"parliament_period","label":"Bundestag Wahl 2013","api_url":"https://www.abgeordnetenwatch.de/api/v2/parliament-periods/36","abgeordnetenwatch_url":"https://www.abgeordnetenwatch.de/bundestag/wahl-2013"},"politician":{"id":118538,"entity_type":"politician","label":"Frank Schäffler","api_url":"https://www.abgeordnetenwatch.de/api/v2/politicians/118538","abgeordnetenwatch_url":"https://www.abgeordnetenwatch.de/profile/frank-schaeffler"},"electoral_data":{"id":10472,"entity_type":"electoral_data","label":"Frank Schäffler (Bundestag Wahl 2013)","electoral_list":{},"list_position":5,"constituency":{"id":6051,"entity_type":"constituency","label":"133 - Herford - Minden-Lübbecke II (Bundestag Wahl 2013)","api_url":"https://www.abgeordnetenwatch.de/api/v2/constituencies/6051"},"constituency_result":3.5},"fraction_membership":{},"party":{"id":4,"entity_type":"party","label":"FDP","api_url":"https://www.abgeordnetenwatch.de/api/v2/parties/4"}},{"id":10471,"entity_type":"candidacy_mandate","label":"Frank Schäffler (Bundestag Wahl 2009)","api_url":"https://www.abgeordnetenwatch.de/api/v2/candidacies-mandates/10471","type":"candidacy","parliament_period":{"id":22,"entity_type":"parliament_period","label":"Bundestag Wahl 2009","api_url":"https://www.abgeordnetenwatch.de/api/v2/parliament-periods/22","abgeordnetenwatch_url":"https://www.abgeordnetenwatch.de/bundestag/wahl-2009"},"politician":{"id":118538,"entity_type":"politician","label":"Frank Schäffler","api_url":"https://www.abgeordnetenwatch.de/api/v2/politicians/118538","abgeordnetenwatch_url":"https://www.abgeordnetenwatch.de/profile/frank-schaeffler"},"electoral_data":{"id":10471,"entity_type":"electoral_data","label":"Frank Schäffler (Bundestag Wahl 2009)","electoral_list":{},"list_position":11,"constituency":{"id":6521,"entity_type":"constituency","label":"134 - Herford - Minden-Lübbecke II (Bundestag Wahl 2009)","api_url":"https://www.abgeordnetenwatch.de/api/v2/constituencies/6521"},"constituency_result":9.6},"fraction_membership":{},"party":{"id":4,"entity_type":"party","label":"FDP","api_url":"https://www.abgeordnetenwatch.de/api/v2/parties/4"}},{"id":10470,"entity_type":"candidacy_mandate","label":"Frank Schäffler (Bundestag Wahl 2005)","api_url":"https://www.abgeordnetenwatch.de/api/v2/candidacies-mandates/10470","type":"candidacy","parliament_period":{"id":6,"entity_type":"parliament_period","label":"Bundestag Wahl 2005","api_url":"https://www.abgeordnetenwatch.de/api/v2/parliament-periods/6","abgeordnetenwatch_url":"https://www.abgeordnetenwatch.de/bundestag/wahl-2005"},"politician":{"id":118538,"entity_type":"politician","label":"Frank Schäffler","api_url":"https://www.abgeordnetenwatch.de/api/v2/politicians/118538","abgeordnetenwatch_url":"https://www.abgeordnetenwatch.de/profile/frank-schaeffler"},"electoral_data":{"id":10470,"entity_type":"electoral_data","label":"Frank Schäffler (Bundestag Wahl 2005)","electoral_list":{"id":208,"entity_type":"electoral_list","label":"Landesliste Nordrhein-Westfalen (Bundestag Wahl 2005)","api_url":"https://www.abgeordnetenwatch.de/api/v2/electoral-lists/208"},"list_position":12,"constituency":{"id":6266,"entity_type":"constituency","label":"134 - Herford - Minden Lübbecke II (Bundestag Wahl 2005)","api_url":"https://www.abgeordnetenwatch.de/api/v2/constituencies/6266"},"constituency_result":3.6},"fraction_membership":{},"party":{"id":4,"entity_type":"party","label":"FDP","api_url":"https://www.abgeordnetenwatch.de/api/v2/parties/4"}}]
