{"id":[118667],"entity_type":["politician"],"label":["Hartmut Ebbing"],"api_url":["https://www.abgeordnetenwatch.de/api/v2/politicians/118667"],"abgeordnetenwatch_url":["https://www.abgeordnetenwatch.de/profile/hartmut-ebbing"],"first_name":["Hartmut"],"last_name":["Ebbing"],"birth_name":{},"sex":["m"],"year_of_birth":[1956],"party":{"id":[4],"entity_type":["party"],"label":["FDP"],"api_url":["https://www.abgeordnetenwatch.de/api/v2/parties/4"]},"party_past":{},"education":["Bankkaufmann / Wirtschaftsprüfer / Steuerberater"],"residence":{},"occupation":["MdB, selbstständiger Wirtschaftsberater und Steuerprüfer"],"statistic_questions":[25],"statistic_questions_answered":[20],"qid_wikidata":["Q40997474"],"field_title":{}}
