[{"id":40754,"entity_type":"candidacy_mandate","label":"Hartmut Ebbing (Bundestag 2017 - 2021)","api_url":"https://www.abgeordnetenwatch.de/api/v2/candidacies-mandates/40754","id_external_administration":"2067","id_external_administration_description":"mdbID - ID der Bundestagsverwaltung","type":"mandate","parliament_period":{"id":111,"entity_type":"parliament_period","label":"Bundestag 2017 - 2021","api_url":"https://www.abgeordnetenwatch.de/api/v2/parliament-periods/111","abgeordnetenwatch_url":"https://www.abgeordnetenwatch.de/bundestag/19"},"politician":{"id":118667,"entity_type":"politician","label":"Hartmut Ebbing","api_url":"https://www.abgeordnetenwatch.de/api/v2/politicians/118667","abgeordnetenwatch_url":"https://www.abgeordnetenwatch.de/profile/hartmut-ebbing"},"electoral_data":{"id":40754,"entity_type":"electoral_data","label":"Hartmut Ebbing (Bundestag 2017 - 2021)","electoral_list":{"id":108,"entity_type":"electoral_list","label":"Landesliste Berlin (Bundestag 2017 - 2021)","api_url":"https://www.abgeordnetenwatch.de/api/v2/electoral-lists/108"},"list_position":3,"constituency":{"id":4203,"entity_type":"constituency","label":"79 - Berlin-Steglitz-Zehlendorf (Bundestag 2017 - 2021)","api_url":"https://www.abgeordnetenwatch.de/api/v2/constituencies/4203"},"constituency_result":9.1,"mandate_won":"list"},"fraction_membership":[{"id":2981,"entity_type":"fraction_membership","label":"FDP","fraction":{"id":14,"entity_type":"fraction","label":"FDP (Bundestag 2017 - 2021)","api_url":"https://www.abgeordnetenwatch.de/api/v2/fractions/14"}}],"party":{}},{"id":10700,"entity_type":"candidacy_mandate","label":"Hartmut Ebbing (Bundestag Wahl 2017)","api_url":"https://www.abgeordnetenwatch.de/api/v2/candidacies-mandates/10700","type":"candidacy","parliament_period":{"id":50,"entity_type":"parliament_period","label":"Bundestag Wahl 2017","api_url":"https://www.abgeordnetenwatch.de/api/v2/parliament-periods/50","abgeordnetenwatch_url":"https://www.abgeordnetenwatch.de/bundestag/wahl-2017"},"politician":{"id":118667,"entity_type":"politician","label":"Hartmut Ebbing","api_url":"https://www.abgeordnetenwatch.de/api/v2/politicians/118667","abgeordnetenwatch_url":"https://www.abgeordnetenwatch.de/profile/hartmut-ebbing"},"electoral_data":{"id":10700,"entity_type":"electoral_data","label":"Hartmut Ebbing (Bundestag Wahl 2017)","electoral_list":{"id":267,"entity_type":"electoral_list","label":"Landesliste Berlin (Bundestag Wahl 2017)","api_url":"https://www.abgeordnetenwatch.de/api/v2/electoral-lists/267"},"list_position":3,"constituency":{"id":9089,"entity_type":"constituency","label":"79 - Berlin-Steglitz-Zehlendorf (Bundestag Wahl 2017)","api_url":"https://www.abgeordnetenwatch.de/api/v2/constituencies/9089"},"constituency_result":9.1,"mandate_won":"list"},"fraction_membership":{},"party":{"id":4,"entity_type":"party","label":"FDP","api_url":"https://www.abgeordnetenwatch.de/api/v2/parties/4"}},{"id":10699,"entity_type":"candidacy_mandate","label":"Hartmut Ebbing (Berlin Wahl 2016)","api_url":"https://www.abgeordnetenwatch.de/api/v2/candidacies-mandates/10699","type":"candidacy","parliament_period":{"id":46,"entity_type":"parliament_period","label":"Berlin Wahl 2016","api_url":"https://www.abgeordnetenwatch.de/api/v2/parliament-periods/46","abgeordnetenwatch_url":"https://www.abgeordnetenwatch.de/berlin/wahl-2016"},"politician":{"id":118667,"entity_type":"politician","label":"Hartmut Ebbing","api_url":"https://www.abgeordnetenwatch.de/api/v2/politicians/118667","abgeordnetenwatch_url":"https://www.abgeordnetenwatch.de/profile/hartmut-ebbing"},"electoral_data":{"id":10699,"entity_type":"electoral_data","label":"Hartmut Ebbing (Berlin Wahl 2016)","electoral_list":{"id":254,"entity_type":"electoral_list","label":"Bezirksliste Steglitz-Zehlendorf (Berlin Wahl 2016)","api_url":"https://www.abgeordnetenwatch.de/api/v2/electoral-lists/254"},"list_position":4,"constituency":{"id":8771,"entity_type":"constituency","label":"Steglitz-Zehlendorf WK 5 (Berlin Wahl 2016)","api_url":"https://www.abgeordnetenwatch.de/api/v2/constituencies/8771"},"constituency_result":8.4},"fraction_membership":{},"party":{"id":4,"entity_type":"party","label":"FDP","api_url":"https://www.abgeordnetenwatch.de/api/v2/parties/4"}},{"id":10698,"entity_type":"candidacy_mandate","label":"Hartmut Ebbing (Bundestag Wahl 2005)","api_url":"https://www.abgeordnetenwatch.de/api/v2/candidacies-mandates/10698","type":"candidacy","parliament_period":{"id":6,"entity_type":"parliament_period","label":"Bundestag Wahl 2005","api_url":"https://www.abgeordnetenwatch.de/api/v2/parliament-periods/6","abgeordnetenwatch_url":"https://www.abgeordnetenwatch.de/bundestag/wahl-2005"},"politician":{"id":118667,"entity_type":"politician","label":"Hartmut Ebbing","api_url":"https://www.abgeordnetenwatch.de/api/v2/politicians/118667","abgeordnetenwatch_url":"https://www.abgeordnetenwatch.de/profile/hartmut-ebbing"},"electoral_data":{"id":10698,"entity_type":"electoral_data","label":"Hartmut Ebbing (Bundestag Wahl 2005)","electoral_list":{"id":201,"entity_type":"electoral_list","label":"Landesliste Berlin (Bundestag Wahl 2005)","api_url":"https://www.abgeordnetenwatch.de/api/v2/electoral-lists/201"},"list_position":5,"constituency":{"id":6190,"entity_type":"constituency","label":"82 - Berlin-Tempelhof-Schöneberg (Bundestag Wahl 2005)","api_url":"https://www.abgeordnetenwatch.de/api/v2/constituencies/6190"},"constituency_result":4.1},"fraction_membership":{},"party":{"id":4,"entity_type":"party","label":"FDP","api_url":"https://www.abgeordnetenwatch.de/api/v2/parties/4"}}]
