{"id":[119079],"entity_type":["politician"],"label":["Michael Link"],"api_url":["https://www.abgeordnetenwatch.de/api/v2/politicians/119079"],"abgeordnetenwatch_url":["https://www.abgeordnetenwatch.de/profile/michael-link"],"first_name":["Michael"],"last_name":["Link"],"birth_name":{},"sex":["m"],"year_of_birth":[1963],"party":{"id":[4],"entity_type":["party"],"label":["FDP"],"api_url":["https://www.abgeordnetenwatch.de/api/v2/parties/4"]},"party_past":{},"deceased":{},"deceased_date":{},"education":{},"residence":{},"occupation":["MdB"],"statistic_questions":[2],"statistic_questions_answered":[1],"qid_wikidata":["Q991377"],"field_title":{}}
