[{"id":52610,"entity_type":"candidacy_mandate","label":"Martin Hohmann (Bundestag Wahl 2021)","api_url":"https://www.abgeordnetenwatch.de/api/v2/candidacies-mandates/52610","type":"candidacy","parliament_period":{"id":128,"entity_type":"parliament_period","label":"Bundestag Wahl 2021","api_url":"https://www.abgeordnetenwatch.de/api/v2/parliament-periods/128","abgeordnetenwatch_url":"https://www.abgeordnetenwatch.de/bundestag/wahl-2021"},"politician":{"id":119028,"entity_type":"politician","label":"Martin Hohmann","api_url":"https://www.abgeordnetenwatch.de/api/v2/politicians/119028","abgeordnetenwatch_url":"https://www.abgeordnetenwatch.de/profile/martin-hohmann"},"party":{"id":9,"entity_type":"party","label":"AfD","api_url":"https://www.abgeordnetenwatch.de/api/v2/parties/9"},"electoral_data":{"id":53534,"entity_type":"electoral_data","label":"Martin Hohmann (Bundestag Wahl 2021)","electoral_list":{"id":362,"entity_type":"electoral_list","label":"Landesliste Hessen (Bundestag Wahl 2021)","api_url":"https://www.abgeordnetenwatch.de/api/v2/electoral-lists/362"},"list_position":6,"constituency":{"id":10231,"entity_type":"constituency","label":"174 - Fulda (Bundestag Wahl 2021)","api_url":"https://www.abgeordnetenwatch.de/api/v2/constituencies/10231"},"constituency_result":15.2,"constituency_result_count":24508},"fraction_membership":{}},{"id":40888,"entity_type":"candidacy_mandate","label":"Martin Hohmann (Bundestag 2017 - 2021)","api_url":"https://www.abgeordnetenwatch.de/api/v2/candidacies-mandates/40888","id_external_administration":"2117","id_external_administration_description":"mdbID - ID der Bundestagsverwaltung","type":"mandate","parliament_period":{"id":111,"entity_type":"parliament_period","label":"Bundestag 2017 - 2021","api_url":"https://www.abgeordnetenwatch.de/api/v2/parliament-periods/111","abgeordnetenwatch_url":"https://www.abgeordnetenwatch.de/bundestag/19"},"politician":{"id":119028,"entity_type":"politician","label":"Martin Hohmann","api_url":"https://www.abgeordnetenwatch.de/api/v2/politicians/119028","abgeordnetenwatch_url":"https://www.abgeordnetenwatch.de/profile/martin-hohmann"},"party":{},"electoral_data":{"id":40888,"entity_type":"electoral_data","label":"Martin Hohmann (Bundestag 2017 - 2021)","electoral_list":{"id":112,"entity_type":"electoral_list","label":"Landesliste Hessen (Bundestag 2017 - 2021)","api_url":"https://www.abgeordnetenwatch.de/api/v2/electoral-lists/112"},"list_position":6,"constituency":{"id":4298,"entity_type":"constituency","label":"174 - Fulda (Bundestag 2017 - 2021)","api_url":"https://www.abgeordnetenwatch.de/api/v2/constituencies/4298"},"constituency_result":17.6,"mandate_won":"list"},"fraction_membership":[{"id":3116,"entity_type":"fraction_membership","label":"AfD","fraction":{"id":56,"entity_type":"fraction","label":"AfD (Bundestag 2017 - 2021)","api_url":"https://www.abgeordnetenwatch.de/api/v2/fractions/56"}}]},{"id":11336,"entity_type":"candidacy_mandate","label":"Martin Hohmann (Bundestag Wahl 2017)","api_url":"https://www.abgeordnetenwatch.de/api/v2/candidacies-mandates/11336","type":"candidacy","parliament_period":{"id":50,"entity_type":"parliament_period","label":"Bundestag Wahl 2017","api_url":"https://www.abgeordnetenwatch.de/api/v2/parliament-periods/50","abgeordnetenwatch_url":"https://www.abgeordnetenwatch.de/bundestag/wahl-2017"},"politician":{"id":119028,"entity_type":"politician","label":"Martin Hohmann","api_url":"https://www.abgeordnetenwatch.de/api/v2/politicians/119028","abgeordnetenwatch_url":"https://www.abgeordnetenwatch.de/profile/martin-hohmann"},"party":{"id":9,"entity_type":"party","label":"AfD","api_url":"https://www.abgeordnetenwatch.de/api/v2/parties/9"},"electoral_data":{"id":11336,"entity_type":"electoral_data","label":"Martin Hohmann (Bundestag Wahl 2017)","electoral_list":{"id":271,"entity_type":"electoral_list","label":"Landesliste Hessen (Bundestag Wahl 2017)","api_url":"https://www.abgeordnetenwatch.de/api/v2/electoral-lists/271"},"list_position":6,"constituency":{"id":9184,"entity_type":"constituency","label":"174 - Fulda (Bundestag Wahl 2017)","api_url":"https://www.abgeordnetenwatch.de/api/v2/constituencies/9184"},"constituency_result":17.6,"mandate_won":"list"},"fraction_membership":{}},{"id":11335,"entity_type":"candidacy_mandate","label":"Martin Hohmann (Bundestag Wahl 2005)","api_url":"https://www.abgeordnetenwatch.de/api/v2/candidacies-mandates/11335","type":"candidacy","parliament_period":{"id":6,"entity_type":"parliament_period","label":"Bundestag Wahl 2005","api_url":"https://www.abgeordnetenwatch.de/api/v2/parliament-periods/6","abgeordnetenwatch_url":"https://www.abgeordnetenwatch.de/bundestag/wahl-2005"},"politician":{"id":119028,"entity_type":"politician","label":"Martin Hohmann","api_url":"https://www.abgeordnetenwatch.de/api/v2/politicians/119028","abgeordnetenwatch_url":"https://www.abgeordnetenwatch.de/profile/martin-hohmann"},"party":{"id":25,"entity_type":"party","label":"Einzelbewerbung","api_url":"https://www.abgeordnetenwatch.de/api/v2/parties/25"},"electoral_data":{"id":11335,"entity_type":"electoral_data","label":"Martin Hohmann (Bundestag Wahl 2005)","electoral_list":{},"constituency":{"id":6242,"entity_type":"constituency","label":"176 - Fulda (Bundestag Wahl 2005)","api_url":"https://www.abgeordnetenwatch.de/api/v2/constituencies/6242"},"constituency_result":21.5},"fraction_membership":{}}]
