[{"id":53701,"entity_type":"candidacy_mandate","label":"Pascal Kober (Bundestag 2021 - 2025)","api_url":"https://www.abgeordnetenwatch.de/api/v2/candidacies-mandates/53701","id_external_administration":"1734","id_external_administration_description":"mdbID aus der info-xml-Datei der Bundestagsverwaltung","type":"mandate","parliament_period":{"id":132,"entity_type":"parliament_period","label":"Bundestag 2021 - 2025","api_url":"https://www.abgeordnetenwatch.de/api/v2/parliament-periods/132","abgeordnetenwatch_url":"https://www.abgeordnetenwatch.de/bundestag"},"politician":{"id":119147,"entity_type":"politician","label":"Pascal Kober","api_url":"https://www.abgeordnetenwatch.de/api/v2/politicians/119147","abgeordnetenwatch_url":"https://www.abgeordnetenwatch.de/profile/pascal-kober"},"electoral_data":{"id":54625,"entity_type":"electoral_data","label":"Pascal Kober (Bundestag 2021 - 2025)","electoral_list":{"id":410,"entity_type":"electoral_list","label":"Landesliste Baden-Württemberg (Bundestag 2021 - 2025)","api_url":"https://www.abgeordnetenwatch.de/api/v2/electoral-lists/410"},"list_position":4,"constituency":{"id":11029,"entity_type":"constituency","label":"289 - Reutlingen (Bundestag 2021 - 2025)","api_url":"https://www.abgeordnetenwatch.de/api/v2/constituencies/11029"},"constituency_result":13.4,"mandate_won":"list"},"fraction_membership":[{"id":9548,"entity_type":"fraction_membership","label":"FDP","fraction":{"id":322,"entity_type":"fraction","label":"FDP (Bundestag 2021 - 2025)","api_url":"https://www.abgeordnetenwatch.de/api/v2/fractions/322"}}],"party":{}},{"id":49420,"entity_type":"candidacy_mandate","label":"Pascal Kober (Bundestag Wahl 2021)","api_url":"https://www.abgeordnetenwatch.de/api/v2/candidacies-mandates/49420","type":"candidacy","parliament_period":{"id":128,"entity_type":"parliament_period","label":"Bundestag Wahl 2021","api_url":"https://www.abgeordnetenwatch.de/api/v2/parliament-periods/128","abgeordnetenwatch_url":"https://www.abgeordnetenwatch.de/bundestag/wahl-2021"},"politician":{"id":119147,"entity_type":"politician","label":"Pascal Kober","api_url":"https://www.abgeordnetenwatch.de/api/v2/politicians/119147","abgeordnetenwatch_url":"https://www.abgeordnetenwatch.de/profile/pascal-kober"},"electoral_data":{"id":50342,"entity_type":"electoral_data","label":"Pascal Kober (Bundestag Wahl 2021)","electoral_list":{"id":358,"entity_type":"electoral_list","label":"Landesliste Baden-Württemberg (Bundestag Wahl 2021)","api_url":"https://www.abgeordnetenwatch.de/api/v2/electoral-lists/358"},"list_position":4,"constituency":{"id":10346,"entity_type":"constituency","label":"289 - Reutlingen (Bundestag Wahl 2021)","api_url":"https://www.abgeordnetenwatch.de/api/v2/constituencies/10346"},"constituency_result":13.4,"constituency_result_count":200411},"fraction_membership":{},"party":{"id":4,"entity_type":"party","label":"FDP","api_url":"https://www.abgeordnetenwatch.de/api/v2/parties/4"}},{"id":40934,"entity_type":"candidacy_mandate","label":"Pascal Kober (Bundestag 2017 - 2021)","api_url":"https://www.abgeordnetenwatch.de/api/v2/candidacies-mandates/40934","id_external_administration":"1734","id_external_administration_description":"mdbID - ID der Bundestagsverwaltung","type":"mandate","parliament_period":{"id":111,"entity_type":"parliament_period","label":"Bundestag 2017 - 2021","api_url":"https://www.abgeordnetenwatch.de/api/v2/parliament-periods/111","abgeordnetenwatch_url":"https://www.abgeordnetenwatch.de/bundestag/19"},"politician":{"id":119147,"entity_type":"politician","label":"Pascal Kober","api_url":"https://www.abgeordnetenwatch.de/api/v2/politicians/119147","abgeordnetenwatch_url":"https://www.abgeordnetenwatch.de/profile/pascal-kober"},"electoral_data":{"id":40934,"entity_type":"electoral_data","label":"Pascal Kober (Bundestag 2017 - 2021)","electoral_list":{"id":106,"entity_type":"electoral_list","label":"Landesliste Baden-Württemberg (Bundestag 2017 - 2021)","api_url":"https://www.abgeordnetenwatch.de/api/v2/electoral-lists/106"},"list_position":4,"constituency":{"id":4413,"entity_type":"constituency","label":"289 - Reutlingen (Bundestag 2017 - 2021)","api_url":"https://www.abgeordnetenwatch.de/api/v2/constituencies/4413"},"constituency_result":10,"mandate_won":"list"},"fraction_membership":[{"id":3162,"entity_type":"fraction_membership","label":"FDP","fraction":{"id":14,"entity_type":"fraction","label":"FDP (Bundestag 2017 - 2021)","api_url":"https://www.abgeordnetenwatch.de/api/v2/fractions/14"}}],"party":{}},{"id":40933,"entity_type":"candidacy_mandate","label":"Pascal Kober (Bundestag 2009-2013)","api_url":"https://www.abgeordnetenwatch.de/api/v2/candidacies-mandates/40933","type":"mandate","parliament_period":{"id":83,"entity_type":"parliament_period","label":"Bundestag 2009 - 2013","api_url":"https://www.abgeordnetenwatch.de/api/v2/parliament-periods/83","abgeordnetenwatch_url":"https://www.abgeordnetenwatch.de/bundestag/17"},"politician":{"id":119147,"entity_type":"politician","label":"Pascal Kober","api_url":"https://www.abgeordnetenwatch.de/api/v2/politicians/119147","abgeordnetenwatch_url":"https://www.abgeordnetenwatch.de/profile/pascal-kober"},"electoral_data":{"id":40933,"entity_type":"electoral_data","label":"Pascal Kober (Bundestag 2009 - 2013)","electoral_list":{"id":56,"entity_type":"electoral_list","label":"Landesliste Baden-Württemberg (Bundestag 2009-2013)","api_url":"https://www.abgeordnetenwatch.de/api/v2/electoral-lists/56"},"list_position":13,"constituency":{"id":1735,"entity_type":"constituency","label":"289 - Reutlingen (Bundestag 2009-2013)","api_url":"https://www.abgeordnetenwatch.de/api/v2/constituencies/1735"},"constituency_result":12.8},"fraction_membership":[{"id":3161,"entity_type":"fraction_membership","label":"FDP","fraction":{"id":44,"entity_type":"fraction","label":"FDP (Bundestag 2009-2013)","api_url":"https://www.abgeordnetenwatch.de/api/v2/fractions/44"}}],"party":{}},{"id":11550,"entity_type":"candidacy_mandate","label":"Pascal Kober (Bundestag Wahl 2017)","api_url":"https://www.abgeordnetenwatch.de/api/v2/candidacies-mandates/11550","type":"candidacy","parliament_period":{"id":50,"entity_type":"parliament_period","label":"Bundestag Wahl 2017","api_url":"https://www.abgeordnetenwatch.de/api/v2/parliament-periods/50","abgeordnetenwatch_url":"https://www.abgeordnetenwatch.de/bundestag/wahl-2017"},"politician":{"id":119147,"entity_type":"politician","label":"Pascal Kober","api_url":"https://www.abgeordnetenwatch.de/api/v2/politicians/119147","abgeordnetenwatch_url":"https://www.abgeordnetenwatch.de/profile/pascal-kober"},"electoral_data":{"id":11550,"entity_type":"electoral_data","label":"Pascal Kober (Bundestag Wahl 2017)","electoral_list":{"id":265,"entity_type":"electoral_list","label":"Landesliste Baden-Württemberg (Bundestag Wahl 2017)","api_url":"https://www.abgeordnetenwatch.de/api/v2/electoral-lists/265"},"list_position":4,"constituency":{"id":9299,"entity_type":"constituency","label":"289 - Reutlingen (Bundestag Wahl 2017)","api_url":"https://www.abgeordnetenwatch.de/api/v2/constituencies/9299"},"constituency_result":10,"mandate_won":"list"},"fraction_membership":{},"party":{"id":4,"entity_type":"party","label":"FDP","api_url":"https://www.abgeordnetenwatch.de/api/v2/parties/4"}},{"id":11549,"entity_type":"candidacy_mandate","label":"Pascal Kober (Bundestag Wahl 2013)","api_url":"https://www.abgeordnetenwatch.de/api/v2/candidacies-mandates/11549","type":"candidacy","parliament_period":{"id":36,"entity_type":"parliament_period","label":"Bundestag Wahl 2013","api_url":"https://www.abgeordnetenwatch.de/api/v2/parliament-periods/36","abgeordnetenwatch_url":"https://www.abgeordnetenwatch.de/bundestag/wahl-2013"},"politician":{"id":119147,"entity_type":"politician","label":"Pascal Kober","api_url":"https://www.abgeordnetenwatch.de/api/v2/politicians/119147","abgeordnetenwatch_url":"https://www.abgeordnetenwatch.de/profile/pascal-kober"},"electoral_data":{"id":11549,"entity_type":"electoral_data","label":"Pascal Kober (Bundestag Wahl 2013)","electoral_list":{},"list_position":7,"constituency":{"id":6125,"entity_type":"constituency","label":"289 - Reutlingen (Bundestag Wahl 2013)","api_url":"https://www.abgeordnetenwatch.de/api/v2/constituencies/6125"},"constituency_result":3.8},"fraction_membership":{},"party":{"id":4,"entity_type":"party","label":"FDP","api_url":"https://www.abgeordnetenwatch.de/api/v2/parties/4"}},{"id":11548,"entity_type":"candidacy_mandate","label":"Pascal Kober (Bundestag Wahl 2009)","api_url":"https://www.abgeordnetenwatch.de/api/v2/candidacies-mandates/11548","type":"candidacy","parliament_period":{"id":22,"entity_type":"parliament_period","label":"Bundestag Wahl 2009","api_url":"https://www.abgeordnetenwatch.de/api/v2/parliament-periods/22","abgeordnetenwatch_url":"https://www.abgeordnetenwatch.de/bundestag/wahl-2009"},"politician":{"id":119147,"entity_type":"politician","label":"Pascal Kober","api_url":"https://www.abgeordnetenwatch.de/api/v2/politicians/119147","abgeordnetenwatch_url":"https://www.abgeordnetenwatch.de/profile/pascal-kober"},"electoral_data":{"id":11548,"entity_type":"electoral_data","label":"Pascal Kober (Bundestag Wahl 2009)","electoral_list":{},"list_position":13,"constituency":{"id":6621,"entity_type":"constituency","label":"289 - Reutlingen (Bundestag Wahl 2009)","api_url":"https://www.abgeordnetenwatch.de/api/v2/constituencies/6621"},"constituency_result":12.8},"fraction_membership":{},"party":{"id":4,"entity_type":"party","label":"FDP","api_url":"https://www.abgeordnetenwatch.de/api/v2/parties/4"}},{"id":11547,"entity_type":"candidacy_mandate","label":"Pascal Kober (Bundestag Wahl 2005)","api_url":"https://www.abgeordnetenwatch.de/api/v2/candidacies-mandates/11547","type":"candidacy","parliament_period":{"id":6,"entity_type":"parliament_period","label":"Bundestag Wahl 2005","api_url":"https://www.abgeordnetenwatch.de/api/v2/parliament-periods/6","abgeordnetenwatch_url":"https://www.abgeordnetenwatch.de/bundestag/wahl-2005"},"politician":{"id":119147,"entity_type":"politician","label":"Pascal Kober","api_url":"https://www.abgeordnetenwatch.de/api/v2/politicians/119147","abgeordnetenwatch_url":"https://www.abgeordnetenwatch.de/profile/pascal-kober"},"electoral_data":{"id":11547,"entity_type":"electoral_data","label":"Pascal Kober (Bundestag Wahl 2005)","electoral_list":{"id":200,"entity_type":"electoral_list","label":"Landesliste Baden-Württemberg (Bundestag Wahl 2005)","api_url":"https://www.abgeordnetenwatch.de/api/v2/electoral-lists/200"},"list_position":14,"constituency":{"id":6347,"entity_type":"constituency","label":"290 - Reutlingen (Bundestag Wahl 2005)","api_url":"https://www.abgeordnetenwatch.de/api/v2/constituencies/6347"},"constituency_result":5.4},"fraction_membership":{},"party":{"id":4,"entity_type":"party","label":"FDP","api_url":"https://www.abgeordnetenwatch.de/api/v2/parties/4"}}]
