[{"id":52895,"entity_type":"candidacy_mandate","label":"Martin Neumann (Bundestag Wahl 2021)","api_url":"https://www.abgeordnetenwatch.de/api/v2/candidacies-mandates/52895","type":"candidacy","parliament_period":{"id":128,"entity_type":"parliament_period","label":"Bundestag Wahl 2021","api_url":"https://www.abgeordnetenwatch.de/api/v2/parliament-periods/128","abgeordnetenwatch_url":"https://www.abgeordnetenwatch.de/bundestag/wahl-2021"},"politician":{"id":119216,"entity_type":"politician","label":"Martin Neumann","api_url":"https://www.abgeordnetenwatch.de/api/v2/politicians/119216","abgeordnetenwatch_url":"https://www.abgeordnetenwatch.de/profile/martin-neumann"},"party":{"id":4,"entity_type":"party","label":"FDP","api_url":"https://www.abgeordnetenwatch.de/api/v2/parties/4"},"electoral_data":{"id":53819,"entity_type":"electoral_data","label":"Martin Neumann (Bundestag Wahl 2021)","electoral_list":{},"constituency":{"id":10122,"entity_type":"constituency","label":"65 - Elbe-Elster - Oberspreewald-Lausitz II (Bundestag Wahl 2021)","api_url":"https://www.abgeordnetenwatch.de/api/v2/constituencies/10122"},"constituency_result":9},"fraction_membership":{}},{"id":45509,"entity_type":"candidacy_mandate","label":"Martin Neumann (Bundestag 2017 - 2021)","api_url":"https://www.abgeordnetenwatch.de/api/v2/candidacies-mandates/45509","id_external_administration":"1724","id_external_administration_description":"mdbID - ID der Bundestagsverwaltung","type":"mandate","parliament_period":{"id":111,"entity_type":"parliament_period","label":"Bundestag 2017 - 2021","api_url":"https://www.abgeordnetenwatch.de/api/v2/parliament-periods/111","abgeordnetenwatch_url":"https://www.abgeordnetenwatch.de/bundestag/19"},"politician":{"id":119216,"entity_type":"politician","label":"Martin Neumann","api_url":"https://www.abgeordnetenwatch.de/api/v2/politicians/119216","abgeordnetenwatch_url":"https://www.abgeordnetenwatch.de/profile/martin-neumann"},"party":{},"electoral_data":{"id":45509,"entity_type":"electoral_data","label":"Martin Neumann (Bundestag 2017 - 2021)","electoral_list":{"id":109,"entity_type":"electoral_list","label":"Landesliste Brandenburg (Bundestag 2017 - 2021)","api_url":"https://www.abgeordnetenwatch.de/api/v2/electoral-lists/109"},"list_position":2,"constituency":{"id":4189,"entity_type":"constituency","label":"65 - Elbe-Elster - Oberspreewald-Lausitz II (Bundestag 2017 - 2021)","api_url":"https://www.abgeordnetenwatch.de/api/v2/constituencies/4189"},"constituency_result":5.4,"mandate_won":"list"},"fraction_membership":[{"id":7764,"entity_type":"fraction_membership","label":"FDP","fraction":{"id":14,"entity_type":"fraction","label":"FDP (Bundestag 2017 - 2021)","api_url":"https://www.abgeordnetenwatch.de/api/v2/fractions/14"}}]},{"id":40955,"entity_type":"candidacy_mandate","label":"Martin Neumann (Bundestag 2009-2013)","api_url":"https://www.abgeordnetenwatch.de/api/v2/candidacies-mandates/40955","type":"mandate","parliament_period":{"id":83,"entity_type":"parliament_period","label":"Bundestag 2009 - 2013","api_url":"https://www.abgeordnetenwatch.de/api/v2/parliament-periods/83","abgeordnetenwatch_url":"https://www.abgeordnetenwatch.de/bundestag/17"},"politician":{"id":119216,"entity_type":"politician","label":"Martin Neumann","api_url":"https://www.abgeordnetenwatch.de/api/v2/politicians/119216","abgeordnetenwatch_url":"https://www.abgeordnetenwatch.de/profile/martin-neumann"},"party":{},"electoral_data":{"id":40955,"entity_type":"electoral_data","label":"Martin Neumann (Bundestag 2009 - 2013)","electoral_list":{"id":59,"entity_type":"electoral_list","label":"Landesliste Brandenburg (Bundestag 2009-2013)","api_url":"https://www.abgeordnetenwatch.de/api/v2/electoral-lists/59"},"list_position":2,"constituency":{"id":1564,"entity_type":"constituency","label":"65 - Cottbus - Spree-Neiße (Bundestag 2009-2013)","api_url":"https://www.abgeordnetenwatch.de/api/v2/constituencies/1564"},"constituency_result":8.8},"fraction_membership":[{"id":3183,"entity_type":"fraction_membership","label":"FDP","fraction":{"id":44,"entity_type":"fraction","label":"FDP (Bundestag 2009-2013)","api_url":"https://www.abgeordnetenwatch.de/api/v2/fractions/44"}}]},{"id":11678,"entity_type":"candidacy_mandate","label":"Martin Neumann (Bundestag Wahl 2017)","api_url":"https://www.abgeordnetenwatch.de/api/v2/candidacies-mandates/11678","type":"candidacy","parliament_period":{"id":50,"entity_type":"parliament_period","label":"Bundestag Wahl 2017","api_url":"https://www.abgeordnetenwatch.de/api/v2/parliament-periods/50","abgeordnetenwatch_url":"https://www.abgeordnetenwatch.de/bundestag/wahl-2017"},"politician":{"id":119216,"entity_type":"politician","label":"Martin Neumann","api_url":"https://www.abgeordnetenwatch.de/api/v2/politicians/119216","abgeordnetenwatch_url":"https://www.abgeordnetenwatch.de/profile/martin-neumann"},"party":{"id":4,"entity_type":"party","label":"FDP","api_url":"https://www.abgeordnetenwatch.de/api/v2/parties/4"},"electoral_data":{"id":11678,"entity_type":"electoral_data","label":"Martin Neumann (Bundestag Wahl 2017)","electoral_list":{"id":268,"entity_type":"electoral_list","label":"Landesliste Brandenburg (Bundestag Wahl 2017)","api_url":"https://www.abgeordnetenwatch.de/api/v2/electoral-lists/268"},"list_position":2,"constituency":{"id":9075,"entity_type":"constituency","label":"65 - Elbe-Elster - Oberspreewald-Lausitz II (Bundestag Wahl 2017)","api_url":"https://www.abgeordnetenwatch.de/api/v2/constituencies/9075"},"constituency_result":5.4,"mandate_won":"list"},"fraction_membership":{}},{"id":11677,"entity_type":"candidacy_mandate","label":"Martin Neumann (Bundestag Wahl 2013)","api_url":"https://www.abgeordnetenwatch.de/api/v2/candidacies-mandates/11677","type":"candidacy","parliament_period":{"id":36,"entity_type":"parliament_period","label":"Bundestag Wahl 2013","api_url":"https://www.abgeordnetenwatch.de/api/v2/parliament-periods/36","abgeordnetenwatch_url":"https://www.abgeordnetenwatch.de/bundestag/wahl-2013"},"politician":{"id":119216,"entity_type":"politician","label":"Martin Neumann","api_url":"https://www.abgeordnetenwatch.de/api/v2/politicians/119216","abgeordnetenwatch_url":"https://www.abgeordnetenwatch.de/profile/martin-neumann"},"party":{"id":4,"entity_type":"party","label":"FDP","api_url":"https://www.abgeordnetenwatch.de/api/v2/parties/4"},"electoral_data":{"id":11677,"entity_type":"electoral_data","label":"Martin Neumann (Bundestag Wahl 2013)","electoral_list":{},"list_position":1,"constituency":{"id":5052,"entity_type":"constituency","label":"64 - Cottbus - Spree-Neiße (Bundestag Wahl 2013)","api_url":"https://www.abgeordnetenwatch.de/api/v2/constituencies/5052"},"constituency_result":2},"fraction_membership":{}},{"id":11676,"entity_type":"candidacy_mandate","label":"Martin Neumann (Bundestag Wahl 2009)","api_url":"https://www.abgeordnetenwatch.de/api/v2/candidacies-mandates/11676","type":"candidacy","parliament_period":{"id":22,"entity_type":"parliament_period","label":"Bundestag Wahl 2009","api_url":"https://www.abgeordnetenwatch.de/api/v2/parliament-periods/22","abgeordnetenwatch_url":"https://www.abgeordnetenwatch.de/bundestag/wahl-2009"},"politician":{"id":119216,"entity_type":"politician","label":"Martin Neumann","api_url":"https://www.abgeordnetenwatch.de/api/v2/politicians/119216","abgeordnetenwatch_url":"https://www.abgeordnetenwatch.de/profile/martin-neumann"},"party":{"id":4,"entity_type":"party","label":"FDP","api_url":"https://www.abgeordnetenwatch.de/api/v2/parties/4"},"electoral_data":{"id":11676,"entity_type":"electoral_data","label":"Martin Neumann (Bundestag Wahl 2009)","electoral_list":{},"list_position":2,"constituency":{"id":6450,"entity_type":"constituency","label":"65 - Cottbus - Spree-Neiße (Bundestag Wahl 2009)","api_url":"https://www.abgeordnetenwatch.de/api/v2/constituencies/6450"},"constituency_result":8.8},"fraction_membership":{}},{"id":11675,"entity_type":"candidacy_mandate","label":"Martin Neumann (Bundestag Wahl 2005)","api_url":"https://www.abgeordnetenwatch.de/api/v2/candidacies-mandates/11675","type":"candidacy","parliament_period":{"id":6,"entity_type":"parliament_period","label":"Bundestag Wahl 2005","api_url":"https://www.abgeordnetenwatch.de/api/v2/parliament-periods/6","abgeordnetenwatch_url":"https://www.abgeordnetenwatch.de/bundestag/wahl-2005"},"politician":{"id":119216,"entity_type":"politician","label":"Martin Neumann","api_url":"https://www.abgeordnetenwatch.de/api/v2/politicians/119216","abgeordnetenwatch_url":"https://www.abgeordnetenwatch.de/profile/martin-neumann"},"party":{"id":4,"entity_type":"party","label":"FDP","api_url":"https://www.abgeordnetenwatch.de/api/v2/parties/4"},"electoral_data":{"id":11675,"entity_type":"electoral_data","label":"Martin Neumann (Bundestag Wahl 2005)","electoral_list":{"id":202,"entity_type":"electoral_list","label":"Landesliste Brandenburg (Bundestag Wahl 2005)","api_url":"https://www.abgeordnetenwatch.de/api/v2/electoral-lists/202"},"list_position":2,"constituency":{"id":6212,"entity_type":"constituency","label":"64 - Cottbus - Spree-Neiße (Bundestag Wahl 2005)","api_url":"https://www.abgeordnetenwatch.de/api/v2/constituencies/6212"},"constituency_result":5.6},"fraction_membership":{}}]
