[{"id":49152,"entity_type":"candidacy_mandate","label":"Daniela Wagner (Bundestag Wahl 2021)","api_url":"https://www.abgeordnetenwatch.de/api/v2/candidacies-mandates/49152","type":"candidacy","parliament_period":{"id":128,"entity_type":"parliament_period","label":"Bundestag Wahl 2021","api_url":"https://www.abgeordnetenwatch.de/api/v2/parliament-periods/128","abgeordnetenwatch_url":"https://www.abgeordnetenwatch.de/bundestag/wahl-2021"},"politician":{"id":119788,"entity_type":"politician","label":"Daniela Wagner","api_url":"https://www.abgeordnetenwatch.de/api/v2/politicians/119788","abgeordnetenwatch_url":"https://www.abgeordnetenwatch.de/profile/daniela-wagner"},"party":{"id":5,"entity_type":"party","label":"Bündnis 90/Die Grünen","api_url":"https://www.abgeordnetenwatch.de/api/v2/parties/5"},"electoral_data":{"id":50074,"entity_type":"electoral_data","label":"Daniela Wagner (Bundestag Wahl 2021)","electoral_list":{},"constituency":{"id":10243,"entity_type":"constituency","label":"186 - Darmstadt (Bundestag Wahl 2021)","api_url":"https://www.abgeordnetenwatch.de/api/v2/constituencies/10243"},"constituency_result":23.8},"fraction_membership":{}},{"id":41099,"entity_type":"candidacy_mandate","label":"Daniela Wagner (Bundestag 2017 - 2021)","api_url":"https://www.abgeordnetenwatch.de/api/v2/candidacies-mandates/41099","id_external_administration":"2275","id_external_administration_description":"mdbID - ID der Bundestagsverwaltung","type":"mandate","parliament_period":{"id":111,"entity_type":"parliament_period","label":"Bundestag 2017 - 2021","api_url":"https://www.abgeordnetenwatch.de/api/v2/parliament-periods/111","abgeordnetenwatch_url":"https://www.abgeordnetenwatch.de/bundestag/19"},"politician":{"id":119788,"entity_type":"politician","label":"Daniela Wagner","api_url":"https://www.abgeordnetenwatch.de/api/v2/politicians/119788","abgeordnetenwatch_url":"https://www.abgeordnetenwatch.de/profile/daniela-wagner"},"party":{},"electoral_data":{"id":41099,"entity_type":"electoral_data","label":"Daniela Wagner (Bundestag 2017 - 2021)","electoral_list":{"id":112,"entity_type":"electoral_list","label":"Landesliste Hessen (Bundestag 2017 - 2021)","api_url":"https://www.abgeordnetenwatch.de/api/v2/electoral-lists/112"},"list_position":1,"constituency":{"id":4310,"entity_type":"constituency","label":"186 - Darmstadt (Bundestag 2017 - 2021)","api_url":"https://www.abgeordnetenwatch.de/api/v2/constituencies/4310"},"constituency_result":14.2,"mandate_won":"list"},"fraction_membership":[{"id":3327,"entity_type":"fraction_membership","label":"DIE GRÜNEN","fraction":{"id":153,"entity_type":"fraction","label":"DIE GRÜNEN (Bundestag 2017 - 2021)","api_url":"https://www.abgeordnetenwatch.de/api/v2/fractions/153"}}]},{"id":41098,"entity_type":"candidacy_mandate","label":"Daniela Wagner (Bundestag 2009-2013)","api_url":"https://www.abgeordnetenwatch.de/api/v2/candidacies-mandates/41098","type":"mandate","parliament_period":{"id":83,"entity_type":"parliament_period","label":"Bundestag 2009 - 2013","api_url":"https://www.abgeordnetenwatch.de/api/v2/parliament-periods/83","abgeordnetenwatch_url":"https://www.abgeordnetenwatch.de/bundestag/17"},"politician":{"id":119788,"entity_type":"politician","label":"Daniela Wagner","api_url":"https://www.abgeordnetenwatch.de/api/v2/politicians/119788","abgeordnetenwatch_url":"https://www.abgeordnetenwatch.de/profile/daniela-wagner"},"party":{},"electoral_data":{"id":41098,"entity_type":"electoral_data","label":"Daniela Wagner (Bundestag 2009 - 2013)","electoral_list":{"id":61,"entity_type":"electoral_list","label":"Landesliste Hessen (Bundestag 2009-2013)","api_url":"https://www.abgeordnetenwatch.de/api/v2/electoral-lists/61"},"list_position":5,"constituency":{"id":1566,"entity_type":"constituency","label":"186 - Darmstadt (Bundestag 2009-2013)","api_url":"https://www.abgeordnetenwatch.de/api/v2/constituencies/1566"},"constituency_result":12.1},"fraction_membership":[{"id":3326,"entity_type":"fraction_membership","label":"DIE GRÜNEN","fraction":{"id":113,"entity_type":"fraction","label":"DIE GRÜNEN (Bundestag 2009-2013)","api_url":"https://www.abgeordnetenwatch.de/api/v2/fractions/113"}}]},{"id":12551,"entity_type":"candidacy_mandate","label":"Daniela Wagner (Bundestag Wahl 2017)","api_url":"https://www.abgeordnetenwatch.de/api/v2/candidacies-mandates/12551","type":"candidacy","parliament_period":{"id":50,"entity_type":"parliament_period","label":"Bundestag Wahl 2017","api_url":"https://www.abgeordnetenwatch.de/api/v2/parliament-periods/50","abgeordnetenwatch_url":"https://www.abgeordnetenwatch.de/bundestag/wahl-2017"},"politician":{"id":119788,"entity_type":"politician","label":"Daniela Wagner","api_url":"https://www.abgeordnetenwatch.de/api/v2/politicians/119788","abgeordnetenwatch_url":"https://www.abgeordnetenwatch.de/profile/daniela-wagner"},"party":{"id":5,"entity_type":"party","label":"Bündnis 90/Die Grünen","api_url":"https://www.abgeordnetenwatch.de/api/v2/parties/5"},"electoral_data":{"id":12551,"entity_type":"electoral_data","label":"Daniela Wagner (Bundestag Wahl 2017)","electoral_list":{"id":271,"entity_type":"electoral_list","label":"Landesliste Hessen (Bundestag Wahl 2017)","api_url":"https://www.abgeordnetenwatch.de/api/v2/electoral-lists/271"},"list_position":1,"constituency":{"id":9196,"entity_type":"constituency","label":"186 - Darmstadt (Bundestag Wahl 2017)","api_url":"https://www.abgeordnetenwatch.de/api/v2/constituencies/9196"},"constituency_result":14.2,"mandate_won":"list"},"fraction_membership":{}},{"id":12550,"entity_type":"candidacy_mandate","label":"Daniela Wagner (Bundestag Wahl 2013)","api_url":"https://www.abgeordnetenwatch.de/api/v2/candidacies-mandates/12550","type":"candidacy","parliament_period":{"id":36,"entity_type":"parliament_period","label":"Bundestag Wahl 2013","api_url":"https://www.abgeordnetenwatch.de/api/v2/parliament-periods/36","abgeordnetenwatch_url":"https://www.abgeordnetenwatch.de/bundestag/wahl-2013"},"politician":{"id":119788,"entity_type":"politician","label":"Daniela Wagner","api_url":"https://www.abgeordnetenwatch.de/api/v2/politicians/119788","abgeordnetenwatch_url":"https://www.abgeordnetenwatch.de/profile/daniela-wagner"},"party":{"id":5,"entity_type":"party","label":"Bündnis 90/Die Grünen","api_url":"https://www.abgeordnetenwatch.de/api/v2/parties/5"},"electoral_data":{"id":12550,"entity_type":"electoral_data","label":"Daniela Wagner (Bundestag Wahl 2013)","electoral_list":{},"list_position":7,"constituency":{"id":6015,"entity_type":"constituency","label":"186 - Darmstadt (Bundestag Wahl 2013)","api_url":"https://www.abgeordnetenwatch.de/api/v2/constituencies/6015"},"constituency_result":11.7},"fraction_membership":{}},{"id":12549,"entity_type":"candidacy_mandate","label":"Daniela Wagner (Bundestag Wahl 2009)","api_url":"https://www.abgeordnetenwatch.de/api/v2/candidacies-mandates/12549","type":"candidacy","parliament_period":{"id":22,"entity_type":"parliament_period","label":"Bundestag Wahl 2009","api_url":"https://www.abgeordnetenwatch.de/api/v2/parliament-periods/22","abgeordnetenwatch_url":"https://www.abgeordnetenwatch.de/bundestag/wahl-2009"},"politician":{"id":119788,"entity_type":"politician","label":"Daniela Wagner","api_url":"https://www.abgeordnetenwatch.de/api/v2/politicians/119788","abgeordnetenwatch_url":"https://www.abgeordnetenwatch.de/profile/daniela-wagner"},"party":{"id":5,"entity_type":"party","label":"Bündnis 90/Die Grünen","api_url":"https://www.abgeordnetenwatch.de/api/v2/parties/5"},"electoral_data":{"id":12549,"entity_type":"electoral_data","label":"Daniela Wagner (Bundestag Wahl 2009)","electoral_list":{},"list_position":5,"constituency":{"id":6452,"entity_type":"constituency","label":"186 - Darmstadt (Bundestag Wahl 2009)","api_url":"https://www.abgeordnetenwatch.de/api/v2/constituencies/6452"},"constituency_result":12.1},"fraction_membership":{}}]
