{"id":[119720],"entity_type":["politician"],"label":["Britta Dassler"],"api_url":["https://www.abgeordnetenwatch.de/api/v2/politicians/119720"],"abgeordnetenwatch_url":["https://www.abgeordnetenwatch.de/profile/britta-dassler"],"first_name":["Britta"],"last_name":["Dassler"],"birth_name":{},"sex":["f"],"year_of_birth":[1964],"party":{"id":[4],"entity_type":["party"],"label":["FDP"],"api_url":["https://www.abgeordnetenwatch.de/api/v2/parties/4"]},"party_past":{},"education":["Sparkassenbetriebswirtin und Verbandsprüferin"],"residence":{},"occupation":["MdB, Inhaberin einer Industrieagentur"],"statistic_questions":[13],"statistic_questions_answered":[12],"qid_wikidata":["Q40998247"],"field_title":{}}
