[{"id":49428,"entity_type":"candidacy_mandate","label":"Marcel Klinge (Bundestag Wahl 2021)","api_url":"https://www.abgeordnetenwatch.de/api/v2/candidacies-mandates/49428","type":"candidacy","parliament_period":{"id":128,"entity_type":"parliament_period","label":"Bundestag Wahl 2021","api_url":"https://www.abgeordnetenwatch.de/api/v2/parliament-periods/128","abgeordnetenwatch_url":"https://www.abgeordnetenwatch.de/bundestag/wahl-2021"},"politician":{"id":119871,"entity_type":"politician","label":"Marcel Klinge","api_url":"https://www.abgeordnetenwatch.de/api/v2/politicians/119871","abgeordnetenwatch_url":"https://www.abgeordnetenwatch.de/profile/marcel-klinge"},"party":{"id":4,"entity_type":"party","label":"FDP","api_url":"https://www.abgeordnetenwatch.de/api/v2/parties/4"},"electoral_data":{"id":50350,"entity_type":"electoral_data","label":"Marcel Klinge (Bundestag Wahl 2021)","electoral_list":{},"constituency":{"id":10343,"entity_type":"constituency","label":"286 - Schwarzwald-Baar (Bundestag Wahl 2021)","api_url":"https://www.abgeordnetenwatch.de/api/v2/constituencies/10343"},"constituency_result":13.8,"constituency_result_count":16747},"fraction_membership":{}},{"id":41111,"entity_type":"candidacy_mandate","label":"Marcel Klinge (Bundestag 2017 - 2021)","api_url":"https://www.abgeordnetenwatch.de/api/v2/candidacies-mandates/41111","id_external_administration":"2143","id_external_administration_description":"mdbID - ID der Bundestagsverwaltung","type":"mandate","parliament_period":{"id":111,"entity_type":"parliament_period","label":"Bundestag 2017 - 2021","api_url":"https://www.abgeordnetenwatch.de/api/v2/parliament-periods/111","abgeordnetenwatch_url":"https://www.abgeordnetenwatch.de/bundestag/19"},"politician":{"id":119871,"entity_type":"politician","label":"Marcel Klinge","api_url":"https://www.abgeordnetenwatch.de/api/v2/politicians/119871","abgeordnetenwatch_url":"https://www.abgeordnetenwatch.de/profile/marcel-klinge"},"party":{},"electoral_data":{"id":41111,"entity_type":"electoral_data","label":"Marcel Klinge (Bundestag 2017 - 2021)","electoral_list":{"id":106,"entity_type":"electoral_list","label":"Landesliste Baden-Württemberg (Bundestag 2017 - 2021)","api_url":"https://www.abgeordnetenwatch.de/api/v2/electoral-lists/106"},"list_position":1,"constituency":{"id":4410,"entity_type":"constituency","label":"286 - Schwarzwald-Baar (Bundestag 2017 - 2021)","api_url":"https://www.abgeordnetenwatch.de/api/v2/constituencies/4410"},"constituency_result":8.4,"mandate_won":"list"},"fraction_membership":[{"id":3339,"entity_type":"fraction_membership","label":"FDP","fraction":{"id":14,"entity_type":"fraction","label":"FDP (Bundestag 2017 - 2021)","api_url":"https://www.abgeordnetenwatch.de/api/v2/fractions/14"}}]},{"id":12702,"entity_type":"candidacy_mandate","label":"Marcel Klinge (Bundestag Wahl 2017)","api_url":"https://www.abgeordnetenwatch.de/api/v2/candidacies-mandates/12702","type":"candidacy","parliament_period":{"id":50,"entity_type":"parliament_period","label":"Bundestag Wahl 2017","api_url":"https://www.abgeordnetenwatch.de/api/v2/parliament-periods/50","abgeordnetenwatch_url":"https://www.abgeordnetenwatch.de/bundestag/wahl-2017"},"politician":{"id":119871,"entity_type":"politician","label":"Marcel Klinge","api_url":"https://www.abgeordnetenwatch.de/api/v2/politicians/119871","abgeordnetenwatch_url":"https://www.abgeordnetenwatch.de/profile/marcel-klinge"},"party":{"id":4,"entity_type":"party","label":"FDP","api_url":"https://www.abgeordnetenwatch.de/api/v2/parties/4"},"electoral_data":{"id":12702,"entity_type":"electoral_data","label":"Marcel Klinge (Bundestag Wahl 2017)","electoral_list":{"id":265,"entity_type":"electoral_list","label":"Landesliste Baden-Württemberg (Bundestag Wahl 2017)","api_url":"https://www.abgeordnetenwatch.de/api/v2/electoral-lists/265"},"list_position":6,"constituency":{"id":9296,"entity_type":"constituency","label":"286 - Schwarzwald-Baar (Bundestag Wahl 2017)","api_url":"https://www.abgeordnetenwatch.de/api/v2/constituencies/9296"},"constituency_result":8.4,"mandate_won":"list"},"fraction_membership":{}},{"id":12701,"entity_type":"candidacy_mandate","label":"Marcel Klinge (Bundestag Wahl 2013)","api_url":"https://www.abgeordnetenwatch.de/api/v2/candidacies-mandates/12701","type":"candidacy","parliament_period":{"id":36,"entity_type":"parliament_period","label":"Bundestag Wahl 2013","api_url":"https://www.abgeordnetenwatch.de/api/v2/parliament-periods/36","abgeordnetenwatch_url":"https://www.abgeordnetenwatch.de/bundestag/wahl-2013"},"politician":{"id":119871,"entity_type":"politician","label":"Marcel Klinge","api_url":"https://www.abgeordnetenwatch.de/api/v2/politicians/119871","abgeordnetenwatch_url":"https://www.abgeordnetenwatch.de/profile/marcel-klinge"},"party":{"id":4,"entity_type":"party","label":"FDP","api_url":"https://www.abgeordnetenwatch.de/api/v2/parties/4"},"electoral_data":{"id":12701,"entity_type":"electoral_data","label":"Marcel Klinge (Bundestag Wahl 2013)","electoral_list":{},"list_position":18,"constituency":{"id":5107,"entity_type":"constituency","label":"286 - Schwarzwald-Baar (Bundestag Wahl 2013)","api_url":"https://www.abgeordnetenwatch.de/api/v2/constituencies/5107"},"constituency_result":2.5},"fraction_membership":{}},{"id":12700,"entity_type":"candidacy_mandate","label":"Marcel Klinge (Bundestag Wahl 2009)","api_url":"https://www.abgeordnetenwatch.de/api/v2/candidacies-mandates/12700","type":"candidacy","parliament_period":{"id":22,"entity_type":"parliament_period","label":"Bundestag Wahl 2009","api_url":"https://www.abgeordnetenwatch.de/api/v2/parliament-periods/22","abgeordnetenwatch_url":"https://www.abgeordnetenwatch.de/bundestag/wahl-2009"},"politician":{"id":119871,"entity_type":"politician","label":"Marcel Klinge","api_url":"https://www.abgeordnetenwatch.de/api/v2/politicians/119871","abgeordnetenwatch_url":"https://www.abgeordnetenwatch.de/profile/marcel-klinge"},"party":{"id":4,"entity_type":"party","label":"FDP","api_url":"https://www.abgeordnetenwatch.de/api/v2/parties/4"},"electoral_data":{"id":12700,"entity_type":"electoral_data","label":"Marcel Klinge (Bundestag Wahl 2009)","electoral_list":{},"list_position":29,"constituency":{"id":6641,"entity_type":"constituency","label":"286 - Schwarzwald-Baar (Bundestag Wahl 2009)","api_url":"https://www.abgeordnetenwatch.de/api/v2/constituencies/6641"},"constituency_result":13.4},"fraction_membership":{}}]
