[{"id":41116,"entity_type":"candidacy_mandate","label":"Stefan Ruppert (Bundestag 2017 - 2021)","api_url":"https://www.abgeordnetenwatch.de/api/v2/candidacies-mandates/41116","id_external_administration":"1689","id_external_administration_description":"mdbID - ID der Bundestagsverwaltung","type":"mandate","parliament_period":{"id":111,"entity_type":"parliament_period","label":"Bundestag 2017 - 2021","api_url":"https://www.abgeordnetenwatch.de/api/v2/parliament-periods/111","abgeordnetenwatch_url":"https://www.abgeordnetenwatch.de/bundestag/19"},"politician":{"id":119881,"entity_type":"politician","label":"Stefan Ruppert","api_url":"https://www.abgeordnetenwatch.de/api/v2/politicians/119881","abgeordnetenwatch_url":"https://www.abgeordnetenwatch.de/profile/stefan-ruppert"},"end_date":"2020-04-27","electoral_data":{"id":41116,"entity_type":"electoral_data","label":"Stefan Ruppert (Bundestag 2017 - 2021)","electoral_list":{"id":112,"entity_type":"electoral_list","label":"Landesliste Hessen (Bundestag 2017 - 2021)","api_url":"https://www.abgeordnetenwatch.de/api/v2/electoral-lists/112"},"list_position":2,"constituency":{"id":4300,"entity_type":"constituency","label":"176 - Hochtaunus (Bundestag 2017 - 2021)","api_url":"https://www.abgeordnetenwatch.de/api/v2/constituencies/4300"},"constituency_result":10.4,"mandate_won":"list"},"fraction_membership":[{"id":3344,"entity_type":"fraction_membership","label":"FDP","fraction":{"id":14,"entity_type":"fraction","label":"FDP (Bundestag 2017 - 2021)","api_url":"https://www.abgeordnetenwatch.de/api/v2/fractions/14"}}],"party":{}},{"id":41115,"entity_type":"candidacy_mandate","label":"Stefan Ruppert (Bundestag 2009-2013)","api_url":"https://www.abgeordnetenwatch.de/api/v2/candidacies-mandates/41115","type":"mandate","parliament_period":{"id":83,"entity_type":"parliament_period","label":"Bundestag 2009 - 2013","api_url":"https://www.abgeordnetenwatch.de/api/v2/parliament-periods/83","abgeordnetenwatch_url":"https://www.abgeordnetenwatch.de/bundestag/17"},"politician":{"id":119881,"entity_type":"politician","label":"Stefan Ruppert","api_url":"https://www.abgeordnetenwatch.de/api/v2/politicians/119881","abgeordnetenwatch_url":"https://www.abgeordnetenwatch.de/profile/stefan-ruppert"},"electoral_data":{"id":41115,"entity_type":"electoral_data","label":"Stefan Ruppert (Bundestag 2009 - 2013)","electoral_list":{"id":61,"entity_type":"electoral_list","label":"Landesliste Hessen (Bundestag 2009-2013)","api_url":"https://www.abgeordnetenwatch.de/api/v2/electoral-lists/61"},"list_position":6,"constituency":{"id":1640,"entity_type":"constituency","label":"176 - Hochtaunus (Bundestag 2009-2013)","api_url":"https://www.abgeordnetenwatch.de/api/v2/constituencies/1640"},"constituency_result":11.7},"fraction_membership":[{"id":3343,"entity_type":"fraction_membership","label":"FDP","fraction":{"id":44,"entity_type":"fraction","label":"FDP (Bundestag 2009-2013)","api_url":"https://www.abgeordnetenwatch.de/api/v2/fractions/44"}}],"party":{}},{"id":12719,"entity_type":"candidacy_mandate","label":"Stefan Ruppert (Bundestag Wahl 2017)","api_url":"https://www.abgeordnetenwatch.de/api/v2/candidacies-mandates/12719","type":"candidacy","parliament_period":{"id":50,"entity_type":"parliament_period","label":"Bundestag Wahl 2017","api_url":"https://www.abgeordnetenwatch.de/api/v2/parliament-periods/50","abgeordnetenwatch_url":"https://www.abgeordnetenwatch.de/bundestag/wahl-2017"},"politician":{"id":119881,"entity_type":"politician","label":"Stefan Ruppert","api_url":"https://www.abgeordnetenwatch.de/api/v2/politicians/119881","abgeordnetenwatch_url":"https://www.abgeordnetenwatch.de/profile/stefan-ruppert"},"electoral_data":{"id":12719,"entity_type":"electoral_data","label":"Stefan Ruppert (Bundestag Wahl 2017)","electoral_list":{"id":271,"entity_type":"electoral_list","label":"Landesliste Hessen (Bundestag Wahl 2017)","api_url":"https://www.abgeordnetenwatch.de/api/v2/electoral-lists/271"},"list_position":2,"constituency":{"id":9186,"entity_type":"constituency","label":"176 - Hochtaunus (Bundestag Wahl 2017)","api_url":"https://www.abgeordnetenwatch.de/api/v2/constituencies/9186"},"constituency_result":10.4,"mandate_won":"list"},"fraction_membership":{},"party":{"id":4,"entity_type":"party","label":"FDP","api_url":"https://www.abgeordnetenwatch.de/api/v2/parties/4"}},{"id":12718,"entity_type":"candidacy_mandate","label":"Stefan Ruppert (Bundestag Wahl 2013)","api_url":"https://www.abgeordnetenwatch.de/api/v2/candidacies-mandates/12718","type":"candidacy","parliament_period":{"id":36,"entity_type":"parliament_period","label":"Bundestag Wahl 2013","api_url":"https://www.abgeordnetenwatch.de/api/v2/parliament-periods/36","abgeordnetenwatch_url":"https://www.abgeordnetenwatch.de/bundestag/wahl-2013"},"politician":{"id":119881,"entity_type":"politician","label":"Stefan Ruppert","api_url":"https://www.abgeordnetenwatch.de/api/v2/politicians/119881","abgeordnetenwatch_url":"https://www.abgeordnetenwatch.de/profile/stefan-ruppert"},"electoral_data":{"id":12718,"entity_type":"electoral_data","label":"Stefan Ruppert (Bundestag Wahl 2013)","electoral_list":{},"list_position":2,"constituency":{"id":6055,"entity_type":"constituency","label":"176 - Hochtaunus (Bundestag Wahl 2013)","api_url":"https://www.abgeordnetenwatch.de/api/v2/constituencies/6055"},"constituency_result":3.6},"fraction_membership":{},"party":{"id":4,"entity_type":"party","label":"FDP","api_url":"https://www.abgeordnetenwatch.de/api/v2/parties/4"}},{"id":12717,"entity_type":"candidacy_mandate","label":"Stefan Ruppert (Bundestag Wahl 2009)","api_url":"https://www.abgeordnetenwatch.de/api/v2/candidacies-mandates/12717","type":"candidacy","parliament_period":{"id":22,"entity_type":"parliament_period","label":"Bundestag Wahl 2009","api_url":"https://www.abgeordnetenwatch.de/api/v2/parliament-periods/22","abgeordnetenwatch_url":"https://www.abgeordnetenwatch.de/bundestag/wahl-2009"},"politician":{"id":119881,"entity_type":"politician","label":"Stefan Ruppert","api_url":"https://www.abgeordnetenwatch.de/api/v2/politicians/119881","abgeordnetenwatch_url":"https://www.abgeordnetenwatch.de/profile/stefan-ruppert"},"electoral_data":{"id":12717,"entity_type":"electoral_data","label":"Stefan Ruppert (Bundestag Wahl 2009)","electoral_list":{},"list_position":6,"constituency":{"id":6526,"entity_type":"constituency","label":"176 - Hochtaunus (Bundestag Wahl 2009)","api_url":"https://www.abgeordnetenwatch.de/api/v2/constituencies/6526"},"constituency_result":11.7},"fraction_membership":{},"party":{"id":4,"entity_type":"party","label":"FDP","api_url":"https://www.abgeordnetenwatch.de/api/v2/parties/4"}}]
