{"id":[119881],"entity_type":["politician"],"label":["Stefan Ruppert"],"api_url":["https://www.abgeordnetenwatch.de/api/v2/politicians/119881"],"abgeordnetenwatch_url":["https://www.abgeordnetenwatch.de/profile/stefan-ruppert"],"first_name":["Stefan"],"last_name":["Ruppert"],"birth_name":{},"sex":["m"],"year_of_birth":[1971],"party":{"id":[4],"entity_type":["party"],"label":["FDP"],"api_url":["https://www.abgeordnetenwatch.de/api/v2/parties/4"]},"party_past":{},"deceased":{},"deceased_date":{},"education":["Jurist"],"residence":{},"occupation":["MdB"],"statistic_questions":[6],"statistic_questions_answered":[4],"qid_wikidata":["Q2337465"],"field_title":{}}
