[{"id":53988,"entity_type":"candidacy_mandate","label":"Hagen Reinhold (Bundestag 2021 - 2025)","api_url":"https://www.abgeordnetenwatch.de/api/v2/candidacies-mandates/53988","id_external_administration":"1765","id_external_administration_description":"mdbID aus der info-xml-Datei der Bundestagsverwaltung","type":"mandate","parliament_period":{"id":132,"entity_type":"parliament_period","label":"Bundestag 2021 - 2025","api_url":"https://www.abgeordnetenwatch.de/api/v2/parliament-periods/132","abgeordnetenwatch_url":"https://www.abgeordnetenwatch.de/bundestag"},"politician":{"id":120001,"entity_type":"politician","label":"Hagen Reinhold","api_url":"https://www.abgeordnetenwatch.de/api/v2/politicians/120001","abgeordnetenwatch_url":"https://www.abgeordnetenwatch.de/profile/hagen-reinhold"},"electoral_data":{"id":54912,"entity_type":"electoral_data","label":"Hagen Reinhold (Bundestag 2021 - 2025)","electoral_list":{"id":417,"entity_type":"electoral_list","label":"Landesliste Mecklenburg Vorpommern (Bundestag 2021 - 2025)","api_url":"https://www.abgeordnetenwatch.de/api/v2/electoral-lists/417"},"list_position":1,"constituency":{"id":10754,"entity_type":"constituency","label":"14 - Rostock - Landkreis Rostock II (Bundestag 2021 - 2025)","api_url":"https://www.abgeordnetenwatch.de/api/v2/constituencies/10754"},"constituency_result":7.5,"mandate_won":"list"},"fraction_membership":[{"id":9835,"entity_type":"fraction_membership","label":"FDP","fraction":{"id":322,"entity_type":"fraction","label":"FDP (Bundestag 2021 - 2025)","api_url":"https://www.abgeordnetenwatch.de/api/v2/fractions/322"}}],"party":{}},{"id":49668,"entity_type":"candidacy_mandate","label":"Hagen Reinhold (Bundestag Wahl 2021)","api_url":"https://www.abgeordnetenwatch.de/api/v2/candidacies-mandates/49668","type":"candidacy","parliament_period":{"id":128,"entity_type":"parliament_period","label":"Bundestag Wahl 2021","api_url":"https://www.abgeordnetenwatch.de/api/v2/parliament-periods/128","abgeordnetenwatch_url":"https://www.abgeordnetenwatch.de/bundestag/wahl-2021"},"politician":{"id":120001,"entity_type":"politician","label":"Hagen Reinhold","api_url":"https://www.abgeordnetenwatch.de/api/v2/politicians/120001","abgeordnetenwatch_url":"https://www.abgeordnetenwatch.de/profile/hagen-reinhold"},"electoral_data":{"id":50590,"entity_type":"electoral_data","label":"Hagen Reinhold (Bundestag Wahl 2021)","electoral_list":{"id":363,"entity_type":"electoral_list","label":"Landesliste Mecklenburg-Vorpommern (Bundestag Wahl 2021)","api_url":"https://www.abgeordnetenwatch.de/api/v2/electoral-lists/363"},"list_position":1,"constituency":{"id":10071,"entity_type":"constituency","label":"14 - Rostock - Landkreis Rostock II (Bundestag Wahl 2021)","api_url":"https://www.abgeordnetenwatch.de/api/v2/constituencies/10071"},"constituency_result":7.5},"fraction_membership":{},"party":{"id":4,"entity_type":"party","label":"FDP","api_url":"https://www.abgeordnetenwatch.de/api/v2/parties/4"}},{"id":41121,"entity_type":"candidacy_mandate","label":"Hagen Reinhold (Bundestag 2017 - 2021)","api_url":"https://www.abgeordnetenwatch.de/api/v2/candidacies-mandates/41121","id_external_administration":"1765","id_external_administration_description":"mdbID - ID der Bundestagsverwaltung","type":"mandate","parliament_period":{"id":111,"entity_type":"parliament_period","label":"Bundestag 2017 - 2021","api_url":"https://www.abgeordnetenwatch.de/api/v2/parliament-periods/111","abgeordnetenwatch_url":"https://www.abgeordnetenwatch.de/bundestag/19"},"politician":{"id":120001,"entity_type":"politician","label":"Hagen Reinhold","api_url":"https://www.abgeordnetenwatch.de/api/v2/politicians/120001","abgeordnetenwatch_url":"https://www.abgeordnetenwatch.de/profile/hagen-reinhold"},"electoral_data":{"id":41121,"entity_type":"electoral_data","label":"Hagen Reinhold (Bundestag 2017 - 2021)","electoral_list":{"id":113,"entity_type":"electoral_list","label":"Landesliste Mecklenburg-Vorpommern (Bundestag 2017 - 2021)","api_url":"https://www.abgeordnetenwatch.de/api/v2/electoral-lists/113"},"list_position":1,"constituency":{"id":4138,"entity_type":"constituency","label":"14 - Rostock - Landkreis Rostock II (Bundestag 2017 - 2021)","api_url":"https://www.abgeordnetenwatch.de/api/v2/constituencies/4138"},"constituency_result":4.5,"mandate_won":"list"},"fraction_membership":[{"id":3349,"entity_type":"fraction_membership","label":"FDP","fraction":{"id":14,"entity_type":"fraction","label":"FDP (Bundestag 2017 - 2021)","api_url":"https://www.abgeordnetenwatch.de/api/v2/fractions/14"}}],"party":{}},{"id":41120,"entity_type":"candidacy_mandate","label":"Hagen Reinhold (Bundestag 2009-2013)","api_url":"https://www.abgeordnetenwatch.de/api/v2/candidacies-mandates/41120","type":"mandate","parliament_period":{"id":83,"entity_type":"parliament_period","label":"Bundestag 2009 - 2013","api_url":"https://www.abgeordnetenwatch.de/api/v2/parliament-periods/83","abgeordnetenwatch_url":"https://www.abgeordnetenwatch.de/bundestag/17"},"politician":{"id":120001,"entity_type":"politician","label":"Hagen Reinhold","api_url":"https://www.abgeordnetenwatch.de/api/v2/politicians/120001","abgeordnetenwatch_url":"https://www.abgeordnetenwatch.de/profile/hagen-reinhold"},"start_date":"2013-01-11","electoral_data":{"id":41120,"entity_type":"electoral_data","label":"Hagen Reinhold (Bundestag 2009 - 2013)","electoral_list":{"id":62,"entity_type":"electoral_list","label":"Landesliste Mecklenburg-Vorpommern (Bundestag 2009-2013)","api_url":"https://www.abgeordnetenwatch.de/api/v2/electoral-lists/62"},"list_position":2,"constituency":{"id":1742,"entity_type":"constituency","label":"14 - Rostock (Bundestag 2009-2013)","api_url":"https://www.abgeordnetenwatch.de/api/v2/constituencies/1742"},"constituency_result":6.6,"mandate_won":"list"},"fraction_membership":[{"id":3348,"entity_type":"fraction_membership","label":"FDP","fraction":{"id":44,"entity_type":"fraction","label":"FDP (Bundestag 2009-2013)","api_url":"https://www.abgeordnetenwatch.de/api/v2/fractions/44"}}],"party":{}},{"id":12920,"entity_type":"candidacy_mandate","label":"Hagen Reinhold (Bundestag Wahl 2017)","api_url":"https://www.abgeordnetenwatch.de/api/v2/candidacies-mandates/12920","type":"candidacy","parliament_period":{"id":50,"entity_type":"parliament_period","label":"Bundestag Wahl 2017","api_url":"https://www.abgeordnetenwatch.de/api/v2/parliament-periods/50","abgeordnetenwatch_url":"https://www.abgeordnetenwatch.de/bundestag/wahl-2017"},"politician":{"id":120001,"entity_type":"politician","label":"Hagen Reinhold","api_url":"https://www.abgeordnetenwatch.de/api/v2/politicians/120001","abgeordnetenwatch_url":"https://www.abgeordnetenwatch.de/profile/hagen-reinhold"},"electoral_data":{"id":12920,"entity_type":"electoral_data","label":"Hagen Reinhold (Bundestag Wahl 2017)","electoral_list":{"id":272,"entity_type":"electoral_list","label":"Landesliste Mecklenburg-Vorpommern (Bundestag Wahl 2017)","api_url":"https://www.abgeordnetenwatch.de/api/v2/electoral-lists/272"},"list_position":1,"constituency":{"id":9024,"entity_type":"constituency","label":"14 - Rostock - Landkreis Rostock II (Bundestag Wahl 2017)","api_url":"https://www.abgeordnetenwatch.de/api/v2/constituencies/9024"},"constituency_result":4.5,"mandate_won":"list"},"fraction_membership":{},"party":{"id":4,"entity_type":"party","label":"FDP","api_url":"https://www.abgeordnetenwatch.de/api/v2/parties/4"}},{"id":12919,"entity_type":"candidacy_mandate","label":"Hagen Reinhold (Bundestag Wahl 2013)","api_url":"https://www.abgeordnetenwatch.de/api/v2/candidacies-mandates/12919","type":"candidacy","parliament_period":{"id":36,"entity_type":"parliament_period","label":"Bundestag Wahl 2013","api_url":"https://www.abgeordnetenwatch.de/api/v2/parliament-periods/36","abgeordnetenwatch_url":"https://www.abgeordnetenwatch.de/bundestag/wahl-2013"},"politician":{"id":120001,"entity_type":"politician","label":"Hagen Reinhold","api_url":"https://www.abgeordnetenwatch.de/api/v2/politicians/120001","abgeordnetenwatch_url":"https://www.abgeordnetenwatch.de/profile/hagen-reinhold"},"electoral_data":{"id":12919,"entity_type":"electoral_data","label":"Hagen Reinhold (Bundestag Wahl 2013)","electoral_list":{},"list_position":1,"constituency":{"id":6130,"entity_type":"constituency","label":"14 - Rostock - Landkreis Rostock II (Bundestag Wahl 2013)","api_url":"https://www.abgeordnetenwatch.de/api/v2/constituencies/6130"},"constituency_result":1.1},"fraction_membership":{},"party":{"id":4,"entity_type":"party","label":"FDP","api_url":"https://www.abgeordnetenwatch.de/api/v2/parties/4"}},{"id":12918,"entity_type":"candidacy_mandate","label":"Hagen Reinhold (Mecklenburg-Vorpommern Wahl 2011)","api_url":"https://www.abgeordnetenwatch.de/api/v2/candidacies-mandates/12918","type":"candidacy","parliament_period":{"id":31,"entity_type":"parliament_period","label":"Mecklenburg-Vorpommern Wahl 2011","api_url":"https://www.abgeordnetenwatch.de/api/v2/parliament-periods/31","abgeordnetenwatch_url":"https://www.abgeordnetenwatch.de/mecklenburg-vorpommern/wahl-2011"},"politician":{"id":120001,"entity_type":"politician","label":"Hagen Reinhold","api_url":"https://www.abgeordnetenwatch.de/api/v2/politicians/120001","abgeordnetenwatch_url":"https://www.abgeordnetenwatch.de/profile/hagen-reinhold"},"electoral_data":{"id":12918,"entity_type":"electoral_data","label":"Hagen Reinhold (Mecklenburg-Vorpommern Wahl 2011)","electoral_list":{},"constituency":{"id":6745,"entity_type":"constituency","label":"23 - Nordvorpommern I (Mecklenburg-Vorpommern Wahl 2011)","api_url":"https://www.abgeordnetenwatch.de/api/v2/constituencies/6745"},"constituency_result":3.3},"fraction_membership":{},"party":{"id":4,"entity_type":"party","label":"FDP","api_url":"https://www.abgeordnetenwatch.de/api/v2/parties/4"}},{"id":12917,"entity_type":"candidacy_mandate","label":"Hagen Reinhold (Bundestag Wahl 2009)","api_url":"https://www.abgeordnetenwatch.de/api/v2/candidacies-mandates/12917","type":"candidacy","parliament_period":{"id":22,"entity_type":"parliament_period","label":"Bundestag Wahl 2009","api_url":"https://www.abgeordnetenwatch.de/api/v2/parliament-periods/22","abgeordnetenwatch_url":"https://www.abgeordnetenwatch.de/bundestag/wahl-2009"},"politician":{"id":120001,"entity_type":"politician","label":"Hagen Reinhold","api_url":"https://www.abgeordnetenwatch.de/api/v2/politicians/120001","abgeordnetenwatch_url":"https://www.abgeordnetenwatch.de/profile/hagen-reinhold"},"electoral_data":{"id":12917,"entity_type":"electoral_data","label":"Hagen Reinhold (Bundestag Wahl 2009)","electoral_list":{},"list_position":2,"constituency":{"id":6628,"entity_type":"constituency","label":"14 - Rostock (Bundestag Wahl 2009)","api_url":"https://www.abgeordnetenwatch.de/api/v2/constituencies/6628"},"constituency_result":6.6,"mandate_won":"list"},"fraction_membership":{},"party":{"id":4,"entity_type":"party","label":"FDP","api_url":"https://www.abgeordnetenwatch.de/api/v2/parties/4"}},{"id":12916,"entity_type":"candidacy_mandate","label":"Hagen Reinhold (Mecklenburg-Vorpommern Wahl 2006)","api_url":"https://www.abgeordnetenwatch.de/api/v2/candidacies-mandates/12916","type":"candidacy","parliament_period":{"id":11,"entity_type":"parliament_period","label":"Mecklenburg-Vorpommern Wahl 2006","api_url":"https://www.abgeordnetenwatch.de/api/v2/parliament-periods/11","abgeordnetenwatch_url":"https://www.abgeordnetenwatch.de/mecklenburg-vorpommern/wahl-2006"},"politician":{"id":120001,"entity_type":"politician","label":"Hagen Reinhold","api_url":"https://www.abgeordnetenwatch.de/api/v2/politicians/120001","abgeordnetenwatch_url":"https://www.abgeordnetenwatch.de/profile/hagen-reinhold"},"electoral_data":{"id":12916,"entity_type":"electoral_data","label":"Hagen Reinhold (Mecklenburg-Vorpommern Wahl 2006)","electoral_list":{},"constituency":{"id":5247,"entity_type":"constituency","label":"23 - Nordvorpommern I (Mecklenburg-Vorpommern Wahl 2006)","api_url":"https://www.abgeordnetenwatch.de/api/v2/constituencies/5247"},"constituency_result":9},"fraction_membership":{},"party":{"id":4,"entity_type":"party","label":"FDP","api_url":"https://www.abgeordnetenwatch.de/api/v2/parties/4"}}]
