{"id":[120001],"entity_type":["politician"],"label":["Hagen Reinhold"],"api_url":["https://www.abgeordnetenwatch.de/api/v2/politicians/120001"],"abgeordnetenwatch_url":["https://www.abgeordnetenwatch.de/profile/hagen-reinhold"],"first_name":["Hagen"],"last_name":["Reinhold"],"birth_name":{},"sex":["m"],"year_of_birth":[1978],"party":{"id":[4],"entity_type":["party"],"label":["FDP"],"api_url":["https://www.abgeordnetenwatch.de/api/v2/parties/4"]},"party_past":{},"education":["Meister im Maurer- und Betonbauerhandwerk"],"residence":{},"occupation":["MdB"],"statistic_questions":[4],"statistic_questions_answered":[3],"qid_wikidata":["Q15819002"],"field_title":{}}
