[{"id":54091,"entity_type":"candidacy_mandate","label":"Ingrid Nestle (Bundestag 2021 - 2025)","api_url":"https://www.abgeordnetenwatch.de/api/v2/candidacies-mandates/54091","id_external_administration":"2196","id_external_administration_description":"mdbID aus der info-xml-Datei der Bundestagsverwaltung","type":"mandate","parliament_period":{"id":132,"entity_type":"parliament_period","label":"Bundestag 2021 - 2025","api_url":"https://www.abgeordnetenwatch.de/api/v2/parliament-periods/132","abgeordnetenwatch_url":"https://www.abgeordnetenwatch.de/bundestag"},"politician":{"id":120104,"entity_type":"politician","label":"Ingrid Nestle","api_url":"https://www.abgeordnetenwatch.de/api/v2/politicians/120104","abgeordnetenwatch_url":"https://www.abgeordnetenwatch.de/profile/ingrid-nestle"},"electoral_data":{"id":55015,"entity_type":"electoral_data","label":"Ingrid Nestle (Bundestag 2021 - 2025)","electoral_list":{"id":424,"entity_type":"electoral_list","label":"Landesliste Schleswig-Holstein (Bundestag 2021 - 2025)","api_url":"https://www.abgeordnetenwatch.de/api/v2/electoral-lists/424"},"list_position":3,"constituency":{"id":10743,"entity_type":"constituency","label":"3 - Steinburg - Dithmarschen Süd (Bundestag 2021 - 2025)","api_url":"https://www.abgeordnetenwatch.de/api/v2/constituencies/10743"},"constituency_result":12.4,"mandate_won":"list"},"fraction_membership":[{"id":9938,"entity_type":"fraction_membership","label":"BÜNDNIS 90/DIE GRÜNEN","fraction":{"id":321,"entity_type":"fraction","label":"BÜNDNIS 90/DIE GRÜNEN (Bundestag 2021 - 2025)","api_url":"https://www.abgeordnetenwatch.de/api/v2/fractions/321"}}],"party":{}},{"id":49154,"entity_type":"candidacy_mandate","label":"Ingrid Nestle (Bundestag Wahl 2021)","api_url":"https://www.abgeordnetenwatch.de/api/v2/candidacies-mandates/49154","type":"candidacy","parliament_period":{"id":128,"entity_type":"parliament_period","label":"Bundestag Wahl 2021","api_url":"https://www.abgeordnetenwatch.de/api/v2/parliament-periods/128","abgeordnetenwatch_url":"https://www.abgeordnetenwatch.de/bundestag/wahl-2021"},"politician":{"id":120104,"entity_type":"politician","label":"Ingrid Nestle","api_url":"https://www.abgeordnetenwatch.de/api/v2/politicians/120104","abgeordnetenwatch_url":"https://www.abgeordnetenwatch.de/profile/ingrid-nestle"},"electoral_data":{"id":50076,"entity_type":"electoral_data","label":"Ingrid Nestle (Bundestag Wahl 2021)","electoral_list":{"id":370,"entity_type":"electoral_list","label":"Landesliste Schleswig-Holstein (Bundestag Wahl 2021)","api_url":"https://www.abgeordnetenwatch.de/api/v2/electoral-lists/370"},"list_position":3,"constituency":{"id":10060,"entity_type":"constituency","label":"3 - Steinburg - Dithmarschen Süd (Bundestag Wahl 2021)","api_url":"https://www.abgeordnetenwatch.de/api/v2/constituencies/10060"},"constituency_result":14.2},"fraction_membership":{},"party":{"id":5,"entity_type":"party","label":"Bündnis 90/Die Grünen","api_url":"https://www.abgeordnetenwatch.de/api/v2/parties/5"}},{"id":41132,"entity_type":"candidacy_mandate","label":"Ingrid Nestle (Bundestag 2017 - 2021)","api_url":"https://www.abgeordnetenwatch.de/api/v2/candidacies-mandates/41132","id_external_administration":"2196","id_external_administration_description":"mdbID - ID der Bundestagsverwaltung","type":"mandate","parliament_period":{"id":111,"entity_type":"parliament_period","label":"Bundestag 2017 - 2021","api_url":"https://www.abgeordnetenwatch.de/api/v2/parliament-periods/111","abgeordnetenwatch_url":"https://www.abgeordnetenwatch.de/bundestag/19"},"politician":{"id":120104,"entity_type":"politician","label":"Ingrid Nestle","api_url":"https://www.abgeordnetenwatch.de/api/v2/politicians/120104","abgeordnetenwatch_url":"https://www.abgeordnetenwatch.de/profile/ingrid-nestle"},"electoral_data":{"id":41132,"entity_type":"electoral_data","label":"Ingrid Nestle (Bundestag 2017 - 2021)","electoral_list":{"id":120,"entity_type":"electoral_list","label":"Landesliste Schleswig-Holstein (Bundestag 2017 - 2021)","api_url":"https://www.abgeordnetenwatch.de/api/v2/electoral-lists/120"},"list_position":3,"constituency":{"id":4127,"entity_type":"constituency","label":"3 - Steinburg - Dithmarschen Süd (Bundestag 2017 - 2021)","api_url":"https://www.abgeordnetenwatch.de/api/v2/constituencies/4127"},"constituency_result":6.7,"mandate_won":"list"},"fraction_membership":[{"id":3360,"entity_type":"fraction_membership","label":"DIE GRÜNEN","fraction":{"id":153,"entity_type":"fraction","label":"DIE GRÜNEN (Bundestag 2017 - 2021)","api_url":"https://www.abgeordnetenwatch.de/api/v2/fractions/153"}}],"party":{}},{"id":41131,"entity_type":"candidacy_mandate","label":"Ingrid Nestle (Bundestag 2009-2013)","api_url":"https://www.abgeordnetenwatch.de/api/v2/candidacies-mandates/41131","type":"mandate","parliament_period":{"id":83,"entity_type":"parliament_period","label":"Bundestag 2009 - 2013","api_url":"https://www.abgeordnetenwatch.de/api/v2/parliament-periods/83","abgeordnetenwatch_url":"https://www.abgeordnetenwatch.de/bundestag/17"},"politician":{"id":120104,"entity_type":"politician","label":"Ingrid Nestle","api_url":"https://www.abgeordnetenwatch.de/api/v2/politicians/120104","abgeordnetenwatch_url":"https://www.abgeordnetenwatch.de/profile/ingrid-nestle"},"end_date":"2012-06-14","electoral_data":{"id":41131,"entity_type":"electoral_data","label":"Ingrid Nestle (Bundestag 2009 - 2013)","electoral_list":{"id":69,"entity_type":"electoral_list","label":"Landesliste Schleswig-Holstein (Bundestag 2009-2013)","api_url":"https://www.abgeordnetenwatch.de/api/v2/electoral-lists/69"},"list_position":1,"constituency":{"id":1594,"entity_type":"constituency","label":"1 - Flensburg - Schleswig (Bundestag 2009-2013)","api_url":"https://www.abgeordnetenwatch.de/api/v2/constituencies/1594"},"constituency_result":10.3},"fraction_membership":[{"id":3359,"entity_type":"fraction_membership","label":"DIE GRÜNEN","fraction":{"id":113,"entity_type":"fraction","label":"DIE GRÜNEN (Bundestag 2009-2013)","api_url":"https://www.abgeordnetenwatch.de/api/v2/fractions/113"}}],"party":{}},{"id":13087,"entity_type":"candidacy_mandate","label":"Ingrid Nestle (Bundestag Wahl 2017)","api_url":"https://www.abgeordnetenwatch.de/api/v2/candidacies-mandates/13087","type":"candidacy","parliament_period":{"id":50,"entity_type":"parliament_period","label":"Bundestag Wahl 2017","api_url":"https://www.abgeordnetenwatch.de/api/v2/parliament-periods/50","abgeordnetenwatch_url":"https://www.abgeordnetenwatch.de/bundestag/wahl-2017"},"politician":{"id":120104,"entity_type":"politician","label":"Ingrid Nestle","api_url":"https://www.abgeordnetenwatch.de/api/v2/politicians/120104","abgeordnetenwatch_url":"https://www.abgeordnetenwatch.de/profile/ingrid-nestle"},"electoral_data":{"id":13087,"entity_type":"electoral_data","label":"Ingrid Nestle (Bundestag Wahl 2017)","electoral_list":{"id":279,"entity_type":"electoral_list","label":"Landesliste Schleswig-Holstein (Bundestag Wahl 2017)","api_url":"https://www.abgeordnetenwatch.de/api/v2/electoral-lists/279"},"list_position":3,"constituency":{"id":9013,"entity_type":"constituency","label":"3 - Steinburg - Dithmarschen Süd (Bundestag Wahl 2017)","api_url":"https://www.abgeordnetenwatch.de/api/v2/constituencies/9013"},"constituency_result":6.7,"mandate_won":"list"},"fraction_membership":{},"party":{"id":5,"entity_type":"party","label":"Bündnis 90/Die Grünen","api_url":"https://www.abgeordnetenwatch.de/api/v2/parties/5"}},{"id":13086,"entity_type":"candidacy_mandate","label":"Ingrid Nestle (Bundestag Wahl 2009)","api_url":"https://www.abgeordnetenwatch.de/api/v2/candidacies-mandates/13086","type":"candidacy","parliament_period":{"id":22,"entity_type":"parliament_period","label":"Bundestag Wahl 2009","api_url":"https://www.abgeordnetenwatch.de/api/v2/parliament-periods/22","abgeordnetenwatch_url":"https://www.abgeordnetenwatch.de/bundestag/wahl-2009"},"politician":{"id":120104,"entity_type":"politician","label":"Ingrid Nestle","api_url":"https://www.abgeordnetenwatch.de/api/v2/politicians/120104","abgeordnetenwatch_url":"https://www.abgeordnetenwatch.de/profile/ingrid-nestle"},"electoral_data":{"id":13086,"entity_type":"electoral_data","label":"Ingrid Nestle (Bundestag Wahl 2009)","electoral_list":{},"constituency":{"id":6480,"entity_type":"constituency","label":"1 - Flensburg - Schleswig (Bundestag Wahl 2009)","api_url":"https://www.abgeordnetenwatch.de/api/v2/constituencies/6480"},"constituency_result":10.3},"fraction_membership":{},"party":{"id":5,"entity_type":"party","label":"Bündnis 90/Die Grünen","api_url":"https://www.abgeordnetenwatch.de/api/v2/parties/5"}}]
