[{"id":53646,"entity_type":"candidacy_mandate","label":"Lisa Badum (Bundestag 2021 - 2025)","api_url":"https://www.abgeordnetenwatch.de/api/v2/candidacies-mandates/53646","id_external_administration":"2023","id_external_administration_description":"mdbID aus der info-xml-Datei der Bundestagsverwaltung","type":"mandate","parliament_period":{"id":132,"entity_type":"parliament_period","label":"Bundestag 2021 - 2025","api_url":"https://www.abgeordnetenwatch.de/api/v2/parliament-periods/132","abgeordnetenwatch_url":"https://www.abgeordnetenwatch.de/bundestag"},"politician":{"id":120254,"entity_type":"politician","label":"Lisa Badum","api_url":"https://www.abgeordnetenwatch.de/api/v2/politicians/120254","abgeordnetenwatch_url":"https://www.abgeordnetenwatch.de/profile/lisa-badum"},"electoral_data":{"id":54570,"entity_type":"electoral_data","label":"Lisa Badum (Bundestag 2021 - 2025)","electoral_list":{"id":411,"entity_type":"electoral_list","label":"Landesliste Bayern (Bundestag 2021 - 2025)","api_url":"https://www.abgeordnetenwatch.de/api/v2/electoral-lists/411"},"list_position":9,"constituency":{"id":10976,"entity_type":"constituency","label":"236 - Bamberg (Bundestag 2021 - 2025)","api_url":"https://www.abgeordnetenwatch.de/api/v2/constituencies/10976"},"constituency_result":15.4,"constituency_result_count":22728,"mandate_won":"list"},"fraction_membership":[{"id":9493,"entity_type":"fraction_membership","label":"BÜNDNIS 90/DIE GRÜNEN","fraction":{"id":321,"entity_type":"fraction","label":"BÜNDNIS 90/DIE GRÜNEN (Bundestag 2021 - 2025)","api_url":"https://www.abgeordnetenwatch.de/api/v2/fractions/321"}}],"party":{}},{"id":49156,"entity_type":"candidacy_mandate","label":"Lisa Badum (Bundestag Wahl 2021)","api_url":"https://www.abgeordnetenwatch.de/api/v2/candidacies-mandates/49156","type":"candidacy","parliament_period":{"id":128,"entity_type":"parliament_period","label":"Bundestag Wahl 2021","api_url":"https://www.abgeordnetenwatch.de/api/v2/parliament-periods/128","abgeordnetenwatch_url":"https://www.abgeordnetenwatch.de/bundestag/wahl-2021"},"politician":{"id":120254,"entity_type":"politician","label":"Lisa Badum","api_url":"https://www.abgeordnetenwatch.de/api/v2/politicians/120254","abgeordnetenwatch_url":"https://www.abgeordnetenwatch.de/profile/lisa-badum"},"electoral_data":{"id":50078,"entity_type":"electoral_data","label":"Lisa Badum (Bundestag Wahl 2021)","electoral_list":{"id":357,"entity_type":"electoral_list","label":"Landesliste Bayern (Bundestag Wahl 2021)","api_url":"https://www.abgeordnetenwatch.de/api/v2/electoral-lists/357"},"list_position":9,"constituency":{"id":10293,"entity_type":"constituency","label":"236 - Bamberg (Bundestag Wahl 2021)","api_url":"https://www.abgeordnetenwatch.de/api/v2/constituencies/10293"},"constituency_result":15.4,"constituency_result_count":22728},"fraction_membership":{},"party":{"id":5,"entity_type":"party","label":"Bündnis 90/Die Grünen","api_url":"https://www.abgeordnetenwatch.de/api/v2/parties/5"}},{"id":41142,"entity_type":"candidacy_mandate","label":"Lisa Badum (Bundestag 2017 - 2021)","api_url":"https://www.abgeordnetenwatch.de/api/v2/candidacies-mandates/41142","id_external_administration":"2023","id_external_administration_description":"mdbID - ID der Bundestagsverwaltung","type":"mandate","parliament_period":{"id":111,"entity_type":"parliament_period","label":"Bundestag 2017 - 2021","api_url":"https://www.abgeordnetenwatch.de/api/v2/parliament-periods/111","abgeordnetenwatch_url":"https://www.abgeordnetenwatch.de/bundestag/19"},"politician":{"id":120254,"entity_type":"politician","label":"Lisa Badum","api_url":"https://www.abgeordnetenwatch.de/api/v2/politicians/120254","abgeordnetenwatch_url":"https://www.abgeordnetenwatch.de/profile/lisa-badum"},"electoral_data":{"id":41142,"entity_type":"electoral_data","label":"Lisa Badum (Bundestag 2017 - 2021)","electoral_list":{"id":107,"entity_type":"electoral_list","label":"Landesliste Bayern (Bundestag 2017 - 2021)","api_url":"https://www.abgeordnetenwatch.de/api/v2/electoral-lists/107"},"list_position":11,"constituency":{"id":4360,"entity_type":"constituency","label":"236 - Bamberg (Bundestag 2017 - 2021)","api_url":"https://www.abgeordnetenwatch.de/api/v2/constituencies/4360"},"constituency_result":9.2,"mandate_won":"list"},"fraction_membership":[{"id":3370,"entity_type":"fraction_membership","label":"DIE GRÜNEN","fraction":{"id":153,"entity_type":"fraction","label":"DIE GRÜNEN (Bundestag 2017 - 2021)","api_url":"https://www.abgeordnetenwatch.de/api/v2/fractions/153"}}],"party":{}},{"id":13349,"entity_type":"candidacy_mandate","label":"Lisa Badum (Bundestag Wahl 2017)","api_url":"https://www.abgeordnetenwatch.de/api/v2/candidacies-mandates/13349","type":"candidacy","parliament_period":{"id":50,"entity_type":"parliament_period","label":"Bundestag Wahl 2017","api_url":"https://www.abgeordnetenwatch.de/api/v2/parliament-periods/50","abgeordnetenwatch_url":"https://www.abgeordnetenwatch.de/bundestag/wahl-2017"},"politician":{"id":120254,"entity_type":"politician","label":"Lisa Badum","api_url":"https://www.abgeordnetenwatch.de/api/v2/politicians/120254","abgeordnetenwatch_url":"https://www.abgeordnetenwatch.de/profile/lisa-badum"},"electoral_data":{"id":13349,"entity_type":"electoral_data","label":"Lisa Badum (Bundestag Wahl 2017)","electoral_list":{"id":266,"entity_type":"electoral_list","label":"Landesliste Bayern (Bundestag Wahl 2017)","api_url":"https://www.abgeordnetenwatch.de/api/v2/electoral-lists/266"},"list_position":11,"constituency":{"id":9246,"entity_type":"constituency","label":"236 - Bamberg (Bundestag Wahl 2017)","api_url":"https://www.abgeordnetenwatch.de/api/v2/constituencies/9246"},"constituency_result":9.2,"mandate_won":"list"},"fraction_membership":{},"party":{"id":5,"entity_type":"party","label":"Bündnis 90/Die Grünen","api_url":"https://www.abgeordnetenwatch.de/api/v2/parties/5"}},{"id":13348,"entity_type":"candidacy_mandate","label":"Lisa Badum (Bundestag Wahl 2009)","api_url":"https://www.abgeordnetenwatch.de/api/v2/candidacies-mandates/13348","type":"candidacy","parliament_period":{"id":22,"entity_type":"parliament_period","label":"Bundestag Wahl 2009","api_url":"https://www.abgeordnetenwatch.de/api/v2/parliament-periods/22","abgeordnetenwatch_url":"https://www.abgeordnetenwatch.de/bundestag/wahl-2009"},"politician":{"id":120254,"entity_type":"politician","label":"Lisa Badum","api_url":"https://www.abgeordnetenwatch.de/api/v2/politicians/120254","abgeordnetenwatch_url":"https://www.abgeordnetenwatch.de/profile/lisa-badum"},"electoral_data":{"id":13348,"entity_type":"electoral_data","label":"Lisa Badum (Bundestag Wahl 2009)","electoral_list":{},"list_position":15,"constituency":{"id":6412,"entity_type":"constituency","label":"236 - Bamberg (Bundestag Wahl 2009)","api_url":"https://www.abgeordnetenwatch.de/api/v2/constituencies/6412"},"constituency_result":9.2},"fraction_membership":{},"party":{"id":5,"entity_type":"party","label":"Bündnis 90/Die Grünen","api_url":"https://www.abgeordnetenwatch.de/api/v2/parties/5"}}]
