[{"id":53460,"entity_type":"candidacy_mandate","label":"Matthias Seestern-Pauly (Bundestag 2021 - 2025)","api_url":"https://www.abgeordnetenwatch.de/api/v2/candidacies-mandates/53460","id_external_administration":"2243","id_external_administration_description":"mdbID aus der info-xml-Datei der Bundestagsverwaltung","type":"mandate","parliament_period":{"id":132,"entity_type":"parliament_period","label":"Bundestag 2021 - 2025","api_url":"https://www.abgeordnetenwatch.de/api/v2/parliament-periods/132","abgeordnetenwatch_url":"https://www.abgeordnetenwatch.de/bundestag"},"politician":{"id":120356,"entity_type":"politician","label":"Matthias Seestern-Pauly","api_url":"https://www.abgeordnetenwatch.de/api/v2/politicians/120356","abgeordnetenwatch_url":"https://www.abgeordnetenwatch.de/profile/matthias-seestern-pauly"},"electoral_data":{"id":54384,"entity_type":"electoral_data","label":"Matthias Seestern-Pauly (Bundestag 2021 - 2025)","electoral_list":{"id":418,"entity_type":"electoral_list","label":"Landesliste Niedersachsen (Bundestag 2021 - 2025)","api_url":"https://www.abgeordnetenwatch.de/api/v2/electoral-lists/418"},"list_position":7,"constituency":{"id":10778,"entity_type":"constituency","label":"38 - Osnabrück-Land (Bundestag 2021 - 2025)","api_url":"https://www.abgeordnetenwatch.de/api/v2/constituencies/10778"},"constituency_result":8.6,"mandate_won":"list"},"fraction_membership":[{"id":9307,"entity_type":"fraction_membership","label":"FDP","fraction":{"id":322,"entity_type":"fraction","label":"FDP (Bundestag 2021 - 2025)","api_url":"https://www.abgeordnetenwatch.de/api/v2/fractions/322"}}],"party":{}},{"id":49433,"entity_type":"candidacy_mandate","label":"Matthias Seestern-Pauly (Bundestag Wahl 2021)","api_url":"https://www.abgeordnetenwatch.de/api/v2/candidacies-mandates/49433","type":"candidacy","parliament_period":{"id":128,"entity_type":"parliament_period","label":"Bundestag Wahl 2021","api_url":"https://www.abgeordnetenwatch.de/api/v2/parliament-periods/128","abgeordnetenwatch_url":"https://www.abgeordnetenwatch.de/bundestag/wahl-2021"},"politician":{"id":120356,"entity_type":"politician","label":"Matthias Seestern-Pauly","api_url":"https://www.abgeordnetenwatch.de/api/v2/politicians/120356","abgeordnetenwatch_url":"https://www.abgeordnetenwatch.de/profile/matthias-seestern-pauly"},"electoral_data":{"id":50355,"entity_type":"electoral_data","label":"Matthias Seestern-Pauly (Bundestag Wahl 2021)","electoral_list":{},"constituency":{"id":10095,"entity_type":"constituency","label":"38 - Osnabrück-Land (Bundestag Wahl 2021)","api_url":"https://www.abgeordnetenwatch.de/api/v2/constituencies/10095"},"constituency_result":8.6},"fraction_membership":{},"party":{"id":4,"entity_type":"party","label":"FDP","api_url":"https://www.abgeordnetenwatch.de/api/v2/parties/4"}},{"id":41152,"entity_type":"candidacy_mandate","label":"Matthias Seestern-Pauly (Bundestag 2017 - 2021)","api_url":"https://www.abgeordnetenwatch.de/api/v2/candidacies-mandates/41152","id_external_administration":"2243","id_external_administration_description":"mdbID - ID der Bundestagsverwaltung","type":"mandate","parliament_period":{"id":111,"entity_type":"parliament_period","label":"Bundestag 2017 - 2021","api_url":"https://www.abgeordnetenwatch.de/api/v2/parliament-periods/111","abgeordnetenwatch_url":"https://www.abgeordnetenwatch.de/bundestag/19"},"politician":{"id":120356,"entity_type":"politician","label":"Matthias Seestern-Pauly","api_url":"https://www.abgeordnetenwatch.de/api/v2/politicians/120356","abgeordnetenwatch_url":"https://www.abgeordnetenwatch.de/profile/matthias-seestern-pauly"},"electoral_data":{"id":41152,"entity_type":"electoral_data","label":"Matthias Seestern-Pauly (Bundestag 2017 - 2021)","electoral_list":{"id":114,"entity_type":"electoral_list","label":"Landesliste Niedersachsen (Bundestag 2017 - 2021)","api_url":"https://www.abgeordnetenwatch.de/api/v2/electoral-lists/114"},"list_position":7,"constituency":{"id":4162,"entity_type":"constituency","label":"38 - Osnabrück-Land (Bundestag 2017 - 2021)","api_url":"https://www.abgeordnetenwatch.de/api/v2/constituencies/4162"},"constituency_result":6.4,"mandate_won":"list"},"fraction_membership":[{"id":3380,"entity_type":"fraction_membership","label":"FDP","fraction":{"id":14,"entity_type":"fraction","label":"FDP (Bundestag 2017 - 2021)","api_url":"https://www.abgeordnetenwatch.de/api/v2/fractions/14"}}],"party":{}},{"id":13528,"entity_type":"candidacy_mandate","label":"Matthias Seestern-Pauly (Bundestag Wahl 2017)","api_url":"https://www.abgeordnetenwatch.de/api/v2/candidacies-mandates/13528","type":"candidacy","parliament_period":{"id":50,"entity_type":"parliament_period","label":"Bundestag Wahl 2017","api_url":"https://www.abgeordnetenwatch.de/api/v2/parliament-periods/50","abgeordnetenwatch_url":"https://www.abgeordnetenwatch.de/bundestag/wahl-2017"},"politician":{"id":120356,"entity_type":"politician","label":"Matthias Seestern-Pauly","api_url":"https://www.abgeordnetenwatch.de/api/v2/politicians/120356","abgeordnetenwatch_url":"https://www.abgeordnetenwatch.de/profile/matthias-seestern-pauly"},"electoral_data":{"id":13528,"entity_type":"electoral_data","label":"Matthias Seestern-Pauly (Bundestag Wahl 2017)","electoral_list":{"id":273,"entity_type":"electoral_list","label":"Landesliste Niedersachsen (Bundestag Wahl 2017)","api_url":"https://www.abgeordnetenwatch.de/api/v2/electoral-lists/273"},"list_position":7,"constituency":{"id":9048,"entity_type":"constituency","label":"38 - Osnabrück-Land (Bundestag Wahl 2017)","api_url":"https://www.abgeordnetenwatch.de/api/v2/constituencies/9048"},"constituency_result":6.4,"mandate_won":"list"},"fraction_membership":{},"party":{"id":4,"entity_type":"party","label":"FDP","api_url":"https://www.abgeordnetenwatch.de/api/v2/parties/4"}},{"id":13527,"entity_type":"candidacy_mandate","label":"Matthias Seestern-Pauly (Bundestag Wahl 2013)","api_url":"https://www.abgeordnetenwatch.de/api/v2/candidacies-mandates/13527","type":"candidacy","parliament_period":{"id":36,"entity_type":"parliament_period","label":"Bundestag Wahl 2013","api_url":"https://www.abgeordnetenwatch.de/api/v2/parliament-periods/36","abgeordnetenwatch_url":"https://www.abgeordnetenwatch.de/bundestag/wahl-2013"},"politician":{"id":120356,"entity_type":"politician","label":"Matthias Seestern-Pauly","api_url":"https://www.abgeordnetenwatch.de/api/v2/politicians/120356","abgeordnetenwatch_url":"https://www.abgeordnetenwatch.de/profile/matthias-seestern-pauly"},"electoral_data":{"id":13527,"entity_type":"electoral_data","label":"Matthias Seestern-Pauly (Bundestag Wahl 2013)","electoral_list":{},"list_position":9,"constituency":{"id":6111,"entity_type":"constituency","label":"38 - Osnabrück-Land (Bundestag Wahl 2013)","api_url":"https://www.abgeordnetenwatch.de/api/v2/constituencies/6111"},"constituency_result":1.8},"fraction_membership":{},"party":{"id":4,"entity_type":"party","label":"FDP","api_url":"https://www.abgeordnetenwatch.de/api/v2/parties/4"}},{"id":13526,"entity_type":"candidacy_mandate","label":"Matthias Seestern-Pauly (Bundestag Wahl 2009)","api_url":"https://www.abgeordnetenwatch.de/api/v2/candidacies-mandates/13526","type":"candidacy","parliament_period":{"id":22,"entity_type":"parliament_period","label":"Bundestag Wahl 2009","api_url":"https://www.abgeordnetenwatch.de/api/v2/parliament-periods/22","abgeordnetenwatch_url":"https://www.abgeordnetenwatch.de/bundestag/wahl-2009"},"politician":{"id":120356,"entity_type":"politician","label":"Matthias Seestern-Pauly","api_url":"https://www.abgeordnetenwatch.de/api/v2/politicians/120356","abgeordnetenwatch_url":"https://www.abgeordnetenwatch.de/profile/matthias-seestern-pauly"},"electoral_data":{"id":13526,"entity_type":"electoral_data","label":"Matthias Seestern-Pauly (Bundestag Wahl 2009)","electoral_list":{},"list_position":13,"constituency":{"id":6604,"entity_type":"constituency","label":"39 - Osnabrück-Land (Bundestag Wahl 2009)","api_url":"https://www.abgeordnetenwatch.de/api/v2/constituencies/6604"},"constituency_result":9.1},"fraction_membership":{},"party":{"id":4,"entity_type":"party","label":"FDP","api_url":"https://www.abgeordnetenwatch.de/api/v2/parties/4"}}]
