{"id":[120429],"entity_type":["politician"],"label":["Oliver Luksic"],"api_url":["https://www.abgeordnetenwatch.de/api/v2/politicians/120429"],"abgeordnetenwatch_url":["https://www.abgeordnetenwatch.de/profile/oliver-luksic"],"first_name":["Oliver"],"last_name":["Luksic"],"birth_name":{},"sex":["m"],"year_of_birth":[1979],"party":{"id":[4],"entity_type":["party"],"label":["FDP"],"api_url":["https://www.abgeordnetenwatch.de/api/v2/parties/4"]},"party_past":{},"education":{},"residence":{},"occupation":["MdB"],"statistic_questions":[27],"statistic_questions_answered":[26],"qid_wikidata":["Q2020409"],"field_title":{}}
