[{"id":44764,"entity_type":"candidacy_mandate","label":"Bernd Buchholz (Bundestag 2017 - 2021)","api_url":"https://www.abgeordnetenwatch.de/api/v2/candidacies-mandates/44764","id_external_administration":"567624","id_external_administration_description":"mdbID - ID der Bundestagsverwaltung","type":"mandate","parliament_period":{"id":111,"entity_type":"parliament_period","label":"Bundestag 2017 - 2021","api_url":"https://www.abgeordnetenwatch.de/api/v2/parliament-periods/111","abgeordnetenwatch_url":"https://www.abgeordnetenwatch.de/bundestag/19"},"politician":{"id":121092,"entity_type":"politician","label":"Bernd Buchholz","api_url":"https://www.abgeordnetenwatch.de/api/v2/politicians/121092","abgeordnetenwatch_url":"https://www.abgeordnetenwatch.de/profile/bernd-buchholz"},"end_date":"2017-09-24","electoral_data":{"id":44764,"entity_type":"electoral_data","label":"Bernd Buchholz (Bundestag 2017 - 2021)","list_position":1,"constituency":{"id":4134,"entity_type":"constituency","label":"10 - Herzogtum Lauenburg - Stormarn-Süd (Bundestag 2017 - 2021)","api_url":"https://www.abgeordnetenwatch.de/api/v2/constituencies/4134"},"constituency_result":8.2,"mandate_won":"list"},"fraction_membership":[{"id":7011,"entity_type":"fraction_membership","label":"FDP","fraction":{"id":14,"entity_type":"fraction","label":"FDP (Bundestag 2017 - 2021)","api_url":"https://www.abgeordnetenwatch.de/api/v2/fractions/14"}}],"party":{}},{"id":35450,"entity_type":"candidacy_mandate","label":"Bernd Buchholz (Bundestag Wahl 2017)","api_url":"https://www.abgeordnetenwatch.de/api/v2/candidacies-mandates/35450","type":"candidacy","parliament_period":{"id":50,"entity_type":"parliament_period","label":"Bundestag Wahl 2017","api_url":"https://www.abgeordnetenwatch.de/api/v2/parliament-periods/50","abgeordnetenwatch_url":"https://www.abgeordnetenwatch.de/bundestag/wahl-2017"},"politician":{"id":121092,"entity_type":"politician","label":"Bernd Buchholz","api_url":"https://www.abgeordnetenwatch.de/api/v2/politicians/121092","abgeordnetenwatch_url":"https://www.abgeordnetenwatch.de/profile/bernd-buchholz"},"electoral_data":{"id":35450,"entity_type":"electoral_data","label":"Bernd Buchholz (Bundestag Wahl 2017)","constituency":{"id":9020,"entity_type":"constituency","label":"10 - Herzogtum Lauenburg - Stormarn-Süd (Bundestag Wahl 2017)","api_url":"https://www.abgeordnetenwatch.de/api/v2/constituencies/9020"},"constituency_result":8.2,"mandate_won":"list"},"fraction_membership":{},"party":{"id":4,"entity_type":"party","label":"FDP","api_url":"https://www.abgeordnetenwatch.de/api/v2/parties/4"}},{"id":35449,"entity_type":"candidacy_mandate","label":"Bernd Buchholz (Bundestag Wahl 2013)","api_url":"https://www.abgeordnetenwatch.de/api/v2/candidacies-mandates/35449","type":"candidacy","parliament_period":{"id":36,"entity_type":"parliament_period","label":"Bundestag Wahl 2013","api_url":"https://www.abgeordnetenwatch.de/api/v2/parliament-periods/36","abgeordnetenwatch_url":"https://www.abgeordnetenwatch.de/bundestag/wahl-2013"},"politician":{"id":121092,"entity_type":"politician","label":"Bernd Buchholz","api_url":"https://www.abgeordnetenwatch.de/api/v2/politicians/121092","abgeordnetenwatch_url":"https://www.abgeordnetenwatch.de/profile/bernd-buchholz"},"electoral_data":{"id":35449,"entity_type":"electoral_data","label":"Bernd Buchholz (Bundestag Wahl 2013)","list_position":2,"constituency":{"id":6114,"entity_type":"constituency","label":"9 - Ostholstein - Stormarn-Nord (Bundestag Wahl 2013)","api_url":"https://www.abgeordnetenwatch.de/api/v2/constituencies/6114"},"constituency_result":2.3},"fraction_membership":{},"party":{"id":4,"entity_type":"party","label":"FDP","api_url":"https://www.abgeordnetenwatch.de/api/v2/parties/4"}}]
