{"id":[121041],"entity_type":["politician"],"label":["Danyal Bayaz"],"api_url":["https://www.abgeordnetenwatch.de/api/v2/politicians/121041"],"abgeordnetenwatch_url":["https://www.abgeordnetenwatch.de/profile/danyal-bayaz"],"first_name":["Danyal"],"last_name":["Bayaz"],"birth_name":{},"sex":["m"],"year_of_birth":[1983],"party":{"id":[5],"entity_type":["party"],"label":["Bündnis 90/Die Grünen"],"api_url":["https://www.abgeordnetenwatch.de/api/v2/parties/5"]},"party_past":{},"deceased":{},"deceased_date":{},"education":["Promotion Wirtschafts- und Sozialwissenschaften"],"residence":{},"occupation":["MdB"],"statistic_questions":{},"statistic_questions_answered":{},"qid_wikidata":["Q40997659"],"field_title":{}}
