{"id":[121092],"entity_type":["politician"],"label":["Bernd Buchholz"],"api_url":["https://www.abgeordnetenwatch.de/api/v2/politicians/121092"],"abgeordnetenwatch_url":["https://www.abgeordnetenwatch.de/profile/bernd-buchholz"],"first_name":["Bernd"],"last_name":["Buchholz"],"birth_name":{},"sex":["m"],"year_of_birth":[1961],"party":{"id":[4],"entity_type":["party"],"label":["FDP"],"api_url":["https://www.abgeordnetenwatch.de/api/v2/parties/4"]},"party_past":{},"deceased":{},"deceased_date":{},"education":["Jurist"],"residence":{},"occupation":["Rechtsanwalt"],"statistic_questions":{},"statistic_questions_answered":{},"qid_wikidata":["Q823715"],"field_title":{}}
