{"id":[121099],"entity_type":["politician"],"label":["Christopher Gohl"],"api_url":["https://www.abgeordnetenwatch.de/api/v2/politicians/121099"],"abgeordnetenwatch_url":["https://www.abgeordnetenwatch.de/profile/christopher-gohl"],"first_name":["Christopher"],"last_name":["Gohl"],"birth_name":{},"sex":["m"],"year_of_birth":[1974],"party":{"id":[4],"entity_type":["party"],"label":["FDP"],"api_url":["https://www.abgeordnetenwatch.de/api/v2/parties/4"]},"party_past":{},"deceased":{},"deceased_date":{},"education":["Mediator, Dr. rer. pol."],"residence":{},"occupation":["Wissenschaftler"],"statistic_questions":[2],"statistic_questions_answered":{},"qid_wikidata":["Q95321845"],"field_title":{}}
