{"id":[121142],"entity_type":["politician"],"label":["Marc Jongen"],"api_url":["https://www.abgeordnetenwatch.de/api/v2/politicians/121142"],"abgeordnetenwatch_url":["https://www.abgeordnetenwatch.de/profile/marc-jongen"],"first_name":["Marc"],"last_name":["Jongen"],"birth_name":{},"sex":["m"],"year_of_birth":[1968],"party":{"id":[9],"entity_type":["party"],"label":["AfD"],"api_url":["https://www.abgeordnetenwatch.de/api/v2/parties/9"]},"party_past":{},"deceased":{},"deceased_date":{},"education":["Dr.-Phil. Philosophie, Mag.Phil. Philosophie, Volkswirtschaft, Geschichte"],"residence":{},"occupation":["MdB"],"statistic_questions":{},"statistic_questions_answered":{},"qid_wikidata":["Q1774046"],"field_title":{}}
