[{"id":49160,"entity_type":"candidacy_mandate","label":"Margit Stumpp (Bundestag Wahl 2021)","api_url":"https://www.abgeordnetenwatch.de/api/v2/candidacies-mandates/49160","type":"candidacy","parliament_period":{"id":128,"entity_type":"parliament_period","label":"Bundestag Wahl 2021","api_url":"https://www.abgeordnetenwatch.de/api/v2/parliament-periods/128","abgeordnetenwatch_url":"https://www.abgeordnetenwatch.de/bundestag/wahl-2021"},"politician":{"id":121640,"entity_type":"politician","label":"Margit Stumpp","api_url":"https://www.abgeordnetenwatch.de/api/v2/politicians/121640","abgeordnetenwatch_url":"https://www.abgeordnetenwatch.de/profile/margit-stumpp"},"party":{"id":5,"entity_type":"party","label":"Bündnis 90/Die Grünen","api_url":"https://www.abgeordnetenwatch.de/api/v2/parties/5"},"electoral_data":{"id":50082,"entity_type":"electoral_data","label":"Margit Stumpp (Bundestag Wahl 2021)","electoral_list":{"id":358,"entity_type":"electoral_list","label":"Landesliste Baden-Württemberg (Bundestag Wahl 2021)","api_url":"https://www.abgeordnetenwatch.de/api/v2/electoral-lists/358"},"list_position":20,"constituency":{"id":10327,"entity_type":"constituency","label":"270 - Aalen - Heidenheim (Bundestag Wahl 2021)","api_url":"https://www.abgeordnetenwatch.de/api/v2/constituencies/10327"},"constituency_result":12.2,"constituency_result_count":20338},"fraction_membership":{}},{"id":41209,"entity_type":"candidacy_mandate","label":"Margit Stumpp (Bundestag 2017 - 2021)","api_url":"https://www.abgeordnetenwatch.de/api/v2/candidacies-mandates/41209","id_external_administration":"2260","id_external_administration_description":"mdbID - ID der Bundestagsverwaltung","type":"mandate","parliament_period":{"id":111,"entity_type":"parliament_period","label":"Bundestag 2017 - 2021","api_url":"https://www.abgeordnetenwatch.de/api/v2/parliament-periods/111","abgeordnetenwatch_url":"https://www.abgeordnetenwatch.de/bundestag/19"},"politician":{"id":121640,"entity_type":"politician","label":"Margit Stumpp","api_url":"https://www.abgeordnetenwatch.de/api/v2/politicians/121640","abgeordnetenwatch_url":"https://www.abgeordnetenwatch.de/profile/margit-stumpp"},"party":{},"electoral_data":{"id":41209,"entity_type":"electoral_data","label":"Margit Stumpp (Bundestag 2017 - 2021)","electoral_list":{"id":106,"entity_type":"electoral_list","label":"Landesliste Baden-Württemberg (Bundestag 2017 - 2021)","api_url":"https://www.abgeordnetenwatch.de/api/v2/electoral-lists/106"},"list_position":13,"constituency":{"id":4394,"entity_type":"constituency","label":"270 - Aalen - Heidenheim (Bundestag 2017 - 2021)","api_url":"https://www.abgeordnetenwatch.de/api/v2/constituencies/4394"},"constituency_result":9.6,"mandate_won":"list"},"fraction_membership":[{"id":3437,"entity_type":"fraction_membership","label":"DIE GRÜNEN","fraction":{"id":153,"entity_type":"fraction","label":"DIE GRÜNEN (Bundestag 2017 - 2021)","api_url":"https://www.abgeordnetenwatch.de/api/v2/fractions/153"}}]},{"id":15435,"entity_type":"candidacy_mandate","label":"Margit Stumpp (Bundestag Wahl 2017)","api_url":"https://www.abgeordnetenwatch.de/api/v2/candidacies-mandates/15435","type":"candidacy","parliament_period":{"id":50,"entity_type":"parliament_period","label":"Bundestag Wahl 2017","api_url":"https://www.abgeordnetenwatch.de/api/v2/parliament-periods/50","abgeordnetenwatch_url":"https://www.abgeordnetenwatch.de/bundestag/wahl-2017"},"politician":{"id":121640,"entity_type":"politician","label":"Margit Stumpp","api_url":"https://www.abgeordnetenwatch.de/api/v2/politicians/121640","abgeordnetenwatch_url":"https://www.abgeordnetenwatch.de/profile/margit-stumpp"},"party":{"id":5,"entity_type":"party","label":"Bündnis 90/Die Grünen","api_url":"https://www.abgeordnetenwatch.de/api/v2/parties/5"},"electoral_data":{"id":15435,"entity_type":"electoral_data","label":"Margit Stumpp (Bundestag Wahl 2017)","electoral_list":{"id":265,"entity_type":"electoral_list","label":"Landesliste Baden-Württemberg (Bundestag Wahl 2017)","api_url":"https://www.abgeordnetenwatch.de/api/v2/electoral-lists/265"},"list_position":13,"constituency":{"id":9280,"entity_type":"constituency","label":"270 - Aalen - Heidenheim (Bundestag Wahl 2017)","api_url":"https://www.abgeordnetenwatch.de/api/v2/constituencies/9280"},"constituency_result":9.6,"mandate_won":"list"},"fraction_membership":{}},{"id":15434,"entity_type":"candidacy_mandate","label":"Margit Stumpp (Bundestag Wahl 2013)","api_url":"https://www.abgeordnetenwatch.de/api/v2/candidacies-mandates/15434","type":"candidacy","parliament_period":{"id":36,"entity_type":"parliament_period","label":"Bundestag Wahl 2013","api_url":"https://www.abgeordnetenwatch.de/api/v2/parliament-periods/36","abgeordnetenwatch_url":"https://www.abgeordnetenwatch.de/bundestag/wahl-2013"},"politician":{"id":121640,"entity_type":"politician","label":"Margit Stumpp","api_url":"https://www.abgeordnetenwatch.de/api/v2/politicians/121640","abgeordnetenwatch_url":"https://www.abgeordnetenwatch.de/profile/margit-stumpp"},"party":{"id":5,"entity_type":"party","label":"Bündnis 90/Die Grünen","api_url":"https://www.abgeordnetenwatch.de/api/v2/parties/5"},"electoral_data":{"id":15434,"entity_type":"electoral_data","label":"Margit Stumpp (Bundestag Wahl 2013)","electoral_list":{},"list_position":15,"constituency":{"id":5984,"entity_type":"constituency","label":"270 - Aalen - Heidenheim (Bundestag Wahl 2013)","api_url":"https://www.abgeordnetenwatch.de/api/v2/constituencies/5984"},"constituency_result":7.7},"fraction_membership":{}}]
