{"id":[121640],"entity_type":["politician"],"label":["Margit Stumpp"],"api_url":["https://www.abgeordnetenwatch.de/api/v2/politicians/121640"],"abgeordnetenwatch_url":["https://www.abgeordnetenwatch.de/profile/margit-stumpp"],"first_name":["Margit"],"last_name":["Stumpp"],"birth_name":["Schönenberger"],"sex":["f"],"year_of_birth":[1963],"party":{"id":[5],"entity_type":["party"],"label":["Bündnis 90/Die Grünen"],"api_url":["https://www.abgeordnetenwatch.de/api/v2/parties/5"]},"party_past":{},"deceased":{},"deceased_date":{},"education":["Dipl. Ing. (FH), Oberstudienrätin"],"residence":["Königsbronn"],"occupation":["MdB"],"statistic_questions":[17],"statistic_questions_answered":[17],"qid_wikidata":["Q40997607"],"field_title":{}}
