{"id":[121697],"entity_type":["politician"],"label":["Matthias Nölke"],"api_url":["https://www.abgeordnetenwatch.de/api/v2/politicians/121697"],"abgeordnetenwatch_url":["https://www.abgeordnetenwatch.de/profile/matthias-noelke"],"first_name":["Matthias"],"last_name":["Nölke"],"birth_name":{},"sex":["m"],"year_of_birth":[1980],"party":{"id":[4],"entity_type":["party"],"label":["FDP"],"api_url":["https://www.abgeordnetenwatch.de/api/v2/parties/4"]},"party_past":{},"education":{},"residence":{},"occupation":["Selbstständig"],"statistic_questions":[8],"statistic_questions_answered":[6],"qid_wikidata":["Q95683263"],"field_title":{}}
