[{"id":52657,"entity_type":"candidacy_mandate","label":"Zeki Gökhan (Bundestag 2017 - 2021)","api_url":"https://www.abgeordnetenwatch.de/api/v2/candidacies-mandates/52657","id_external_administration":"2312","id_external_administration_description":"mdbID - ID der Bundestagsverwaltung","type":"mandate","parliament_period":{"id":111,"entity_type":"parliament_period","label":"Bundestag 2017 - 2021","api_url":"https://www.abgeordnetenwatch.de/api/v2/parliament-periods/111","abgeordnetenwatch_url":"https://www.abgeordnetenwatch.de/bundestag/19"},"politician":{"id":122163,"entity_type":"politician","label":"Zeki Gökhan","api_url":"https://www.abgeordnetenwatch.de/api/v2/politicians/122163","abgeordnetenwatch_url":"https://www.abgeordnetenwatch.de/profile/zeki-goekhan"},"start_date":"2021-08-19","electoral_data":{"id":53581,"entity_type":"electoral_data","label":"Zeki Gökhan (Bundestag 2017 - 2021)","electoral_list":{"id":115,"entity_type":"electoral_list","label":"Landesliste Nordrhein-Westfalen (Bundestag 2017 - 2021)","api_url":"https://www.abgeordnetenwatch.de/api/v2/electoral-lists/115"},"list_position":14,"constituency":{"id":4215,"entity_type":"constituency","label":"91 - Rhein-Erft-Kreis I (Bundestag 2017 - 2021)","api_url":"https://www.abgeordnetenwatch.de/api/v2/constituencies/4215"},"constituency_result":4.5,"mandate_won":"moved_up"},"fraction_membership":[{"id":9233,"entity_type":"fraction_membership","label":"DIE LINKE seit 19.08.2021","fraction":{"id":41,"entity_type":"fraction","label":"DIE LINKE (Bundestag 2017 - 2021)","api_url":"https://www.abgeordnetenwatch.de/api/v2/fractions/41"},"valid_from":"2021-08-19"}],"party":{}},{"id":16178,"entity_type":"candidacy_mandate","label":"Zeki Gökhan (Bundestag Wahl 2017)","api_url":"https://www.abgeordnetenwatch.de/api/v2/candidacies-mandates/16178","type":"candidacy","parliament_period":{"id":50,"entity_type":"parliament_period","label":"Bundestag Wahl 2017","api_url":"https://www.abgeordnetenwatch.de/api/v2/parliament-periods/50","abgeordnetenwatch_url":"https://www.abgeordnetenwatch.de/bundestag/wahl-2017"},"politician":{"id":122163,"entity_type":"politician","label":"Zeki Gökhan","api_url":"https://www.abgeordnetenwatch.de/api/v2/politicians/122163","abgeordnetenwatch_url":"https://www.abgeordnetenwatch.de/profile/zeki-goekhan"},"electoral_data":{"id":16178,"entity_type":"electoral_data","label":"Zeki Gökhan (Bundestag Wahl 2017)","electoral_list":{"id":274,"entity_type":"electoral_list","label":"Landesliste Nordrhein-Westfalen (Bundestag Wahl 2017)","api_url":"https://www.abgeordnetenwatch.de/api/v2/electoral-lists/274"},"list_position":14,"constituency":{"id":9101,"entity_type":"constituency","label":"91 - Rhein-Erft-Kreis I (Bundestag Wahl 2017)","api_url":"https://www.abgeordnetenwatch.de/api/v2/constituencies/9101"},"constituency_result":4.5},"fraction_membership":{},"party":{"id":8,"entity_type":"party","label":"DIE LINKE","api_url":"https://www.abgeordnetenwatch.de/api/v2/parties/8"}},{"id":16177,"entity_type":"candidacy_mandate","label":"Zeki Gökhan (Bundestag Wahl 2013)","api_url":"https://www.abgeordnetenwatch.de/api/v2/candidacies-mandates/16177","type":"candidacy","parliament_period":{"id":36,"entity_type":"parliament_period","label":"Bundestag Wahl 2013","api_url":"https://www.abgeordnetenwatch.de/api/v2/parliament-periods/36","abgeordnetenwatch_url":"https://www.abgeordnetenwatch.de/bundestag/wahl-2013"},"politician":{"id":122163,"entity_type":"politician","label":"Zeki Gökhan","api_url":"https://www.abgeordnetenwatch.de/api/v2/politicians/122163","abgeordnetenwatch_url":"https://www.abgeordnetenwatch.de/profile/zeki-goekhan"},"electoral_data":{"id":16177,"entity_type":"electoral_data","label":"Zeki Gökhan (Bundestag Wahl 2013)","electoral_list":{},"constituency":{"id":6126,"entity_type":"constituency","label":"91 - Rhein-Erft-Kreis I (Bundestag Wahl 2013)","api_url":"https://www.abgeordnetenwatch.de/api/v2/constituencies/6126"},"constituency_result":4.4},"fraction_membership":{},"party":{"id":8,"entity_type":"party","label":"DIE LINKE","api_url":"https://www.abgeordnetenwatch.de/api/v2/parties/8"}},{"id":16176,"entity_type":"candidacy_mandate","label":"Zeki Gökhan (Nordrhein-Westfalen Wahl 2010)","api_url":"https://www.abgeordnetenwatch.de/api/v2/candidacies-mandates/16176","type":"candidacy","parliament_period":{"id":25,"entity_type":"parliament_period","label":"Nordrhein-Westfalen Wahl 2010","api_url":"https://www.abgeordnetenwatch.de/api/v2/parliament-periods/25","abgeordnetenwatch_url":"https://www.abgeordnetenwatch.de/nordrhein-westfalen/wahl-2010"},"politician":{"id":122163,"entity_type":"politician","label":"Zeki Gökhan","api_url":"https://www.abgeordnetenwatch.de/api/v2/politicians/122163","abgeordnetenwatch_url":"https://www.abgeordnetenwatch.de/profile/zeki-goekhan"},"electoral_data":{"id":16176,"entity_type":"electoral_data","label":"Zeki Gökhan (Nordrhein-Westfalen Wahl 2010)","electoral_list":{},"constituency":{"id":6879,"entity_type":"constituency","label":"6 - Rhein-Erft-Kreis II (Nordrhein-Westfalen Wahl 2010)","api_url":"https://www.abgeordnetenwatch.de/api/v2/constituencies/6879"},"constituency_result":4.2},"fraction_membership":{},"party":{"id":8,"entity_type":"party","label":"DIE LINKE","api_url":"https://www.abgeordnetenwatch.de/api/v2/parties/8"}}]
