[{"id":48754,"entity_type":"candidacy_mandate","label":"Birke Bull-Bischoff (Bundestag Wahl 2021)","api_url":"https://www.abgeordnetenwatch.de/api/v2/candidacies-mandates/48754","type":"candidacy","parliament_period":{"id":128,"entity_type":"parliament_period","label":"Bundestag Wahl 2021","api_url":"https://www.abgeordnetenwatch.de/api/v2/parliament-periods/128","abgeordnetenwatch_url":"https://www.abgeordnetenwatch.de/bundestag/wahl-2021"},"politician":{"id":124079,"entity_type":"politician","label":"Birke Bull-Bischoff","api_url":"https://www.abgeordnetenwatch.de/api/v2/politicians/124079","abgeordnetenwatch_url":"https://www.abgeordnetenwatch.de/profile/birke-bull-bischoff"},"party":{"id":8,"entity_type":"party","label":"DIE LINKE","api_url":"https://www.abgeordnetenwatch.de/api/v2/parties/8"},"electoral_data":{"id":49676,"entity_type":"electoral_data","label":"Birke Bull-Bischoff (Bundestag Wahl 2021)","electoral_list":{"id":369,"entity_type":"electoral_list","label":"Landesliste Sachsen-Anhalt (Bundestag Wahl 2021)","api_url":"https://www.abgeordnetenwatch.de/api/v2/electoral-lists/369"},"list_position":3,"constituency":{"id":10130,"entity_type":"constituency","label":"73 - Burgenland - Saalekreis (Bundestag Wahl 2021)","api_url":"https://www.abgeordnetenwatch.de/api/v2/constituencies/10130"},"constituency_result":10},"fraction_membership":{}},{"id":44043,"entity_type":"candidacy_mandate","label":"Birke Bull-Bischoff (Bundestag 2017 - 2021)","api_url":"https://www.abgeordnetenwatch.de/api/v2/candidacies-mandates/44043","id_external_administration":"2050","id_external_administration_description":"mdbID - ID der Bundestagsverwaltung","type":"mandate","parliament_period":{"id":111,"entity_type":"parliament_period","label":"Bundestag 2017 - 2021","api_url":"https://www.abgeordnetenwatch.de/api/v2/parliament-periods/111","abgeordnetenwatch_url":"https://www.abgeordnetenwatch.de/bundestag/19"},"politician":{"id":124079,"entity_type":"politician","label":"Birke Bull-Bischoff","api_url":"https://www.abgeordnetenwatch.de/api/v2/politicians/124079","abgeordnetenwatch_url":"https://www.abgeordnetenwatch.de/profile/birke-bull-bischoff"},"party":{},"electoral_data":{"id":44043,"entity_type":"electoral_data","label":"Birke Bull-Bischoff (Bundestag 2017 - 2021)","electoral_list":{"id":119,"entity_type":"electoral_list","label":"Landesliste Sachsen-Anhalt (Bundestag 2017 - 2021)","api_url":"https://www.abgeordnetenwatch.de/api/v2/electoral-lists/119"},"list_position":3,"constituency":{"id":4197,"entity_type":"constituency","label":"73 - Burgenland - Saalekreis (Bundestag 2017 - 2021)","api_url":"https://www.abgeordnetenwatch.de/api/v2/constituencies/4197"},"constituency_result":16.9,"mandate_won":"list"},"fraction_membership":[{"id":6277,"entity_type":"fraction_membership","label":"DIE LINKE","fraction":{"id":41,"entity_type":"fraction","label":"DIE LINKE (Bundestag 2017 - 2021)","api_url":"https://www.abgeordnetenwatch.de/api/v2/fractions/41"}}]},{"id":17301,"entity_type":"candidacy_mandate","label":"Birke Bull-Bischoff (Bundestag Wahl 2017)","api_url":"https://www.abgeordnetenwatch.de/api/v2/candidacies-mandates/17301","type":"candidacy","parliament_period":{"id":50,"entity_type":"parliament_period","label":"Bundestag Wahl 2017","api_url":"https://www.abgeordnetenwatch.de/api/v2/parliament-periods/50","abgeordnetenwatch_url":"https://www.abgeordnetenwatch.de/bundestag/wahl-2017"},"politician":{"id":124079,"entity_type":"politician","label":"Birke Bull-Bischoff","api_url":"https://www.abgeordnetenwatch.de/api/v2/politicians/124079","abgeordnetenwatch_url":"https://www.abgeordnetenwatch.de/profile/birke-bull-bischoff"},"party":{"id":8,"entity_type":"party","label":"DIE LINKE","api_url":"https://www.abgeordnetenwatch.de/api/v2/parties/8"},"electoral_data":{"id":17301,"entity_type":"electoral_data","label":"Birke Bull-Bischoff (Bundestag Wahl 2017)","electoral_list":{"id":278,"entity_type":"electoral_list","label":"Landesliste Sachsen-Anhalt (Bundestag Wahl 2017)","api_url":"https://www.abgeordnetenwatch.de/api/v2/electoral-lists/278"},"list_position":3,"constituency":{"id":9083,"entity_type":"constituency","label":"73 - Burgenland - Saalekreis (Bundestag Wahl 2017)","api_url":"https://www.abgeordnetenwatch.de/api/v2/constituencies/9083"},"constituency_result":16.9,"mandate_won":"list"},"fraction_membership":{}},{"id":17300,"entity_type":"candidacy_mandate","label":"Birke Bull-Bischoff (Sachsen-Anhalt Wahl 2011)","api_url":"https://www.abgeordnetenwatch.de/api/v2/candidacies-mandates/17300","type":"candidacy","parliament_period":{"id":27,"entity_type":"parliament_period","label":"Sachsen-Anhalt Wahl 2011","api_url":"https://www.abgeordnetenwatch.de/api/v2/parliament-periods/27","abgeordnetenwatch_url":"https://www.abgeordnetenwatch.de/sachsen-anhalt/wahl-2011"},"politician":{"id":124079,"entity_type":"politician","label":"Birke Bull-Bischoff","api_url":"https://www.abgeordnetenwatch.de/api/v2/politicians/124079","abgeordnetenwatch_url":"https://www.abgeordnetenwatch.de/profile/birke-bull-bischoff"},"party":{"id":8,"entity_type":"party","label":"DIE LINKE","api_url":"https://www.abgeordnetenwatch.de/api/v2/parties/8"},"electoral_data":{"id":17300,"entity_type":"electoral_data","label":"Birke Bull-Bischoff (Sachsen-Anhalt Wahl 2011)","electoral_list":{},"list_position":2,"constituency":{"id":8608,"entity_type":"constituency","label":"21 - Bernburg (Sachsen-Anhalt Wahl 2011)","api_url":"https://www.abgeordnetenwatch.de/api/v2/constituencies/8608"},"mandate_won":"list"},"fraction_membership":{}},{"id":17299,"entity_type":"candidacy_mandate","label":"Birke Bull-Bischoff (Sachsen-Anhalt Wahl 2006)","api_url":"https://www.abgeordnetenwatch.de/api/v2/candidacies-mandates/17299","type":"candidacy","parliament_period":{"id":9,"entity_type":"parliament_period","label":"Sachsen-Anhalt Wahl 2006","api_url":"https://www.abgeordnetenwatch.de/api/v2/parliament-periods/9","abgeordnetenwatch_url":"https://www.abgeordnetenwatch.de/sachsen-anhalt/wahl-2006"},"politician":{"id":124079,"entity_type":"politician","label":"Birke Bull-Bischoff","api_url":"https://www.abgeordnetenwatch.de/api/v2/politicians/124079","abgeordnetenwatch_url":"https://www.abgeordnetenwatch.de/profile/birke-bull-bischoff"},"party":{"id":8,"entity_type":"party","label":"DIE LINKE","api_url":"https://www.abgeordnetenwatch.de/api/v2/parties/8"},"electoral_data":{"id":17299,"entity_type":"electoral_data","label":"Birke Bull-Bischoff (Sachsen-Anhalt Wahl 2006)","electoral_list":{},"list_position":3,"constituency":{"id":8639,"entity_type":"constituency","label":"21 - Bernburg (Sachsen-Anhalt Wahl 2006)","api_url":"https://www.abgeordnetenwatch.de/api/v2/constituencies/8639"},"constituency_result":26.4},"fraction_membership":{}}]
