[{"id":48755,"entity_type":"candidacy_mandate","label":"Matthias Höhn (Bundestag Wahl 2021)","api_url":"https://www.abgeordnetenwatch.de/api/v2/candidacies-mandates/48755","type":"candidacy","parliament_period":{"id":128,"entity_type":"parliament_period","label":"Bundestag Wahl 2021","api_url":"https://www.abgeordnetenwatch.de/api/v2/parliament-periods/128","abgeordnetenwatch_url":"https://www.abgeordnetenwatch.de/bundestag/wahl-2021"},"politician":{"id":124253,"entity_type":"politician","label":"Matthias Höhn","api_url":"https://www.abgeordnetenwatch.de/api/v2/politicians/124253","abgeordnetenwatch_url":"https://www.abgeordnetenwatch.de/profile/matthias-hoehn"},"party":{"id":8,"entity_type":"party","label":"DIE LINKE","api_url":"https://www.abgeordnetenwatch.de/api/v2/parties/8"},"electoral_data":{"id":49677,"entity_type":"electoral_data","label":"Matthias Höhn (Bundestag Wahl 2021)","electoral_list":{"id":369,"entity_type":"electoral_list","label":"Landesliste Sachsen-Anhalt (Bundestag Wahl 2021)","api_url":"https://www.abgeordnetenwatch.de/api/v2/electoral-lists/369"},"list_position":4,"constituency":{"id":10123,"entity_type":"constituency","label":"66 - Altmark (Bundestag Wahl 2021)","api_url":"https://www.abgeordnetenwatch.de/api/v2/constituencies/10123"},"constituency_result":10.4},"fraction_membership":{}},{"id":41314,"entity_type":"candidacy_mandate","label":"Matthias Höhn (Sachsen-Anhalt 2016 - 2021)","api_url":"https://www.abgeordnetenwatch.de/api/v2/candidacies-mandates/41314","type":"mandate","parliament_period":{"id":114,"entity_type":"parliament_period","label":"Sachsen-Anhalt 2016 - 2021","api_url":"https://www.abgeordnetenwatch.de/api/v2/parliament-periods/114","abgeordnetenwatch_url":"https://www.abgeordnetenwatch.de/sachsen-anhalt/7"},"politician":{"id":124253,"entity_type":"politician","label":"Matthias Höhn","api_url":"https://www.abgeordnetenwatch.de/api/v2/politicians/124253","abgeordnetenwatch_url":"https://www.abgeordnetenwatch.de/profile/matthias-hoehn"},"party":{},"end_date":"2017-11-02","electoral_data":{"id":41314,"entity_type":"electoral_data","label":"Matthias Höhn (Sachsen-Anhalt 2016 - 2021)","electoral_list":{"id":127,"entity_type":"electoral_list","label":"Landesliste (Sachsen-Anhalt 2016 - 2021)","api_url":"https://www.abgeordnetenwatch.de/api/v2/electoral-lists/127"},"list_position":4,"constituency":{},"mandate_won":"list"},"fraction_membership":[{"id":3542,"entity_type":"fraction_membership","label":"DIE LINKE","fraction":{"id":198,"entity_type":"fraction","label":"DIE LINKE (Sachsen-Anhalt 2016 - 2021)","api_url":"https://www.abgeordnetenwatch.de/api/v2/fractions/198"}}]},{"id":41313,"entity_type":"candidacy_mandate","label":"Matthias Höhn (Bundestag 2017 - 2021)","api_url":"https://www.abgeordnetenwatch.de/api/v2/candidacies-mandates/41313","id_external_administration":"2118","id_external_administration_description":"mdbID - ID der Bundestagsverwaltung","type":"mandate","parliament_period":{"id":111,"entity_type":"parliament_period","label":"Bundestag 2017 - 2021","api_url":"https://www.abgeordnetenwatch.de/api/v2/parliament-periods/111","abgeordnetenwatch_url":"https://www.abgeordnetenwatch.de/bundestag/19"},"politician":{"id":124253,"entity_type":"politician","label":"Matthias Höhn","api_url":"https://www.abgeordnetenwatch.de/api/v2/politicians/124253","abgeordnetenwatch_url":"https://www.abgeordnetenwatch.de/profile/matthias-hoehn"},"party":{},"electoral_data":{"id":41313,"entity_type":"electoral_data","label":"Matthias Höhn (Bundestag 2017 - 2021)","electoral_list":{"id":119,"entity_type":"electoral_list","label":"Landesliste Sachsen-Anhalt (Bundestag 2017 - 2021)","api_url":"https://www.abgeordnetenwatch.de/api/v2/electoral-lists/119"},"list_position":4,"constituency":{"id":4190,"entity_type":"constituency","label":"66 - Altmark (Bundestag 2017 - 2021)","api_url":"https://www.abgeordnetenwatch.de/api/v2/constituencies/4190"},"constituency_result":19.2,"mandate_won":"list"},"fraction_membership":[{"id":3541,"entity_type":"fraction_membership","label":"DIE LINKE","fraction":{"id":41,"entity_type":"fraction","label":"DIE LINKE (Bundestag 2017 - 2021)","api_url":"https://www.abgeordnetenwatch.de/api/v2/fractions/41"}}]},{"id":17532,"entity_type":"candidacy_mandate","label":"Matthias Höhn (Bundestag Wahl 2017)","api_url":"https://www.abgeordnetenwatch.de/api/v2/candidacies-mandates/17532","type":"candidacy","parliament_period":{"id":50,"entity_type":"parliament_period","label":"Bundestag Wahl 2017","api_url":"https://www.abgeordnetenwatch.de/api/v2/parliament-periods/50","abgeordnetenwatch_url":"https://www.abgeordnetenwatch.de/bundestag/wahl-2017"},"politician":{"id":124253,"entity_type":"politician","label":"Matthias Höhn","api_url":"https://www.abgeordnetenwatch.de/api/v2/politicians/124253","abgeordnetenwatch_url":"https://www.abgeordnetenwatch.de/profile/matthias-hoehn"},"party":{"id":8,"entity_type":"party","label":"DIE LINKE","api_url":"https://www.abgeordnetenwatch.de/api/v2/parties/8"},"electoral_data":{"id":17532,"entity_type":"electoral_data","label":"Matthias Höhn (Bundestag Wahl 2017)","electoral_list":{"id":278,"entity_type":"electoral_list","label":"Landesliste Sachsen-Anhalt (Bundestag Wahl 2017)","api_url":"https://www.abgeordnetenwatch.de/api/v2/electoral-lists/278"},"list_position":4,"constituency":{"id":9076,"entity_type":"constituency","label":"66 - Altmark (Bundestag Wahl 2017)","api_url":"https://www.abgeordnetenwatch.de/api/v2/constituencies/9076"},"constituency_result":19.2,"mandate_won":"list"},"fraction_membership":{}},{"id":17531,"entity_type":"candidacy_mandate","label":"Matthias Höhn (Sachsen-Anhalt Wahl 2011)","api_url":"https://www.abgeordnetenwatch.de/api/v2/candidacies-mandates/17531","type":"candidacy","parliament_period":{"id":27,"entity_type":"parliament_period","label":"Sachsen-Anhalt Wahl 2011","api_url":"https://www.abgeordnetenwatch.de/api/v2/parliament-periods/27","abgeordnetenwatch_url":"https://www.abgeordnetenwatch.de/sachsen-anhalt/wahl-2011"},"politician":{"id":124253,"entity_type":"politician","label":"Matthias Höhn","api_url":"https://www.abgeordnetenwatch.de/api/v2/politicians/124253","abgeordnetenwatch_url":"https://www.abgeordnetenwatch.de/profile/matthias-hoehn"},"party":{"id":8,"entity_type":"party","label":"DIE LINKE","api_url":"https://www.abgeordnetenwatch.de/api/v2/parties/8"},"electoral_data":{"id":17531,"entity_type":"electoral_data","label":"Matthias Höhn (Sachsen-Anhalt Wahl 2011)","electoral_list":{},"list_position":4,"constituency":{"id":8621,"entity_type":"constituency","label":"41 - Querfurt (Sachsen-Anhalt Wahl 2011)","api_url":"https://www.abgeordnetenwatch.de/api/v2/constituencies/8621"},"mandate_won":"list"},"fraction_membership":{}},{"id":17530,"entity_type":"candidacy_mandate","label":"Matthias Höhn (Sachsen-Anhalt Wahl 2006)","api_url":"https://www.abgeordnetenwatch.de/api/v2/candidacies-mandates/17530","type":"candidacy","parliament_period":{"id":9,"entity_type":"parliament_period","label":"Sachsen-Anhalt Wahl 2006","api_url":"https://www.abgeordnetenwatch.de/api/v2/parliament-periods/9","abgeordnetenwatch_url":"https://www.abgeordnetenwatch.de/sachsen-anhalt/wahl-2006"},"politician":{"id":124253,"entity_type":"politician","label":"Matthias Höhn","api_url":"https://www.abgeordnetenwatch.de/api/v2/politicians/124253","abgeordnetenwatch_url":"https://www.abgeordnetenwatch.de/profile/matthias-hoehn"},"party":{"id":8,"entity_type":"party","label":"DIE LINKE","api_url":"https://www.abgeordnetenwatch.de/api/v2/parties/8"},"electoral_data":{"id":17530,"entity_type":"electoral_data","label":"Matthias Höhn (Sachsen-Anhalt Wahl 2006)","electoral_list":{},"constituency":{"id":8655,"entity_type":"constituency","label":"41 - Querfurt (Sachsen-Anhalt Wahl 2006)","api_url":"https://www.abgeordnetenwatch.de/api/v2/constituencies/8655"},"constituency_result":24.5},"fraction_membership":{}}]
