{"id":[132398],"entity_type":["politician"],"label":["Nikolas Löbel"],"api_url":["https://www.abgeordnetenwatch.de/api/v2/politicians/132398"],"abgeordnetenwatch_url":["https://www.abgeordnetenwatch.de/profile/nikolas-loebel"],"first_name":["Nikolas"],"last_name":["Löbel"],"birth_name":{},"sex":["m"],"year_of_birth":[1986],"party":{"id":[185],"entity_type":["party"],"label":["parteilos"],"api_url":["https://www.abgeordnetenwatch.de/api/v2/parties/185"]},"party_past":{},"deceased":{},"deceased_date":{},"education":["Master of Science (M.Sc.)"],"residence":{},"occupation":["MdB"],"statistic_questions":[45],"statistic_questions_answered":[33],"qid_wikidata":["Q21014891"],"field_title":{}}
