[{"id":42032,"entity_type":"candidacy_mandate","label":"Nikolas Löbel (Bundestag 2017 - 2021)","api_url":"https://www.abgeordnetenwatch.de/api/v2/candidacies-mandates/42032","id_external_administration":"2165","id_external_administration_description":"mdbID aus der info-xml-Datei der Bundestagsverwaltung","type":"mandate","parliament_period":{"id":111,"entity_type":"parliament_period","label":"Bundestag 2017 - 2021","api_url":"https://www.abgeordnetenwatch.de/api/v2/parliament-periods/111","abgeordnetenwatch_url":"https://www.abgeordnetenwatch.de/bundestag/19"},"politician":{"id":132398,"entity_type":"politician","label":"Nikolas Löbel","api_url":"https://www.abgeordnetenwatch.de/api/v2/politicians/132398","abgeordnetenwatch_url":"https://www.abgeordnetenwatch.de/profile/nikolas-loebel"},"end_date":"2021-03-08","electoral_data":{"id":42032,"entity_type":"electoral_data","label":"Nikolas Löbel (Bundestag 2017 - 2021)","list_position":1,"constituency":{"id":4399,"entity_type":"constituency","label":"275 - Mannheim (Bundestag 2017 - 2021)","api_url":"https://www.abgeordnetenwatch.de/api/v2/constituencies/4399"},"constituency_result":29.3,"mandate_won":"constituency"},"fraction_membership":[{"id":8843,"entity_type":"fraction_membership","label":"CDU/CSU","fraction":{"id":81,"entity_type":"fraction","label":"CDU/CSU (Bundestag 2017 - 2021)","api_url":"https://www.abgeordnetenwatch.de/api/v2/fractions/81"}}],"party":{}},{"id":21075,"entity_type":"candidacy_mandate","label":"Nikolas Löbel (Bundestag Wahl 2017)","api_url":"https://www.abgeordnetenwatch.de/api/v2/candidacies-mandates/21075","type":"candidacy","parliament_period":{"id":50,"entity_type":"parliament_period","label":"Bundestag Wahl 2017","api_url":"https://www.abgeordnetenwatch.de/api/v2/parliament-periods/50","abgeordnetenwatch_url":"https://www.abgeordnetenwatch.de/bundestag/wahl-2017"},"politician":{"id":132398,"entity_type":"politician","label":"Nikolas Löbel","api_url":"https://www.abgeordnetenwatch.de/api/v2/politicians/132398","abgeordnetenwatch_url":"https://www.abgeordnetenwatch.de/profile/nikolas-loebel"},"electoral_data":{"id":21075,"entity_type":"electoral_data","label":"Nikolas Löbel (Bundestag Wahl 2017)","constituency":{"id":9285,"entity_type":"constituency","label":"275 - Mannheim (Bundestag Wahl 2017)","api_url":"https://www.abgeordnetenwatch.de/api/v2/constituencies/9285"},"constituency_result":29.3,"mandate_won":"constituency"},"fraction_membership":{},"party":{"id":2,"entity_type":"party","label":"CDU","api_url":"https://www.abgeordnetenwatch.de/api/v2/parties/2"}},{"id":21074,"entity_type":"candidacy_mandate","label":"Nikolas Löbel (Baden-Württemberg Wahl 2011)","api_url":"https://www.abgeordnetenwatch.de/api/v2/candidacies-mandates/21074","type":"candidacy","parliament_period":{"id":28,"entity_type":"parliament_period","label":"Baden-Württemberg Wahl 2011","api_url":"https://www.abgeordnetenwatch.de/api/v2/parliament-periods/28","abgeordnetenwatch_url":"https://www.abgeordnetenwatch.de/baden-wuerttemberg/wahl-2011"},"politician":{"id":132398,"entity_type":"politician","label":"Nikolas Löbel","api_url":"https://www.abgeordnetenwatch.de/api/v2/politicians/132398","abgeordnetenwatch_url":"https://www.abgeordnetenwatch.de/profile/nikolas-loebel"},"electoral_data":{"id":21074,"entity_type":"electoral_data","label":"Nikolas Löbel (Baden-Württemberg Wahl 2011)","constituency":{"id":5818,"entity_type":"constituency","label":"35 - Mannheim I (Baden-Württemberg Wahl 2011)","api_url":"https://www.abgeordnetenwatch.de/api/v2/constituencies/5818"}},"fraction_membership":{},"party":{"id":2,"entity_type":"party","label":"CDU","api_url":"https://www.abgeordnetenwatch.de/api/v2/parties/2"}}]
