[{"id":53767,"entity_type":"candidacy_mandate","label":"Sylvia Lehmann (Bundestag 2021 - 2025)","api_url":"https://www.abgeordnetenwatch.de/api/v2/candidacies-mandates/53767","id_external_administration":"2295","id_external_administration_description":"mdbID aus der info-xml-Datei der Bundestagsverwaltung","type":"mandate","parliament_period":{"id":132,"entity_type":"parliament_period","label":"Bundestag 2021 - 2025","api_url":"https://www.abgeordnetenwatch.de/api/v2/parliament-periods/132","abgeordnetenwatch_url":"https://www.abgeordnetenwatch.de/bundestag"},"politician":{"id":133049,"entity_type":"politician","label":"Sylvia Lehmann","api_url":"https://www.abgeordnetenwatch.de/api/v2/politicians/133049","abgeordnetenwatch_url":"https://www.abgeordnetenwatch.de/profile/sylvia-lehmann"},"electoral_data":{"id":54691,"entity_type":"electoral_data","label":"Sylvia Lehmann (Bundestag 2021 - 2025)","electoral_list":{"id":413,"entity_type":"electoral_list","label":"Landesliste Brandenburg (Bundestag 2021 - 2025)","api_url":"https://www.abgeordnetenwatch.de/api/v2/electoral-lists/413"},"list_position":4,"constituency":{"id":10802,"entity_type":"constituency","label":"62 - Dahme-Spreewald - Teltow-Fläming III - Oberspreewald-Lausitz I (Bundestag 2021 - 2025)","api_url":"https://www.abgeordnetenwatch.de/api/v2/constituencies/10802"},"constituency_result":26,"mandate_won":"constituency"},"fraction_membership":[{"id":9614,"entity_type":"fraction_membership","label":"SPD","fraction":{"id":319,"entity_type":"fraction","label":"SPD (Bundestag 2021 - 2025)","api_url":"https://www.abgeordnetenwatch.de/api/v2/fractions/319"}}],"party":{}},{"id":48585,"entity_type":"candidacy_mandate","label":"Sylvia Lehmann (Bundestag Wahl 2021)","api_url":"https://www.abgeordnetenwatch.de/api/v2/candidacies-mandates/48585","type":"candidacy","parliament_period":{"id":128,"entity_type":"parliament_period","label":"Bundestag Wahl 2021","api_url":"https://www.abgeordnetenwatch.de/api/v2/parliament-periods/128","abgeordnetenwatch_url":"https://www.abgeordnetenwatch.de/bundestag/wahl-2021"},"politician":{"id":133049,"entity_type":"politician","label":"Sylvia Lehmann","api_url":"https://www.abgeordnetenwatch.de/api/v2/politicians/133049","abgeordnetenwatch_url":"https://www.abgeordnetenwatch.de/profile/sylvia-lehmann"},"electoral_data":{"id":49507,"entity_type":"electoral_data","label":"Sylvia Lehmann (Bundestag Wahl 2021)","electoral_list":{"id":356,"entity_type":"electoral_list","label":"Landesliste Brandenburg (Bundestag Wahl 2021)","api_url":"https://www.abgeordnetenwatch.de/api/v2/electoral-lists/356"},"list_position":4,"constituency":{"id":10119,"entity_type":"constituency","label":"62 - Dahme-Spreewald - Teltow-Fläming III - Oberspreewald-Lausitz I (Bundestag Wahl 2021)","api_url":"https://www.abgeordnetenwatch.de/api/v2/constituencies/10119"},"constituency_result":26.5},"fraction_membership":{},"party":{"id":1,"entity_type":"party","label":"SPD","api_url":"https://www.abgeordnetenwatch.de/api/v2/parties/1"}},{"id":46259,"entity_type":"candidacy_mandate","label":"Sylvia Lehmann (Bundestag 2017 - 2021)","api_url":"https://www.abgeordnetenwatch.de/api/v2/candidacies-mandates/46259","id_external_administration":"2295","id_external_administration_description":"mdbID - ID der Bundestagsverwaltung","type":"mandate","parliament_period":{"id":111,"entity_type":"parliament_period","label":"Bundestag 2017 - 2021","api_url":"https://www.abgeordnetenwatch.de/api/v2/parliament-periods/111","abgeordnetenwatch_url":"https://www.abgeordnetenwatch.de/bundestag/19"},"politician":{"id":133049,"entity_type":"politician","label":"Sylvia Lehmann","api_url":"https://www.abgeordnetenwatch.de/api/v2/politicians/133049","abgeordnetenwatch_url":"https://www.abgeordnetenwatch.de/profile/sylvia-lehmann"},"start_date":"2019-12-03","electoral_data":{"id":46259,"entity_type":"electoral_data","label":"Sylvia Lehmann (Bundestag 2017 - 2021)","electoral_list":{"id":109,"entity_type":"electoral_list","label":"Landesliste Brandenburg (Bundestag 2017 - 2021)","api_url":"https://www.abgeordnetenwatch.de/api/v2/electoral-lists/109"},"list_position":2,"constituency":{"id":4186,"entity_type":"constituency","label":"62 - Dahme-Spreewald - Teltow-Fläming III - Oberspreewald-Lausitz I (Bundestag 2017 - 2021)","api_url":"https://www.abgeordnetenwatch.de/api/v2/constituencies/4186"},"constituency_result":19.6,"mandate_won":"moved_up"},"fraction_membership":[{"id":8559,"entity_type":"fraction_membership","label":"SPD","fraction":{"id":22,"entity_type":"fraction","label":"SPD (Bundestag 2017 - 2021)","api_url":"https://www.abgeordnetenwatch.de/api/v2/fractions/22"}}],"party":{}},{"id":46016,"entity_type":"candidacy_mandate","label":"Sylvia Lehmann (Brandenburg 2014-2019)","api_url":"https://www.abgeordnetenwatch.de/api/v2/candidacies-mandates/46016","type":"mandate","parliament_period":{"id":102,"entity_type":"parliament_period","label":"Brandenburg 2014 - 2019","api_url":"https://www.abgeordnetenwatch.de/api/v2/parliament-periods/102","abgeordnetenwatch_url":"https://www.abgeordnetenwatch.de/brandenburg/6"},"politician":{"id":133049,"entity_type":"politician","label":"Sylvia Lehmann","api_url":"https://www.abgeordnetenwatch.de/api/v2/politicians/133049","abgeordnetenwatch_url":"https://www.abgeordnetenwatch.de/profile/sylvia-lehmann"},"electoral_data":{"id":46016,"entity_type":"electoral_data","label":"Sylvia Lehmann (Brandenburg 2014 - 2019)","electoral_list":{"id":1,"entity_type":"electoral_list","label":"Landesliste (Brandenburg 2014-2019)","api_url":"https://www.abgeordnetenwatch.de/api/v2/electoral-lists/1"},"list_position":8,"constituency":{"id":598,"entity_type":"constituency","label":"28 - Dahme-Spreewald III (Brandenburg 2014-2019)","api_url":"https://www.abgeordnetenwatch.de/api/v2/constituencies/598"},"constituency_result":37.2,"mandate_won":"constituency"},"fraction_membership":[{"id":8281,"entity_type":"fraction_membership","label":"SPD","fraction":{"id":62,"entity_type":"fraction","label":"SPD (Brandenburg 2014-2019)","api_url":"https://www.abgeordnetenwatch.de/api/v2/fractions/62"}}],"party":{}},{"id":42175,"entity_type":"candidacy_mandate","label":"Sylvia Lehmann (Brandenburg 2009-2014)","api_url":"https://www.abgeordnetenwatch.de/api/v2/candidacies-mandates/42175","type":"mandate","parliament_period":{"id":82,"entity_type":"parliament_period","label":"Brandenburg 2009 - 2014","api_url":"https://www.abgeordnetenwatch.de/api/v2/parliament-periods/82","abgeordnetenwatch_url":"https://www.abgeordnetenwatch.de/brandenburg/5"},"politician":{"id":133049,"entity_type":"politician","label":"Sylvia Lehmann","api_url":"https://www.abgeordnetenwatch.de/api/v2/politicians/133049","abgeordnetenwatch_url":"https://www.abgeordnetenwatch.de/profile/sylvia-lehmann"},"electoral_data":{"id":42175,"entity_type":"electoral_data","label":"Sylvia Lehmann (Brandenburg 2009 - 2014)","electoral_list":{},"constituency":{"id":621,"entity_type":"constituency","label":"28 - Dahme-Spreewald III (Brandenburg 2009-2014)","api_url":"https://www.abgeordnetenwatch.de/api/v2/constituencies/621"}},"fraction_membership":[{"id":4406,"entity_type":"fraction_membership","label":"SPD","fraction":{"id":65,"entity_type":"fraction","label":"SPD (Brandenburg 2009-2014)","api_url":"https://www.abgeordnetenwatch.de/api/v2/fractions/65"}}],"party":{}},{"id":36951,"entity_type":"candidacy_mandate","label":"Sylvia Lehmann (Bundestag Wahl 2017)","api_url":"https://www.abgeordnetenwatch.de/api/v2/candidacies-mandates/36951","type":"candidacy","parliament_period":{"id":50,"entity_type":"parliament_period","label":"Bundestag Wahl 2017","api_url":"https://www.abgeordnetenwatch.de/api/v2/parliament-periods/50","abgeordnetenwatch_url":"https://www.abgeordnetenwatch.de/bundestag/wahl-2017"},"politician":{"id":133049,"entity_type":"politician","label":"Sylvia Lehmann","api_url":"https://www.abgeordnetenwatch.de/api/v2/politicians/133049","abgeordnetenwatch_url":"https://www.abgeordnetenwatch.de/profile/sylvia-lehmann"},"electoral_data":{"id":36951,"entity_type":"electoral_data","label":"Sylvia Lehmann (Bundestag Wahl 2017)","electoral_list":{"id":268,"entity_type":"electoral_list","label":"Landesliste Brandenburg (Bundestag Wahl 2017)","api_url":"https://www.abgeordnetenwatch.de/api/v2/electoral-lists/268"},"list_position":5,"constituency":{"id":9072,"entity_type":"constituency","label":"62 - Dahme-Spreewald - Teltow-Fläming III - Oberspreewald-Lausitz I (Bundestag Wahl 2017)","api_url":"https://www.abgeordnetenwatch.de/api/v2/constituencies/9072"}},"fraction_membership":{},"party":{"id":1,"entity_type":"party","label":"SPD","api_url":"https://www.abgeordnetenwatch.de/api/v2/parties/1"}},{"id":21743,"entity_type":"candidacy_mandate","label":"Sylvia Lehmann (Bundestag Wahl 2017)","api_url":"https://www.abgeordnetenwatch.de/api/v2/candidacies-mandates/21743","type":"candidacy","parliament_period":{"id":50,"entity_type":"parliament_period","label":"Bundestag Wahl 2017","api_url":"https://www.abgeordnetenwatch.de/api/v2/parliament-periods/50","abgeordnetenwatch_url":"https://www.abgeordnetenwatch.de/bundestag/wahl-2017"},"politician":{"id":133049,"entity_type":"politician","label":"Sylvia Lehmann","api_url":"https://www.abgeordnetenwatch.de/api/v2/politicians/133049","abgeordnetenwatch_url":"https://www.abgeordnetenwatch.de/profile/sylvia-lehmann"},"start_date":"2019-12-03","electoral_data":{"id":21743,"entity_type":"electoral_data","label":"Sylvia Lehmann (Bundestag Wahl 2017)","electoral_list":{"id":268,"entity_type":"electoral_list","label":"Landesliste Brandenburg (Bundestag Wahl 2017)","api_url":"https://www.abgeordnetenwatch.de/api/v2/electoral-lists/268"},"list_position":5,"constituency":{"id":9072,"entity_type":"constituency","label":"62 - Dahme-Spreewald - Teltow-Fläming III - Oberspreewald-Lausitz I (Bundestag Wahl 2017)","api_url":"https://www.abgeordnetenwatch.de/api/v2/constituencies/9072"},"constituency_result":19.6},"fraction_membership":{},"party":{"id":1,"entity_type":"party","label":"SPD","api_url":"https://www.abgeordnetenwatch.de/api/v2/parties/1"}},{"id":21742,"entity_type":"candidacy_mandate","label":"Sylvia Lehmann (Brandenburg Wahl 2014)","api_url":"https://www.abgeordnetenwatch.de/api/v2/candidacies-mandates/21742","type":"candidacy","parliament_period":{"id":41,"entity_type":"parliament_period","label":"Brandenburg Wahl 2014","api_url":"https://www.abgeordnetenwatch.de/api/v2/parliament-periods/41","abgeordnetenwatch_url":"https://www.abgeordnetenwatch.de/brandenburg/wahl-2014"},"politician":{"id":133049,"entity_type":"politician","label":"Sylvia Lehmann","api_url":"https://www.abgeordnetenwatch.de/api/v2/politicians/133049","abgeordnetenwatch_url":"https://www.abgeordnetenwatch.de/profile/sylvia-lehmann"},"electoral_data":{"id":21742,"entity_type":"electoral_data","label":"Sylvia Lehmann (Brandenburg Wahl 2014)","electoral_list":{"id":160,"entity_type":"electoral_list","label":"Landesliste (Brandenburg Wahl 2014)","api_url":"https://www.abgeordnetenwatch.de/api/v2/electoral-lists/160"},"list_position":8,"constituency":{"id":5484,"entity_type":"constituency","label":"28 - Dahme-Spreewald III (Brandenburg Wahl 2014)","api_url":"https://www.abgeordnetenwatch.de/api/v2/constituencies/5484"},"constituency_result":37.2,"mandate_won":"constituency"},"fraction_membership":{},"party":{"id":1,"entity_type":"party","label":"SPD","api_url":"https://www.abgeordnetenwatch.de/api/v2/parties/1"}},{"id":21741,"entity_type":"candidacy_mandate","label":"Sylvia Lehmann (Brandenburg Wahl 2009)","api_url":"https://www.abgeordnetenwatch.de/api/v2/candidacies-mandates/21741","type":"candidacy","parliament_period":{"id":21,"entity_type":"parliament_period","label":"Brandenburg Wahl 2009","api_url":"https://www.abgeordnetenwatch.de/api/v2/parliament-periods/21","abgeordnetenwatch_url":"https://www.abgeordnetenwatch.de/brandenburg/wahl-2009"},"politician":{"id":133049,"entity_type":"politician","label":"Sylvia Lehmann","api_url":"https://www.abgeordnetenwatch.de/api/v2/politicians/133049","abgeordnetenwatch_url":"https://www.abgeordnetenwatch.de/profile/sylvia-lehmann"},"electoral_data":{"id":21741,"entity_type":"electoral_data","label":"Sylvia Lehmann (Brandenburg Wahl 2009)","electoral_list":{},"constituency":{"id":5507,"entity_type":"constituency","label":"28 - Dahme-Spreewald III (Brandenburg Wahl 2009)","api_url":"https://www.abgeordnetenwatch.de/api/v2/constituencies/5507"},"constituency_result":27.6,"mandate_won":"constituency"},"fraction_membership":{},"party":{"id":1,"entity_type":"party","label":"SPD","api_url":"https://www.abgeordnetenwatch.de/api/v2/parties/1"}}]
