[{"id":46230,"entity_type":"candidacy_mandate","label":"Margarete Bause (Bundestag 2017 - 2021)","api_url":"https://www.abgeordnetenwatch.de/api/v2/candidacies-mandates/46230","id_external_administration":"2027","id_external_administration_description":"mdbID - ID der Bundestagsverwaltung","type":"mandate","parliament_period":{"id":111,"entity_type":"parliament_period","label":"Bundestag 2017 - 2021","api_url":"https://www.abgeordnetenwatch.de/api/v2/parliament-periods/111","abgeordnetenwatch_url":"https://www.abgeordnetenwatch.de/bundestag/19"},"politician":{"id":133670,"entity_type":"politician","label":"Margarete Bause","api_url":"https://www.abgeordnetenwatch.de/api/v2/politicians/133670","abgeordnetenwatch_url":"https://www.abgeordnetenwatch.de/profile/margarete-bause"},"electoral_data":{"id":46230,"entity_type":"electoral_data","label":"Margarete Bause (Bundestag 2017 - 2021)","electoral_list":{"id":107,"entity_type":"electoral_list","label":"Landesliste Bayern (Bundestag 2017 - 2021)","api_url":"https://www.abgeordnetenwatch.de/api/v2/electoral-lists/107"},"list_position":9,"constituency":{"id":4342,"entity_type":"constituency","label":"218 - München-Ost (Bundestag 2017 - 2021)","api_url":"https://www.abgeordnetenwatch.de/api/v2/constituencies/4342"},"constituency_result":15.2,"mandate_won":"list"},"fraction_membership":[{"id":8529,"entity_type":"fraction_membership","label":"DIE GRÜNEN","fraction":{"id":153,"entity_type":"fraction","label":"DIE GRÜNEN (Bundestag 2017 - 2021)","api_url":"https://www.abgeordnetenwatch.de/api/v2/fractions/153"}}],"party":{}},{"id":42446,"entity_type":"candidacy_mandate","label":"Margarete Bause (Bayern 2013-2018)","api_url":"https://www.abgeordnetenwatch.de/api/v2/candidacies-mandates/42446","type":"mandate","parliament_period":{"id":99,"entity_type":"parliament_period","label":"Bayern 2013 - 2018","api_url":"https://www.abgeordnetenwatch.de/api/v2/parliament-periods/99","abgeordnetenwatch_url":"https://www.abgeordnetenwatch.de/bayern/17"},"politician":{"id":133670,"entity_type":"politician","label":"Margarete Bause","api_url":"https://www.abgeordnetenwatch.de/api/v2/politicians/133670","abgeordnetenwatch_url":"https://www.abgeordnetenwatch.de/profile/margarete-bause"},"end_date":"2017-10-24","electoral_data":{"id":42446,"entity_type":"electoral_data","label":"Margarete Bause (Bayern 2013 - 2018)","electoral_list":{"id":10,"entity_type":"electoral_list","label":"Wahlkreisliste Mittelfranken (Bayern 2013-2018)","api_url":"https://www.abgeordnetenwatch.de/api/v2/electoral-lists/10"},"constituency":{"id":93,"entity_type":"constituency","label":"108 - München-Schwabing (Bayern 2013-2018)","api_url":"https://www.abgeordnetenwatch.de/api/v2/constituencies/93"},"constituency_result":17.7,"mandate_won":"list"},"fraction_membership":[{"id":4678,"entity_type":"fraction_membership","label":"DIE GRÜNEN","fraction":{"id":174,"entity_type":"fraction","label":"DIE GRÜNEN (Bayern 2013-2018)","api_url":"https://www.abgeordnetenwatch.de/api/v2/fractions/174"}}],"party":{}},{"id":42445,"entity_type":"candidacy_mandate","label":"Margarete Bause (Bayern 2008-2013)","api_url":"https://www.abgeordnetenwatch.de/api/v2/candidacies-mandates/42445","type":"mandate","parliament_period":{"id":77,"entity_type":"parliament_period","label":"Bayern 2008 - 2013","api_url":"https://www.abgeordnetenwatch.de/api/v2/parliament-periods/77","abgeordnetenwatch_url":"https://www.abgeordnetenwatch.de/bayern/16"},"politician":{"id":133670,"entity_type":"politician","label":"Margarete Bause","api_url":"https://www.abgeordnetenwatch.de/api/v2/politicians/133670","abgeordnetenwatch_url":"https://www.abgeordnetenwatch.de/profile/margarete-bause"},"start_date":"2003-10-06","electoral_data":{"id":42445,"entity_type":"electoral_data","label":"Margarete Bause (Bayern 2008 - 2013)","electoral_list":{},"constituency":{"id":1025,"entity_type":"constituency","label":"108 - München-Schwabing (Bayern 2008-2013)","api_url":"https://www.abgeordnetenwatch.de/api/v2/constituencies/1025"}},"fraction_membership":[{"id":4677,"entity_type":"fraction_membership","label":"DIE GRÜNEN","fraction":{"id":158,"entity_type":"fraction","label":"DIE GRÜNEN (Bayern 2008-2013)","api_url":"https://www.abgeordnetenwatch.de/api/v2/fractions/158"}}],"party":{}},{"id":22393,"entity_type":"candidacy_mandate","label":"Margarete Bause (Bundestag Wahl 2017)","api_url":"https://www.abgeordnetenwatch.de/api/v2/candidacies-mandates/22393","type":"candidacy","parliament_period":{"id":50,"entity_type":"parliament_period","label":"Bundestag Wahl 2017","api_url":"https://www.abgeordnetenwatch.de/api/v2/parliament-periods/50","abgeordnetenwatch_url":"https://www.abgeordnetenwatch.de/bundestag/wahl-2017"},"politician":{"id":133670,"entity_type":"politician","label":"Margarete Bause","api_url":"https://www.abgeordnetenwatch.de/api/v2/politicians/133670","abgeordnetenwatch_url":"https://www.abgeordnetenwatch.de/profile/margarete-bause"},"electoral_data":{"id":22393,"entity_type":"electoral_data","label":"Margarete Bause (Bundestag Wahl 2017)","electoral_list":{"id":266,"entity_type":"electoral_list","label":"Landesliste Bayern (Bundestag Wahl 2017)","api_url":"https://www.abgeordnetenwatch.de/api/v2/electoral-lists/266"},"list_position":9,"constituency":{"id":9228,"entity_type":"constituency","label":"218 - München-Ost (Bundestag Wahl 2017)","api_url":"https://www.abgeordnetenwatch.de/api/v2/constituencies/9228"},"constituency_result":15.2,"mandate_won":"list"},"fraction_membership":{},"party":{"id":5,"entity_type":"party","label":"Bündnis 90/Die Grünen","api_url":"https://www.abgeordnetenwatch.de/api/v2/parties/5"}},{"id":22392,"entity_type":"candidacy_mandate","label":"Margarete Bause (Bayern Wahl 2013)","api_url":"https://www.abgeordnetenwatch.de/api/v2/candidacies-mandates/22392","type":"candidacy","parliament_period":{"id":38,"entity_type":"parliament_period","label":"Bayern Wahl 2013","api_url":"https://www.abgeordnetenwatch.de/api/v2/parliament-periods/38","abgeordnetenwatch_url":"https://www.abgeordnetenwatch.de/bayern/wahl-2013"},"politician":{"id":133670,"entity_type":"politician","label":"Margarete Bause","api_url":"https://www.abgeordnetenwatch.de/api/v2/politicians/133670","abgeordnetenwatch_url":"https://www.abgeordnetenwatch.de/profile/margarete-bause"},"electoral_data":{"id":22392,"entity_type":"electoral_data","label":"Margarete Bause (Bayern Wahl 2013)","electoral_list":{"id":171,"entity_type":"electoral_list","label":"Wahlkreisliste Oberbayern (Bayern Wahl 2013)","api_url":"https://www.abgeordnetenwatch.de/api/v2/electoral-lists/171"},"list_position":1,"constituency":{"id":4979,"entity_type":"constituency","label":"108 - München-Schwabing (Bayern Wahl 2013)","api_url":"https://www.abgeordnetenwatch.de/api/v2/constituencies/4979"},"constituency_result":17.7,"mandate_won":"list"},"fraction_membership":{},"party":{"id":5,"entity_type":"party","label":"Bündnis 90/Die Grünen","api_url":"https://www.abgeordnetenwatch.de/api/v2/parties/5"}},{"id":22391,"entity_type":"candidacy_mandate","label":"Margarete Bause (Bayern Wahl 2008)","api_url":"https://www.abgeordnetenwatch.de/api/v2/candidacies-mandates/22391","type":"candidacy","parliament_period":{"id":16,"entity_type":"parliament_period","label":"Bayern Wahl 2008","api_url":"https://www.abgeordnetenwatch.de/api/v2/parliament-periods/16","abgeordnetenwatch_url":"https://www.abgeordnetenwatch.de/bayern/wahl-2008"},"politician":{"id":133670,"entity_type":"politician","label":"Margarete Bause","api_url":"https://www.abgeordnetenwatch.de/api/v2/politicians/133670","abgeordnetenwatch_url":"https://www.abgeordnetenwatch.de/profile/margarete-bause"},"electoral_data":{"id":22391,"entity_type":"electoral_data","label":"Margarete Bause (Bayern Wahl 2008)","electoral_list":{"id":174,"entity_type":"electoral_list","label":"Wahlkreis Oberbayern - Ohne Stimmkreis (Bayern Wahl 2008)","api_url":"https://www.abgeordnetenwatch.de/api/v2/electoral-lists/174"},"list_position":3,"constituency":{"id":5911,"entity_type":"constituency","label":"108 - München-Schwabing (Bayern Wahl 2008)","api_url":"https://www.abgeordnetenwatch.de/api/v2/constituencies/5911"}},"fraction_membership":{},"party":{"id":5,"entity_type":"party","label":"Bündnis 90/Die Grünen","api_url":"https://www.abgeordnetenwatch.de/api/v2/parties/5"}}]
