{"id":[133670],"entity_type":["politician"],"label":["Margarete Bause"],"api_url":["https://www.abgeordnetenwatch.de/api/v2/politicians/133670"],"abgeordnetenwatch_url":["https://www.abgeordnetenwatch.de/profile/margarete-bause"],"first_name":["Margarete"],"last_name":["Bause"],"birth_name":{},"sex":["f"],"year_of_birth":[1959],"party":{"id":[5],"entity_type":["party"],"label":["Bündnis 90/Die Grünen"],"api_url":["https://www.abgeordnetenwatch.de/api/v2/parties/5"]},"party_past":{},"deceased":{},"deceased_date":{},"education":["Dipl. Soziologin"],"residence":{},"occupation":["MdB"],"statistic_questions":[35],"statistic_questions_answered":[28],"qid_wikidata":["Q1894938"],"field_title":{}}
