[{"id":53638,"entity_type":"candidacy_mandate","label":"Thomas Hacker (Bundestag 2021 - 2025)","api_url":"https://www.abgeordnetenwatch.de/api/v2/candidacies-mandates/53638","id_external_administration":"2094","id_external_administration_description":"mdbID aus der info-xml-Datei der Bundestagsverwaltung","type":"mandate","parliament_period":{"id":132,"entity_type":"parliament_period","label":"Bundestag 2021 - 2025","api_url":"https://www.abgeordnetenwatch.de/api/v2/parliament-periods/132","abgeordnetenwatch_url":"https://www.abgeordnetenwatch.de/bundestag"},"politician":{"id":134283,"entity_type":"politician","label":"Thomas Hacker","api_url":"https://www.abgeordnetenwatch.de/api/v2/politicians/134283","abgeordnetenwatch_url":"https://www.abgeordnetenwatch.de/profile/thomas-hacker"},"electoral_data":{"id":54562,"entity_type":"electoral_data","label":"Thomas Hacker (Bundestag 2021 - 2025)","electoral_list":{"id":411,"entity_type":"electoral_list","label":"Landesliste Bayern (Bundestag 2021 - 2025)","api_url":"https://www.abgeordnetenwatch.de/api/v2/electoral-lists/411"},"list_position":13,"constituency":{"id":10977,"entity_type":"constituency","label":"237 - Bayreuth (Bundestag 2021 - 2025)","api_url":"https://www.abgeordnetenwatch.de/api/v2/constituencies/10977"},"constituency_result":7.2,"mandate_won":"list"},"fraction_membership":[{"id":9485,"entity_type":"fraction_membership","label":"FDP","fraction":{"id":322,"entity_type":"fraction","label":"FDP (Bundestag 2021 - 2025)","api_url":"https://www.abgeordnetenwatch.de/api/v2/fractions/322"}}],"party":{}},{"id":49455,"entity_type":"candidacy_mandate","label":"Thomas Hacker (Bundestag Wahl 2021)","api_url":"https://www.abgeordnetenwatch.de/api/v2/candidacies-mandates/49455","type":"candidacy","parliament_period":{"id":128,"entity_type":"parliament_period","label":"Bundestag Wahl 2021","api_url":"https://www.abgeordnetenwatch.de/api/v2/parliament-periods/128","abgeordnetenwatch_url":"https://www.abgeordnetenwatch.de/bundestag/wahl-2021"},"politician":{"id":134283,"entity_type":"politician","label":"Thomas Hacker","api_url":"https://www.abgeordnetenwatch.de/api/v2/politicians/134283","abgeordnetenwatch_url":"https://www.abgeordnetenwatch.de/profile/thomas-hacker"},"electoral_data":{"id":50377,"entity_type":"electoral_data","label":"Thomas Hacker (Bundestag Wahl 2021)","electoral_list":{"id":357,"entity_type":"electoral_list","label":"Landesliste Bayern (Bundestag Wahl 2021)","api_url":"https://www.abgeordnetenwatch.de/api/v2/electoral-lists/357"},"list_position":13,"constituency":{"id":10294,"entity_type":"constituency","label":"237 - Bayreuth (Bundestag Wahl 2021)","api_url":"https://www.abgeordnetenwatch.de/api/v2/constituencies/10294"},"constituency_result":7.2,"constituency_result_count":9180},"fraction_membership":{},"party":{"id":4,"entity_type":"party","label":"FDP","api_url":"https://www.abgeordnetenwatch.de/api/v2/parties/4"}},{"id":44041,"entity_type":"candidacy_mandate","label":"Thomas Hacker (Bundestag 2017 - 2021)","api_url":"https://www.abgeordnetenwatch.de/api/v2/candidacies-mandates/44041","id_external_administration":"2094","id_external_administration_description":"mdbID - ID der Bundestagsverwaltung","type":"mandate","parliament_period":{"id":111,"entity_type":"parliament_period","label":"Bundestag 2017 - 2021","api_url":"https://www.abgeordnetenwatch.de/api/v2/parliament-periods/111","abgeordnetenwatch_url":"https://www.abgeordnetenwatch.de/bundestag/19"},"politician":{"id":134283,"entity_type":"politician","label":"Thomas Hacker","api_url":"https://www.abgeordnetenwatch.de/api/v2/politicians/134283","abgeordnetenwatch_url":"https://www.abgeordnetenwatch.de/profile/thomas-hacker"},"electoral_data":{"id":44041,"entity_type":"electoral_data","label":"Thomas Hacker (Bundestag 2017 - 2021)","electoral_list":{"id":107,"entity_type":"electoral_list","label":"Landesliste Bayern (Bundestag 2017 - 2021)","api_url":"https://www.abgeordnetenwatch.de/api/v2/electoral-lists/107"},"list_position":10,"constituency":{"id":4361,"entity_type":"constituency","label":"237 - Bayreuth (Bundestag 2017 - 2021)","api_url":"https://www.abgeordnetenwatch.de/api/v2/constituencies/4361"},"constituency_result":6.6,"mandate_won":"list"},"fraction_membership":[{"id":6275,"entity_type":"fraction_membership","label":"FDP","fraction":{"id":14,"entity_type":"fraction","label":"FDP (Bundestag 2017 - 2021)","api_url":"https://www.abgeordnetenwatch.de/api/v2/fractions/14"}}],"party":{}},{"id":42623,"entity_type":"candidacy_mandate","label":"Thomas Hacker (Bayern 2008-2013)","api_url":"https://www.abgeordnetenwatch.de/api/v2/candidacies-mandates/42623","type":"mandate","parliament_period":{"id":77,"entity_type":"parliament_period","label":"Bayern 2008 - 2013","api_url":"https://www.abgeordnetenwatch.de/api/v2/parliament-periods/77","abgeordnetenwatch_url":"https://www.abgeordnetenwatch.de/bayern/16"},"politician":{"id":134283,"entity_type":"politician","label":"Thomas Hacker","api_url":"https://www.abgeordnetenwatch.de/api/v2/politicians/134283","abgeordnetenwatch_url":"https://www.abgeordnetenwatch.de/profile/thomas-hacker"},"start_date":"2008-10-20","electoral_data":{"id":42623,"entity_type":"electoral_data","label":"Thomas Hacker (Bayern 2008 - 2013)","electoral_list":{},"constituency":{"id":2515,"entity_type":"constituency","label":"403 - Bayreuth (Bayern 2008-2013)","api_url":"https://www.abgeordnetenwatch.de/api/v2/constituencies/2515"}},"fraction_membership":[{"id":4855,"entity_type":"fraction_membership","label":"FDP","fraction":{"id":165,"entity_type":"fraction","label":"FDP (Bayern 2008-2013)","api_url":"https://www.abgeordnetenwatch.de/api/v2/fractions/165"}}],"party":{}},{"id":23228,"entity_type":"candidacy_mandate","label":"Thomas Hacker (Bundestag Wahl 2017)","api_url":"https://www.abgeordnetenwatch.de/api/v2/candidacies-mandates/23228","type":"candidacy","parliament_period":{"id":50,"entity_type":"parliament_period","label":"Bundestag Wahl 2017","api_url":"https://www.abgeordnetenwatch.de/api/v2/parliament-periods/50","abgeordnetenwatch_url":"https://www.abgeordnetenwatch.de/bundestag/wahl-2017"},"politician":{"id":134283,"entity_type":"politician","label":"Thomas Hacker","api_url":"https://www.abgeordnetenwatch.de/api/v2/politicians/134283","abgeordnetenwatch_url":"https://www.abgeordnetenwatch.de/profile/thomas-hacker"},"electoral_data":{"id":23228,"entity_type":"electoral_data","label":"Thomas Hacker (Bundestag Wahl 2017)","electoral_list":{"id":266,"entity_type":"electoral_list","label":"Landesliste Bayern (Bundestag Wahl 2017)","api_url":"https://www.abgeordnetenwatch.de/api/v2/electoral-lists/266"},"list_position":10,"constituency":{"id":9247,"entity_type":"constituency","label":"237 - Bayreuth (Bundestag Wahl 2017)","api_url":"https://www.abgeordnetenwatch.de/api/v2/constituencies/9247"},"constituency_result":6.6,"mandate_won":"list"},"fraction_membership":{},"party":{"id":4,"entity_type":"party","label":"FDP","api_url":"https://www.abgeordnetenwatch.de/api/v2/parties/4"}},{"id":23227,"entity_type":"candidacy_mandate","label":"Thomas Hacker (Bayern Wahl 2013)","api_url":"https://www.abgeordnetenwatch.de/api/v2/candidacies-mandates/23227","type":"candidacy","parliament_period":{"id":38,"entity_type":"parliament_period","label":"Bayern Wahl 2013","api_url":"https://www.abgeordnetenwatch.de/api/v2/parliament-periods/38","abgeordnetenwatch_url":"https://www.abgeordnetenwatch.de/bayern/wahl-2013"},"politician":{"id":134283,"entity_type":"politician","label":"Thomas Hacker","api_url":"https://www.abgeordnetenwatch.de/api/v2/politicians/134283","abgeordnetenwatch_url":"https://www.abgeordnetenwatch.de/profile/thomas-hacker"},"electoral_data":{"id":23227,"entity_type":"electoral_data","label":"Thomas Hacker (Bayern Wahl 2013)","electoral_list":{"id":234,"entity_type":"electoral_list","label":"Wahlkreisliste Oberfranken (Bayern Wahl 2013)","api_url":"https://www.abgeordnetenwatch.de/api/v2/electoral-lists/234"},"list_position":1,"constituency":{"id":4968,"entity_type":"constituency","label":"403 - Bayreuth (Bayern Wahl 2013)","api_url":"https://www.abgeordnetenwatch.de/api/v2/constituencies/4968"},"constituency_result":5.4},"fraction_membership":{},"party":{"id":4,"entity_type":"party","label":"FDP","api_url":"https://www.abgeordnetenwatch.de/api/v2/parties/4"}},{"id":23226,"entity_type":"candidacy_mandate","label":"Thomas Hacker (Bayern Wahl 2008)","api_url":"https://www.abgeordnetenwatch.de/api/v2/candidacies-mandates/23226","type":"candidacy","parliament_period":{"id":16,"entity_type":"parliament_period","label":"Bayern Wahl 2008","api_url":"https://www.abgeordnetenwatch.de/api/v2/parliament-periods/16","abgeordnetenwatch_url":"https://www.abgeordnetenwatch.de/bayern/wahl-2008"},"politician":{"id":134283,"entity_type":"politician","label":"Thomas Hacker","api_url":"https://www.abgeordnetenwatch.de/api/v2/politicians/134283","abgeordnetenwatch_url":"https://www.abgeordnetenwatch.de/profile/thomas-hacker"},"electoral_data":{"id":23226,"entity_type":"electoral_data","label":"Thomas Hacker (Bayern Wahl 2008)","electoral_list":{"id":240,"entity_type":"electoral_list","label":"Wahlkreis Oberfranken - Ohne Stimmkreis (Bayern Wahl 2008)","api_url":"https://www.abgeordnetenwatch.de/api/v2/electoral-lists/240"},"list_position":1,"constituency":{"id":7401,"entity_type":"constituency","label":"403 - Bayreuth (Bayern Wahl 2008)","api_url":"https://www.abgeordnetenwatch.de/api/v2/constituencies/7401"}},"fraction_membership":{},"party":{"id":4,"entity_type":"party","label":"FDP","api_url":"https://www.abgeordnetenwatch.de/api/v2/parties/4"}}]
