[{"id":49848,"entity_type":"candidacy_mandate","label":"Hans-Jürgen Irmer (Bundestag Wahl 2021)","api_url":"https://www.abgeordnetenwatch.de/api/v2/candidacies-mandates/49848","type":"candidacy","parliament_period":{"id":128,"entity_type":"parliament_period","label":"Bundestag Wahl 2021","api_url":"https://www.abgeordnetenwatch.de/api/v2/parliament-periods/128","abgeordnetenwatch_url":"https://www.abgeordnetenwatch.de/bundestag/wahl-2021"},"politician":{"id":135268,"entity_type":"politician","label":"Hans-Jürgen Irmer","api_url":"https://www.abgeordnetenwatch.de/api/v2/politicians/135268","abgeordnetenwatch_url":"https://www.abgeordnetenwatch.de/profile/hans-juergen-irmer"},"party":{"id":2,"entity_type":"party","label":"CDU","api_url":"https://www.abgeordnetenwatch.de/api/v2/parties/2"},"electoral_data":{"id":50770,"entity_type":"electoral_data","label":"Hans-Jürgen Irmer (Bundestag Wahl 2021)","electoral_list":{"id":362,"entity_type":"electoral_list","label":"Landesliste Hessen (Bundestag Wahl 2021)","api_url":"https://www.abgeordnetenwatch.de/api/v2/electoral-lists/362"},"list_position":13,"constituency":{"id":10229,"entity_type":"constituency","label":"172 - Lahn-Dill (Bundestag Wahl 2021)","api_url":"https://www.abgeordnetenwatch.de/api/v2/constituencies/10229"},"constituency_result":30.1,"constituency_result_count":45441},"fraction_membership":{}},{"id":42741,"entity_type":"candidacy_mandate","label":"Hans-Jürgen Irmer (Bundestag 2017 - 2021)","api_url":"https://www.abgeordnetenwatch.de/api/v2/candidacies-mandates/42741","id_external_administration":"2126","id_external_administration_description":"mdbID - ID der Bundestagsverwaltung","type":"mandate","parliament_period":{"id":111,"entity_type":"parliament_period","label":"Bundestag 2017 - 2021","api_url":"https://www.abgeordnetenwatch.de/api/v2/parliament-periods/111","abgeordnetenwatch_url":"https://www.abgeordnetenwatch.de/bundestag/19"},"politician":{"id":135268,"entity_type":"politician","label":"Hans-Jürgen Irmer","api_url":"https://www.abgeordnetenwatch.de/api/v2/politicians/135268","abgeordnetenwatch_url":"https://www.abgeordnetenwatch.de/profile/hans-juergen-irmer"},"party":{},"electoral_data":{"id":42741,"entity_type":"electoral_data","label":"Hans-Jürgen Irmer (Bundestag 2017 - 2021)","electoral_list":{"id":112,"entity_type":"electoral_list","label":"Landesliste Hessen (Bundestag 2017 - 2021)","api_url":"https://www.abgeordnetenwatch.de/api/v2/electoral-lists/112"},"list_position":17,"constituency":{"id":4296,"entity_type":"constituency","label":"172 - Lahn-Dill (Bundestag 2017 - 2021)","api_url":"https://www.abgeordnetenwatch.de/api/v2/constituencies/4296"},"constituency_result":38.3,"mandate_won":"constituency"},"fraction_membership":[{"id":4973,"entity_type":"fraction_membership","label":"CDU/CSU","fraction":{"id":81,"entity_type":"fraction","label":"CDU/CSU (Bundestag 2017 - 2021)","api_url":"https://www.abgeordnetenwatch.de/api/v2/fractions/81"}}]},{"id":42740,"entity_type":"candidacy_mandate","label":"Hans-Jürgen Irmer (Hessen 2013-2018)","api_url":"https://www.abgeordnetenwatch.de/api/v2/candidacies-mandates/42740","type":"mandate","parliament_period":{"id":98,"entity_type":"parliament_period","label":"Hessen 2013 - 2018","api_url":"https://www.abgeordnetenwatch.de/api/v2/parliament-periods/98","abgeordnetenwatch_url":"https://www.abgeordnetenwatch.de/hessen/19"},"politician":{"id":135268,"entity_type":"politician","label":"Hans-Jürgen Irmer","api_url":"https://www.abgeordnetenwatch.de/api/v2/politicians/135268","abgeordnetenwatch_url":"https://www.abgeordnetenwatch.de/profile/hans-juergen-irmer"},"party":{},"end_date":"2017-10-31","electoral_data":{"id":42740,"entity_type":"electoral_data","label":"Hans-Jürgen Irmer (Hessen 2013 - 2018)","electoral_list":{},"constituency":{"id":2927,"entity_type":"constituency","label":"17 - Lahn-Dill II (Hessen 2013-2018)","api_url":"https://www.abgeordnetenwatch.de/api/v2/constituencies/2927"},"constituency_result":47.3,"mandate_won":"constituency"},"fraction_membership":[{"id":4972,"entity_type":"fraction_membership","label":"CDU","fraction":{"id":34,"entity_type":"fraction","label":"CDU (Hessen 2013-2018)","api_url":"https://www.abgeordnetenwatch.de/api/v2/fractions/34"}}]},{"id":42739,"entity_type":"candidacy_mandate","label":"Hans-Jürgen Irmer (Hessen 2009-2013)","api_url":"https://www.abgeordnetenwatch.de/api/v2/candidacies-mandates/42739","type":"mandate","parliament_period":{"id":78,"entity_type":"parliament_period","label":"Hessen 2009 - 2013","api_url":"https://www.abgeordnetenwatch.de/api/v2/parliament-periods/78","abgeordnetenwatch_url":"https://www.abgeordnetenwatch.de/hessen/18"},"politician":{"id":135268,"entity_type":"politician","label":"Hans-Jürgen Irmer","api_url":"https://www.abgeordnetenwatch.de/api/v2/politicians/135268","abgeordnetenwatch_url":"https://www.abgeordnetenwatch.de/profile/hans-juergen-irmer"},"party":{},"electoral_data":{"id":42739,"entity_type":"electoral_data","label":"Hans-Jürgen Irmer (Hessen 2009-2013)","electoral_list":{},"constituency":{"id":3010,"entity_type":"constituency","label":"17 - Lahn-Dill II (Hessen 2009-2013)","api_url":"https://www.abgeordnetenwatch.de/api/v2/constituencies/3010"},"constituency_result":42.4,"mandate_won":"constituency"},"fraction_membership":[{"id":4971,"entity_type":"fraction_membership","label":"CDU","fraction":{"id":31,"entity_type":"fraction","label":"CDU (Hessen 2009-2013)","api_url":"https://www.abgeordnetenwatch.de/api/v2/fractions/31"}}]},{"id":24375,"entity_type":"candidacy_mandate","label":"Hans-Jürgen Irmer (Bundestag Wahl 2017)","api_url":"https://www.abgeordnetenwatch.de/api/v2/candidacies-mandates/24375","type":"candidacy","parliament_period":{"id":50,"entity_type":"parliament_period","label":"Bundestag Wahl 2017","api_url":"https://www.abgeordnetenwatch.de/api/v2/parliament-periods/50","abgeordnetenwatch_url":"https://www.abgeordnetenwatch.de/bundestag/wahl-2017"},"politician":{"id":135268,"entity_type":"politician","label":"Hans-Jürgen Irmer","api_url":"https://www.abgeordnetenwatch.de/api/v2/politicians/135268","abgeordnetenwatch_url":"https://www.abgeordnetenwatch.de/profile/hans-juergen-irmer"},"party":{"id":2,"entity_type":"party","label":"CDU","api_url":"https://www.abgeordnetenwatch.de/api/v2/parties/2"},"electoral_data":{"id":24375,"entity_type":"electoral_data","label":"Hans-Jürgen Irmer (Bundestag Wahl 2017)","electoral_list":{"id":271,"entity_type":"electoral_list","label":"Landesliste Hessen (Bundestag Wahl 2017)","api_url":"https://www.abgeordnetenwatch.de/api/v2/electoral-lists/271"},"list_position":17,"constituency":{"id":9182,"entity_type":"constituency","label":"172 - Lahn-Dill (Bundestag Wahl 2017)","api_url":"https://www.abgeordnetenwatch.de/api/v2/constituencies/9182"},"constituency_result":38.3,"mandate_won":"constituency"},"fraction_membership":{}},{"id":24374,"entity_type":"candidacy_mandate","label":"Hans-Jürgen Irmer (Hessen Wahl 2013)","api_url":"https://www.abgeordnetenwatch.de/api/v2/candidacies-mandates/24374","type":"candidacy","parliament_period":{"id":37,"entity_type":"parliament_period","label":"Hessen Wahl 2013","api_url":"https://www.abgeordnetenwatch.de/api/v2/parliament-periods/37","abgeordnetenwatch_url":"https://www.abgeordnetenwatch.de/hessen/wahl-2013"},"politician":{"id":135268,"entity_type":"politician","label":"Hans-Jürgen Irmer","api_url":"https://www.abgeordnetenwatch.de/api/v2/politicians/135268","abgeordnetenwatch_url":"https://www.abgeordnetenwatch.de/profile/hans-juergen-irmer"},"party":{"id":2,"entity_type":"party","label":"CDU","api_url":"https://www.abgeordnetenwatch.de/api/v2/parties/2"},"electoral_data":{"id":24374,"entity_type":"electoral_data","label":"Hans-Jürgen Irmer (Hessen Wahl 2013)","electoral_list":{},"constituency":{"id":7813,"entity_type":"constituency","label":"17 - Lahn-Dill II (Hessen Wahl 2013)","api_url":"https://www.abgeordnetenwatch.de/api/v2/constituencies/7813"},"constituency_result":47.3,"mandate_won":"constituency"},"fraction_membership":{}},{"id":24373,"entity_type":"candidacy_mandate","label":"Hans-Jürgen Irmer (Hessen Wahl 2009)","api_url":"https://www.abgeordnetenwatch.de/api/v2/candidacies-mandates/24373","type":"candidacy","parliament_period":{"id":17,"entity_type":"parliament_period","label":"Hessen Wahl 2009","api_url":"https://www.abgeordnetenwatch.de/api/v2/parliament-periods/17","abgeordnetenwatch_url":"https://www.abgeordnetenwatch.de/hessen/wahl-2009"},"politician":{"id":135268,"entity_type":"politician","label":"Hans-Jürgen Irmer","api_url":"https://www.abgeordnetenwatch.de/api/v2/politicians/135268","abgeordnetenwatch_url":"https://www.abgeordnetenwatch.de/profile/hans-juergen-irmer"},"party":{"id":2,"entity_type":"party","label":"CDU","api_url":"https://www.abgeordnetenwatch.de/api/v2/parties/2"},"electoral_data":{"id":24373,"entity_type":"electoral_data","label":"Hans-Jürgen Irmer (Hessen Wahl 2009)","electoral_list":{},"constituency":{"id":7896,"entity_type":"constituency","label":"17 - Lahn-Dill II (Hessen Wahl 2009)","api_url":"https://www.abgeordnetenwatch.de/api/v2/constituencies/7896"},"constituency_result":42.4,"mandate_won":"constituency"},"fraction_membership":{}},{"id":24372,"entity_type":"candidacy_mandate","label":"Hans-Jürgen Irmer (Hessen Wahl 2008)","api_url":"https://www.abgeordnetenwatch.de/api/v2/candidacies-mandates/24372","type":"candidacy","parliament_period":{"id":13,"entity_type":"parliament_period","label":"Hessen Wahl 2008","api_url":"https://www.abgeordnetenwatch.de/api/v2/parliament-periods/13","abgeordnetenwatch_url":"https://www.abgeordnetenwatch.de/hessen/wahl-2008"},"politician":{"id":135268,"entity_type":"politician","label":"Hans-Jürgen Irmer","api_url":"https://www.abgeordnetenwatch.de/api/v2/politicians/135268","abgeordnetenwatch_url":"https://www.abgeordnetenwatch.de/profile/hans-juergen-irmer"},"party":{"id":2,"entity_type":"party","label":"CDU","api_url":"https://www.abgeordnetenwatch.de/api/v2/parties/2"},"electoral_data":{"id":24372,"entity_type":"electoral_data","label":"Hans-Jürgen Irmer (Hessen Wahl 2008)","electoral_list":{},"list_position":19,"constituency":{"id":7860,"entity_type":"constituency","label":"17 - Lahn-Dill II (Hessen Wahl 2008)","api_url":"https://www.abgeordnetenwatch.de/api/v2/constituencies/7860"},"constituency_result":38.7},"fraction_membership":{}}]
