{"id":[135393],"entity_type":["politician"],"label":["Nicola Beer"],"api_url":["https://www.abgeordnetenwatch.de/api/v2/politicians/135393"],"abgeordnetenwatch_url":["https://www.abgeordnetenwatch.de/profile/nicola-beer"],"first_name":["Nicola"],"last_name":["Beer"],"birth_name":{},"sex":["f"],"year_of_birth":[1970],"party":{"id":[4],"entity_type":["party"],"label":["FDP"],"api_url":["https://www.abgeordnetenwatch.de/api/v2/parties/4"]},"party_past":{},"deceased":{},"deceased_date":{},"education":["Rechtsanwältin"],"residence":{},"occupation":["MdB, Stellvertretende Bundesvorsitzende Freie Demokratische Partei"],"statistic_questions":[13],"statistic_questions_answered":{},"qid_wikidata":["Q1986069"],"field_title":{}}
