{"id":[136239],"entity_type":["politician"],"label":["Ottmar von Holtz"],"api_url":["https://www.abgeordnetenwatch.de/api/v2/politicians/136239"],"abgeordnetenwatch_url":["https://www.abgeordnetenwatch.de/profile/ottmar-von-holtz"],"first_name":["Ottmar"],"last_name":["von Holtz"],"birth_name":{},"sex":["m"],"year_of_birth":[1961],"party":{"id":[5],"entity_type":["party"],"label":["Bündnis 90/Die Grünen"],"api_url":["https://www.abgeordnetenwatch.de/api/v2/parties/5"]},"party_past":{},"education":["Diplom-Ökonom"],"residence":["Hildesheim"],"occupation":["Mitglied des Deutschen Bundestages"],"statistic_questions":[20],"statistic_questions_answered":[20],"qid_wikidata":["Q13533978"],"field_title":{}}
