[{"id":53482,"entity_type":"candidacy_mandate","label":"Victor Perli (Bundestag 2021 - 2025)","api_url":"https://www.abgeordnetenwatch.de/api/v2/candidacies-mandates/53482","id_external_administration":"2206","id_external_administration_description":"mdbID aus der info-xml-Datei der Bundestagsverwaltung","type":"mandate","parliament_period":{"id":132,"entity_type":"parliament_period","label":"Bundestag 2021 - 2025","api_url":"https://www.abgeordnetenwatch.de/api/v2/parliament-periods/132","abgeordnetenwatch_url":"https://www.abgeordnetenwatch.de/bundestag"},"politician":{"id":136366,"entity_type":"politician","label":"Victor Perli","api_url":"https://www.abgeordnetenwatch.de/api/v2/politicians/136366","abgeordnetenwatch_url":"https://www.abgeordnetenwatch.de/profile/victor-perli"},"electoral_data":{"id":54406,"entity_type":"electoral_data","label":"Victor Perli (Bundestag 2021 - 2025)","electoral_list":{"id":418,"entity_type":"electoral_list","label":"Landesliste Niedersachsen (Bundestag 2021 - 2025)","api_url":"https://www.abgeordnetenwatch.de/api/v2/electoral-lists/418"},"list_position":2,"constituency":{"id":10789,"entity_type":"constituency","label":"49 - Salzgitter - Wolfenbüttel (Bundestag 2021 - 2025)","api_url":"https://www.abgeordnetenwatch.de/api/v2/constituencies/10789"},"constituency_result":3.9,"mandate_won":"list"},"fraction_membership":[{"id":9329,"entity_type":"fraction_membership","label":"DIE LINKE.","fraction":{"id":324,"entity_type":"fraction","label":"DIE LINKE. (Bundestag 2021 - 2025)","api_url":"https://www.abgeordnetenwatch.de/api/v2/fractions/324"}}],"party":{}},{"id":48770,"entity_type":"candidacy_mandate","label":"Victor Perli (Bundestag Wahl 2021)","api_url":"https://www.abgeordnetenwatch.de/api/v2/candidacies-mandates/48770","type":"candidacy","parliament_period":{"id":128,"entity_type":"parliament_period","label":"Bundestag Wahl 2021","api_url":"https://www.abgeordnetenwatch.de/api/v2/parliament-periods/128","abgeordnetenwatch_url":"https://www.abgeordnetenwatch.de/bundestag/wahl-2021"},"politician":{"id":136366,"entity_type":"politician","label":"Victor Perli","api_url":"https://www.abgeordnetenwatch.de/api/v2/politicians/136366","abgeordnetenwatch_url":"https://www.abgeordnetenwatch.de/profile/victor-perli"},"electoral_data":{"id":49692,"entity_type":"electoral_data","label":"Victor Perli (Bundestag Wahl 2021)","electoral_list":{"id":364,"entity_type":"electoral_list","label":"Landesliste Niedersachsen (Bundestag Wahl 2021)","api_url":"https://www.abgeordnetenwatch.de/api/v2/electoral-lists/364"},"list_position":2,"constituency":{"id":10106,"entity_type":"constituency","label":"49 - Salzgitter - Wolfenbüttel (Bundestag Wahl 2021)","api_url":"https://www.abgeordnetenwatch.de/api/v2/constituencies/10106"},"constituency_result":3.9,"constituency_result_count":5675,"mandate_won":"list"},"fraction_membership":{},"party":{"id":8,"entity_type":"party","label":"DIE LINKE","api_url":"https://www.abgeordnetenwatch.de/api/v2/parties/8"}},{"id":43214,"entity_type":"candidacy_mandate","label":"Victor Perli (Bundestag 2017 - 2021)","api_url":"https://www.abgeordnetenwatch.de/api/v2/candidacies-mandates/43214","id_external_administration":"2206","id_external_administration_description":"mdbID - ID der Bundestagsverwaltung","type":"mandate","parliament_period":{"id":111,"entity_type":"parliament_period","label":"Bundestag 2017 - 2021","api_url":"https://www.abgeordnetenwatch.de/api/v2/parliament-periods/111","abgeordnetenwatch_url":"https://www.abgeordnetenwatch.de/bundestag/19"},"politician":{"id":136366,"entity_type":"politician","label":"Victor Perli","api_url":"https://www.abgeordnetenwatch.de/api/v2/politicians/136366","abgeordnetenwatch_url":"https://www.abgeordnetenwatch.de/profile/victor-perli"},"electoral_data":{"id":43214,"entity_type":"electoral_data","label":"Victor Perli (Bundestag 2017 - 2021)","electoral_list":{"id":114,"entity_type":"electoral_list","label":"Landesliste Niedersachsen (Bundestag 2017 - 2021)","api_url":"https://www.abgeordnetenwatch.de/api/v2/electoral-lists/114"},"list_position":4,"constituency":{"id":4173,"entity_type":"constituency","label":"49 - Salzgitter - Wolfenbüttel (Bundestag 2017 - 2021)","api_url":"https://www.abgeordnetenwatch.de/api/v2/constituencies/4173"},"constituency_result":6,"mandate_won":"list"},"fraction_membership":[{"id":5447,"entity_type":"fraction_membership","label":"DIE LINKE","fraction":{"id":41,"entity_type":"fraction","label":"DIE LINKE (Bundestag 2017 - 2021)","api_url":"https://www.abgeordnetenwatch.de/api/v2/fractions/41"}}],"party":{}},{"id":43213,"entity_type":"candidacy_mandate","label":"Victor Perli (Niedersachsen 2008-2013)","api_url":"https://www.abgeordnetenwatch.de/api/v2/candidacies-mandates/43213","type":"mandate","parliament_period":{"id":75,"entity_type":"parliament_period","label":"Niedersachsen 2008 - 2013","api_url":"https://www.abgeordnetenwatch.de/api/v2/parliament-periods/75","abgeordnetenwatch_url":"https://www.abgeordnetenwatch.de/niedersachsen/16"},"politician":{"id":136366,"entity_type":"politician","label":"Victor Perli","api_url":"https://www.abgeordnetenwatch.de/api/v2/politicians/136366","abgeordnetenwatch_url":"https://www.abgeordnetenwatch.de/profile/victor-perli"},"electoral_data":{"id":43213,"entity_type":"electoral_data","label":"Victor Perli (Niedersachsen 2008 - 2013)","electoral_list":{},"list_position":10,"constituency":{"id":3171,"entity_type":"constituency","label":"9 - Wolfenbüttel-Nord (Niedersachsen 2008-2013)","api_url":"https://www.abgeordnetenwatch.de/api/v2/constituencies/3171"},"constituency_result":5.8,"mandate_won":"list"},"fraction_membership":[{"id":5446,"entity_type":"fraction_membership","label":"DIE LINKE","fraction":{"id":117,"entity_type":"fraction","label":"DIE LINKE (Niedersachsen 2008-2013)","api_url":"https://www.abgeordnetenwatch.de/api/v2/fractions/117"}}],"party":{}},{"id":26011,"entity_type":"candidacy_mandate","label":"Victor Perli (Bundestag Wahl 2017)","api_url":"https://www.abgeordnetenwatch.de/api/v2/candidacies-mandates/26011","type":"candidacy","parliament_period":{"id":50,"entity_type":"parliament_period","label":"Bundestag Wahl 2017","api_url":"https://www.abgeordnetenwatch.de/api/v2/parliament-periods/50","abgeordnetenwatch_url":"https://www.abgeordnetenwatch.de/bundestag/wahl-2017"},"politician":{"id":136366,"entity_type":"politician","label":"Victor Perli","api_url":"https://www.abgeordnetenwatch.de/api/v2/politicians/136366","abgeordnetenwatch_url":"https://www.abgeordnetenwatch.de/profile/victor-perli"},"electoral_data":{"id":26011,"entity_type":"electoral_data","label":"Victor Perli (Bundestag Wahl 2017)","electoral_list":{"id":273,"entity_type":"electoral_list","label":"Landesliste Niedersachsen (Bundestag Wahl 2017)","api_url":"https://www.abgeordnetenwatch.de/api/v2/electoral-lists/273"},"list_position":4,"constituency":{"id":9059,"entity_type":"constituency","label":"49 - Salzgitter - Wolfenbüttel (Bundestag Wahl 2017)","api_url":"https://www.abgeordnetenwatch.de/api/v2/constituencies/9059"},"constituency_result":6,"mandate_won":"list"},"fraction_membership":{},"party":{"id":8,"entity_type":"party","label":"DIE LINKE","api_url":"https://www.abgeordnetenwatch.de/api/v2/parties/8"}},{"id":26010,"entity_type":"candidacy_mandate","label":"Victor Perli (Niedersachsen Wahl 2013)","api_url":"https://www.abgeordnetenwatch.de/api/v2/candidacies-mandates/26010","type":"candidacy","parliament_period":{"id":35,"entity_type":"parliament_period","label":"Niedersachsen Wahl 2013","api_url":"https://www.abgeordnetenwatch.de/api/v2/parliament-periods/35","abgeordnetenwatch_url":"https://www.abgeordnetenwatch.de/niedersachsen/wahl-2013"},"politician":{"id":136366,"entity_type":"politician","label":"Victor Perli","api_url":"https://www.abgeordnetenwatch.de/api/v2/politicians/136366","abgeordnetenwatch_url":"https://www.abgeordnetenwatch.de/profile/victor-perli"},"electoral_data":{"id":26010,"entity_type":"electoral_data","label":"Victor Perli (Niedersachsen Wahl 2013)","electoral_list":{},"list_position":8,"constituency":{"id":7972,"entity_type":"constituency","label":"9 - Wolfenbüttel-Nord (Niedersachsen Wahl 2013)","api_url":"https://www.abgeordnetenwatch.de/api/v2/constituencies/7972"},"constituency_result":3.74},"fraction_membership":{},"party":{"id":8,"entity_type":"party","label":"DIE LINKE","api_url":"https://www.abgeordnetenwatch.de/api/v2/parties/8"}},{"id":26009,"entity_type":"candidacy_mandate","label":"Victor Perli (Niedersachsen Wahl 2008)","api_url":"https://www.abgeordnetenwatch.de/api/v2/candidacies-mandates/26009","type":"candidacy","parliament_period":{"id":14,"entity_type":"parliament_period","label":"Niedersachsen Wahl 2008","api_url":"https://www.abgeordnetenwatch.de/api/v2/parliament-periods/14","abgeordnetenwatch_url":"https://www.abgeordnetenwatch.de/niedersachsen/wahl-2008"},"politician":{"id":136366,"entity_type":"politician","label":"Victor Perli","api_url":"https://www.abgeordnetenwatch.de/api/v2/politicians/136366","abgeordnetenwatch_url":"https://www.abgeordnetenwatch.de/profile/victor-perli"},"electoral_data":{"id":26009,"entity_type":"electoral_data","label":"Victor Perli (Niedersachsen Wahl 2008)","electoral_list":{},"list_position":10,"constituency":{"id":8057,"entity_type":"constituency","label":"9 - Wolfenbüttel-Nord (Niedersachsen Wahl 2008)","api_url":"https://www.abgeordnetenwatch.de/api/v2/constituencies/8057"},"constituency_result":5.8,"mandate_won":"list"},"fraction_membership":{},"party":{"id":8,"entity_type":"party","label":"DIE LINKE","api_url":"https://www.abgeordnetenwatch.de/api/v2/parties/8"}}]
