{"id":[137564],"entity_type":["politician"],"label":["Marie-Agnes Strack-Zimmermann"],"api_url":["https://www.abgeordnetenwatch.de/api/v2/politicians/137564"],"abgeordnetenwatch_url":["https://www.abgeordnetenwatch.de/profile/marie-agnes-strack-zimmermann"],"first_name":["Marie-Agnes"],"last_name":["Strack-Zimmermann"],"birth_name":["Jahn"],"sex":["f"],"year_of_birth":[1958],"party":{"id":[4],"entity_type":["party"],"label":["FDP"],"api_url":["https://www.abgeordnetenwatch.de/api/v2/parties/4"]},"party_past":{},"deceased":{},"deceased_date":{},"education":["Studium der Publizistik, Politikwissenschaft und Germanistik (Magister Artium), Promotion zum Dr. phil., langjährige Verlagsrepräsentantin im Vertrieb des Tessloff Verlags, 1. Bürgermeisterin der Landeshauptstadt Düsseldorf a.D."],"residence":["Düsseldorf"],"occupation":["MdB"],"statistic_questions":[41],"statistic_questions_answered":[39],"qid_wikidata":["Q15391841"],"field_title":["Dr."]}
