{"id":[138233],"entity_type":["politician"],"label":["Heiko Maas"],"api_url":["https://www.abgeordnetenwatch.de/api/v2/politicians/138233"],"abgeordnetenwatch_url":["https://www.abgeordnetenwatch.de/profile/heiko-maas"],"first_name":["Heiko"],"last_name":["Maas"],"birth_name":{},"sex":["m"],"year_of_birth":[1966],"party":{"id":[1],"entity_type":["party"],"label":["SPD"],"api_url":["https://www.abgeordnetenwatch.de/api/v2/parties/1"]},"party_past":{},"deceased":{},"deceased_date":{},"education":["Jurist"],"residence":{},"occupation":["Bundesminister des Auswärtigen, MdB"],"statistic_questions":[4],"statistic_questions_answered":{},"qid_wikidata":["Q108447"],"field_title":{}}
