{"id":[138540],"entity_type":["politician"],"label":["Markus Uhl"],"api_url":["https://www.abgeordnetenwatch.de/api/v2/politicians/138540"],"abgeordnetenwatch_url":["https://www.abgeordnetenwatch.de/profile/markus-uhl"],"first_name":["Markus"],"last_name":["Uhl"],"birth_name":{},"sex":["m"],"year_of_birth":[1979],"party":{"id":[2],"entity_type":["party"],"label":["CDU"],"api_url":["https://www.abgeordnetenwatch.de/api/v2/parties/2"]},"party_past":{},"deceased":{},"deceased_date":{},"education":["Dipl.-Kaufmann"],"residence":{},"occupation":["MdB"],"statistic_questions":[4],"statistic_questions_answered":[3],"qid_wikidata":["Q33519815"],"field_title":{}}
