{"id":[139060],"entity_type":["politician"],"label":["Michael von Abercron"],"api_url":["https://www.abgeordnetenwatch.de/api/v2/politicians/139060"],"abgeordnetenwatch_url":["https://www.abgeordnetenwatch.de/profile/michael-von-abercron"],"first_name":["Michael"],"last_name":["von Abercron"],"birth_name":{},"sex":["m"],"year_of_birth":[1952],"party":{"id":[2],"entity_type":["party"],"label":["CDU"],"api_url":["https://www.abgeordnetenwatch.de/api/v2/parties/2"]},"party_past":{},"education":["Agrarwissenschaftler"],"residence":{},"occupation":["Mitglied des Bundestages"],"statistic_questions":[25],"statistic_questions_answered":[25],"qid_wikidata":["Q1666351"],"field_title":{}}
