{"id":[139426],"entity_type":["politician"],"label":["Christoph Matschie"],"api_url":["https://www.abgeordnetenwatch.de/api/v2/politicians/139426"],"abgeordnetenwatch_url":["https://www.abgeordnetenwatch.de/profile/christoph-matschie"],"first_name":["Christoph"],"last_name":["Matschie"],"birth_name":{},"sex":["m"],"year_of_birth":[1961],"party":{"id":[1],"entity_type":["party"],"label":["SPD"],"api_url":["https://www.abgeordnetenwatch.de/api/v2/parties/1"]},"party_past":{},"education":["Theologe, Feinmechaniker"],"residence":{},"occupation":["MdB"],"statistic_questions":[22],"statistic_questions_answered":[16],"qid_wikidata":["Q120220"],"field_title":{}}
