[{"id":53760,"entity_type":"candidacy_mandate","label":"Uwe Schmidt (Bundestag 2021 - 2025)","api_url":"https://www.abgeordnetenwatch.de/api/v2/candidacies-mandates/53760","id_external_administration":"2232","id_external_administration_description":"mdbID aus der info-xml-Datei der Bundestagsverwaltung","type":"mandate","parliament_period":{"id":132,"entity_type":"parliament_period","label":"Bundestag 2021 - 2025","api_url":"https://www.abgeordnetenwatch.de/api/v2/parliament-periods/132","abgeordnetenwatch_url":"https://www.abgeordnetenwatch.de/bundestag"},"politician":{"id":140944,"entity_type":"politician","label":"Uwe Schmidt","api_url":"https://www.abgeordnetenwatch.de/api/v2/politicians/140944","abgeordnetenwatch_url":"https://www.abgeordnetenwatch.de/profile/uwe-schmidt-1"},"electoral_data":{"id":54684,"entity_type":"electoral_data","label":"Uwe Schmidt (Bundestag 2021 - 2025)","electoral_list":{"id":414,"entity_type":"electoral_list","label":"Landesliste Bremen (Bundestag 2021 - 2025)","api_url":"https://www.abgeordnetenwatch.de/api/v2/electoral-lists/414"},"list_position":2,"constituency":{"id":10795,"entity_type":"constituency","label":"55 - Bremen II - Bremerhaven (Bundestag 2021 - 2025)","api_url":"https://www.abgeordnetenwatch.de/api/v2/constituencies/10795"},"constituency_result":37,"mandate_won":"constituency"},"fraction_membership":[{"id":9607,"entity_type":"fraction_membership","label":"SPD","fraction":{"id":319,"entity_type":"fraction","label":"SPD (Bundestag 2021 - 2025)","api_url":"https://www.abgeordnetenwatch.de/api/v2/fractions/319"}}],"party":{}},{"id":48576,"entity_type":"candidacy_mandate","label":"Uwe Schmidt (Bundestag Wahl 2021)","api_url":"https://www.abgeordnetenwatch.de/api/v2/candidacies-mandates/48576","type":"candidacy","parliament_period":{"id":128,"entity_type":"parliament_period","label":"Bundestag Wahl 2021","api_url":"https://www.abgeordnetenwatch.de/api/v2/parliament-periods/128","abgeordnetenwatch_url":"https://www.abgeordnetenwatch.de/bundestag/wahl-2021"},"politician":{"id":140944,"entity_type":"politician","label":"Uwe Schmidt","api_url":"https://www.abgeordnetenwatch.de/api/v2/politicians/140944","abgeordnetenwatch_url":"https://www.abgeordnetenwatch.de/profile/uwe-schmidt-1"},"electoral_data":{"id":49498,"entity_type":"electoral_data","label":"Uwe Schmidt (Bundestag Wahl 2021)","electoral_list":{"id":360,"entity_type":"electoral_list","label":"Landesliste Bremen (Bundestag Wahl 2021)","api_url":"https://www.abgeordnetenwatch.de/api/v2/electoral-lists/360"},"list_position":2,"constituency":{"id":10112,"entity_type":"constituency","label":"55 - Bremen II - Bremerhaven (Bundestag Wahl 2021)","api_url":"https://www.abgeordnetenwatch.de/api/v2/constituencies/10112"},"constituency_result":36.9,"constituency_result_count":52498,"mandate_won":"constituency"},"fraction_membership":{},"party":{"id":1,"entity_type":"party","label":"SPD","api_url":"https://www.abgeordnetenwatch.de/api/v2/parties/1"}},{"id":43809,"entity_type":"candidacy_mandate","label":"Uwe Schmidt (Bundestag 2017 - 2021)","api_url":"https://www.abgeordnetenwatch.de/api/v2/candidacies-mandates/43809","id_external_administration":"2232","id_external_administration_description":"mdbID - ID der Bundestagsverwaltung","type":"mandate","parliament_period":{"id":111,"entity_type":"parliament_period","label":"Bundestag 2017 - 2021","api_url":"https://www.abgeordnetenwatch.de/api/v2/parliament-periods/111","abgeordnetenwatch_url":"https://www.abgeordnetenwatch.de/bundestag/19"},"politician":{"id":140944,"entity_type":"politician","label":"Uwe Schmidt","api_url":"https://www.abgeordnetenwatch.de/api/v2/politicians/140944","abgeordnetenwatch_url":"https://www.abgeordnetenwatch.de/profile/uwe-schmidt-1"},"electoral_data":{"id":43809,"entity_type":"electoral_data","label":"Uwe Schmidt (Bundestag 2017 - 2021)","electoral_list":{"id":110,"entity_type":"electoral_list","label":"Landesliste Bremen (Bundestag 2017 - 2021)","api_url":"https://www.abgeordnetenwatch.de/api/v2/electoral-lists/110"},"list_position":2,"constituency":{"id":4179,"entity_type":"constituency","label":"55 - Bremen II - Bremerhaven (Bundestag 2017 - 2021)","api_url":"https://www.abgeordnetenwatch.de/api/v2/constituencies/4179"},"constituency_result":34,"mandate_won":"constituency"},"fraction_membership":[{"id":6042,"entity_type":"fraction_membership","label":"SPD","fraction":{"id":22,"entity_type":"fraction","label":"SPD (Bundestag 2017 - 2021)","api_url":"https://www.abgeordnetenwatch.de/api/v2/fractions/22"}}],"party":{}},{"id":43808,"entity_type":"candidacy_mandate","label":"Uwe Schmidt (Bremen 2015-2019)","api_url":"https://www.abgeordnetenwatch.de/api/v2/candidacies-mandates/43808","type":"mandate","parliament_period":{"id":104,"entity_type":"parliament_period","label":"Bremen 2015 - 2019","api_url":"https://www.abgeordnetenwatch.de/api/v2/parliament-periods/104","abgeordnetenwatch_url":"https://www.abgeordnetenwatch.de/bremen/19"},"politician":{"id":140944,"entity_type":"politician","label":"Uwe Schmidt","api_url":"https://www.abgeordnetenwatch.de/api/v2/politicians/140944","abgeordnetenwatch_url":"https://www.abgeordnetenwatch.de/profile/uwe-schmidt-1"},"end_date":"2017-10-31","electoral_data":{"id":43808,"entity_type":"electoral_data","label":"Uwe Schmidt (Bremen 2015 - 2019)","electoral_list":{"id":24,"entity_type":"electoral_list","label":"Wahlbereich Bremerhaven (Bremen 2015-2019)","api_url":"https://www.abgeordnetenwatch.de/api/v2/electoral-lists/24"},"constituency":{"id":2102,"entity_type":"constituency","label":"31 - Bremerhaven-Lehe (Bremen 2015-2019)","api_url":"https://www.abgeordnetenwatch.de/api/v2/constituencies/2102"},"mandate_won":"list"},"fraction_membership":[{"id":6041,"entity_type":"fraction_membership","label":"SPD","fraction":{"id":46,"entity_type":"fraction","label":"SPD (Bremen 2015-2019)","api_url":"https://www.abgeordnetenwatch.de/api/v2/fractions/46"}}],"party":{}},{"id":29525,"entity_type":"candidacy_mandate","label":"Uwe Schmidt (Bundestag Wahl 2017)","api_url":"https://www.abgeordnetenwatch.de/api/v2/candidacies-mandates/29525","type":"candidacy","parliament_period":{"id":50,"entity_type":"parliament_period","label":"Bundestag Wahl 2017","api_url":"https://www.abgeordnetenwatch.de/api/v2/parliament-periods/50","abgeordnetenwatch_url":"https://www.abgeordnetenwatch.de/bundestag/wahl-2017"},"politician":{"id":140944,"entity_type":"politician","label":"Uwe Schmidt","api_url":"https://www.abgeordnetenwatch.de/api/v2/politicians/140944","abgeordnetenwatch_url":"https://www.abgeordnetenwatch.de/profile/uwe-schmidt-1"},"electoral_data":{"id":29525,"entity_type":"electoral_data","label":"Uwe Schmidt (Bundestag Wahl 2017)","electoral_list":{"id":269,"entity_type":"electoral_list","label":"Landesliste Bremen (Bundestag Wahl 2017)","api_url":"https://www.abgeordnetenwatch.de/api/v2/electoral-lists/269"},"list_position":2,"constituency":{"id":9065,"entity_type":"constituency","label":"55 - Bremen II - Bremerhaven (Bundestag Wahl 2017)","api_url":"https://www.abgeordnetenwatch.de/api/v2/constituencies/9065"},"constituency_result":34,"mandate_won":"constituency"},"fraction_membership":{},"party":{"id":1,"entity_type":"party","label":"SPD","api_url":"https://www.abgeordnetenwatch.de/api/v2/parties/1"}},{"id":29524,"entity_type":"candidacy_mandate","label":"Uwe Schmidt (Bremen Wahl 2015)","api_url":"https://www.abgeordnetenwatch.de/api/v2/candidacies-mandates/29524","type":"candidacy","parliament_period":{"id":43,"entity_type":"parliament_period","label":"Bremen Wahl 2015","api_url":"https://www.abgeordnetenwatch.de/api/v2/parliament-periods/43","abgeordnetenwatch_url":"https://www.abgeordnetenwatch.de/bremen/wahl-2015"},"politician":{"id":140944,"entity_type":"politician","label":"Uwe Schmidt","api_url":"https://www.abgeordnetenwatch.de/api/v2/politicians/140944","abgeordnetenwatch_url":"https://www.abgeordnetenwatch.de/profile/uwe-schmidt-1"},"electoral_data":{"id":29524,"entity_type":"electoral_data","label":"Uwe Schmidt (Bremen Wahl 2015)","electoral_list":{"id":183,"entity_type":"electoral_list","label":"Wahlbereich Bremerhaven (Bremen Wahl 2015)","api_url":"https://www.abgeordnetenwatch.de/api/v2/electoral-lists/183"},"constituency":{},"mandate_won":"list"},"fraction_membership":{},"party":{"id":1,"entity_type":"party","label":"SPD","api_url":"https://www.abgeordnetenwatch.de/api/v2/parties/1"}}]
