[{"id":53626,"entity_type":"candidacy_mandate","label":"Daniel Föst (Bundestag 2021 - 2025)","api_url":"https://www.abgeordnetenwatch.de/api/v2/candidacies-mandates/53626","id_external_administration":"2077","id_external_administration_description":"mdbID aus der info-xml-Datei der Bundestagsverwaltung","type":"mandate","parliament_period":{"id":132,"entity_type":"parliament_period","label":"Bundestag 2021 - 2025","api_url":"https://www.abgeordnetenwatch.de/api/v2/parliament-periods/132","abgeordnetenwatch_url":"https://www.abgeordnetenwatch.de/bundestag"},"politician":{"id":141323,"entity_type":"politician","label":"Daniel Föst","api_url":"https://www.abgeordnetenwatch.de/api/v2/politicians/141323","abgeordnetenwatch_url":"https://www.abgeordnetenwatch.de/profile/daniel-foest"},"electoral_data":{"id":54550,"entity_type":"electoral_data","label":"Daniel Föst (Bundestag 2021 - 2025)","electoral_list":{"id":411,"entity_type":"electoral_list","label":"Landesliste Bayern (Bundestag 2021 - 2025)","api_url":"https://www.abgeordnetenwatch.de/api/v2/electoral-lists/411"},"list_position":1,"constituency":{"id":10957,"entity_type":"constituency","label":"217 - München-Nord (Bundestag 2021 - 2025)","api_url":"https://www.abgeordnetenwatch.de/api/v2/constituencies/10957"},"constituency_result":11.2,"mandate_won":"list"},"fraction_membership":[{"id":9473,"entity_type":"fraction_membership","label":"FDP","fraction":{"id":322,"entity_type":"fraction","label":"FDP (Bundestag 2021 - 2025)","api_url":"https://www.abgeordnetenwatch.de/api/v2/fractions/322"}}],"party":{}},{"id":49470,"entity_type":"candidacy_mandate","label":"Daniel Föst (Bundestag Wahl 2021)","api_url":"https://www.abgeordnetenwatch.de/api/v2/candidacies-mandates/49470","type":"candidacy","parliament_period":{"id":128,"entity_type":"parliament_period","label":"Bundestag Wahl 2021","api_url":"https://www.abgeordnetenwatch.de/api/v2/parliament-periods/128","abgeordnetenwatch_url":"https://www.abgeordnetenwatch.de/bundestag/wahl-2021"},"politician":{"id":141323,"entity_type":"politician","label":"Daniel Föst","api_url":"https://www.abgeordnetenwatch.de/api/v2/politicians/141323","abgeordnetenwatch_url":"https://www.abgeordnetenwatch.de/profile/daniel-foest"},"electoral_data":{"id":50392,"entity_type":"electoral_data","label":"Daniel Föst (Bundestag Wahl 2021)","electoral_list":{"id":357,"entity_type":"electoral_list","label":"Landesliste Bayern (Bundestag Wahl 2021)","api_url":"https://www.abgeordnetenwatch.de/api/v2/electoral-lists/357"},"list_position":1,"constituency":{"id":10274,"entity_type":"constituency","label":"217 - München-Nord (Bundestag Wahl 2021)","api_url":"https://www.abgeordnetenwatch.de/api/v2/constituencies/10274"},"constituency_result":11.2,"constituency_result_count":19477},"fraction_membership":{},"party":{"id":4,"entity_type":"party","label":"FDP","api_url":"https://www.abgeordnetenwatch.de/api/v2/parties/4"}},{"id":43818,"entity_type":"candidacy_mandate","label":"Daniel Föst (Bundestag 2017 - 2021)","api_url":"https://www.abgeordnetenwatch.de/api/v2/candidacies-mandates/43818","id_external_administration":"2077","id_external_administration_description":"mdbID - ID der Bundestagsverwaltung","type":"mandate","parliament_period":{"id":111,"entity_type":"parliament_period","label":"Bundestag 2017 - 2021","api_url":"https://www.abgeordnetenwatch.de/api/v2/parliament-periods/111","abgeordnetenwatch_url":"https://www.abgeordnetenwatch.de/bundestag/19"},"politician":{"id":141323,"entity_type":"politician","label":"Daniel Föst","api_url":"https://www.abgeordnetenwatch.de/api/v2/politicians/141323","abgeordnetenwatch_url":"https://www.abgeordnetenwatch.de/profile/daniel-foest"},"electoral_data":{"id":43818,"entity_type":"electoral_data","label":"Daniel Föst (Bundestag 2017 - 2021)","electoral_list":{"id":107,"entity_type":"electoral_list","label":"Landesliste Bayern (Bundestag 2017 - 2021)","api_url":"https://www.abgeordnetenwatch.de/api/v2/electoral-lists/107"},"list_position":1,"constituency":{"id":4341,"entity_type":"constituency","label":"217 - München-Nord (Bundestag 2017 - 2021)","api_url":"https://www.abgeordnetenwatch.de/api/v2/constituencies/4341"},"constituency_result":9.6,"mandate_won":"list"},"fraction_membership":[{"id":6051,"entity_type":"fraction_membership","label":"FDP","fraction":{"id":14,"entity_type":"fraction","label":"FDP (Bundestag 2017 - 2021)","api_url":"https://www.abgeordnetenwatch.de/api/v2/fractions/14"}}],"party":{}},{"id":29765,"entity_type":"candidacy_mandate","label":"Daniel Föst (Bundestag Wahl 2017)","api_url":"https://www.abgeordnetenwatch.de/api/v2/candidacies-mandates/29765","type":"candidacy","parliament_period":{"id":50,"entity_type":"parliament_period","label":"Bundestag Wahl 2017","api_url":"https://www.abgeordnetenwatch.de/api/v2/parliament-periods/50","abgeordnetenwatch_url":"https://www.abgeordnetenwatch.de/bundestag/wahl-2017"},"politician":{"id":141323,"entity_type":"politician","label":"Daniel Föst","api_url":"https://www.abgeordnetenwatch.de/api/v2/politicians/141323","abgeordnetenwatch_url":"https://www.abgeordnetenwatch.de/profile/daniel-foest"},"electoral_data":{"id":29765,"entity_type":"electoral_data","label":"Daniel Föst (Bundestag Wahl 2017)","electoral_list":{"id":266,"entity_type":"electoral_list","label":"Landesliste Bayern (Bundestag Wahl 2017)","api_url":"https://www.abgeordnetenwatch.de/api/v2/electoral-lists/266"},"list_position":1,"constituency":{"id":9227,"entity_type":"constituency","label":"217 - München-Nord (Bundestag Wahl 2017)","api_url":"https://www.abgeordnetenwatch.de/api/v2/constituencies/9227"},"constituency_result":9.6,"mandate_won":"list"},"fraction_membership":{},"party":{"id":4,"entity_type":"party","label":"FDP","api_url":"https://www.abgeordnetenwatch.de/api/v2/parties/4"}},{"id":29764,"entity_type":"candidacy_mandate","label":"Daniel Föst (Bayern Wahl 2013)","api_url":"https://www.abgeordnetenwatch.de/api/v2/candidacies-mandates/29764","type":"candidacy","parliament_period":{"id":38,"entity_type":"parliament_period","label":"Bayern Wahl 2013","api_url":"https://www.abgeordnetenwatch.de/api/v2/parliament-periods/38","abgeordnetenwatch_url":"https://www.abgeordnetenwatch.de/bayern/wahl-2013"},"politician":{"id":141323,"entity_type":"politician","label":"Daniel Föst","api_url":"https://www.abgeordnetenwatch.de/api/v2/politicians/141323","abgeordnetenwatch_url":"https://www.abgeordnetenwatch.de/profile/daniel-foest"},"electoral_data":{"id":29764,"entity_type":"electoral_data","label":"Daniel Föst (Bayern Wahl 2013)","electoral_list":{"id":171,"entity_type":"electoral_list","label":"Wahlkreisliste Oberbayern (Bayern Wahl 2013)","api_url":"https://www.abgeordnetenwatch.de/api/v2/electoral-lists/171"},"list_position":5,"constituency":{"id":4976,"entity_type":"constituency","label":"101 - München-Hadern (Bayern Wahl 2013)","api_url":"https://www.abgeordnetenwatch.de/api/v2/constituencies/4976"},"constituency_result":4.6},"fraction_membership":{},"party":{"id":4,"entity_type":"party","label":"FDP","api_url":"https://www.abgeordnetenwatch.de/api/v2/parties/4"}}]
