{"id":[142264],"entity_type":["politician"],"label":["Ulrich Lechte"],"api_url":["https://www.abgeordnetenwatch.de/api/v2/politicians/142264"],"abgeordnetenwatch_url":["https://www.abgeordnetenwatch.de/profile/ulrich-lechte"],"first_name":["Ulrich"],"last_name":["Lechte"],"birth_name":{},"sex":["m"],"year_of_birth":[1977],"party":{"id":[4],"entity_type":["party"],"label":["FDP"],"api_url":["https://www.abgeordnetenwatch.de/api/v2/parties/4"]},"party_past":{},"deceased":{},"deceased_date":{},"education":["Betriebswirt"],"residence":{},"occupation":["MdB"],"statistic_questions":[15],"statistic_questions_answered":[8],"qid_wikidata":["Q40998225"],"field_title":{}}
