{"id":[145783],"entity_type":["politician"],"label":["Jürgen Pohl"],"api_url":["https://www.abgeordnetenwatch.de/api/v2/politicians/145783"],"abgeordnetenwatch_url":["https://www.abgeordnetenwatch.de/profile/juergen-pohl"],"first_name":["Jürgen"],"last_name":["Pohl"],"birth_name":{},"sex":["m"],"year_of_birth":[1964],"party":{"id":[9],"entity_type":["party"],"label":["AfD"],"api_url":["https://www.abgeordnetenwatch.de/api/v2/parties/9"]},"party_past":{},"deceased":{},"deceased_date":{},"education":["Jurist"],"residence":{},"occupation":["MdB, Rechtsanwalt"],"statistic_questions":{},"statistic_questions_answered":{},"qid_wikidata":["Q40471077"],"field_title":{}}
