{"id":[145731],"entity_type":["politician"],"label":["Andreas Mrosek"],"api_url":["https://www.abgeordnetenwatch.de/api/v2/politicians/145731"],"abgeordnetenwatch_url":["https://www.abgeordnetenwatch.de/profile/andreas-mrosek"],"first_name":["Andreas"],"last_name":["Mrosek"],"birth_name":{},"sex":["m"],"year_of_birth":[1958],"party":{"id":[9],"entity_type":["party"],"label":["AfD"],"api_url":["https://www.abgeordnetenwatch.de/api/v2/parties/9"]},"party_past":{},"deceased":{},"deceased_date":{},"education":["Dipl.-Ing. für Schiffsführung"],"residence":{},"occupation":["MdB"],"statistic_questions":[5],"statistic_questions_answered":[5],"qid_wikidata":["Q23564779"],"field_title":{}}
