[{"id":50016,"entity_type":"candidacy_mandate","label":"Andreas Mrosek (Bundestag Wahl 2021)","api_url":"https://www.abgeordnetenwatch.de/api/v2/candidacies-mandates/50016","type":"candidacy","parliament_period":{"id":128,"entity_type":"parliament_period","label":"Bundestag Wahl 2021","api_url":"https://www.abgeordnetenwatch.de/api/v2/parliament-periods/128","abgeordnetenwatch_url":"https://www.abgeordnetenwatch.de/bundestag/wahl-2021"},"politician":{"id":145731,"entity_type":"politician","label":"Andreas Mrosek","api_url":"https://www.abgeordnetenwatch.de/api/v2/politicians/145731","abgeordnetenwatch_url":"https://www.abgeordnetenwatch.de/profile/andreas-mrosek"},"party":{"id":9,"entity_type":"party","label":"AfD","api_url":"https://www.abgeordnetenwatch.de/api/v2/parties/9"},"electoral_data":{"id":50938,"entity_type":"electoral_data","label":"Andreas Mrosek (Bundestag Wahl 2021)","electoral_list":{},"constituency":{"id":10127,"entity_type":"constituency","label":"70 - Dessau - Wittenberg (Bundestag Wahl 2021)","api_url":"https://www.abgeordnetenwatch.de/api/v2/constituencies/10127"},"constituency_result":19.3},"fraction_membership":{}},{"id":45465,"entity_type":"candidacy_mandate","label":"Andreas Mrosek (Bundestag 2017 - 2021)","api_url":"https://www.abgeordnetenwatch.de/api/v2/candidacies-mandates/45465","id_external_administration":"2185","id_external_administration_description":"mdbID - ID der Bundestagsverwaltung","type":"mandate","parliament_period":{"id":111,"entity_type":"parliament_period","label":"Bundestag 2017 - 2021","api_url":"https://www.abgeordnetenwatch.de/api/v2/parliament-periods/111","abgeordnetenwatch_url":"https://www.abgeordnetenwatch.de/bundestag/19"},"politician":{"id":145731,"entity_type":"politician","label":"Andreas Mrosek","api_url":"https://www.abgeordnetenwatch.de/api/v2/politicians/145731","abgeordnetenwatch_url":"https://www.abgeordnetenwatch.de/profile/andreas-mrosek"},"party":{},"electoral_data":{"id":45465,"entity_type":"electoral_data","label":"Andreas Mrosek (Bundestag 2017 - 2021)","electoral_list":{"id":119,"entity_type":"electoral_list","label":"Landesliste Sachsen-Anhalt (Bundestag 2017 - 2021)","api_url":"https://www.abgeordnetenwatch.de/api/v2/electoral-lists/119"},"list_position":4,"constituency":{"id":4194,"entity_type":"constituency","label":"70 - Dessau - Wittenberg (Bundestag 2017 - 2021)","api_url":"https://www.abgeordnetenwatch.de/api/v2/constituencies/4194"},"constituency_result":19.4,"mandate_won":"list"},"fraction_membership":[{"id":7718,"entity_type":"fraction_membership","label":"AfD","fraction":{"id":56,"entity_type":"fraction","label":"AfD (Bundestag 2017 - 2021)","api_url":"https://www.abgeordnetenwatch.de/api/v2/fractions/56"}}]},{"id":43825,"entity_type":"candidacy_mandate","label":"Andreas Mrosek (Sachsen-Anhalt 2016 - 2021)","api_url":"https://www.abgeordnetenwatch.de/api/v2/candidacies-mandates/43825","type":"mandate","parliament_period":{"id":114,"entity_type":"parliament_period","label":"Sachsen-Anhalt 2016 - 2021","api_url":"https://www.abgeordnetenwatch.de/api/v2/parliament-periods/114","abgeordnetenwatch_url":"https://www.abgeordnetenwatch.de/sachsen-anhalt/7"},"politician":{"id":145731,"entity_type":"politician","label":"Andreas Mrosek","api_url":"https://www.abgeordnetenwatch.de/api/v2/politicians/145731","abgeordnetenwatch_url":"https://www.abgeordnetenwatch.de/profile/andreas-mrosek"},"party":{},"end_date":"2018-04-15","electoral_data":{"id":43825,"entity_type":"electoral_data","label":"Andreas Mrosek (Sachsen-Anhalt 2016 - 2021)","electoral_list":{"id":127,"entity_type":"electoral_list","label":"Landesliste (Sachsen-Anhalt 2016 - 2021)","api_url":"https://www.abgeordnetenwatch.de/api/v2/electoral-lists/127"},"list_position":11,"constituency":{"id":4539,"entity_type":"constituency","label":"26 - Dessau-Roßlau (Sachsen-Anhalt 2016 - 2021)","api_url":"https://www.abgeordnetenwatch.de/api/v2/constituencies/4539"},"constituency_result":25.5,"mandate_won":"constituency"},"fraction_membership":[{"id":6058,"entity_type":"fraction_membership","label":"AfD","fraction":{"id":188,"entity_type":"fraction","label":"AfD (Sachsen-Anhalt 2016 - 2021)","api_url":"https://www.abgeordnetenwatch.de/api/v2/fractions/188"}}]},{"id":30880,"entity_type":"candidacy_mandate","label":"Andreas Mrosek (Bundestag Wahl 2017)","api_url":"https://www.abgeordnetenwatch.de/api/v2/candidacies-mandates/30880","type":"candidacy","parliament_period":{"id":50,"entity_type":"parliament_period","label":"Bundestag Wahl 2017","api_url":"https://www.abgeordnetenwatch.de/api/v2/parliament-periods/50","abgeordnetenwatch_url":"https://www.abgeordnetenwatch.de/bundestag/wahl-2017"},"politician":{"id":145731,"entity_type":"politician","label":"Andreas Mrosek","api_url":"https://www.abgeordnetenwatch.de/api/v2/politicians/145731","abgeordnetenwatch_url":"https://www.abgeordnetenwatch.de/profile/andreas-mrosek"},"party":{"id":9,"entity_type":"party","label":"AfD","api_url":"https://www.abgeordnetenwatch.de/api/v2/parties/9"},"electoral_data":{"id":30880,"entity_type":"electoral_data","label":"Andreas Mrosek (Bundestag Wahl 2017)","electoral_list":{"id":278,"entity_type":"electoral_list","label":"Landesliste Sachsen-Anhalt (Bundestag Wahl 2017)","api_url":"https://www.abgeordnetenwatch.de/api/v2/electoral-lists/278"},"list_position":4,"constituency":{"id":9080,"entity_type":"constituency","label":"70 - Dessau - Wittenberg (Bundestag Wahl 2017)","api_url":"https://www.abgeordnetenwatch.de/api/v2/constituencies/9080"},"constituency_result":19.4,"mandate_won":"list"},"fraction_membership":{}}]
