{"id":[145754],"entity_type":["politician"],"label":["Karsten Hilse"],"api_url":["https://www.abgeordnetenwatch.de/api/v2/politicians/145754"],"abgeordnetenwatch_url":["https://www.abgeordnetenwatch.de/profile/karsten-hilse"],"first_name":["Karsten"],"last_name":["Hilse"],"birth_name":{},"sex":["m"],"year_of_birth":[1964],"party":{"id":[9],"entity_type":["party"],"label":["AfD"],"api_url":["https://www.abgeordnetenwatch.de/api/v2/parties/9"]},"party_past":{},"deceased":{},"deceased_date":{},"education":["Waffenmeister"],"residence":{},"occupation":["MdB"],"statistic_questions":[2],"statistic_questions_answered":{},"qid_wikidata":["Q40589032"],"field_title":{}}
