[{"id":52601,"entity_type":"candidacy_mandate","label":"Udo Hemmelgarn (Bundestag Wahl 2021)","api_url":"https://www.abgeordnetenwatch.de/api/v2/candidacies-mandates/52601","type":"candidacy","parliament_period":{"id":128,"entity_type":"parliament_period","label":"Bundestag Wahl 2021","api_url":"https://www.abgeordnetenwatch.de/api/v2/parliament-periods/128","abgeordnetenwatch_url":"https://www.abgeordnetenwatch.de/bundestag/wahl-2021"},"politician":{"id":145749,"entity_type":"politician","label":"Udo Hemmelgarn","api_url":"https://www.abgeordnetenwatch.de/api/v2/politicians/145749","abgeordnetenwatch_url":"https://www.abgeordnetenwatch.de/profile/udo-hemmelgarn"},"party":{"id":9,"entity_type":"party","label":"AfD","api_url":"https://www.abgeordnetenwatch.de/api/v2/parties/9"},"electoral_data":{"id":53525,"entity_type":"electoral_data","label":"Udo Hemmelgarn (Bundestag Wahl 2021)","electoral_list":{"id":365,"entity_type":"electoral_list","label":"Landesliste Nordrhein-Westfalen (Bundestag Wahl 2021)","api_url":"https://www.abgeordnetenwatch.de/api/v2/electoral-lists/365"},"list_position":13,"constituency":{"id":10192,"entity_type":"constituency","label":"135 - Lippe I (Bundestag Wahl 2021)","api_url":"https://www.abgeordnetenwatch.de/api/v2/constituencies/10192"},"constituency_result":9.5,"constituency_result_count":16214},"fraction_membership":{}},{"id":43826,"entity_type":"candidacy_mandate","label":"Udo Hemmelgarn (Bundestag 2017 - 2021)","api_url":"https://www.abgeordnetenwatch.de/api/v2/candidacies-mandates/43826","id_external_administration":"2103","id_external_administration_description":"mdbID - ID der Bundestagsverwaltung","type":"mandate","parliament_period":{"id":111,"entity_type":"parliament_period","label":"Bundestag 2017 - 2021","api_url":"https://www.abgeordnetenwatch.de/api/v2/parliament-periods/111","abgeordnetenwatch_url":"https://www.abgeordnetenwatch.de/bundestag/19"},"politician":{"id":145749,"entity_type":"politician","label":"Udo Hemmelgarn","api_url":"https://www.abgeordnetenwatch.de/api/v2/politicians/145749","abgeordnetenwatch_url":"https://www.abgeordnetenwatch.de/profile/udo-hemmelgarn"},"party":{},"electoral_data":{"id":43826,"entity_type":"electoral_data","label":"Udo Hemmelgarn (Bundestag 2017 - 2021)","electoral_list":{"id":115,"entity_type":"electoral_list","label":"Landesliste Nordrhein-Westfalen (Bundestag 2017 - 2021)","api_url":"https://www.abgeordnetenwatch.de/api/v2/electoral-lists/115"},"list_position":8,"constituency":{"id":4255,"entity_type":"constituency","label":"131 - Gütersloh I (Bundestag 2017 - 2021)","api_url":"https://www.abgeordnetenwatch.de/api/v2/constituencies/4255"},"constituency_result":8,"mandate_won":"list"},"fraction_membership":[{"id":6059,"entity_type":"fraction_membership","label":"AfD","fraction":{"id":56,"entity_type":"fraction","label":"AfD (Bundestag 2017 - 2021)","api_url":"https://www.abgeordnetenwatch.de/api/v2/fractions/56"}}]},{"id":30895,"entity_type":"candidacy_mandate","label":"Udo Hemmelgarn (Bundestag Wahl 2017)","api_url":"https://www.abgeordnetenwatch.de/api/v2/candidacies-mandates/30895","type":"candidacy","parliament_period":{"id":50,"entity_type":"parliament_period","label":"Bundestag Wahl 2017","api_url":"https://www.abgeordnetenwatch.de/api/v2/parliament-periods/50","abgeordnetenwatch_url":"https://www.abgeordnetenwatch.de/bundestag/wahl-2017"},"politician":{"id":145749,"entity_type":"politician","label":"Udo Hemmelgarn","api_url":"https://www.abgeordnetenwatch.de/api/v2/politicians/145749","abgeordnetenwatch_url":"https://www.abgeordnetenwatch.de/profile/udo-hemmelgarn"},"party":{"id":9,"entity_type":"party","label":"AfD","api_url":"https://www.abgeordnetenwatch.de/api/v2/parties/9"},"electoral_data":{"id":30895,"entity_type":"electoral_data","label":"Udo Hemmelgarn (Bundestag Wahl 2017)","electoral_list":{"id":274,"entity_type":"electoral_list","label":"Landesliste Nordrhein-Westfalen (Bundestag Wahl 2017)","api_url":"https://www.abgeordnetenwatch.de/api/v2/electoral-lists/274"},"list_position":8,"constituency":{"id":9141,"entity_type":"constituency","label":"131 - Gütersloh I (Bundestag Wahl 2017)","api_url":"https://www.abgeordnetenwatch.de/api/v2/constituencies/9141"},"constituency_result":8,"mandate_won":"list"},"fraction_membership":{}}]
