{"id":[145787],"entity_type":["politician"],"label":["Robby Schlund"],"api_url":["https://www.abgeordnetenwatch.de/api/v2/politicians/145787"],"abgeordnetenwatch_url":["https://www.abgeordnetenwatch.de/profile/robby-schlund"],"first_name":["Robby"],"last_name":["Schlund"],"birth_name":{},"sex":["m"],"year_of_birth":[1967],"party":{"id":[9],"entity_type":["party"],"label":["AfD"],"api_url":["https://www.abgeordnetenwatch.de/api/v2/parties/9"]},"party_past":{},"education":["Arzt"],"residence":{},"occupation":["MdB"],"statistic_questions":[20],"statistic_questions_answered":[15],"qid_wikidata":["Q40813332"],"field_title":{}}
