[{"id":53860,"entity_type":"candidacy_mandate","label":"Tino Chrupalla (Bundestag 2021 - 2025)","api_url":"https://www.abgeordnetenwatch.de/api/v2/candidacies-mandates/53860","id_external_administration":"2056","id_external_administration_description":"mdbID aus der info-xml-Datei der Bundestagsverwaltung","type":"mandate","parliament_period":{"id":132,"entity_type":"parliament_period","label":"Bundestag 2021 - 2025","api_url":"https://www.abgeordnetenwatch.de/api/v2/parliament-periods/132","abgeordnetenwatch_url":"https://www.abgeordnetenwatch.de/bundestag"},"politician":{"id":145755,"entity_type":"politician","label":"Tino Chrupalla","api_url":"https://www.abgeordnetenwatch.de/api/v2/politicians/145755","abgeordnetenwatch_url":"https://www.abgeordnetenwatch.de/profile/tino-chrupalla"},"electoral_data":{"id":54784,"entity_type":"electoral_data","label":"Tino Chrupalla (Bundestag 2021 - 2025)","electoral_list":{"id":422,"entity_type":"electoral_list","label":"Landesliste Sachsen (Bundestag 2021 - 2025)","api_url":"https://www.abgeordnetenwatch.de/api/v2/electoral-lists/422"},"list_position":1,"constituency":{"id":10897,"entity_type":"constituency","label":"157 - Görlitz (Bundestag 2021 - 2025)","api_url":"https://www.abgeordnetenwatch.de/api/v2/constituencies/10897"},"constituency_result":35,"mandate_won":"constituency"},"fraction_membership":[{"id":9707,"entity_type":"fraction_membership","label":"AfD","fraction":{"id":323,"entity_type":"fraction","label":"AfD (Bundestag 2021 - 2025)","api_url":"https://www.abgeordnetenwatch.de/api/v2/fractions/323"}}],"party":{}},{"id":50022,"entity_type":"candidacy_mandate","label":"Tino Chrupalla (Bundestag Wahl 2021)","api_url":"https://www.abgeordnetenwatch.de/api/v2/candidacies-mandates/50022","type":"candidacy","parliament_period":{"id":128,"entity_type":"parliament_period","label":"Bundestag Wahl 2021","api_url":"https://www.abgeordnetenwatch.de/api/v2/parliament-periods/128","abgeordnetenwatch_url":"https://www.abgeordnetenwatch.de/bundestag/wahl-2021"},"politician":{"id":145755,"entity_type":"politician","label":"Tino Chrupalla","api_url":"https://www.abgeordnetenwatch.de/api/v2/politicians/145755","abgeordnetenwatch_url":"https://www.abgeordnetenwatch.de/profile/tino-chrupalla"},"electoral_data":{"id":50944,"entity_type":"electoral_data","label":"Tino Chrupalla (Bundestag Wahl 2021)","electoral_list":{"id":368,"entity_type":"electoral_list","label":"Landesliste Sachsen (Bundestag Wahl 2021)","api_url":"https://www.abgeordnetenwatch.de/api/v2/electoral-lists/368"},"list_position":1,"constituency":{"id":10214,"entity_type":"constituency","label":"157 - Görlitz (Bundestag Wahl 2021)","api_url":"https://www.abgeordnetenwatch.de/api/v2/constituencies/10214"},"constituency_result":35.8,"constituency_result_count":53970,"mandate_won":"constituency"},"fraction_membership":{},"party":{"id":9,"entity_type":"party","label":"AfD","api_url":"https://www.abgeordnetenwatch.de/api/v2/parties/9"}},{"id":43828,"entity_type":"candidacy_mandate","label":"Tino Chrupalla (Bundestag 2017 - 2021)","api_url":"https://www.abgeordnetenwatch.de/api/v2/candidacies-mandates/43828","id_external_administration":"2056","id_external_administration_description":"mdbID - ID der Bundestagsverwaltung","type":"mandate","parliament_period":{"id":111,"entity_type":"parliament_period","label":"Bundestag 2017 - 2021","api_url":"https://www.abgeordnetenwatch.de/api/v2/parliament-periods/111","abgeordnetenwatch_url":"https://www.abgeordnetenwatch.de/bundestag/19"},"politician":{"id":145755,"entity_type":"politician","label":"Tino Chrupalla","api_url":"https://www.abgeordnetenwatch.de/api/v2/politicians/145755","abgeordnetenwatch_url":"https://www.abgeordnetenwatch.de/profile/tino-chrupalla"},"electoral_data":{"id":43828,"entity_type":"electoral_data","label":"Tino Chrupalla (Bundestag 2017 - 2021)","electoral_list":{"id":118,"entity_type":"electoral_list","label":"Landesliste Sachsen (Bundestag 2017 - 2021)","api_url":"https://www.abgeordnetenwatch.de/api/v2/electoral-lists/118"},"list_position":5,"constituency":{"id":4281,"entity_type":"constituency","label":"157 - Görlitz (Bundestag 2017 - 2021)","api_url":"https://www.abgeordnetenwatch.de/api/v2/constituencies/4281"},"constituency_result":32.4,"mandate_won":"constituency"},"fraction_membership":[{"id":6061,"entity_type":"fraction_membership","label":"AfD","fraction":{"id":56,"entity_type":"fraction","label":"AfD (Bundestag 2017 - 2021)","api_url":"https://www.abgeordnetenwatch.de/api/v2/fractions/56"}}],"party":{}},{"id":30900,"entity_type":"candidacy_mandate","label":"Tino Chrupalla (Bundestag Wahl 2017)","api_url":"https://www.abgeordnetenwatch.de/api/v2/candidacies-mandates/30900","type":"candidacy","parliament_period":{"id":50,"entity_type":"parliament_period","label":"Bundestag Wahl 2017","api_url":"https://www.abgeordnetenwatch.de/api/v2/parliament-periods/50","abgeordnetenwatch_url":"https://www.abgeordnetenwatch.de/bundestag/wahl-2017"},"politician":{"id":145755,"entity_type":"politician","label":"Tino Chrupalla","api_url":"https://www.abgeordnetenwatch.de/api/v2/politicians/145755","abgeordnetenwatch_url":"https://www.abgeordnetenwatch.de/profile/tino-chrupalla"},"electoral_data":{"id":30900,"entity_type":"electoral_data","label":"Tino Chrupalla (Bundestag Wahl 2017)","electoral_list":{"id":277,"entity_type":"electoral_list","label":"Landesliste Sachsen (Bundestag Wahl 2017)","api_url":"https://www.abgeordnetenwatch.de/api/v2/electoral-lists/277"},"list_position":5,"constituency":{"id":9167,"entity_type":"constituency","label":"157 - Görlitz (Bundestag Wahl 2017)","api_url":"https://www.abgeordnetenwatch.de/api/v2/constituencies/9167"},"constituency_result":32.4,"mandate_won":"constituency"},"fraction_membership":{},"party":{"id":9,"entity_type":"party","label":"AfD","api_url":"https://www.abgeordnetenwatch.de/api/v2/parties/9"}}]
