[{"id":54046,"entity_type":"candidacy_mandate","label":"Jörg Schneider (Bundestag 2021 - 2025)","api_url":"https://www.abgeordnetenwatch.de/api/v2/candidacies-mandates/54046","id_external_administration":"2234","id_external_administration_description":"mdbID aus der info-xml-Datei der Bundestagsverwaltung","type":"mandate","parliament_period":{"id":132,"entity_type":"parliament_period","label":"Bundestag 2021 - 2025","api_url":"https://www.abgeordnetenwatch.de/api/v2/parliament-periods/132","abgeordnetenwatch_url":"https://www.abgeordnetenwatch.de/bundestag"},"politician":{"id":145747,"entity_type":"politician","label":"Jörg Schneider","api_url":"https://www.abgeordnetenwatch.de/api/v2/politicians/145747","abgeordnetenwatch_url":"https://www.abgeordnetenwatch.de/profile/joerg-schneider"},"electoral_data":{"id":54970,"entity_type":"electoral_data","label":"Jörg Schneider (Bundestag 2021 - 2025)","electoral_list":{"id":419,"entity_type":"electoral_list","label":"Landesliste Nordrhein-Westfalen (Bundestag 2021 - 2025)","api_url":"https://www.abgeordnetenwatch.de/api/v2/electoral-lists/419"},"list_position":5,"constituency":{"id":10863,"entity_type":"constituency","label":"123 - Gelsenkirchen (Bundestag 2021 - 2025)","api_url":"https://www.abgeordnetenwatch.de/api/v2/constituencies/10863"},"constituency_result":14,"mandate_won":"list"},"fraction_membership":[{"id":9893,"entity_type":"fraction_membership","label":"AfD","fraction":{"id":323,"entity_type":"fraction","label":"AfD (Bundestag 2021 - 2025)","api_url":"https://www.abgeordnetenwatch.de/api/v2/fractions/323"}}],"party":{}},{"id":50019,"entity_type":"candidacy_mandate","label":"Jörg Schneider (Bundestag Wahl 2021)","api_url":"https://www.abgeordnetenwatch.de/api/v2/candidacies-mandates/50019","type":"candidacy","parliament_period":{"id":128,"entity_type":"parliament_period","label":"Bundestag Wahl 2021","api_url":"https://www.abgeordnetenwatch.de/api/v2/parliament-periods/128","abgeordnetenwatch_url":"https://www.abgeordnetenwatch.de/bundestag/wahl-2021"},"politician":{"id":145747,"entity_type":"politician","label":"Jörg Schneider","api_url":"https://www.abgeordnetenwatch.de/api/v2/politicians/145747","abgeordnetenwatch_url":"https://www.abgeordnetenwatch.de/profile/joerg-schneider"},"electoral_data":{"id":50941,"entity_type":"electoral_data","label":"Jörg Schneider (Bundestag Wahl 2021)","electoral_list":{"id":365,"entity_type":"electoral_list","label":"Landesliste Nordrhein-Westfalen (Bundestag Wahl 2021)","api_url":"https://www.abgeordnetenwatch.de/api/v2/electoral-lists/365"},"list_position":5,"constituency":{"id":10180,"entity_type":"constituency","label":"123 - Gelsenkirchen (Bundestag Wahl 2021)","api_url":"https://www.abgeordnetenwatch.de/api/v2/constituencies/10180"},"constituency_result":14,"constituency_result_count":15555,"mandate_won":"list"},"fraction_membership":{},"party":{"id":9,"entity_type":"party","label":"AfD","api_url":"https://www.abgeordnetenwatch.de/api/v2/parties/9"}},{"id":44092,"entity_type":"candidacy_mandate","label":"Jörg Schneider (Bundestag 2017 - 2021)","api_url":"https://www.abgeordnetenwatch.de/api/v2/candidacies-mandates/44092","id_external_administration":"2234","id_external_administration_description":"mdbID - ID der Bundestagsverwaltung","type":"mandate","parliament_period":{"id":111,"entity_type":"parliament_period","label":"Bundestag 2017 - 2021","api_url":"https://www.abgeordnetenwatch.de/api/v2/parliament-periods/111","abgeordnetenwatch_url":"https://www.abgeordnetenwatch.de/bundestag/19"},"politician":{"id":145747,"entity_type":"politician","label":"Jörg Schneider","api_url":"https://www.abgeordnetenwatch.de/api/v2/politicians/145747","abgeordnetenwatch_url":"https://www.abgeordnetenwatch.de/profile/joerg-schneider"},"electoral_data":{"id":44092,"entity_type":"electoral_data","label":"Jörg Schneider (Bundestag 2017 - 2021)","electoral_list":{"id":115,"entity_type":"electoral_list","label":"Landesliste Nordrhein-Westfalen (Bundestag 2017 - 2021)","api_url":"https://www.abgeordnetenwatch.de/api/v2/electoral-lists/115"},"list_position":5,"constituency":{"id":4247,"entity_type":"constituency","label":"123 - Gelsenkirchen (Bundestag 2017 - 2021)","api_url":"https://www.abgeordnetenwatch.de/api/v2/constituencies/4247"},"constituency_result":16.9,"mandate_won":"list"},"fraction_membership":[{"id":6328,"entity_type":"fraction_membership","label":"AfD","fraction":{"id":56,"entity_type":"fraction","label":"AfD (Bundestag 2017 - 2021)","api_url":"https://www.abgeordnetenwatch.de/api/v2/fractions/56"}}],"party":{}},{"id":30893,"entity_type":"candidacy_mandate","label":"Jörg Schneider (Bundestag Wahl 2017)","api_url":"https://www.abgeordnetenwatch.de/api/v2/candidacies-mandates/30893","type":"candidacy","parliament_period":{"id":50,"entity_type":"parliament_period","label":"Bundestag Wahl 2017","api_url":"https://www.abgeordnetenwatch.de/api/v2/parliament-periods/50","abgeordnetenwatch_url":"https://www.abgeordnetenwatch.de/bundestag/wahl-2017"},"politician":{"id":145747,"entity_type":"politician","label":"Jörg Schneider","api_url":"https://www.abgeordnetenwatch.de/api/v2/politicians/145747","abgeordnetenwatch_url":"https://www.abgeordnetenwatch.de/profile/joerg-schneider"},"electoral_data":{"id":30893,"entity_type":"electoral_data","label":"Jörg Schneider (Bundestag Wahl 2017)","electoral_list":{"id":274,"entity_type":"electoral_list","label":"Landesliste Nordrhein-Westfalen (Bundestag Wahl 2017)","api_url":"https://www.abgeordnetenwatch.de/api/v2/electoral-lists/274"},"list_position":5,"constituency":{"id":9133,"entity_type":"constituency","label":"123 - Gelsenkirchen (Bundestag Wahl 2017)","api_url":"https://www.abgeordnetenwatch.de/api/v2/constituencies/9133"},"constituency_result":16.9,"mandate_won":"list"},"fraction_membership":{},"party":{"id":9,"entity_type":"party","label":"AfD","api_url":"https://www.abgeordnetenwatch.de/api/v2/parties/9"}}]
