[{"id":53492,"entity_type":"candidacy_mandate","label":"René Springer (Bundestag 2021 - 2025)","api_url":"https://www.abgeordnetenwatch.de/api/v2/candidacies-mandates/53492","id_external_administration":"2251","id_external_administration_description":"mdbID aus der info-xml-Datei der Bundestagsverwaltung","type":"mandate","parliament_period":{"id":132,"entity_type":"parliament_period","label":"Bundestag 2021 - 2025","api_url":"https://www.abgeordnetenwatch.de/api/v2/parliament-periods/132","abgeordnetenwatch_url":"https://www.abgeordnetenwatch.de/bundestag"},"politician":{"id":145723,"entity_type":"politician","label":"René Springer","api_url":"https://www.abgeordnetenwatch.de/api/v2/politicians/145723","abgeordnetenwatch_url":"https://www.abgeordnetenwatch.de/profile/rene-springer"},"electoral_data":{"id":54416,"entity_type":"electoral_data","label":"René Springer (Bundestag 2021 - 2025)","electoral_list":{"id":413,"entity_type":"electoral_list","label":"Landesliste Brandenburg (Bundestag 2021 - 2025)","api_url":"https://www.abgeordnetenwatch.de/api/v2/electoral-lists/413"},"list_position":2,"constituency":{},"mandate_won":"list"},"fraction_membership":[{"id":9339,"entity_type":"fraction_membership","label":"AfD","fraction":{"id":323,"entity_type":"fraction","label":"AfD (Bundestag 2021 - 2025)","api_url":"https://www.abgeordnetenwatch.de/api/v2/fractions/323"}}],"party":{}},{"id":43824,"entity_type":"candidacy_mandate","label":"René Springer (Bundestag 2017 - 2021)","api_url":"https://www.abgeordnetenwatch.de/api/v2/candidacies-mandates/43824","id_external_administration":"2251","id_external_administration_description":"mdbID - ID der Bundestagsverwaltung","type":"mandate","parliament_period":{"id":111,"entity_type":"parliament_period","label":"Bundestag 2017 - 2021","api_url":"https://www.abgeordnetenwatch.de/api/v2/parliament-periods/111","abgeordnetenwatch_url":"https://www.abgeordnetenwatch.de/bundestag/19"},"politician":{"id":145723,"entity_type":"politician","label":"René Springer","api_url":"https://www.abgeordnetenwatch.de/api/v2/politicians/145723","abgeordnetenwatch_url":"https://www.abgeordnetenwatch.de/profile/rene-springer"},"electoral_data":{"id":43824,"entity_type":"electoral_data","label":"René Springer (Bundestag 2017 - 2021)","electoral_list":{"id":109,"entity_type":"electoral_list","label":"Landesliste Brandenburg (Bundestag 2017 - 2021)","api_url":"https://www.abgeordnetenwatch.de/api/v2/electoral-lists/109"},"list_position":3,"constituency":{"id":4185,"entity_type":"constituency","label":"61 - Potsdam - Potsdam-Mittelmark II - Teltow-Fläming II (Bundestag 2017 - 2021)","api_url":"https://www.abgeordnetenwatch.de/api/v2/constituencies/4185"},"constituency_result":12.3,"mandate_won":"list"},"fraction_membership":[{"id":6057,"entity_type":"fraction_membership","label":"AfD","fraction":{"id":56,"entity_type":"fraction","label":"AfD (Bundestag 2017 - 2021)","api_url":"https://www.abgeordnetenwatch.de/api/v2/fractions/56"}}],"party":{}},{"id":30872,"entity_type":"candidacy_mandate","label":"René Springer (Bundestag Wahl 2017)","api_url":"https://www.abgeordnetenwatch.de/api/v2/candidacies-mandates/30872","type":"candidacy","parliament_period":{"id":50,"entity_type":"parliament_period","label":"Bundestag Wahl 2017","api_url":"https://www.abgeordnetenwatch.de/api/v2/parliament-periods/50","abgeordnetenwatch_url":"https://www.abgeordnetenwatch.de/bundestag/wahl-2017"},"politician":{"id":145723,"entity_type":"politician","label":"René Springer","api_url":"https://www.abgeordnetenwatch.de/api/v2/politicians/145723","abgeordnetenwatch_url":"https://www.abgeordnetenwatch.de/profile/rene-springer"},"electoral_data":{"id":30872,"entity_type":"electoral_data","label":"René Springer (Bundestag Wahl 2017)","electoral_list":{"id":268,"entity_type":"electoral_list","label":"Landesliste Brandenburg (Bundestag Wahl 2017)","api_url":"https://www.abgeordnetenwatch.de/api/v2/electoral-lists/268"},"list_position":3,"constituency":{"id":9071,"entity_type":"constituency","label":"61 - Potsdam - Potsdam-Mittelmark II - Teltow-Fläming II (Bundestag Wahl 2017)","api_url":"https://www.abgeordnetenwatch.de/api/v2/constituencies/9071"},"constituency_result":12.3,"mandate_won":"list"},"fraction_membership":{},"party":{"id":9,"entity_type":"party","label":"AfD","api_url":"https://www.abgeordnetenwatch.de/api/v2/parties/9"}}]
