{"id":[145771],"entity_type":["politician"],"label":["Mariana Harder-Kühnel"],"api_url":["https://www.abgeordnetenwatch.de/api/v2/politicians/145771"],"abgeordnetenwatch_url":["https://www.abgeordnetenwatch.de/profile/mariana-harder-kuehnel"],"first_name":["Mariana"],"last_name":["Harder-Kühnel"],"birth_name":{},"sex":["f"],"year_of_birth":[1974],"party":{"id":[9],"entity_type":["party"],"label":["AfD"],"api_url":["https://www.abgeordnetenwatch.de/api/v2/parties/9"]},"party_past":{},"deceased":{},"deceased_date":{},"education":["Juristin"],"residence":{},"occupation":["MdB, Rechtsanwältin"],"statistic_questions":[1],"statistic_questions_answered":{},"qid_wikidata":["Q40472081"],"field_title":{}}
