{"id":[145872],"entity_type":["politician"],"label":["Stefan Rouenhoff"],"api_url":["https://www.abgeordnetenwatch.de/api/v2/politicians/145872"],"abgeordnetenwatch_url":["https://www.abgeordnetenwatch.de/profile/stefan-rouenhoff"],"first_name":["Stefan"],"last_name":["Rouenhoff"],"birth_name":{},"sex":["m"],"year_of_birth":[1978],"party":{"id":[2],"entity_type":["party"],"label":["CDU"],"api_url":["https://www.abgeordnetenwatch.de/api/v2/parties/2"]},"party_past":{},"education":["Ausgebildeter Bauzeichner,  Diplom-Volkswirt, Politikwissenschaftler (MA)"],"residence":["Goch / Kreis Kleve"],"occupation":["MdB"],"statistic_questions":[14],"statistic_questions_answered":[8],"qid_wikidata":["Q40999099"],"field_title":{}}
