{"id":[145884],"entity_type":["politician"],"label":["Ingmar Jung"],"api_url":["https://www.abgeordnetenwatch.de/api/v2/politicians/145884"],"abgeordnetenwatch_url":["https://www.abgeordnetenwatch.de/profile/ingmar-jung"],"first_name":["Ingmar"],"last_name":["Jung"],"birth_name":{},"sex":["m"],"year_of_birth":[1978],"party":{"id":[2],"entity_type":["party"],"label":["CDU"],"api_url":["https://www.abgeordnetenwatch.de/api/v2/parties/2"]},"party_past":{},"deceased":{},"deceased_date":{},"education":["Volljurist"],"residence":["Wiesbaden"],"occupation":["MdB"],"statistic_questions":[4],"statistic_questions_answered":{},"qid_wikidata":["Q1663079"],"field_title":{}}
