[{"id":53713,"entity_type":"candidacy_mandate","label":"Martin Hess (Bundestag 2021 - 2025)","api_url":"https://www.abgeordnetenwatch.de/api/v2/candidacies-mandates/53713","id_external_administration":"2110","id_external_administration_description":"mdbID aus der info-xml-Datei der Bundestagsverwaltung","type":"mandate","parliament_period":{"id":132,"entity_type":"parliament_period","label":"Bundestag 2021 - 2025","api_url":"https://www.abgeordnetenwatch.de/api/v2/parliament-periods/132","abgeordnetenwatch_url":"https://www.abgeordnetenwatch.de/bundestag"},"politician":{"id":145840,"entity_type":"politician","label":"Martin Hess","api_url":"https://www.abgeordnetenwatch.de/api/v2/politicians/145840","abgeordnetenwatch_url":"https://www.abgeordnetenwatch.de/profile/martin-hess"},"electoral_data":{"id":54637,"entity_type":"electoral_data","label":"Martin Hess (Bundestag 2021 - 2025)","electoral_list":{"id":410,"entity_type":"electoral_list","label":"Landesliste Baden-Württemberg (Bundestag 2021 - 2025)","api_url":"https://www.abgeordnetenwatch.de/api/v2/electoral-lists/410"},"list_position":2,"constituency":{"id":11005,"entity_type":"constituency","label":"265 - Ludwigsburg (Bundestag 2021 - 2025)","api_url":"https://www.abgeordnetenwatch.de/api/v2/constituencies/11005"},"constituency_result":8.4,"mandate_won":"list"},"fraction_membership":[{"id":9560,"entity_type":"fraction_membership","label":"AfD","fraction":{"id":323,"entity_type":"fraction","label":"AfD (Bundestag 2021 - 2025)","api_url":"https://www.abgeordnetenwatch.de/api/v2/fractions/323"}}],"party":{}},{"id":50042,"entity_type":"candidacy_mandate","label":"Martin Hess (Bundestag Wahl 2021)","api_url":"https://www.abgeordnetenwatch.de/api/v2/candidacies-mandates/50042","type":"candidacy","parliament_period":{"id":128,"entity_type":"parliament_period","label":"Bundestag Wahl 2021","api_url":"https://www.abgeordnetenwatch.de/api/v2/parliament-periods/128","abgeordnetenwatch_url":"https://www.abgeordnetenwatch.de/bundestag/wahl-2021"},"politician":{"id":145840,"entity_type":"politician","label":"Martin Hess","api_url":"https://www.abgeordnetenwatch.de/api/v2/politicians/145840","abgeordnetenwatch_url":"https://www.abgeordnetenwatch.de/profile/martin-hess"},"electoral_data":{"id":50964,"entity_type":"electoral_data","label":"Martin Hess (Bundestag Wahl 2021)","electoral_list":{"id":358,"entity_type":"electoral_list","label":"Landesliste Baden-Württemberg (Bundestag Wahl 2021)","api_url":"https://www.abgeordnetenwatch.de/api/v2/electoral-lists/358"},"list_position":2,"constituency":{"id":10322,"entity_type":"constituency","label":"265 - Ludwigsburg (Bundestag Wahl 2021)","api_url":"https://www.abgeordnetenwatch.de/api/v2/constituencies/10322"},"constituency_result":8.4,"constituency_result_count":14394},"fraction_membership":{},"party":{"id":9,"entity_type":"party","label":"AfD","api_url":"https://www.abgeordnetenwatch.de/api/v2/parties/9"}},{"id":43843,"entity_type":"candidacy_mandate","label":"Martin Hess (Bundestag 2017 - 2021)","api_url":"https://www.abgeordnetenwatch.de/api/v2/candidacies-mandates/43843","id_external_administration":"2110","id_external_administration_description":"mdbID - ID der Bundestagsverwaltung","type":"mandate","parliament_period":{"id":111,"entity_type":"parliament_period","label":"Bundestag 2017 - 2021","api_url":"https://www.abgeordnetenwatch.de/api/v2/parliament-periods/111","abgeordnetenwatch_url":"https://www.abgeordnetenwatch.de/bundestag/19"},"politician":{"id":145840,"entity_type":"politician","label":"Martin Hess","api_url":"https://www.abgeordnetenwatch.de/api/v2/politicians/145840","abgeordnetenwatch_url":"https://www.abgeordnetenwatch.de/profile/martin-hess"},"electoral_data":{"id":43843,"entity_type":"electoral_data","label":"Martin Hess (Bundestag 2017 - 2021)","electoral_list":{"id":106,"entity_type":"electoral_list","label":"Landesliste Baden-Württemberg (Bundestag 2017 - 2021)","api_url":"https://www.abgeordnetenwatch.de/api/v2/electoral-lists/106"},"list_position":7,"constituency":{"id":4389,"entity_type":"constituency","label":"265 - Ludwigsburg (Bundestag 2017 - 2021)","api_url":"https://www.abgeordnetenwatch.de/api/v2/constituencies/4389"},"constituency_result":11.6,"mandate_won":"list"},"fraction_membership":[{"id":6076,"entity_type":"fraction_membership","label":"AfD","fraction":{"id":56,"entity_type":"fraction","label":"AfD (Bundestag 2017 - 2021)","api_url":"https://www.abgeordnetenwatch.de/api/v2/fractions/56"}}],"party":{}},{"id":31003,"entity_type":"candidacy_mandate","label":"Martin Hess (Bundestag Wahl 2017)","api_url":"https://www.abgeordnetenwatch.de/api/v2/candidacies-mandates/31003","type":"candidacy","parliament_period":{"id":50,"entity_type":"parliament_period","label":"Bundestag Wahl 2017","api_url":"https://www.abgeordnetenwatch.de/api/v2/parliament-periods/50","abgeordnetenwatch_url":"https://www.abgeordnetenwatch.de/bundestag/wahl-2017"},"politician":{"id":145840,"entity_type":"politician","label":"Martin Hess","api_url":"https://www.abgeordnetenwatch.de/api/v2/politicians/145840","abgeordnetenwatch_url":"https://www.abgeordnetenwatch.de/profile/martin-hess"},"electoral_data":{"id":31003,"entity_type":"electoral_data","label":"Martin Hess (Bundestag Wahl 2017)","electoral_list":{"id":265,"entity_type":"electoral_list","label":"Landesliste Baden-Württemberg (Bundestag Wahl 2017)","api_url":"https://www.abgeordnetenwatch.de/api/v2/electoral-lists/265"},"list_position":7,"constituency":{"id":9275,"entity_type":"constituency","label":"265 - Ludwigsburg (Bundestag Wahl 2017)","api_url":"https://www.abgeordnetenwatch.de/api/v2/constituencies/9275"},"constituency_result":11.6,"mandate_won":"list"},"fraction_membership":{},"party":{"id":9,"entity_type":"party","label":"AfD","api_url":"https://www.abgeordnetenwatch.de/api/v2/parties/9"}}]
