{"id":[145839],"entity_type":["politician"],"label":["Jürgen Braun"],"api_url":["https://www.abgeordnetenwatch.de/api/v2/politicians/145839"],"abgeordnetenwatch_url":["https://www.abgeordnetenwatch.de/profile/juergen-braun"],"first_name":["Jürgen"],"last_name":["Braun"],"birth_name":{},"sex":["m"],"year_of_birth":[1961],"party":{"id":[9],"entity_type":["party"],"label":["AfD"],"api_url":["https://www.abgeordnetenwatch.de/api/v2/parties/9"]},"party_past":{},"education":["Jurist"],"residence":{},"occupation":["MdB, selbstständiger Kommunikationsberater"],"statistic_questions":[2],"statistic_questions_answered":{},"qid_wikidata":["Q40994438"],"field_title":{}}
