{"id":[145879],"entity_type":["politician"],"label":["Hans-Jürgen Thies"],"api_url":["https://www.abgeordnetenwatch.de/api/v2/politicians/145879"],"abgeordnetenwatch_url":["https://www.abgeordnetenwatch.de/profile/hans-juergen-thies"],"first_name":["Hans-Jürgen"],"last_name":["Thies"],"birth_name":{},"sex":["m"],"year_of_birth":[1955],"party":{"id":[2],"entity_type":["party"],"label":["CDU"],"api_url":["https://www.abgeordnetenwatch.de/api/v2/parties/2"]},"party_past":{},"deceased":{},"deceased_date":{},"education":["Studium der Rechtswissenschaften"],"residence":["Lippetal"],"occupation":["MdB, Rechtsanwalt"],"statistic_questions":[2],"statistic_questions_answered":[1],"qid_wikidata":["Q41580479"],"field_title":{}}
