{"id":[145866],"entity_type":["politician"],"label":["Eckhard Gnodtke"],"api_url":["https://www.abgeordnetenwatch.de/api/v2/politicians/145866"],"abgeordnetenwatch_url":["https://www.abgeordnetenwatch.de/profile/eckhard-gnodtke"],"first_name":["Eckhard"],"last_name":["Gnodtke"],"birth_name":{},"sex":["m"],"year_of_birth":[1958],"party":{"id":[2],"entity_type":["party"],"label":["CDU"],"api_url":["https://www.abgeordnetenwatch.de/api/v2/parties/2"]},"party_past":{},"education":["Volljurist"],"residence":{},"occupation":["MdB"],"statistic_questions":[9],"statistic_questions_answered":[8],"qid_wikidata":["Q40999347"],"field_title":{}}
