{"id":[145862],"entity_type":["politician"],"label":["Philipp Amthor"],"api_url":["https://www.abgeordnetenwatch.de/api/v2/politicians/145862"],"abgeordnetenwatch_url":["https://www.abgeordnetenwatch.de/profile/philipp-amthor"],"first_name":["Philipp"],"last_name":["Amthor"],"birth_name":{},"sex":["m"],"year_of_birth":[1992],"party":{"id":[2],"entity_type":["party"],"label":["CDU"],"api_url":["https://www.abgeordnetenwatch.de/api/v2/parties/2"]},"party_past":{},"education":["Jurist"],"residence":{},"occupation":["MdB"],"statistic_questions":[17],"statistic_questions_answered":{},"qid_wikidata":["Q40998607"],"field_title":{}}
