{"id":[145890],"entity_type":["politician"],"label":["Josef Oster"],"api_url":["https://www.abgeordnetenwatch.de/api/v2/politicians/145890"],"abgeordnetenwatch_url":["https://www.abgeordnetenwatch.de/profile/josef-oster"],"first_name":["Josef"],"last_name":["Oster"],"birth_name":{},"sex":["m"],"year_of_birth":[1971],"party":{"id":[2],"entity_type":["party"],"label":["CDU"],"api_url":["https://www.abgeordnetenwatch.de/api/v2/parties/2"]},"party_past":{},"deceased":{},"deceased_date":{},"education":["Diplom-Verwaltungswirt (FH)"],"residence":["Koblenz"],"occupation":["Bundestagsabgeordneter"],"statistic_questions":[1],"statistic_questions_answered":[1],"qid_wikidata":["Q40999127"],"field_title":{}}
