{"id":[145803],"entity_type":["politician"],"label":["Johannes Huber"],"api_url":["https://www.abgeordnetenwatch.de/api/v2/politicians/145803"],"abgeordnetenwatch_url":["https://www.abgeordnetenwatch.de/profile/johannes-huber"],"first_name":["Johannes"],"last_name":["Huber"],"birth_name":{},"sex":["m"],"year_of_birth":[1987],"party":{"id":[185],"entity_type":["party"],"label":["parteilos"],"api_url":["https://www.abgeordnetenwatch.de/api/v2/parties/185"]},"party_past":{},"deceased":{},"deceased_date":{},"education":["Diplom-Soziologe"],"residence":{},"occupation":["MdB"],"statistic_questions":[7],"statistic_questions_answered":[6],"qid_wikidata":["Q40983433"],"field_title":{}}
