{"id":[145894],"entity_type":["politician"],"label":["Axel Eduard Fischer"],"api_url":["https://www.abgeordnetenwatch.de/api/v2/politicians/145894"],"abgeordnetenwatch_url":["https://www.abgeordnetenwatch.de/profile/axel-eduard-fischer"],"first_name":["Axel Eduard"],"last_name":["Fischer"],"birth_name":{},"sex":["m"],"year_of_birth":[1966],"party":{"id":[2],"entity_type":["party"],"label":["CDU"],"api_url":["https://www.abgeordnetenwatch.de/api/v2/parties/2"]},"party_past":{},"deceased":{},"deceased_date":{},"education":{},"residence":{},"occupation":["MdB"],"statistic_questions":[23],"statistic_questions_answered":{},"qid_wikidata":["Q22939"],"field_title":{}}
