[{"id":53720,"entity_type":"candidacy_mandate","label":"Jürgen Braun (Bundestag 2021 - 2025)","api_url":"https://www.abgeordnetenwatch.de/api/v2/candidacies-mandates/53720","id_external_administration":"2043","id_external_administration_description":"mdbID aus der info-xml-Datei der Bundestagsverwaltung","type":"mandate","parliament_period":{"id":132,"entity_type":"parliament_period","label":"Bundestag 2021 - 2025","api_url":"https://www.abgeordnetenwatch.de/api/v2/parliament-periods/132","abgeordnetenwatch_url":"https://www.abgeordnetenwatch.de/bundestag"},"politician":{"id":145839,"entity_type":"politician","label":"Jürgen Braun","api_url":"https://www.abgeordnetenwatch.de/api/v2/politicians/145839","abgeordnetenwatch_url":"https://www.abgeordnetenwatch.de/profile/juergen-braun"},"electoral_data":{"id":54644,"entity_type":"electoral_data","label":"Jürgen Braun (Bundestag 2021 - 2025)","electoral_list":{"id":410,"entity_type":"electoral_list","label":"Landesliste Baden-Württemberg (Bundestag 2021 - 2025)","api_url":"https://www.abgeordnetenwatch.de/api/v2/electoral-lists/410"},"list_position":10,"constituency":{"id":11004,"entity_type":"constituency","label":"264 - Waiblingen (Bundestag 2021 - 2025)","api_url":"https://www.abgeordnetenwatch.de/api/v2/constituencies/11004"},"constituency_result":2.6,"constituency_result_count":4464,"mandate_won":"list"},"fraction_membership":[{"id":9567,"entity_type":"fraction_membership","label":"AfD","fraction":{"id":323,"entity_type":"fraction","label":"AfD (Bundestag 2021 - 2025)","api_url":"https://www.abgeordnetenwatch.de/api/v2/fractions/323"}}],"party":{}},{"id":50041,"entity_type":"candidacy_mandate","label":"Jürgen Braun (Bundestag Wahl 2021)","api_url":"https://www.abgeordnetenwatch.de/api/v2/candidacies-mandates/50041","type":"candidacy","parliament_period":{"id":128,"entity_type":"parliament_period","label":"Bundestag Wahl 2021","api_url":"https://www.abgeordnetenwatch.de/api/v2/parliament-periods/128","abgeordnetenwatch_url":"https://www.abgeordnetenwatch.de/bundestag/wahl-2021"},"politician":{"id":145839,"entity_type":"politician","label":"Jürgen Braun","api_url":"https://www.abgeordnetenwatch.de/api/v2/politicians/145839","abgeordnetenwatch_url":"https://www.abgeordnetenwatch.de/profile/juergen-braun"},"electoral_data":{"id":50963,"entity_type":"electoral_data","label":"Jürgen Braun (Bundestag Wahl 2021)","electoral_list":{"id":358,"entity_type":"electoral_list","label":"Landesliste Baden-Württemberg (Bundestag Wahl 2021)","api_url":"https://www.abgeordnetenwatch.de/api/v2/electoral-lists/358"},"list_position":10,"constituency":{"id":10321,"entity_type":"constituency","label":"264 - Waiblingen (Bundestag Wahl 2021)","api_url":"https://www.abgeordnetenwatch.de/api/v2/constituencies/10321"},"constituency_result":8.7,"constituency_result_count":15195},"fraction_membership":{},"party":{"id":9,"entity_type":"party","label":"AfD","api_url":"https://www.abgeordnetenwatch.de/api/v2/parties/9"}},{"id":43842,"entity_type":"candidacy_mandate","label":"Jürgen Braun (Bundestag 2017 - 2021)","api_url":"https://www.abgeordnetenwatch.de/api/v2/candidacies-mandates/43842","id_external_administration":"2043","id_external_administration_description":"mdbID - ID der Bundestagsverwaltung","type":"mandate","parliament_period":{"id":111,"entity_type":"parliament_period","label":"Bundestag 2017 - 2021","api_url":"https://www.abgeordnetenwatch.de/api/v2/parliament-periods/111","abgeordnetenwatch_url":"https://www.abgeordnetenwatch.de/bundestag/19"},"politician":{"id":145839,"entity_type":"politician","label":"Jürgen Braun","api_url":"https://www.abgeordnetenwatch.de/api/v2/politicians/145839","abgeordnetenwatch_url":"https://www.abgeordnetenwatch.de/profile/juergen-braun"},"electoral_data":{"id":43842,"entity_type":"electoral_data","label":"Jürgen Braun (Bundestag 2017 - 2021)","electoral_list":{"id":106,"entity_type":"electoral_list","label":"Landesliste Baden-Württemberg (Bundestag 2017 - 2021)","api_url":"https://www.abgeordnetenwatch.de/api/v2/electoral-lists/106"},"list_position":6,"constituency":{"id":4388,"entity_type":"constituency","label":"264 - Waiblingen (Bundestag 2017 - 2021)","api_url":"https://www.abgeordnetenwatch.de/api/v2/constituencies/4388"},"constituency_result":12.4,"mandate_won":"list"},"fraction_membership":[{"id":6075,"entity_type":"fraction_membership","label":"AfD","fraction":{"id":56,"entity_type":"fraction","label":"AfD (Bundestag 2017 - 2021)","api_url":"https://www.abgeordnetenwatch.de/api/v2/fractions/56"}}],"party":{}},{"id":31002,"entity_type":"candidacy_mandate","label":"Jürgen Braun (Bundestag Wahl 2017)","api_url":"https://www.abgeordnetenwatch.de/api/v2/candidacies-mandates/31002","type":"candidacy","parliament_period":{"id":50,"entity_type":"parliament_period","label":"Bundestag Wahl 2017","api_url":"https://www.abgeordnetenwatch.de/api/v2/parliament-periods/50","abgeordnetenwatch_url":"https://www.abgeordnetenwatch.de/bundestag/wahl-2017"},"politician":{"id":145839,"entity_type":"politician","label":"Jürgen Braun","api_url":"https://www.abgeordnetenwatch.de/api/v2/politicians/145839","abgeordnetenwatch_url":"https://www.abgeordnetenwatch.de/profile/juergen-braun"},"electoral_data":{"id":31002,"entity_type":"electoral_data","label":"Jürgen Braun (Bundestag Wahl 2017)","electoral_list":{"id":265,"entity_type":"electoral_list","label":"Landesliste Baden-Württemberg (Bundestag Wahl 2017)","api_url":"https://www.abgeordnetenwatch.de/api/v2/electoral-lists/265"},"list_position":6,"constituency":{"id":9274,"entity_type":"constituency","label":"264 - Waiblingen (Bundestag Wahl 2017)","api_url":"https://www.abgeordnetenwatch.de/api/v2/constituencies/9274"},"constituency_result":12.4,"mandate_won":"list"},"fraction_membership":{},"party":{"id":9,"entity_type":"party","label":"AfD","api_url":"https://www.abgeordnetenwatch.de/api/v2/parties/9"}}]
