{"id":[145869],"entity_type":["politician"],"label":["Torsten Schweiger"],"api_url":["https://www.abgeordnetenwatch.de/api/v2/politicians/145869"],"abgeordnetenwatch_url":["https://www.abgeordnetenwatch.de/profile/torsten-schweiger"],"first_name":["Torsten"],"last_name":["Schweiger"],"birth_name":{},"sex":["m"],"year_of_birth":[1968],"party":{"id":[2],"entity_type":["party"],"label":["CDU"],"api_url":["https://www.abgeordnetenwatch.de/api/v2/parties/2"]},"party_past":{},"education":["Dipl. Ingenieur"],"residence":{},"occupation":["MdB"],"statistic_questions":[17],"statistic_questions_answered":[17],"qid_wikidata":["Q40999416"],"field_title":{}}
