[{"id":53622,"entity_type":"candidacy_mandate","label":"Rainer Kraft (Bundestag 2021 - 2025)","api_url":"https://www.abgeordnetenwatch.de/api/v2/candidacies-mandates/53622","id_external_administration":"2152","id_external_administration_description":"mdbID aus der info-xml-Datei der Bundestagsverwaltung","type":"mandate","parliament_period":{"id":132,"entity_type":"parliament_period","label":"Bundestag 2021 - 2025","api_url":"https://www.abgeordnetenwatch.de/api/v2/parliament-periods/132","abgeordnetenwatch_url":"https://www.abgeordnetenwatch.de/bundestag"},"politician":{"id":145830,"entity_type":"politician","label":"Rainer Kraft","api_url":"https://www.abgeordnetenwatch.de/api/v2/politicians/145830","abgeordnetenwatch_url":"https://www.abgeordnetenwatch.de/profile/rainer-kraft"},"electoral_data":{"id":54546,"entity_type":"electoral_data","label":"Rainer Kraft (Bundestag 2021 - 2025)","electoral_list":{"id":411,"entity_type":"electoral_list","label":"Landesliste Bayern (Bundestag 2021 - 2025)","api_url":"https://www.abgeordnetenwatch.de/api/v2/electoral-lists/411"},"list_position":8,"constituency":{"id":10993,"entity_type":"constituency","label":"253 - Augsburg-Land (Bundestag 2021 - 2025)","api_url":"https://www.abgeordnetenwatch.de/api/v2/constituencies/10993"},"constituency_result":9.7,"mandate_won":"list"},"fraction_membership":[{"id":9469,"entity_type":"fraction_membership","label":"AfD","fraction":{"id":323,"entity_type":"fraction","label":"AfD (Bundestag 2021 - 2025)","api_url":"https://www.abgeordnetenwatch.de/api/v2/fractions/323"}}],"party":{}},{"id":50039,"entity_type":"candidacy_mandate","label":"Rainer Kraft (Bundestag Wahl 2021)","api_url":"https://www.abgeordnetenwatch.de/api/v2/candidacies-mandates/50039","type":"candidacy","parliament_period":{"id":128,"entity_type":"parliament_period","label":"Bundestag Wahl 2021","api_url":"https://www.abgeordnetenwatch.de/api/v2/parliament-periods/128","abgeordnetenwatch_url":"https://www.abgeordnetenwatch.de/bundestag/wahl-2021"},"politician":{"id":145830,"entity_type":"politician","label":"Rainer Kraft","api_url":"https://www.abgeordnetenwatch.de/api/v2/politicians/145830","abgeordnetenwatch_url":"https://www.abgeordnetenwatch.de/profile/rainer-kraft"},"electoral_data":{"id":50961,"entity_type":"electoral_data","label":"Rainer Kraft (Bundestag Wahl 2021)","electoral_list":{"id":357,"entity_type":"electoral_list","label":"Landesliste Bayern (Bundestag Wahl 2021)","api_url":"https://www.abgeordnetenwatch.de/api/v2/electoral-lists/357"},"list_position":8,"constituency":{"id":10310,"entity_type":"constituency","label":"253 - Augsburg-Land (Bundestag Wahl 2021)","api_url":"https://www.abgeordnetenwatch.de/api/v2/constituencies/10310"},"constituency_result":9.7},"fraction_membership":{},"party":{"id":9,"entity_type":"party","label":"AfD","api_url":"https://www.abgeordnetenwatch.de/api/v2/parties/9"}},{"id":43839,"entity_type":"candidacy_mandate","label":"Rainer Kraft (Bundestag 2017 - 2021)","api_url":"https://www.abgeordnetenwatch.de/api/v2/candidacies-mandates/43839","id_external_administration":"2152","id_external_administration_description":"mdbID - ID der Bundestagsverwaltung","type":"mandate","parliament_period":{"id":111,"entity_type":"parliament_period","label":"Bundestag 2017 - 2021","api_url":"https://www.abgeordnetenwatch.de/api/v2/parliament-periods/111","abgeordnetenwatch_url":"https://www.abgeordnetenwatch.de/bundestag/19"},"politician":{"id":145830,"entity_type":"politician","label":"Rainer Kraft","api_url":"https://www.abgeordnetenwatch.de/api/v2/politicians/145830","abgeordnetenwatch_url":"https://www.abgeordnetenwatch.de/profile/rainer-kraft"},"electoral_data":{"id":43839,"entity_type":"electoral_data","label":"Rainer Kraft (Bundestag 2017 - 2021)","electoral_list":{"id":107,"entity_type":"electoral_list","label":"Landesliste Bayern (Bundestag 2017 - 2021)","api_url":"https://www.abgeordnetenwatch.de/api/v2/electoral-lists/107"},"list_position":12,"constituency":{"id":4377,"entity_type":"constituency","label":"253 - Augsburg-Land (Bundestag 2017 - 2021)","api_url":"https://www.abgeordnetenwatch.de/api/v2/constituencies/4377"},"constituency_result":12.3,"mandate_won":"list"},"fraction_membership":[{"id":6072,"entity_type":"fraction_membership","label":"AfD","fraction":{"id":56,"entity_type":"fraction","label":"AfD (Bundestag 2017 - 2021)","api_url":"https://www.abgeordnetenwatch.de/api/v2/fractions/56"}}],"party":{}},{"id":30990,"entity_type":"candidacy_mandate","label":"Rainer Kraft (Bundestag Wahl 2017)","api_url":"https://www.abgeordnetenwatch.de/api/v2/candidacies-mandates/30990","type":"candidacy","parliament_period":{"id":50,"entity_type":"parliament_period","label":"Bundestag Wahl 2017","api_url":"https://www.abgeordnetenwatch.de/api/v2/parliament-periods/50","abgeordnetenwatch_url":"https://www.abgeordnetenwatch.de/bundestag/wahl-2017"},"politician":{"id":145830,"entity_type":"politician","label":"Rainer Kraft","api_url":"https://www.abgeordnetenwatch.de/api/v2/politicians/145830","abgeordnetenwatch_url":"https://www.abgeordnetenwatch.de/profile/rainer-kraft"},"electoral_data":{"id":30990,"entity_type":"electoral_data","label":"Rainer Kraft (Bundestag Wahl 2017)","electoral_list":{"id":266,"entity_type":"electoral_list","label":"Landesliste Bayern (Bundestag Wahl 2017)","api_url":"https://www.abgeordnetenwatch.de/api/v2/electoral-lists/266"},"list_position":12,"constituency":{"id":9263,"entity_type":"constituency","label":"253 - Augsburg-Land (Bundestag Wahl 2017)","api_url":"https://www.abgeordnetenwatch.de/api/v2/constituencies/9263"},"constituency_result":12.3,"mandate_won":"list"},"fraction_membership":{},"party":{"id":9,"entity_type":"party","label":"AfD","api_url":"https://www.abgeordnetenwatch.de/api/v2/parties/9"}}]
