{"id":[145904],"entity_type":["politician"],"label":["Sebastian Brehm"],"api_url":["https://www.abgeordnetenwatch.de/api/v2/politicians/145904"],"abgeordnetenwatch_url":["https://www.abgeordnetenwatch.de/profile/sebastian-brehm"],"first_name":["Sebastian"],"last_name":["Brehm"],"birth_name":{},"sex":["m"],"year_of_birth":[1971],"party":{"id":[3],"entity_type":["party"],"label":["CSU"],"api_url":["https://www.abgeordnetenwatch.de/api/v2/parties/3"]},"party_past":{},"deceased":{},"deceased_date":{},"education":["Dipl. Kaufmann"],"residence":{},"occupation":["MdB, selbstständiger Steuerberater, Mitgesellschafter und Geschäftsführer"],"statistic_questions":[2],"statistic_questions_answered":{},"qid_wikidata":["Q40998256"],"field_title":{}}
