{"id":[145900],"entity_type":["politician"],"label":["Michael Kuffer"],"api_url":["https://www.abgeordnetenwatch.de/api/v2/politicians/145900"],"abgeordnetenwatch_url":["https://www.abgeordnetenwatch.de/profile/michael-kuffer"],"first_name":["Michael"],"last_name":["Kuffer"],"birth_name":{},"sex":["m"],"year_of_birth":[1972],"party":{"id":[3],"entity_type":["party"],"label":["CSU"],"api_url":["https://www.abgeordnetenwatch.de/api/v2/parties/3"]},"party_past":{},"deceased":{},"deceased_date":{},"education":["Rechtsanwalt"],"residence":{},"occupation":["Abgeordneter"],"statistic_questions":[55],"statistic_questions_answered":[5],"qid_wikidata":["Q40998043"],"field_title":{}}
