{"id":[146027],"entity_type":["politician"],"label":["Anna Christmann"],"api_url":["https://www.abgeordnetenwatch.de/api/v2/politicians/146027"],"abgeordnetenwatch_url":["https://www.abgeordnetenwatch.de/profile/anna-christmann"],"first_name":["Anna"],"last_name":["Christmann"],"birth_name":{},"sex":["f"],"year_of_birth":[1983],"party":{"id":[5],"entity_type":["party"],"label":["Bündnis 90/Die Grünen"],"api_url":["https://www.abgeordnetenwatch.de/api/v2/parties/5"]},"party_past":["anna.christmann.wk@bundestag.de"],"deceased":{},"deceased_date":{},"education":["Promotion"],"residence":{},"occupation":["MdB, Politikwissenschaftlerin"],"statistic_questions":[5],"statistic_questions_answered":[1],"qid_wikidata":["Q40997480"],"field_title":{}}
