{"id":[146042],"entity_type":["politician"],"label":["Marcel Emmerich"],"api_url":["https://www.abgeordnetenwatch.de/api/v2/politicians/146042"],"abgeordnetenwatch_url":["https://www.abgeordnetenwatch.de/profile/marcel-emmerich"],"first_name":["Marcel"],"last_name":["Emmerich"],"birth_name":{},"sex":["m"],"year_of_birth":[1991],"party":{"id":[5],"entity_type":["party"],"label":["Bündnis 90/Die Grünen"],"api_url":["https://www.abgeordnetenwatch.de/api/v2/parties/5"]},"party_past":{},"deceased":{},"deceased_date":{},"education":["Wissenschaftlicher Referent"],"residence":["Ulm"],"occupation":["Bundestagsabgeordneter"],"statistic_questions":[5],"statistic_questions_answered":[3],"qid_wikidata":["Q106807099"],"field_title":{}}
