[{"id":53856,"entity_type":"candidacy_mandate","label":"Sören Pellmann (Bundestag 2021 - 2025)","api_url":"https://www.abgeordnetenwatch.de/api/v2/candidacies-mandates/53856","id_external_administration":"2205","id_external_administration_description":"mdbID aus der info-xml-Datei der Bundestagsverwaltung","type":"mandate","parliament_period":{"id":132,"entity_type":"parliament_period","label":"Bundestag 2021 - 2025","api_url":"https://www.abgeordnetenwatch.de/api/v2/parliament-periods/132","abgeordnetenwatch_url":"https://www.abgeordnetenwatch.de/bundestag"},"politician":{"id":146117,"entity_type":"politician","label":"Sören Pellmann","api_url":"https://www.abgeordnetenwatch.de/api/v2/politicians/146117","abgeordnetenwatch_url":"https://www.abgeordnetenwatch.de/profile/soeren-pellmann"},"electoral_data":{"id":54780,"entity_type":"electoral_data","label":"Sören Pellmann (Bundestag 2021 - 2025)","electoral_list":{"id":422,"entity_type":"electoral_list","label":"Landesliste Sachsen (Bundestag 2021 - 2025)","api_url":"https://www.abgeordnetenwatch.de/api/v2/electoral-lists/422"},"list_position":2,"constituency":{"id":10893,"entity_type":"constituency","label":"153 - Leipzig II (Bundestag 2021 - 2025)","api_url":"https://www.abgeordnetenwatch.de/api/v2/constituencies/10893"},"constituency_result":22,"mandate_won":"constituency"},"fraction_membership":[{"id":9703,"entity_type":"fraction_membership","label":"DIE LINKE.","fraction":{"id":324,"entity_type":"fraction","label":"DIE LINKE. (Bundestag 2021 - 2025)","api_url":"https://www.abgeordnetenwatch.de/api/v2/fractions/324"}}],"party":{}},{"id":48787,"entity_type":"candidacy_mandate","label":"Sören Pellmann (Bundestag Wahl 2021)","api_url":"https://www.abgeordnetenwatch.de/api/v2/candidacies-mandates/48787","type":"candidacy","parliament_period":{"id":128,"entity_type":"parliament_period","label":"Bundestag Wahl 2021","api_url":"https://www.abgeordnetenwatch.de/api/v2/parliament-periods/128","abgeordnetenwatch_url":"https://www.abgeordnetenwatch.de/bundestag/wahl-2021"},"politician":{"id":146117,"entity_type":"politician","label":"Sören Pellmann","api_url":"https://www.abgeordnetenwatch.de/api/v2/politicians/146117","abgeordnetenwatch_url":"https://www.abgeordnetenwatch.de/profile/soeren-pellmann"},"electoral_data":{"id":49709,"entity_type":"electoral_data","label":"Sören Pellmann (Bundestag Wahl 2021)","electoral_list":{"id":368,"entity_type":"electoral_list","label":"Landesliste Sachsen (Bundestag Wahl 2021)","api_url":"https://www.abgeordnetenwatch.de/api/v2/electoral-lists/368"},"list_position":2,"constituency":{"id":10210,"entity_type":"constituency","label":"153 - Leipzig II (Bundestag Wahl 2021)","api_url":"https://www.abgeordnetenwatch.de/api/v2/constituencies/10210"},"constituency_result":22.8,"constituency_result_count":40938,"mandate_won":"constituency"},"fraction_membership":{},"party":{"id":8,"entity_type":"party","label":"DIE LINKE","api_url":"https://www.abgeordnetenwatch.de/api/v2/parties/8"}},{"id":43884,"entity_type":"candidacy_mandate","label":"Sören Pellmann (Bundestag 2017 - 2021)","api_url":"https://www.abgeordnetenwatch.de/api/v2/candidacies-mandates/43884","id_external_administration":"2205","id_external_administration_description":"mdbID - ID der Bundestagsverwaltung","type":"mandate","parliament_period":{"id":111,"entity_type":"parliament_period","label":"Bundestag 2017 - 2021","api_url":"https://www.abgeordnetenwatch.de/api/v2/parliament-periods/111","abgeordnetenwatch_url":"https://www.abgeordnetenwatch.de/bundestag/19"},"politician":{"id":146117,"entity_type":"politician","label":"Sören Pellmann","api_url":"https://www.abgeordnetenwatch.de/api/v2/politicians/146117","abgeordnetenwatch_url":"https://www.abgeordnetenwatch.de/profile/soeren-pellmann"},"electoral_data":{"id":43884,"entity_type":"electoral_data","label":"Sören Pellmann (Bundestag 2017 - 2021)","electoral_list":{},"constituency":{"id":4277,"entity_type":"constituency","label":"153 - Leipzig II (Bundestag 2017 - 2021)","api_url":"https://www.abgeordnetenwatch.de/api/v2/constituencies/4277"},"constituency_result":25.3,"mandate_won":"constituency"},"fraction_membership":[{"id":6117,"entity_type":"fraction_membership","label":"DIE LINKE","fraction":{"id":41,"entity_type":"fraction","label":"DIE LINKE (Bundestag 2017 - 2021)","api_url":"https://www.abgeordnetenwatch.de/api/v2/fractions/41"}}],"party":{}},{"id":31288,"entity_type":"candidacy_mandate","label":"Sören Pellmann (Bundestag Wahl 2017)","api_url":"https://www.abgeordnetenwatch.de/api/v2/candidacies-mandates/31288","type":"candidacy","parliament_period":{"id":50,"entity_type":"parliament_period","label":"Bundestag Wahl 2017","api_url":"https://www.abgeordnetenwatch.de/api/v2/parliament-periods/50","abgeordnetenwatch_url":"https://www.abgeordnetenwatch.de/bundestag/wahl-2017"},"politician":{"id":146117,"entity_type":"politician","label":"Sören Pellmann","api_url":"https://www.abgeordnetenwatch.de/api/v2/politicians/146117","abgeordnetenwatch_url":"https://www.abgeordnetenwatch.de/profile/soeren-pellmann"},"electoral_data":{"id":31288,"entity_type":"electoral_data","label":"Sören Pellmann (Bundestag Wahl 2017)","electoral_list":{},"constituency":{"id":9163,"entity_type":"constituency","label":"153 - Leipzig II (Bundestag Wahl 2017)","api_url":"https://www.abgeordnetenwatch.de/api/v2/constituencies/9163"},"constituency_result":25.3,"mandate_won":"constituency"},"fraction_membership":{},"party":{"id":8,"entity_type":"party","label":"DIE LINKE","api_url":"https://www.abgeordnetenwatch.de/api/v2/parties/8"}}]
