{"id":[146164],"entity_type":["politician"],"label":["Simone Barrientos"],"api_url":["https://www.abgeordnetenwatch.de/api/v2/politicians/146164"],"abgeordnetenwatch_url":["https://www.abgeordnetenwatch.de/profile/simone-barrientos"],"first_name":["Simone"],"last_name":["Barrientos"],"birth_name":{},"sex":["f"],"year_of_birth":[1963],"party":{"id":[8],"entity_type":["party"],"label":["DIE LINKE"],"api_url":["https://www.abgeordnetenwatch.de/api/v2/parties/8"]},"party_past":{},"education":["Elektrikerin und Gebrauchswerberin"],"residence":{},"occupation":["MdB, Kulturschaffende, Verlegerin"],"statistic_questions":[22],"statistic_questions_answered":[21],"qid_wikidata":["Q40998271"],"field_title":{}}
