[{"id":53658,"entity_type":"candidacy_mandate","label":"Susanne Ferschl (Bundestag 2021 - 2025)","api_url":"https://www.abgeordnetenwatch.de/api/v2/candidacies-mandates/53658","id_external_administration":"2076","id_external_administration_description":"mdbID aus der info-xml-Datei der Bundestagsverwaltung","type":"mandate","parliament_period":{"id":132,"entity_type":"parliament_period","label":"Bundestag 2021 - 2025","api_url":"https://www.abgeordnetenwatch.de/api/v2/parliament-periods/132","abgeordnetenwatch_url":"https://www.abgeordnetenwatch.de/bundestag"},"politician":{"id":146166,"entity_type":"politician","label":"Susanne Ferschl","api_url":"https://www.abgeordnetenwatch.de/api/v2/politicians/146166","abgeordnetenwatch_url":"https://www.abgeordnetenwatch.de/profile/susanne-ferschl"},"electoral_data":{"id":54582,"entity_type":"electoral_data","label":"Susanne Ferschl (Bundestag 2021 - 2025)","electoral_list":{"id":411,"entity_type":"electoral_list","label":"Landesliste Bayern (Bundestag 2021 - 2025)","api_url":"https://www.abgeordnetenwatch.de/api/v2/electoral-lists/411"},"list_position":3,"constituency":{"id":10997,"entity_type":"constituency","label":"257 - Ostallgäu (Bundestag 2021 - 2025)","api_url":"https://www.abgeordnetenwatch.de/api/v2/constituencies/10997"},"constituency_result":3.4,"mandate_won":"list"},"fraction_membership":[{"id":9505,"entity_type":"fraction_membership","label":"DIE LINKE.","fraction":{"id":324,"entity_type":"fraction","label":"DIE LINKE. (Bundestag 2021 - 2025)","api_url":"https://www.abgeordnetenwatch.de/api/v2/fractions/324"}}],"party":{}},{"id":48796,"entity_type":"candidacy_mandate","label":"Susanne Ferschl (Bundestag Wahl 2021)","api_url":"https://www.abgeordnetenwatch.de/api/v2/candidacies-mandates/48796","type":"candidacy","parliament_period":{"id":128,"entity_type":"parliament_period","label":"Bundestag Wahl 2021","api_url":"https://www.abgeordnetenwatch.de/api/v2/parliament-periods/128","abgeordnetenwatch_url":"https://www.abgeordnetenwatch.de/bundestag/wahl-2021"},"politician":{"id":146166,"entity_type":"politician","label":"Susanne Ferschl","api_url":"https://www.abgeordnetenwatch.de/api/v2/politicians/146166","abgeordnetenwatch_url":"https://www.abgeordnetenwatch.de/profile/susanne-ferschl"},"electoral_data":{"id":49718,"entity_type":"electoral_data","label":"Susanne Ferschl (Bundestag Wahl 2021)","electoral_list":{"id":357,"entity_type":"electoral_list","label":"Landesliste Bayern (Bundestag Wahl 2021)","api_url":"https://www.abgeordnetenwatch.de/api/v2/electoral-lists/357"},"list_position":3,"constituency":{"id":10314,"entity_type":"constituency","label":"257 - Ostallgäu (Bundestag Wahl 2021)","api_url":"https://www.abgeordnetenwatch.de/api/v2/constituencies/10314"},"constituency_result":3.4,"constituency_result_count":6667},"fraction_membership":{},"party":{"id":8,"entity_type":"party","label":"DIE LINKE","api_url":"https://www.abgeordnetenwatch.de/api/v2/parties/8"}},{"id":46014,"entity_type":"candidacy_mandate","label":"Susanne Ferschl (Bundestag 2017 - 2021)","api_url":"https://www.abgeordnetenwatch.de/api/v2/candidacies-mandates/46014","id_external_administration":"2076","id_external_administration_description":"mdbID - ID der Bundestagsverwaltung","type":"mandate","parliament_period":{"id":111,"entity_type":"parliament_period","label":"Bundestag 2017 - 2021","api_url":"https://www.abgeordnetenwatch.de/api/v2/parliament-periods/111","abgeordnetenwatch_url":"https://www.abgeordnetenwatch.de/bundestag/19"},"politician":{"id":146166,"entity_type":"politician","label":"Susanne Ferschl","api_url":"https://www.abgeordnetenwatch.de/api/v2/politicians/146166","abgeordnetenwatch_url":"https://www.abgeordnetenwatch.de/profile/susanne-ferschl"},"electoral_data":{"id":46014,"entity_type":"electoral_data","label":"Susanne Ferschl (Bundestag 2017 - 2021)","electoral_list":{"id":107,"entity_type":"electoral_list","label":"Landesliste Bayern (Bundestag 2017 - 2021)","api_url":"https://www.abgeordnetenwatch.de/api/v2/electoral-lists/107"},"list_position":3,"constituency":{"id":4381,"entity_type":"constituency","label":"257 - Ostallgäu (Bundestag 2017 - 2021)","api_url":"https://www.abgeordnetenwatch.de/api/v2/constituencies/4381"},"constituency_result":5.3,"mandate_won":"list"},"fraction_membership":[{"id":8279,"entity_type":"fraction_membership","label":"DIE LINKE","fraction":{"id":41,"entity_type":"fraction","label":"DIE LINKE (Bundestag 2017 - 2021)","api_url":"https://www.abgeordnetenwatch.de/api/v2/fractions/41"}}],"party":{}},{"id":31340,"entity_type":"candidacy_mandate","label":"Susanne Ferschl (Bundestag Wahl 2017)","api_url":"https://www.abgeordnetenwatch.de/api/v2/candidacies-mandates/31340","type":"candidacy","parliament_period":{"id":50,"entity_type":"parliament_period","label":"Bundestag Wahl 2017","api_url":"https://www.abgeordnetenwatch.de/api/v2/parliament-periods/50","abgeordnetenwatch_url":"https://www.abgeordnetenwatch.de/bundestag/wahl-2017"},"politician":{"id":146166,"entity_type":"politician","label":"Susanne Ferschl","api_url":"https://www.abgeordnetenwatch.de/api/v2/politicians/146166","abgeordnetenwatch_url":"https://www.abgeordnetenwatch.de/profile/susanne-ferschl"},"electoral_data":{"id":31340,"entity_type":"electoral_data","label":"Susanne Ferschl (Bundestag Wahl 2017)","electoral_list":{"id":266,"entity_type":"electoral_list","label":"Landesliste Bayern (Bundestag Wahl 2017)","api_url":"https://www.abgeordnetenwatch.de/api/v2/electoral-lists/266"},"list_position":3,"constituency":{"id":9267,"entity_type":"constituency","label":"257 - Ostallgäu (Bundestag Wahl 2017)","api_url":"https://www.abgeordnetenwatch.de/api/v2/constituencies/9267"},"constituency_result":5.3,"mandate_won":"list"},"fraction_membership":{},"party":{"id":8,"entity_type":"party","label":"DIE LINKE","api_url":"https://www.abgeordnetenwatch.de/api/v2/parties/8"}}]
