{"id":[146299],"entity_type":["politician"],"label":["Grigorios Aggelidis"],"api_url":["https://www.abgeordnetenwatch.de/api/v2/politicians/146299"],"abgeordnetenwatch_url":["https://www.abgeordnetenwatch.de/profile/grigorios-aggelidis"],"first_name":["Grigorios"],"last_name":["Aggelidis"],"birth_name":{},"sex":["m"],"year_of_birth":[1965],"party":{"id":[4],"entity_type":["party"],"label":["FDP"],"api_url":["https://www.abgeordnetenwatch.de/api/v2/parties/4"]},"party_past":{},"deceased":{},"deceased_date":{},"education":{},"residence":{},"occupation":["MdB"],"statistic_questions":[7],"statistic_questions_answered":[5],"qid_wikidata":["Q40998799"],"field_title":{}}
