{"id":[146323],"entity_type":["politician"],"label":["Katharina Willkomm"],"api_url":["https://www.abgeordnetenwatch.de/api/v2/politicians/146323"],"abgeordnetenwatch_url":["https://www.abgeordnetenwatch.de/profile/katharina-willkomm"],"first_name":["Katharina"],"last_name":["Willkomm"],"birth_name":{},"sex":["f"],"year_of_birth":[1987],"party":{"id":[4],"entity_type":["party"],"label":["FDP"],"api_url":["https://www.abgeordnetenwatch.de/api/v2/parties/4"]},"party_past":{},"deceased":{},"deceased_date":{},"education":["Juristin"],"residence":{},"occupation":["MdB"],"statistic_questions":[30],"statistic_questions_answered":[30],"qid_wikidata":["Q40974956"],"field_title":{}}
