[{"id":54030,"entity_type":"candidacy_mandate","label":"Reinhard Houben (Bundestag 2021 - 2025)","api_url":"https://www.abgeordnetenwatch.de/api/v2/candidacies-mandates/54030","id_external_administration":"2122","id_external_administration_description":"mdbID aus der info-xml-Datei der Bundestagsverwaltung","type":"mandate","parliament_period":{"id":132,"entity_type":"parliament_period","label":"Bundestag 2021 - 2025","api_url":"https://www.abgeordnetenwatch.de/api/v2/parliament-periods/132","abgeordnetenwatch_url":"https://www.abgeordnetenwatch.de/bundestag"},"politician":{"id":146326,"entity_type":"politician","label":"Reinhard Houben","api_url":"https://www.abgeordnetenwatch.de/api/v2/politicians/146326","abgeordnetenwatch_url":"https://www.abgeordnetenwatch.de/profile/reinhard-houben"},"electoral_data":{"id":54954,"entity_type":"electoral_data","label":"Reinhard Houben (Bundestag 2021 - 2025)","electoral_list":{"id":419,"entity_type":"electoral_list","label":"Landesliste Nordrhein-Westfalen (Bundestag 2021 - 2025)","api_url":"https://www.abgeordnetenwatch.de/api/v2/electoral-lists/419"},"list_position":8,"constituency":{"id":10833,"entity_type":"constituency","label":"93 - Köln I (Bundestag 2021 - 2025)","api_url":"https://www.abgeordnetenwatch.de/api/v2/constituencies/10833"},"constituency_result":8.2,"mandate_won":"list"},"fraction_membership":[{"id":9877,"entity_type":"fraction_membership","label":"FDP","fraction":{"id":322,"entity_type":"fraction","label":"FDP (Bundestag 2021 - 2025)","api_url":"https://www.abgeordnetenwatch.de/api/v2/fractions/322"}}],"party":{}},{"id":49661,"entity_type":"candidacy_mandate","label":"Reinhard Houben (Bundestag Wahl 2021)","api_url":"https://www.abgeordnetenwatch.de/api/v2/candidacies-mandates/49661","type":"candidacy","parliament_period":{"id":128,"entity_type":"parliament_period","label":"Bundestag Wahl 2021","api_url":"https://www.abgeordnetenwatch.de/api/v2/parliament-periods/128","abgeordnetenwatch_url":"https://www.abgeordnetenwatch.de/bundestag/wahl-2021"},"politician":{"id":146326,"entity_type":"politician","label":"Reinhard Houben","api_url":"https://www.abgeordnetenwatch.de/api/v2/politicians/146326","abgeordnetenwatch_url":"https://www.abgeordnetenwatch.de/profile/reinhard-houben"},"electoral_data":{"id":50583,"entity_type":"electoral_data","label":"Reinhard Houben (Bundestag Wahl 2021)","electoral_list":{"id":365,"entity_type":"electoral_list","label":"Landesliste Nordrhein-Westfalen (Bundestag Wahl 2021)","api_url":"https://www.abgeordnetenwatch.de/api/v2/electoral-lists/365"},"list_position":8,"constituency":{"id":10150,"entity_type":"constituency","label":"93 - Köln I (Bundestag Wahl 2021)","api_url":"https://www.abgeordnetenwatch.de/api/v2/constituencies/10150"},"constituency_result":8.2},"fraction_membership":{},"party":{"id":4,"entity_type":"party","label":"FDP","api_url":"https://www.abgeordnetenwatch.de/api/v2/parties/4"}},{"id":43892,"entity_type":"candidacy_mandate","label":"Reinhard Houben (Bundestag 2017 - 2021)","api_url":"https://www.abgeordnetenwatch.de/api/v2/candidacies-mandates/43892","id_external_administration":"2122","id_external_administration_description":"mdbID - ID der Bundestagsverwaltung","type":"mandate","parliament_period":{"id":111,"entity_type":"parliament_period","label":"Bundestag 2017 - 2021","api_url":"https://www.abgeordnetenwatch.de/api/v2/parliament-periods/111","abgeordnetenwatch_url":"https://www.abgeordnetenwatch.de/bundestag/19"},"politician":{"id":146326,"entity_type":"politician","label":"Reinhard Houben","api_url":"https://www.abgeordnetenwatch.de/api/v2/politicians/146326","abgeordnetenwatch_url":"https://www.abgeordnetenwatch.de/profile/reinhard-houben"},"electoral_data":{"id":43892,"entity_type":"electoral_data","label":"Reinhard Houben (Bundestag 2017 - 2021)","electoral_list":{"id":115,"entity_type":"electoral_list","label":"Landesliste Nordrhein-Westfalen (Bundestag 2017 - 2021)","api_url":"https://www.abgeordnetenwatch.de/api/v2/electoral-lists/115"},"list_position":1,"constituency":{"id":4217,"entity_type":"constituency","label":"93 - Köln I (Bundestag 2017 - 2021)","api_url":"https://www.abgeordnetenwatch.de/api/v2/constituencies/4217"},"constituency_result":7.7,"mandate_won":"list"},"fraction_membership":[{"id":6125,"entity_type":"fraction_membership","label":"FDP","fraction":{"id":14,"entity_type":"fraction","label":"FDP (Bundestag 2017 - 2021)","api_url":"https://www.abgeordnetenwatch.de/api/v2/fractions/14"}}],"party":{}},{"id":31475,"entity_type":"candidacy_mandate","label":"Reinhard Houben (Bundestag Wahl 2017)","api_url":"https://www.abgeordnetenwatch.de/api/v2/candidacies-mandates/31475","type":"candidacy","parliament_period":{"id":50,"entity_type":"parliament_period","label":"Bundestag Wahl 2017","api_url":"https://www.abgeordnetenwatch.de/api/v2/parliament-periods/50","abgeordnetenwatch_url":"https://www.abgeordnetenwatch.de/bundestag/wahl-2017"},"politician":{"id":146326,"entity_type":"politician","label":"Reinhard Houben","api_url":"https://www.abgeordnetenwatch.de/api/v2/politicians/146326","abgeordnetenwatch_url":"https://www.abgeordnetenwatch.de/profile/reinhard-houben"},"electoral_data":{"id":31475,"entity_type":"electoral_data","label":"Reinhard Houben (Bundestag Wahl 2017)","electoral_list":{"id":274,"entity_type":"electoral_list","label":"Landesliste Nordrhein-Westfalen (Bundestag Wahl 2017)","api_url":"https://www.abgeordnetenwatch.de/api/v2/electoral-lists/274"},"list_position":8,"constituency":{"id":9103,"entity_type":"constituency","label":"93 - Köln I (Bundestag Wahl 2017)","api_url":"https://www.abgeordnetenwatch.de/api/v2/constituencies/9103"},"constituency_result":7.7,"mandate_won":"list"},"fraction_membership":{},"party":{"id":4,"entity_type":"party","label":"FDP","api_url":"https://www.abgeordnetenwatch.de/api/v2/parties/4"}}]
