{"id":[146378],"entity_type":["politician"],"label":["Carina Konrad"],"api_url":["https://www.abgeordnetenwatch.de/api/v2/politicians/146378"],"abgeordnetenwatch_url":["https://www.abgeordnetenwatch.de/profile/carina-konrad"],"first_name":["Carina"],"last_name":["Konrad"],"birth_name":{},"sex":["f"],"year_of_birth":[1982],"party":{"id":[4],"entity_type":["party"],"label":["FDP"],"api_url":["https://www.abgeordnetenwatch.de/api/v2/parties/4"]},"party_past":{},"education":["Diplom Agraringenieurin (FH)"],"residence":{},"occupation":["MdB"],"statistic_questions":[2],"statistic_questions_answered":[1],"qid_wikidata":["Q40999227"],"field_title":{}}
