{"id":[146352],"entity_type":["politician"],"label":["Carl-Julius Cronenberg"],"api_url":["https://www.abgeordnetenwatch.de/api/v2/politicians/146352"],"abgeordnetenwatch_url":["https://www.abgeordnetenwatch.de/profile/carl-julius-cronenberg"],"first_name":["Carl-Julius"],"last_name":["Cronenberg"],"birth_name":{},"sex":["m"],"year_of_birth":[1962],"party":{"id":[4],"entity_type":["party"],"label":["FDP"],"api_url":["https://www.abgeordnetenwatch.de/api/v2/parties/4"]},"party_past":{},"education":["Betriebswirt"],"residence":{},"occupation":["MdB, Unternehmer"],"statistic_questions":[3],"statistic_questions_answered":[1],"qid_wikidata":["Q40999085"],"field_title":{}}
