[{"id":54032,"entity_type":"candidacy_mandate","label":"Nicole Westig (Bundestag 2021 - 2025)","api_url":"https://www.abgeordnetenwatch.de/api/v2/candidacies-mandates/54032","id_external_administration":"2278","id_external_administration_description":"mdbID aus der info-xml-Datei der Bundestagsverwaltung","type":"mandate","parliament_period":{"id":132,"entity_type":"parliament_period","label":"Bundestag 2021 - 2025","api_url":"https://www.abgeordnetenwatch.de/api/v2/parliament-periods/132","abgeordnetenwatch_url":"https://www.abgeordnetenwatch.de/bundestag"},"politician":{"id":146329,"entity_type":"politician","label":"Nicole Westig","api_url":"https://www.abgeordnetenwatch.de/api/v2/politicians/146329","abgeordnetenwatch_url":"https://www.abgeordnetenwatch.de/profile/nicole-westig"},"electoral_data":{"id":54956,"entity_type":"electoral_data","label":"Nicole Westig (Bundestag 2021 - 2025)","electoral_list":{"id":419,"entity_type":"electoral_list","label":"Landesliste Nordrhein-Westfalen (Bundestag 2021 - 2025)","api_url":"https://www.abgeordnetenwatch.de/api/v2/electoral-lists/419"},"list_position":10,"constituency":{"id":10838,"entity_type":"constituency","label":"98 - Rhein-Sieg-Kreis II (Bundestag 2021 - 2025)","api_url":"https://www.abgeordnetenwatch.de/api/v2/constituencies/10838"},"constituency_result":7.9,"mandate_won":"list"},"fraction_membership":[{"id":9879,"entity_type":"fraction_membership","label":"FDP","fraction":{"id":322,"entity_type":"fraction","label":"FDP (Bundestag 2021 - 2025)","api_url":"https://www.abgeordnetenwatch.de/api/v2/fractions/322"}}],"party":{}},{"id":49484,"entity_type":"candidacy_mandate","label":"Nicole Westig (Bundestag Wahl 2021)","api_url":"https://www.abgeordnetenwatch.de/api/v2/candidacies-mandates/49484","type":"candidacy","parliament_period":{"id":128,"entity_type":"parliament_period","label":"Bundestag Wahl 2021","api_url":"https://www.abgeordnetenwatch.de/api/v2/parliament-periods/128","abgeordnetenwatch_url":"https://www.abgeordnetenwatch.de/bundestag/wahl-2021"},"politician":{"id":146329,"entity_type":"politician","label":"Nicole Westig","api_url":"https://www.abgeordnetenwatch.de/api/v2/politicians/146329","abgeordnetenwatch_url":"https://www.abgeordnetenwatch.de/profile/nicole-westig"},"electoral_data":{"id":50406,"entity_type":"electoral_data","label":"Nicole Westig (Bundestag Wahl 2021)","electoral_list":{},"constituency":{"id":10155,"entity_type":"constituency","label":"98 - Rhein-Sieg-Kreis II (Bundestag Wahl 2021)","api_url":"https://www.abgeordnetenwatch.de/api/v2/constituencies/10155"},"constituency_result":7.9},"fraction_membership":{},"party":{"id":4,"entity_type":"party","label":"FDP","api_url":"https://www.abgeordnetenwatch.de/api/v2/parties/4"}},{"id":44777,"entity_type":"candidacy_mandate","label":"Nicole Westig (Bundestag 2017 - 2021)","api_url":"https://www.abgeordnetenwatch.de/api/v2/candidacies-mandates/44777","id_external_administration":"2278","id_external_administration_description":"mdbID - ID der Bundestagsverwaltung","type":"mandate","parliament_period":{"id":111,"entity_type":"parliament_period","label":"Bundestag 2017 - 2021","api_url":"https://www.abgeordnetenwatch.de/api/v2/parliament-periods/111","abgeordnetenwatch_url":"https://www.abgeordnetenwatch.de/bundestag/19"},"politician":{"id":146329,"entity_type":"politician","label":"Nicole Westig","api_url":"https://www.abgeordnetenwatch.de/api/v2/politicians/146329","abgeordnetenwatch_url":"https://www.abgeordnetenwatch.de/profile/nicole-westig"},"electoral_data":{"id":44777,"entity_type":"electoral_data","label":"Nicole Westig (Bundestag 2017 - 2021)","electoral_list":{"id":115,"entity_type":"electoral_list","label":"Landesliste Nordrhein-Westfalen (Bundestag 2017 - 2021)","api_url":"https://www.abgeordnetenwatch.de/api/v2/electoral-lists/115"},"list_position":13,"constituency":{"id":4222,"entity_type":"constituency","label":"98 - Rhein-Sieg-Kreis II (Bundestag 2017 - 2021)","api_url":"https://www.abgeordnetenwatch.de/api/v2/constituencies/4222"},"constituency_result":8.4,"mandate_won":"list"},"fraction_membership":[{"id":7024,"entity_type":"fraction_membership","label":"FDP","fraction":{"id":14,"entity_type":"fraction","label":"FDP (Bundestag 2017 - 2021)","api_url":"https://www.abgeordnetenwatch.de/api/v2/fractions/14"}}],"party":{}},{"id":31478,"entity_type":"candidacy_mandate","label":"Nicole Westig (Bundestag Wahl 2017)","api_url":"https://www.abgeordnetenwatch.de/api/v2/candidacies-mandates/31478","type":"candidacy","parliament_period":{"id":50,"entity_type":"parliament_period","label":"Bundestag Wahl 2017","api_url":"https://www.abgeordnetenwatch.de/api/v2/parliament-periods/50","abgeordnetenwatch_url":"https://www.abgeordnetenwatch.de/bundestag/wahl-2017"},"politician":{"id":146329,"entity_type":"politician","label":"Nicole Westig","api_url":"https://www.abgeordnetenwatch.de/api/v2/politicians/146329","abgeordnetenwatch_url":"https://www.abgeordnetenwatch.de/profile/nicole-westig"},"electoral_data":{"id":31478,"entity_type":"electoral_data","label":"Nicole Westig (Bundestag Wahl 2017)","electoral_list":{"id":274,"entity_type":"electoral_list","label":"Landesliste Nordrhein-Westfalen (Bundestag Wahl 2017)","api_url":"https://www.abgeordnetenwatch.de/api/v2/electoral-lists/274"},"list_position":12,"constituency":{"id":9108,"entity_type":"constituency","label":"98 - Rhein-Sieg-Kreis II (Bundestag Wahl 2017)","api_url":"https://www.abgeordnetenwatch.de/api/v2/constituencies/9108"},"constituency_result":8.4,"mandate_won":"list"},"fraction_membership":{},"party":{"id":4,"entity_type":"party","label":"FDP","api_url":"https://www.abgeordnetenwatch.de/api/v2/parties/4"}}]
