[{"id":53635,"entity_type":"candidacy_mandate","label":"Andrew Ullmann (Bundestag 2021 - 2025)","api_url":"https://www.abgeordnetenwatch.de/api/v2/candidacies-mandates/53635","id_external_administration":"2270","id_external_administration_description":"mdbID aus der info-xml-Datei der Bundestagsverwaltung","type":"mandate","parliament_period":{"id":132,"entity_type":"parliament_period","label":"Bundestag 2021 - 2025","api_url":"https://www.abgeordnetenwatch.de/api/v2/parliament-periods/132","abgeordnetenwatch_url":"https://www.abgeordnetenwatch.de/bundestag"},"politician":{"id":146406,"entity_type":"politician","label":"Andrew Ullmann","api_url":"https://www.abgeordnetenwatch.de/api/v2/politicians/146406","abgeordnetenwatch_url":"https://www.abgeordnetenwatch.de/profile/andrew-ullmann"},"electoral_data":{"id":54559,"entity_type":"electoral_data","label":"Andrew Ullmann (Bundestag 2021 - 2025)","electoral_list":{"id":411,"entity_type":"electoral_list","label":"Landesliste Bayern (Bundestag 2021 - 2025)","api_url":"https://www.abgeordnetenwatch.de/api/v2/electoral-lists/411"},"list_position":10,"constituency":{"id":10991,"entity_type":"constituency","label":"251 - Würzburg (Bundestag 2021 - 2025)","api_url":"https://www.abgeordnetenwatch.de/api/v2/constituencies/10991"},"constituency_result":10.6,"mandate_won":"list"},"fraction_membership":[{"id":9482,"entity_type":"fraction_membership","label":"FDP","fraction":{"id":322,"entity_type":"fraction","label":"FDP (Bundestag 2021 - 2025)","api_url":"https://www.abgeordnetenwatch.de/api/v2/fractions/322"}}],"party":{}},{"id":49502,"entity_type":"candidacy_mandate","label":"Andrew Ullmann (Bundestag Wahl 2021)","api_url":"https://www.abgeordnetenwatch.de/api/v2/candidacies-mandates/49502","type":"candidacy","parliament_period":{"id":128,"entity_type":"parliament_period","label":"Bundestag Wahl 2021","api_url":"https://www.abgeordnetenwatch.de/api/v2/parliament-periods/128","abgeordnetenwatch_url":"https://www.abgeordnetenwatch.de/bundestag/wahl-2021"},"politician":{"id":146406,"entity_type":"politician","label":"Andrew Ullmann","api_url":"https://www.abgeordnetenwatch.de/api/v2/politicians/146406","abgeordnetenwatch_url":"https://www.abgeordnetenwatch.de/profile/andrew-ullmann"},"electoral_data":{"id":50424,"entity_type":"electoral_data","label":"Andrew Ullmann (Bundestag Wahl 2021)","electoral_list":{"id":357,"entity_type":"electoral_list","label":"Landesliste Bayern (Bundestag Wahl 2021)","api_url":"https://www.abgeordnetenwatch.de/api/v2/electoral-lists/357"},"list_position":10,"constituency":{"id":10308,"entity_type":"constituency","label":"251 - Würzburg (Bundestag Wahl 2021)","api_url":"https://www.abgeordnetenwatch.de/api/v2/constituencies/10308"},"constituency_result":10.6},"fraction_membership":{},"party":{"id":4,"entity_type":"party","label":"FDP","api_url":"https://www.abgeordnetenwatch.de/api/v2/parties/4"}},{"id":43900,"entity_type":"candidacy_mandate","label":"Andrew Ullmann (Bundestag 2017 - 2021)","api_url":"https://www.abgeordnetenwatch.de/api/v2/candidacies-mandates/43900","id_external_administration":"2270","id_external_administration_description":"mdbID - ID der Bundestagsverwaltung","type":"mandate","parliament_period":{"id":111,"entity_type":"parliament_period","label":"Bundestag 2017 - 2021","api_url":"https://www.abgeordnetenwatch.de/api/v2/parliament-periods/111","abgeordnetenwatch_url":"https://www.abgeordnetenwatch.de/bundestag/19"},"politician":{"id":146406,"entity_type":"politician","label":"Andrew Ullmann","api_url":"https://www.abgeordnetenwatch.de/api/v2/politicians/146406","abgeordnetenwatch_url":"https://www.abgeordnetenwatch.de/profile/andrew-ullmann"},"electoral_data":{"id":43900,"entity_type":"electoral_data","label":"Andrew Ullmann (Bundestag 2017 - 2021)","electoral_list":{"id":107,"entity_type":"electoral_list","label":"Landesliste Bayern (Bundestag 2017 - 2021)","api_url":"https://www.abgeordnetenwatch.de/api/v2/electoral-lists/107"},"list_position":12,"constituency":{"id":4375,"entity_type":"constituency","label":"251 - Würzburg (Bundestag 2017 - 2021)","api_url":"https://www.abgeordnetenwatch.de/api/v2/constituencies/4375"},"constituency_result":8,"mandate_won":"list"},"fraction_membership":[{"id":6133,"entity_type":"fraction_membership","label":"FDP","fraction":{"id":14,"entity_type":"fraction","label":"FDP (Bundestag 2017 - 2021)","api_url":"https://www.abgeordnetenwatch.de/api/v2/fractions/14"}}],"party":{}},{"id":31560,"entity_type":"candidacy_mandate","label":"Andrew Ullmann (Bundestag Wahl 2017)","api_url":"https://www.abgeordnetenwatch.de/api/v2/candidacies-mandates/31560","type":"candidacy","parliament_period":{"id":50,"entity_type":"parliament_period","label":"Bundestag Wahl 2017","api_url":"https://www.abgeordnetenwatch.de/api/v2/parliament-periods/50","abgeordnetenwatch_url":"https://www.abgeordnetenwatch.de/bundestag/wahl-2017"},"politician":{"id":146406,"entity_type":"politician","label":"Andrew Ullmann","api_url":"https://www.abgeordnetenwatch.de/api/v2/politicians/146406","abgeordnetenwatch_url":"https://www.abgeordnetenwatch.de/profile/andrew-ullmann"},"electoral_data":{"id":31560,"entity_type":"electoral_data","label":"Andrew Ullmann (Bundestag Wahl 2017)","electoral_list":{"id":266,"entity_type":"electoral_list","label":"Landesliste Bayern (Bundestag Wahl 2017)","api_url":"https://www.abgeordnetenwatch.de/api/v2/electoral-lists/266"},"list_position":12,"constituency":{"id":9261,"entity_type":"constituency","label":"251 - Würzburg (Bundestag Wahl 2017)","api_url":"https://www.abgeordnetenwatch.de/api/v2/constituencies/9261"},"constituency_result":8,"mandate_won":"list"},"fraction_membership":{},"party":{"id":4,"entity_type":"party","label":"FDP","api_url":"https://www.abgeordnetenwatch.de/api/v2/parties/4"}}]
