{"id":[146775],"entity_type":["politician"],"label":["Mathias Stein"],"api_url":["https://www.abgeordnetenwatch.de/api/v2/politicians/146775"],"abgeordnetenwatch_url":["https://www.abgeordnetenwatch.de/profile/mathias-stein"],"first_name":["Mathias"],"last_name":["Stein"],"birth_name":{},"sex":["m"],"year_of_birth":[1970],"party":{"id":[1],"entity_type":["party"],"label":["SPD"],"api_url":["https://www.abgeordnetenwatch.de/api/v2/parties/1"]},"party_past":{},"education":["Wasserbauer , Bautechniker "],"residence":["Kiel"],"occupation":["MdB"],"statistic_questions":[17],"statistic_questions_answered":[17],"qid_wikidata":["Q40999283"],"field_title":{}}
