{"id":[146813],"entity_type":["politician"],"label":["Wiebke Esdar"],"api_url":["https://www.abgeordnetenwatch.de/api/v2/politicians/146813"],"abgeordnetenwatch_url":["https://www.abgeordnetenwatch.de/profile/wiebke-esdar"],"first_name":["Wiebke"],"last_name":["Esdar"],"birth_name":{},"sex":["f"],"year_of_birth":[1984],"party":{"id":[1],"entity_type":["party"],"label":["SPD"],"api_url":["https://www.abgeordnetenwatch.de/api/v2/parties/1"]},"party_past":{},"education":["Promovierte Psychologin"],"residence":["Bielefeld"],"occupation":["MdB"],"statistic_questions":[12],"statistic_questions_answered":[12],"qid_wikidata":["Q40999031"],"field_title":{}}
