[{"id":53902,"entity_type":"candidacy_mandate","label":"Joe Weingarten (Bundestag 2021 - 2025)","api_url":"https://www.abgeordnetenwatch.de/api/v2/candidacies-mandates/53902","id_external_administration":"2293","id_external_administration_description":"mdbID aus der info-xml-Datei der Bundestagsverwaltung","type":"mandate","parliament_period":{"id":132,"entity_type":"parliament_period","label":"Bundestag 2021 - 2025","api_url":"https://www.abgeordnetenwatch.de/api/v2/parliament-periods/132","abgeordnetenwatch_url":"https://www.abgeordnetenwatch.de/bundestag"},"politician":{"id":146835,"entity_type":"politician","label":"Joe Weingarten","api_url":"https://www.abgeordnetenwatch.de/api/v2/politicians/146835","abgeordnetenwatch_url":"https://www.abgeordnetenwatch.de/profile/joe-weingarten"},"electoral_data":{"id":54826,"entity_type":"electoral_data","label":"Joe Weingarten (Bundestag 2021 - 2025)","electoral_list":{"id":420,"entity_type":"electoral_list","label":"Landesliste Rheinland-Pfalz (Bundestag 2021 - 2025)","api_url":"https://www.abgeordnetenwatch.de/api/v2/electoral-lists/420"},"list_position":14,"constituency":{"id":10941,"entity_type":"constituency","label":"201 - Kreuznach (Bundestag 2021 - 2025)","api_url":"https://www.abgeordnetenwatch.de/api/v2/constituencies/10941"},"constituency_result":33,"mandate_won":"constituency"},"fraction_membership":[{"id":9749,"entity_type":"fraction_membership","label":"SPD","fraction":{"id":319,"entity_type":"fraction","label":"SPD (Bundestag 2021 - 2025)","api_url":"https://www.abgeordnetenwatch.de/api/v2/fractions/319"}}],"party":{}},{"id":48555,"entity_type":"candidacy_mandate","label":"Joe Weingarten (Bundestag Wahl 2021)","api_url":"https://www.abgeordnetenwatch.de/api/v2/candidacies-mandates/48555","type":"candidacy","parliament_period":{"id":128,"entity_type":"parliament_period","label":"Bundestag Wahl 2021","api_url":"https://www.abgeordnetenwatch.de/api/v2/parliament-periods/128","abgeordnetenwatch_url":"https://www.abgeordnetenwatch.de/bundestag/wahl-2021"},"politician":{"id":146835,"entity_type":"politician","label":"Joe Weingarten","api_url":"https://www.abgeordnetenwatch.de/api/v2/politicians/146835","abgeordnetenwatch_url":"https://www.abgeordnetenwatch.de/profile/joe-weingarten"},"electoral_data":{"id":49477,"entity_type":"electoral_data","label":"Joe Weingarten (Bundestag Wahl 2021)","electoral_list":{"id":366,"entity_type":"electoral_list","label":"Landesliste Rheinland-Pfalz (Bundestag Wahl 2021)","api_url":"https://www.abgeordnetenwatch.de/api/v2/electoral-lists/366"},"list_position":14,"constituency":{"id":10258,"entity_type":"constituency","label":"201 - Kreuznach (Bundestag Wahl 2021)","api_url":"https://www.abgeordnetenwatch.de/api/v2/constituencies/10258"},"constituency_result":33},"fraction_membership":{},"party":{"id":1,"entity_type":"party","label":"SPD","api_url":"https://www.abgeordnetenwatch.de/api/v2/parties/1"}},{"id":46263,"entity_type":"candidacy_mandate","label":"Joe Weingarten (Bundestag 2017 - 2021)","api_url":"https://www.abgeordnetenwatch.de/api/v2/candidacies-mandates/46263","id_external_administration":"2293","id_external_administration_description":"mdbID - ID der Bundestagsverwaltung","type":"mandate","parliament_period":{"id":111,"entity_type":"parliament_period","label":"Bundestag 2017 - 2021","api_url":"https://www.abgeordnetenwatch.de/api/v2/parliament-periods/111","abgeordnetenwatch_url":"https://www.abgeordnetenwatch.de/bundestag/19"},"politician":{"id":146835,"entity_type":"politician","label":"Joe Weingarten","api_url":"https://www.abgeordnetenwatch.de/api/v2/politicians/146835","abgeordnetenwatch_url":"https://www.abgeordnetenwatch.de/profile/joe-weingarten"},"start_date":"2019-11-01","electoral_data":{"id":46263,"entity_type":"electoral_data","label":"Joe Weingarten (Bundestag 2017 - 2021)","electoral_list":{"id":116,"entity_type":"electoral_list","label":"Landesliste Rheinland-Pfalz (Bundestag 2017 - 2021)","api_url":"https://www.abgeordnetenwatch.de/api/v2/electoral-lists/116"},"list_position":12,"constituency":{"id":4325,"entity_type":"constituency","label":"201 - Kreuznach (Bundestag 2017 - 2021)","api_url":"https://www.abgeordnetenwatch.de/api/v2/constituencies/4325"},"constituency_result":31.5},"fraction_membership":[{"id":8563,"entity_type":"fraction_membership","label":"SPD","fraction":{"id":22,"entity_type":"fraction","label":"SPD (Bundestag 2017 - 2021)","api_url":"https://www.abgeordnetenwatch.de/api/v2/fractions/22"}}],"party":{}},{"id":36760,"entity_type":"candidacy_mandate","label":"Joe Weingarten (Bundestag Wahl 2017)","api_url":"https://www.abgeordnetenwatch.de/api/v2/candidacies-mandates/36760","type":"candidacy","parliament_period":{"id":50,"entity_type":"parliament_period","label":"Bundestag Wahl 2017","api_url":"https://www.abgeordnetenwatch.de/api/v2/parliament-periods/50","abgeordnetenwatch_url":"https://www.abgeordnetenwatch.de/bundestag/wahl-2017"},"politician":{"id":146835,"entity_type":"politician","label":"Joe Weingarten","api_url":"https://www.abgeordnetenwatch.de/api/v2/politicians/146835","abgeordnetenwatch_url":"https://www.abgeordnetenwatch.de/profile/joe-weingarten"},"electoral_data":{"id":36760,"entity_type":"electoral_data","label":"Joe Weingarten (Bundestag Wahl 2017)","electoral_list":{"id":275,"entity_type":"electoral_list","label":"Landesliste Rheinland-Pfalz (Bundestag Wahl 2017)","api_url":"https://www.abgeordnetenwatch.de/api/v2/electoral-lists/275"},"list_position":12,"constituency":{"id":9211,"entity_type":"constituency","label":"201 - Kreuznach (Bundestag Wahl 2017)","api_url":"https://www.abgeordnetenwatch.de/api/v2/constituencies/9211"},"constituency_result":31.5},"fraction_membership":{},"party":{"id":1,"entity_type":"party","label":"SPD","api_url":"https://www.abgeordnetenwatch.de/api/v2/parties/1"}}]
