{"id":[146817],"entity_type":["politician"],"label":["Nezahat Baradari"],"api_url":["https://www.abgeordnetenwatch.de/api/v2/politicians/146817"],"abgeordnetenwatch_url":["https://www.abgeordnetenwatch.de/profile/nezahat-baradari"],"first_name":["Nezahat"],"last_name":["Baradari"],"birth_name":{},"sex":["f"],"year_of_birth":[1965],"party":{"id":[1],"entity_type":["party"],"label":["SPD"],"api_url":["https://www.abgeordnetenwatch.de/api/v2/parties/1"]},"party_past":{},"deceased":{},"deceased_date":{},"education":["Fachärztin für Kinder- und Jugendmedizin, Ernährungsmedizin"],"residence":{},"occupation":["Mitglied des Deutschen Bundestages"],"statistic_questions":[7],"statistic_questions_answered":[6],"qid_wikidata":["Q60673734"],"field_title":{}}
