[{"id":43915,"entity_type":"candidacy_mandate","label":"Bruno Hollnagel (Bundestag 2017 - 2021)","api_url":"https://www.abgeordnetenwatch.de/api/v2/candidacies-mandates/43915","id_external_administration":"2119","id_external_administration_description":"mdbID - ID der Bundestagsverwaltung","type":"mandate","parliament_period":{"id":111,"entity_type":"parliament_period","label":"Bundestag 2017 - 2021","api_url":"https://www.abgeordnetenwatch.de/api/v2/parliament-periods/111","abgeordnetenwatch_url":"https://www.abgeordnetenwatch.de/bundestag/19"},"politician":{"id":147247,"entity_type":"politician","label":"Bruno Hollnagel","api_url":"https://www.abgeordnetenwatch.de/api/v2/politicians/147247","abgeordnetenwatch_url":"https://www.abgeordnetenwatch.de/profile/bruno-hollnagel"},"electoral_data":{"id":43915,"entity_type":"electoral_data","label":"Bruno Hollnagel (Bundestag 2017 - 2021)","electoral_list":{"id":120,"entity_type":"electoral_list","label":"Landesliste Schleswig-Holstein (Bundestag 2017 - 2021)","api_url":"https://www.abgeordnetenwatch.de/api/v2/electoral-lists/120"},"list_position":1,"constituency":{"id":4134,"entity_type":"constituency","label":"10 - Herzogtum Lauenburg - Stormarn-Süd (Bundestag 2017 - 2021)","api_url":"https://www.abgeordnetenwatch.de/api/v2/constituencies/4134"},"constituency_result":9.1,"mandate_won":"list"},"fraction_membership":[{"id":9126,"entity_type":"fraction_membership","label":"fraktionslos seit 30.06.2021","fraction":{"id":231,"entity_type":"fraction","label":"fraktionslos (Bundestag 2017 - 2021)","api_url":"https://www.abgeordnetenwatch.de/api/v2/fractions/231"},"valid_from":"2021-06-30"}],"party":{}},{"id":31874,"entity_type":"candidacy_mandate","label":"Bruno Hollnagel (Bundestag Wahl 2017)","api_url":"https://www.abgeordnetenwatch.de/api/v2/candidacies-mandates/31874","type":"candidacy","parliament_period":{"id":50,"entity_type":"parliament_period","label":"Bundestag Wahl 2017","api_url":"https://www.abgeordnetenwatch.de/api/v2/parliament-periods/50","abgeordnetenwatch_url":"https://www.abgeordnetenwatch.de/bundestag/wahl-2017"},"politician":{"id":147247,"entity_type":"politician","label":"Bruno Hollnagel","api_url":"https://www.abgeordnetenwatch.de/api/v2/politicians/147247","abgeordnetenwatch_url":"https://www.abgeordnetenwatch.de/profile/bruno-hollnagel"},"electoral_data":{"id":31874,"entity_type":"electoral_data","label":"Bruno Hollnagel (Bundestag Wahl 2017)","electoral_list":{"id":279,"entity_type":"electoral_list","label":"Landesliste Schleswig-Holstein (Bundestag Wahl 2017)","api_url":"https://www.abgeordnetenwatch.de/api/v2/electoral-lists/279"},"list_position":1,"constituency":{"id":9020,"entity_type":"constituency","label":"10 - Herzogtum Lauenburg - Stormarn-Süd (Bundestag Wahl 2017)","api_url":"https://www.abgeordnetenwatch.de/api/v2/constituencies/9020"},"constituency_result":9.1,"mandate_won":"list"},"fraction_membership":{},"party":{"id":9,"entity_type":"party","label":"AfD","api_url":"https://www.abgeordnetenwatch.de/api/v2/parties/9"}}]
