{"id":[147251],"entity_type":["politician"],"label":["Uwe Kamann"],"api_url":["https://www.abgeordnetenwatch.de/api/v2/politicians/147251"],"abgeordnetenwatch_url":["https://www.abgeordnetenwatch.de/profile/uwe-kamann"],"first_name":["Uwe"],"last_name":["Kamann"],"birth_name":{},"sex":["m"],"year_of_birth":[1958],"party":{"id":[185],"entity_type":["party"],"label":["parteilos"],"api_url":["https://www.abgeordnetenwatch.de/api/v2/parties/185"]},"party_past":{},"education":["Energieanlagenelektroniker"],"residence":{},"occupation":["MdB, Unternehmer"],"statistic_questions":[7],"statistic_questions_answered":{},"qid_wikidata":["Q40874199"],"field_title":{}}
