[{"id":54096,"entity_type":"candidacy_mandate","label":"Gereon Bollmann (Bundestag 2021 - 2025)","api_url":"https://www.abgeordnetenwatch.de/api/v2/candidacies-mandates/54096","id_external_administration":"2313","id_external_administration_description":"mdbID aus der info-xml-Datei der Bundestagsverwaltung","type":"mandate","parliament_period":{"id":132,"entity_type":"parliament_period","label":"Bundestag 2021 - 2025","api_url":"https://www.abgeordnetenwatch.de/api/v2/parliament-periods/132","abgeordnetenwatch_url":"https://www.abgeordnetenwatch.de/bundestag"},"politician":{"id":147321,"entity_type":"politician","label":"Gereon Bollmann","api_url":"https://www.abgeordnetenwatch.de/api/v2/politicians/147321","abgeordnetenwatch_url":"https://www.abgeordnetenwatch.de/profile/gereon-bollmann"},"electoral_data":{"id":55020,"entity_type":"electoral_data","label":"Gereon Bollmann (Bundestag 2021 - 2025)","electoral_list":{"id":424,"entity_type":"electoral_list","label":"Landesliste Schleswig-Holstein (Bundestag 2021 - 2025)","api_url":"https://www.abgeordnetenwatch.de/api/v2/electoral-lists/424"},"list_position":2,"constituency":{"id":10744,"entity_type":"constituency","label":"4 - Rendsburg-Eckernförde (Bundestag 2021 - 2025)","api_url":"https://www.abgeordnetenwatch.de/api/v2/constituencies/10744"},"constituency_result":6.3,"mandate_won":"list"},"fraction_membership":[{"id":9943,"entity_type":"fraction_membership","label":"AfD","fraction":{"id":323,"entity_type":"fraction","label":"AfD (Bundestag 2021 - 2025)","api_url":"https://www.abgeordnetenwatch.de/api/v2/fractions/323"}}]}]
