{"id":[147569],"entity_type":["politician"],"label":["Michael Espendiller"],"api_url":["https://www.abgeordnetenwatch.de/api/v2/politicians/147569"],"abgeordnetenwatch_url":["https://www.abgeordnetenwatch.de/profile/michael-espendiller"],"first_name":["Michael"],"last_name":["Espendiller"],"birth_name":{},"sex":["m"],"year_of_birth":[1989],"party":{"id":[9],"entity_type":["party"],"label":["AfD"],"api_url":["https://www.abgeordnetenwatch.de/api/v2/parties/9"]},"party_past":{},"deceased":{},"deceased_date":{},"education":["Promovierter Mathematiker"],"residence":{},"occupation":["MdB"],"statistic_questions":{},"statistic_questions_answered":{},"qid_wikidata":["Q40875653"],"field_title":["Dr."]}
