[{"id":54047,"entity_type":"candidacy_mandate","label":"Michael Espendiller (Bundestag 2021 - 2025)","api_url":"https://www.abgeordnetenwatch.de/api/v2/candidacies-mandates/54047","id_external_administration":"2072","id_external_administration_description":"mdbID aus der info-xml-Datei der Bundestagsverwaltung","type":"mandate","parliament_period":{"id":132,"entity_type":"parliament_period","label":"Bundestag 2021 - 2025","api_url":"https://www.abgeordnetenwatch.de/api/v2/parliament-periods/132","abgeordnetenwatch_url":"https://www.abgeordnetenwatch.de/bundestag"},"politician":{"id":147569,"entity_type":"politician","label":"Michael Espendiller","api_url":"https://www.abgeordnetenwatch.de/api/v2/politicians/147569","abgeordnetenwatch_url":"https://www.abgeordnetenwatch.de/profile/michael-espendiller"},"electoral_data":{"id":54971,"entity_type":"electoral_data","label":"Michael Espendiller (Bundestag 2021 - 2025)","electoral_list":{"id":419,"entity_type":"electoral_list","label":"Landesliste Nordrhein-Westfalen (Bundestag 2021 - 2025)","api_url":"https://www.abgeordnetenwatch.de/api/v2/electoral-lists/419"},"list_position":6,"constituency":{"id":10866,"entity_type":"constituency","label":"126 - Borken II (Bundestag 2021 - 2025)","api_url":"https://www.abgeordnetenwatch.de/api/v2/constituencies/10866"},"constituency_result":4.9,"mandate_won":"list"},"fraction_membership":[{"id":9894,"entity_type":"fraction_membership","label":"AfD","fraction":{"id":323,"entity_type":"fraction","label":"AfD (Bundestag 2021 - 2025)","api_url":"https://www.abgeordnetenwatch.de/api/v2/fractions/323"}}],"party":{}},{"id":50055,"entity_type":"candidacy_mandate","label":"Michael Espendiller (Bundestag Wahl 2021)","api_url":"https://www.abgeordnetenwatch.de/api/v2/candidacies-mandates/50055","type":"candidacy","parliament_period":{"id":128,"entity_type":"parliament_period","label":"Bundestag Wahl 2021","api_url":"https://www.abgeordnetenwatch.de/api/v2/parliament-periods/128","abgeordnetenwatch_url":"https://www.abgeordnetenwatch.de/bundestag/wahl-2021"},"politician":{"id":147569,"entity_type":"politician","label":"Michael Espendiller","api_url":"https://www.abgeordnetenwatch.de/api/v2/politicians/147569","abgeordnetenwatch_url":"https://www.abgeordnetenwatch.de/profile/michael-espendiller"},"electoral_data":{"id":50977,"entity_type":"electoral_data","label":"Michael Espendiller (Bundestag Wahl 2021)","electoral_list":{"id":365,"entity_type":"electoral_list","label":"Landesliste Nordrhein-Westfalen (Bundestag Wahl 2021)","api_url":"https://www.abgeordnetenwatch.de/api/v2/electoral-lists/365"},"list_position":6,"constituency":{"id":10183,"entity_type":"constituency","label":"126 - Borken II (Bundestag Wahl 2021)","api_url":"https://www.abgeordnetenwatch.de/api/v2/constituencies/10183"},"constituency_result":4.9,"constituency_result_count":7909,"mandate_won":"list"},"fraction_membership":{},"party":{"id":9,"entity_type":"party","label":"AfD","api_url":"https://www.abgeordnetenwatch.de/api/v2/parties/9"}},{"id":43919,"entity_type":"candidacy_mandate","label":"Michael Espendiller (Bundestag 2017 - 2021)","api_url":"https://www.abgeordnetenwatch.de/api/v2/candidacies-mandates/43919","id_external_administration":"2072","id_external_administration_description":"mdbID - ID der Bundestagsverwaltung","type":"mandate","parliament_period":{"id":111,"entity_type":"parliament_period","label":"Bundestag 2017 - 2021","api_url":"https://www.abgeordnetenwatch.de/api/v2/parliament-periods/111","abgeordnetenwatch_url":"https://www.abgeordnetenwatch.de/bundestag/19"},"politician":{"id":147569,"entity_type":"politician","label":"Michael Espendiller","api_url":"https://www.abgeordnetenwatch.de/api/v2/politicians/147569","abgeordnetenwatch_url":"https://www.abgeordnetenwatch.de/profile/michael-espendiller"},"electoral_data":{"id":43919,"entity_type":"electoral_data","label":"Michael Espendiller (Bundestag 2017 - 2021)","electoral_list":{"id":115,"entity_type":"electoral_list","label":"Landesliste Nordrhein-Westfalen (Bundestag 2017 - 2021)","api_url":"https://www.abgeordnetenwatch.de/api/v2/electoral-lists/115"},"list_position":10,"constituency":{"id":4252,"entity_type":"constituency","label":"128 - Steinfurt III (Bundestag 2017 - 2021)","api_url":"https://www.abgeordnetenwatch.de/api/v2/constituencies/4252"},"constituency_result":6.3,"mandate_won":"list"},"fraction_membership":[{"id":6153,"entity_type":"fraction_membership","label":"AfD","fraction":{"id":56,"entity_type":"fraction","label":"AfD (Bundestag 2017 - 2021)","api_url":"https://www.abgeordnetenwatch.de/api/v2/fractions/56"}}],"party":{}},{"id":31918,"entity_type":"candidacy_mandate","label":"Michael Espendiller (Bundestag Wahl 2017)","api_url":"https://www.abgeordnetenwatch.de/api/v2/candidacies-mandates/31918","type":"candidacy","parliament_period":{"id":50,"entity_type":"parliament_period","label":"Bundestag Wahl 2017","api_url":"https://www.abgeordnetenwatch.de/api/v2/parliament-periods/50","abgeordnetenwatch_url":"https://www.abgeordnetenwatch.de/bundestag/wahl-2017"},"politician":{"id":147569,"entity_type":"politician","label":"Michael Espendiller","api_url":"https://www.abgeordnetenwatch.de/api/v2/politicians/147569","abgeordnetenwatch_url":"https://www.abgeordnetenwatch.de/profile/michael-espendiller"},"electoral_data":{"id":31918,"entity_type":"electoral_data","label":"Michael Espendiller (Bundestag Wahl 2017)","electoral_list":{"id":274,"entity_type":"electoral_list","label":"Landesliste Nordrhein-Westfalen (Bundestag Wahl 2017)","api_url":"https://www.abgeordnetenwatch.de/api/v2/electoral-lists/274"},"list_position":10,"constituency":{"id":9138,"entity_type":"constituency","label":"128 - Steinfurt III (Bundestag Wahl 2017)","api_url":"https://www.abgeordnetenwatch.de/api/v2/constituencies/9138"},"constituency_result":6.3,"mandate_won":"list"},"fraction_membership":{},"party":{"id":9,"entity_type":"party","label":"AfD","api_url":"https://www.abgeordnetenwatch.de/api/v2/parties/9"}}]
