{"id":[150287],"entity_type":["politician"],"label":["Corinna Miazga"],"api_url":["https://www.abgeordnetenwatch.de/api/v2/politicians/150287"],"abgeordnetenwatch_url":["https://www.abgeordnetenwatch.de/profile/corinna-miazga"],"first_name":["Corinna"],"last_name":["Miazga"],"birth_name":{},"sex":["f"],"year_of_birth":[1983],"party":{"id":[9],"entity_type":["party"],"label":["AfD"],"api_url":["https://www.abgeordnetenwatch.de/api/v2/parties/9"]},"party_past":{},"education":{},"residence":{},"occupation":["MdB, Landesvorsitzende der AfD in Bayern"],"statistic_questions":[5],"statistic_questions_answered":{},"qid_wikidata":["Q40878850"],"field_title":{}}
