[{"id":53408,"entity_type":"candidacy_mandate","label":"Harald Weyel (Bundestag 2021 - 2025)","api_url":"https://www.abgeordnetenwatch.de/api/v2/candidacies-mandates/53408","id_external_administration":"2279","id_external_administration_description":"mdbID aus der info-xml-Datei der Bundestagsverwaltung","type":"mandate","parliament_period":{"id":132,"entity_type":"parliament_period","label":"Bundestag 2021 - 2025","api_url":"https://www.abgeordnetenwatch.de/api/v2/parliament-periods/132","abgeordnetenwatch_url":"https://www.abgeordnetenwatch.de/bundestag"},"politician":{"id":150294,"entity_type":"politician","label":"Harald Weyel","api_url":"https://www.abgeordnetenwatch.de/api/v2/politicians/150294","abgeordnetenwatch_url":"https://www.abgeordnetenwatch.de/profile/harald-weyel"},"electoral_data":{"id":54332,"entity_type":"electoral_data","label":"Harald Weyel (Bundestag 2021 - 2025)","electoral_list":{"id":419,"entity_type":"electoral_list","label":"Landesliste Nordrhein-Westfalen (Bundestag 2021 - 2025)","api_url":"https://www.abgeordnetenwatch.de/api/v2/electoral-lists/419"},"list_position":9,"constituency":{"id":10840,"entity_type":"constituency","label":"100 - Rheinisch-Bergischer Kreis (Bundestag 2021 - 2025)","api_url":"https://www.abgeordnetenwatch.de/api/v2/constituencies/10840"},"mandate_won":"list"},"fraction_membership":[{"id":9255,"entity_type":"fraction_membership","label":"AfD","fraction":{"id":323,"entity_type":"fraction","label":"AfD (Bundestag 2021 - 2025)","api_url":"https://www.abgeordnetenwatch.de/api/v2/fractions/323"}}],"party":{}},{"id":50060,"entity_type":"candidacy_mandate","label":"Harald Weyel (Bundestag Wahl 2021)","api_url":"https://www.abgeordnetenwatch.de/api/v2/candidacies-mandates/50060","type":"candidacy","parliament_period":{"id":128,"entity_type":"parliament_period","label":"Bundestag Wahl 2021","api_url":"https://www.abgeordnetenwatch.de/api/v2/parliament-periods/128","abgeordnetenwatch_url":"https://www.abgeordnetenwatch.de/bundestag/wahl-2021"},"politician":{"id":150294,"entity_type":"politician","label":"Harald Weyel","api_url":"https://www.abgeordnetenwatch.de/api/v2/politicians/150294","abgeordnetenwatch_url":"https://www.abgeordnetenwatch.de/profile/harald-weyel"},"electoral_data":{"id":50982,"entity_type":"electoral_data","label":"Harald Weyel (Bundestag Wahl 2021)","electoral_list":{"id":365,"entity_type":"electoral_list","label":"Landesliste Nordrhein-Westfalen (Bundestag Wahl 2021)","api_url":"https://www.abgeordnetenwatch.de/api/v2/electoral-lists/365"},"list_position":9,"constituency":{"id":10157,"entity_type":"constituency","label":"100 - Rheinisch-Bergischer Kreis (Bundestag Wahl 2021)","api_url":"https://www.abgeordnetenwatch.de/api/v2/constituencies/10157"},"constituency_result":5.4},"fraction_membership":{},"party":{"id":9,"entity_type":"party","label":"AfD","api_url":"https://www.abgeordnetenwatch.de/api/v2/parties/9"}},{"id":43948,"entity_type":"candidacy_mandate","label":"Harald Weyel (Bundestag 2017 - 2021)","api_url":"https://www.abgeordnetenwatch.de/api/v2/candidacies-mandates/43948","id_external_administration":"2279","id_external_administration_description":"mdbID - ID der Bundestagsverwaltung","type":"mandate","parliament_period":{"id":111,"entity_type":"parliament_period","label":"Bundestag 2017 - 2021","api_url":"https://www.abgeordnetenwatch.de/api/v2/parliament-periods/111","abgeordnetenwatch_url":"https://www.abgeordnetenwatch.de/bundestag/19"},"politician":{"id":150294,"entity_type":"politician","label":"Harald Weyel","api_url":"https://www.abgeordnetenwatch.de/api/v2/politicians/150294","abgeordnetenwatch_url":"https://www.abgeordnetenwatch.de/profile/harald-weyel"},"electoral_data":{"id":43948,"entity_type":"electoral_data","label":"Harald Weyel (Bundestag 2017 - 2021)","electoral_list":{"id":115,"entity_type":"electoral_list","label":"Landesliste Nordrhein-Westfalen (Bundestag 2017 - 2021)","api_url":"https://www.abgeordnetenwatch.de/api/v2/electoral-lists/115"},"list_position":1,"constituency":{},"mandate_won":"list"},"fraction_membership":[{"id":6182,"entity_type":"fraction_membership","label":"AfD","fraction":{"id":56,"entity_type":"fraction","label":"AfD (Bundestag 2017 - 2021)","api_url":"https://www.abgeordnetenwatch.de/api/v2/fractions/56"}}],"party":{}}]
