{"id":[150297],"entity_type":["politician"],"label":["Verena Hartmann"],"api_url":["https://www.abgeordnetenwatch.de/api/v2/politicians/150297"],"abgeordnetenwatch_url":["https://www.abgeordnetenwatch.de/profile/verena-hartmann"],"first_name":["Verena"],"last_name":["Hartmann"],"birth_name":{},"sex":["f"],"year_of_birth":[1974],"party":{"id":[185],"entity_type":["party"],"label":["parteilos"],"api_url":["https://www.abgeordnetenwatch.de/api/v2/parties/185"]},"party_past":{},"deceased":{},"deceased_date":{},"education":["Dipl.-Kommunikationswirtin"],"residence":{},"occupation":["MdB"],"statistic_questions":[16],"statistic_questions_answered":[2],"qid_wikidata":["Q40999331"],"field_title":{}}
