[{"id":43947,"entity_type":"candidacy_mandate","label":"Wilhelm von Gottberg (Bundestag 2017 - 2021)","api_url":"https://www.abgeordnetenwatch.de/api/v2/candidacies-mandates/43947","id_external_administration":"2090","id_external_administration_description":"mdbID - ID der Bundestagsverwaltung","type":"mandate","parliament_period":{"id":111,"entity_type":"parliament_period","label":"Bundestag 2017 - 2021","api_url":"https://www.abgeordnetenwatch.de/api/v2/parliament-periods/111","abgeordnetenwatch_url":"https://www.abgeordnetenwatch.de/bundestag/19"},"politician":{"id":150293,"entity_type":"politician","label":"Wilhelm von Gottberg","api_url":"https://www.abgeordnetenwatch.de/api/v2/politicians/150293","abgeordnetenwatch_url":"https://www.abgeordnetenwatch.de/profile/wilhelm-von-gottberg"},"electoral_data":{"id":43947,"entity_type":"electoral_data","label":"Wilhelm von Gottberg (Bundestag 2017 - 2021)","electoral_list":{"id":114,"entity_type":"electoral_list","label":"Landesliste Niedersachsen (Bundestag 2017 - 2021)","api_url":"https://www.abgeordnetenwatch.de/api/v2/electoral-lists/114"},"list_position":4,"mandate_won":"list"},"fraction_membership":[{"id":6181,"entity_type":"fraction_membership","label":"AfD","fraction":{"id":56,"entity_type":"fraction","label":"AfD (Bundestag 2017 - 2021)","api_url":"https://www.abgeordnetenwatch.de/api/v2/fractions/56"}}]}]
