[{"id":53544,"entity_type":"candidacy_mandate","label":"Joana Cotar (Bundestag 2021 - 2025)","api_url":"https://www.abgeordnetenwatch.de/api/v2/candidacies-mandates/53544","id_external_administration":"2057","id_external_administration_description":"mdbID aus der info-xml-Datei der Bundestagsverwaltung","type":"mandate","parliament_period":{"id":132,"entity_type":"parliament_period","label":"Bundestag 2021 - 2025","api_url":"https://www.abgeordnetenwatch.de/api/v2/parliament-periods/132","abgeordnetenwatch_url":"https://www.abgeordnetenwatch.de/bundestag"},"politician":{"id":150292,"entity_type":"politician","label":"Joana Cotar","api_url":"https://www.abgeordnetenwatch.de/api/v2/politicians/150292","abgeordnetenwatch_url":"https://www.abgeordnetenwatch.de/profile/joana-cotar"},"electoral_data":{"id":54468,"entity_type":"electoral_data","label":"Joana Cotar (Bundestag 2021 - 2025)","electoral_list":{"id":416,"entity_type":"electoral_list","label":"Landesliste Hessen (Bundestag 2021 - 2025)","api_url":"https://www.abgeordnetenwatch.de/api/v2/electoral-lists/416"},"list_position":2,"constituency":{"id":10923,"entity_type":"constituency","label":"183 - Frankfurt am Main II (Bundestag 2021 - 2025)","api_url":"https://www.abgeordnetenwatch.de/api/v2/constituencies/10923"},"constituency_result":4.6,"constituency_result_count":7990,"mandate_won":"list"},"fraction_membership":[{"id":9391,"entity_type":"fraction_membership","label":"AfD","fraction":{"id":323,"entity_type":"fraction","label":"AfD (Bundestag 2021 - 2025)","api_url":"https://www.abgeordnetenwatch.de/api/v2/fractions/323"}}],"party":{}},{"id":50166,"entity_type":"candidacy_mandate","label":"Joana Cotar (Bundestag Wahl 2021)","api_url":"https://www.abgeordnetenwatch.de/api/v2/candidacies-mandates/50166","type":"candidacy","parliament_period":{"id":128,"entity_type":"parliament_period","label":"Bundestag Wahl 2021","api_url":"https://www.abgeordnetenwatch.de/api/v2/parliament-periods/128","abgeordnetenwatch_url":"https://www.abgeordnetenwatch.de/bundestag/wahl-2021"},"politician":{"id":150292,"entity_type":"politician","label":"Joana Cotar","api_url":"https://www.abgeordnetenwatch.de/api/v2/politicians/150292","abgeordnetenwatch_url":"https://www.abgeordnetenwatch.de/profile/joana-cotar"},"electoral_data":{"id":51088,"entity_type":"electoral_data","label":"Joana Cotar (Bundestag Wahl 2021)","electoral_list":{"id":362,"entity_type":"electoral_list","label":"Landesliste Hessen (Bundestag Wahl 2021)","api_url":"https://www.abgeordnetenwatch.de/api/v2/electoral-lists/362"},"list_position":2,"constituency":{"id":10240,"entity_type":"constituency","label":"183 - Frankfurt am Main II (Bundestag Wahl 2021)","api_url":"https://www.abgeordnetenwatch.de/api/v2/constituencies/10240"},"constituency_result":4.6},"fraction_membership":{},"party":{"id":9,"entity_type":"party","label":"AfD","api_url":"https://www.abgeordnetenwatch.de/api/v2/parties/9"}},{"id":45502,"entity_type":"candidacy_mandate","label":"Joana Cotar (Bundestag 2017 - 2021)","api_url":"https://www.abgeordnetenwatch.de/api/v2/candidacies-mandates/45502","id_external_administration":"2057","id_external_administration_description":"mdbID - ID der Bundestagsverwaltung","type":"mandate","parliament_period":{"id":111,"entity_type":"parliament_period","label":"Bundestag 2017 - 2021","api_url":"https://www.abgeordnetenwatch.de/api/v2/parliament-periods/111","abgeordnetenwatch_url":"https://www.abgeordnetenwatch.de/bundestag/19"},"politician":{"id":150292,"entity_type":"politician","label":"Joana Cotar","api_url":"https://www.abgeordnetenwatch.de/api/v2/politicians/150292","abgeordnetenwatch_url":"https://www.abgeordnetenwatch.de/profile/joana-cotar"},"electoral_data":{"id":45502,"entity_type":"electoral_data","label":"Joana Cotar (Bundestag 2017 - 2021)","electoral_list":{"id":112,"entity_type":"electoral_list","label":"Landesliste Hessen (Bundestag 2017 - 2021)","api_url":"https://www.abgeordnetenwatch.de/api/v2/electoral-lists/112"},"list_position":2,"constituency":{},"mandate_won":"list"},"fraction_membership":[{"id":7757,"entity_type":"fraction_membership","label":"AfD","fraction":{"id":56,"entity_type":"fraction","label":"AfD (Bundestag 2017 - 2021)","api_url":"https://www.abgeordnetenwatch.de/api/v2/fractions/56"}}],"party":{}}]
