{"id":[150288],"entity_type":["politician"],"label":["Götz Frömming"],"api_url":["https://www.abgeordnetenwatch.de/api/v2/politicians/150288"],"abgeordnetenwatch_url":["https://www.abgeordnetenwatch.de/profile/goetz-froemming"],"first_name":["Götz"],"last_name":["Frömming"],"birth_name":{},"sex":["m"],"year_of_birth":[1968],"party":{"id":[9],"entity_type":["party"],"label":["AfD"],"api_url":["https://www.abgeordnetenwatch.de/api/v2/parties/9"]},"party_past":{},"education":["Studiendirektor"],"residence":{},"occupation":["Parlamentarischer Geschäftsführer, AfD im Bundestag"],"statistic_questions":[2],"statistic_questions_answered":{},"qid_wikidata":["Q40571929"],"field_title":{}}
