[{"id":50059,"entity_type":"candidacy_mandate","label":"Birgit Malsack-Winkemann (Bundestag Wahl 2021)","api_url":"https://www.abgeordnetenwatch.de/api/v2/candidacies-mandates/50059","type":"candidacy","parliament_period":{"id":128,"entity_type":"parliament_period","label":"Bundestag Wahl 2021","api_url":"https://www.abgeordnetenwatch.de/api/v2/parliament-periods/128","abgeordnetenwatch_url":"https://www.abgeordnetenwatch.de/bundestag/wahl-2021"},"politician":{"id":150289,"entity_type":"politician","label":"Birgit Malsack-Winkemann","api_url":"https://www.abgeordnetenwatch.de/api/v2/politicians/150289","abgeordnetenwatch_url":"https://www.abgeordnetenwatch.de/profile/birgit-malsack-winkemann"},"party":{"id":9,"entity_type":"party","label":"AfD","api_url":"https://www.abgeordnetenwatch.de/api/v2/parties/9"},"electoral_data":{"id":50981,"entity_type":"electoral_data","label":"Birgit Malsack-Winkemann (Bundestag Wahl 2021)","electoral_list":{},"constituency":{"id":10136,"entity_type":"constituency","label":"79 - Berlin-Steglitz-Zehlendorf (Bundestag Wahl 2021)","api_url":"https://www.abgeordnetenwatch.de/api/v2/constituencies/10136"},"constituency_result":5.3},"fraction_membership":{}},{"id":43945,"entity_type":"candidacy_mandate","label":"Birgit Malsack-Winkemann (Bundestag 2017 - 2021)","api_url":"https://www.abgeordnetenwatch.de/api/v2/candidacies-mandates/43945","id_external_administration":"2172","id_external_administration_description":"mdbID - ID der Bundestagsverwaltung","type":"mandate","parliament_period":{"id":111,"entity_type":"parliament_period","label":"Bundestag 2017 - 2021","api_url":"https://www.abgeordnetenwatch.de/api/v2/parliament-periods/111","abgeordnetenwatch_url":"https://www.abgeordnetenwatch.de/bundestag/19"},"politician":{"id":150289,"entity_type":"politician","label":"Birgit Malsack-Winkemann","api_url":"https://www.abgeordnetenwatch.de/api/v2/politicians/150289","abgeordnetenwatch_url":"https://www.abgeordnetenwatch.de/profile/birgit-malsack-winkemann"},"party":{},"electoral_data":{"id":43945,"entity_type":"electoral_data","label":"Birgit Malsack-Winkemann (Bundestag 2017 - 2021)","electoral_list":{"id":108,"entity_type":"electoral_list","label":"Landesliste Berlin (Bundestag 2017 - 2021)","api_url":"https://www.abgeordnetenwatch.de/api/v2/electoral-lists/108"},"list_position":4,"constituency":{},"mandate_won":"list"},"fraction_membership":[{"id":6179,"entity_type":"fraction_membership","label":"AfD","fraction":{"id":56,"entity_type":"fraction","label":"AfD (Bundestag 2017 - 2021)","api_url":"https://www.abgeordnetenwatch.de/api/v2/fractions/56"}}]}]
