{"id":[150298],"entity_type":["politician"],"label":["Martin Reichardt"],"api_url":["https://www.abgeordnetenwatch.de/api/v2/politicians/150298"],"abgeordnetenwatch_url":["https://www.abgeordnetenwatch.de/profile/martin-reichardt"],"first_name":["Martin"],"last_name":["Reichardt"],"birth_name":{},"sex":["m"],"year_of_birth":[1969],"party":{"id":[9],"entity_type":["party"],"label":["AfD"],"api_url":["https://www.abgeordnetenwatch.de/api/v2/parties/9"]},"party_past":{},"education":["Offizier und Pädagoge"],"residence":{},"occupation":["MdB"],"statistic_questions":[4],"statistic_questions_answered":[3],"qid_wikidata":["Q36338130"],"field_title":{}}
