[{"id":50057,"entity_type":"candidacy_mandate","label":"Franziska Gminder (Bundestag Wahl 2021)","api_url":"https://www.abgeordnetenwatch.de/api/v2/candidacies-mandates/50057","type":"candidacy","parliament_period":{"id":128,"entity_type":"parliament_period","label":"Bundestag Wahl 2021","api_url":"https://www.abgeordnetenwatch.de/api/v2/parliament-periods/128","abgeordnetenwatch_url":"https://www.abgeordnetenwatch.de/bundestag/wahl-2021"},"politician":{"id":150286,"entity_type":"politician","label":"Franziska Gminder","api_url":"https://www.abgeordnetenwatch.de/api/v2/politicians/150286","abgeordnetenwatch_url":"https://www.abgeordnetenwatch.de/profile/franziska-gminder"},"party":{"id":9,"entity_type":"party","label":"AfD","api_url":"https://www.abgeordnetenwatch.de/api/v2/parties/9"},"electoral_data":{"id":50979,"entity_type":"electoral_data","label":"Franziska Gminder (Bundestag Wahl 2021)","electoral_list":{},"constituency":{"id":10324,"entity_type":"constituency","label":"267 - Heilbronn (Bundestag Wahl 2021)","api_url":"https://www.abgeordnetenwatch.de/api/v2/constituencies/10324"},"constituency_result":12.8,"constituency_result_count":23092},"fraction_membership":{}},{"id":43944,"entity_type":"candidacy_mandate","label":"Franziska Gminder (Bundestag 2017 - 2021)","api_url":"https://www.abgeordnetenwatch.de/api/v2/candidacies-mandates/43944","id_external_administration":"2088","id_external_administration_description":"mdbID - ID der Bundestagsverwaltung","type":"mandate","parliament_period":{"id":111,"entity_type":"parliament_period","label":"Bundestag 2017 - 2021","api_url":"https://www.abgeordnetenwatch.de/api/v2/parliament-periods/111","abgeordnetenwatch_url":"https://www.abgeordnetenwatch.de/bundestag/19"},"politician":{"id":150286,"entity_type":"politician","label":"Franziska Gminder","api_url":"https://www.abgeordnetenwatch.de/api/v2/politicians/150286","abgeordnetenwatch_url":"https://www.abgeordnetenwatch.de/profile/franziska-gminder"},"party":{},"electoral_data":{"id":43944,"entity_type":"electoral_data","label":"Franziska Gminder (Bundestag 2017 - 2021)","electoral_list":{"id":106,"entity_type":"electoral_list","label":"Landesliste Baden-Württemberg (Bundestag 2017 - 2021)","api_url":"https://www.abgeordnetenwatch.de/api/v2/electoral-lists/106"},"list_position":1,"constituency":{},"mandate_won":"list"},"fraction_membership":[{"id":6178,"entity_type":"fraction_membership","label":"AfD","fraction":{"id":56,"entity_type":"fraction","label":"AfD (Bundestag 2017 - 2021)","api_url":"https://www.abgeordnetenwatch.de/api/v2/fractions/56"}}]}]
