[{"id":53616,"entity_type":"candidacy_mandate","label":"Corinna Miazga (Bundestag 2021 - 2025)","api_url":"https://www.abgeordnetenwatch.de/api/v2/candidacies-mandates/53616","id_external_administration":"2179","id_external_administration_description":"mdbID aus der info-xml-Datei der Bundestagsverwaltung","type":"mandate","parliament_period":{"id":132,"entity_type":"parliament_period","label":"Bundestag 2021 - 2025","api_url":"https://www.abgeordnetenwatch.de/api/v2/parliament-periods/132","abgeordnetenwatch_url":"https://www.abgeordnetenwatch.de/bundestag"},"politician":{"id":150287,"entity_type":"politician","label":"Corinna Miazga","api_url":"https://www.abgeordnetenwatch.de/api/v2/politicians/150287","abgeordnetenwatch_url":"https://www.abgeordnetenwatch.de/profile/corinna-miazga"},"electoral_data":{"id":54540,"entity_type":"electoral_data","label":"Corinna Miazga (Bundestag 2021 - 2025)","electoral_list":{"id":411,"entity_type":"electoral_list","label":"Landesliste Bayern (Bundestag 2021 - 2025)","api_url":"https://www.abgeordnetenwatch.de/api/v2/electoral-lists/411"},"list_position":2,"constituency":{"id":10971,"entity_type":"constituency","label":"231 - Straubing (Bundestag 2021 - 2025)","api_url":"https://www.abgeordnetenwatch.de/api/v2/constituencies/10971"},"constituency_result":12.7,"mandate_won":"list"},"fraction_membership":[{"id":9463,"entity_type":"fraction_membership","label":"AfD","fraction":{"id":323,"entity_type":"fraction","label":"AfD (Bundestag 2021 - 2025)","api_url":"https://www.abgeordnetenwatch.de/api/v2/fractions/323"}}],"party":{}},{"id":52626,"entity_type":"candidacy_mandate","label":"Corinna Miazga (Bundestag Wahl 2021)","api_url":"https://www.abgeordnetenwatch.de/api/v2/candidacies-mandates/52626","type":"candidacy","parliament_period":{"id":128,"entity_type":"parliament_period","label":"Bundestag Wahl 2021","api_url":"https://www.abgeordnetenwatch.de/api/v2/parliament-periods/128","abgeordnetenwatch_url":"https://www.abgeordnetenwatch.de/bundestag/wahl-2021"},"politician":{"id":150287,"entity_type":"politician","label":"Corinna Miazga","api_url":"https://www.abgeordnetenwatch.de/api/v2/politicians/150287","abgeordnetenwatch_url":"https://www.abgeordnetenwatch.de/profile/corinna-miazga"},"electoral_data":{"id":53550,"entity_type":"electoral_data","label":"Corinna Miazga (Bundestag Wahl 2021)","electoral_list":{"id":357,"entity_type":"electoral_list","label":"Landesliste Bayern (Bundestag Wahl 2021)","api_url":"https://www.abgeordnetenwatch.de/api/v2/electoral-lists/357"},"list_position":2,"constituency":{"id":10288,"entity_type":"constituency","label":"231 - Straubing (Bundestag Wahl 2021)","api_url":"https://www.abgeordnetenwatch.de/api/v2/constituencies/10288"},"constituency_result":12.7,"constituency_result_count":16794},"fraction_membership":{},"party":{"id":9,"entity_type":"party","label":"AfD","api_url":"https://www.abgeordnetenwatch.de/api/v2/parties/9"}},{"id":45592,"entity_type":"candidacy_mandate","label":"Corinna Miazga (Bundestag 2017 - 2021)","api_url":"https://www.abgeordnetenwatch.de/api/v2/candidacies-mandates/45592","id_external_administration":"2179","id_external_administration_description":"mdbID - ID der Bundestagsverwaltung","type":"mandate","parliament_period":{"id":111,"entity_type":"parliament_period","label":"Bundestag 2017 - 2021","api_url":"https://www.abgeordnetenwatch.de/api/v2/parliament-periods/111","abgeordnetenwatch_url":"https://www.abgeordnetenwatch.de/bundestag/19"},"politician":{"id":150287,"entity_type":"politician","label":"Corinna Miazga","api_url":"https://www.abgeordnetenwatch.de/api/v2/politicians/150287","abgeordnetenwatch_url":"https://www.abgeordnetenwatch.de/profile/corinna-miazga"},"electoral_data":{"id":45592,"entity_type":"electoral_data","label":"Corinna Miazga (Bundestag 2017 - 2021)","electoral_list":{"id":107,"entity_type":"electoral_list","label":"Landesliste Bayern (Bundestag 2017 - 2021)","api_url":"https://www.abgeordnetenwatch.de/api/v2/electoral-lists/107"},"list_position":3,"constituency":{},"mandate_won":"list"},"fraction_membership":[{"id":7848,"entity_type":"fraction_membership","label":"AfD","fraction":{"id":56,"entity_type":"fraction","label":"AfD (Bundestag 2017 - 2021)","api_url":"https://www.abgeordnetenwatch.de/api/v2/fractions/56"}}],"party":{}}]
