{"id":[175001],"entity_type":["politician"],"label":["Kristina Nordt"],"api_url":["https://www.abgeordnetenwatch.de/api/v2/politicians/175001"],"abgeordnetenwatch_url":["https://www.abgeordnetenwatch.de/profile/kristina-nordt"],"first_name":["Kristina"],"last_name":["Nordt"],"birth_name":{},"sex":["f"],"year_of_birth":[1982],"party":{"id":[2],"entity_type":["party"],"label":["CDU"],"api_url":["https://www.abgeordnetenwatch.de/api/v2/parties/2"]},"party_past":{},"education":["M. A. Staatswissenschaften-Sozialwissenschaften"],"residence":["Erfurt"],"occupation":["MdB"],"statistic_questions":{},"statistic_questions_answered":{},"qid_wikidata":["Q105887641"],"field_title":{}}
