[{"id":54025,"entity_type":"candidacy_mandate","label":"Alexander Graf Lambsdorff (Bundestag 2021 - 2025)","api_url":"https://www.abgeordnetenwatch.de/api/v2/candidacies-mandates/54025","id_external_administration":"2158","id_external_administration_description":"mdbID aus der info-xml-Datei der Bundestagsverwaltung","type":"mandate","parliament_period":{"id":132,"entity_type":"parliament_period","label":"Bundestag 2021 - 2025","api_url":"https://www.abgeordnetenwatch.de/api/v2/parliament-periods/132","abgeordnetenwatch_url":"https://www.abgeordnetenwatch.de/bundestag"},"politician":{"id":28887,"entity_type":"politician","label":"Alexander Graf Lambsdorff","api_url":"https://www.abgeordnetenwatch.de/api/v2/politicians/28887","abgeordnetenwatch_url":"https://www.abgeordnetenwatch.de/profile/alexander-graf-lambsdorff"},"electoral_data":{"id":54949,"entity_type":"electoral_data","label":"Alexander Graf Lambsdorff (Bundestag 2021 - 2025)","electoral_list":{"id":419,"entity_type":"electoral_list","label":"Landesliste Nordrhein-Westfalen (Bundestag 2021 - 2025)","api_url":"https://www.abgeordnetenwatch.de/api/v2/electoral-lists/419"},"list_position":3,"constituency":{"id":10836,"entity_type":"constituency","label":"96 - Bonn (Bundestag 2021 - 2025)","api_url":"https://www.abgeordnetenwatch.de/api/v2/constituencies/10836"},"constituency_result":12.6,"mandate_won":"list"},"fraction_membership":[{"id":9872,"entity_type":"fraction_membership","label":"FDP","fraction":{"id":322,"entity_type":"fraction","label":"FDP (Bundestag 2021 - 2025)","api_url":"https://www.abgeordnetenwatch.de/api/v2/fractions/322"}}],"party":{}},{"id":49390,"entity_type":"candidacy_mandate","label":"Alexander Graf Lambsdorff (Bundestag Wahl 2021)","api_url":"https://www.abgeordnetenwatch.de/api/v2/candidacies-mandates/49390","type":"candidacy","parliament_period":{"id":128,"entity_type":"parliament_period","label":"Bundestag Wahl 2021","api_url":"https://www.abgeordnetenwatch.de/api/v2/parliament-periods/128","abgeordnetenwatch_url":"https://www.abgeordnetenwatch.de/bundestag/wahl-2021"},"politician":{"id":28887,"entity_type":"politician","label":"Alexander Graf Lambsdorff","api_url":"https://www.abgeordnetenwatch.de/api/v2/politicians/28887","abgeordnetenwatch_url":"https://www.abgeordnetenwatch.de/profile/alexander-graf-lambsdorff"},"electoral_data":{"id":50312,"entity_type":"electoral_data","label":"Alexander Graf Lambsdorff (Bundestag Wahl 2021)","electoral_list":{},"constituency":{"id":10153,"entity_type":"constituency","label":"96 - Bonn (Bundestag Wahl 2021)","api_url":"https://www.abgeordnetenwatch.de/api/v2/constituencies/10153"},"constituency_result":12.6},"fraction_membership":{},"party":{"id":4,"entity_type":"party","label":"FDP","api_url":"https://www.abgeordnetenwatch.de/api/v2/parties/4"}},{"id":37798,"entity_type":"candidacy_mandate","label":"Alexander Graf Lambsdorff (Bundestag 2017 - 2021)","api_url":"https://www.abgeordnetenwatch.de/api/v2/candidacies-mandates/37798","id_external_administration":"2158","id_external_administration_description":"mdbID - ID der Bundestagsverwaltung","type":"mandate","parliament_period":{"id":111,"entity_type":"parliament_period","label":"Bundestag 2017 - 2021","api_url":"https://www.abgeordnetenwatch.de/api/v2/parliament-periods/111","abgeordnetenwatch_url":"https://www.abgeordnetenwatch.de/bundestag/19"},"politician":{"id":28887,"entity_type":"politician","label":"Alexander Graf Lambsdorff","api_url":"https://www.abgeordnetenwatch.de/api/v2/politicians/28887","abgeordnetenwatch_url":"https://www.abgeordnetenwatch.de/profile/alexander-graf-lambsdorff"},"electoral_data":{"id":37798,"entity_type":"electoral_data","label":"Alexander Graf Lambsdorff (Bundestag 2017 - 2021)","electoral_list":{"id":115,"entity_type":"electoral_list","label":"Landesliste Nordrhein-Westfalen (Bundestag 2017 - 2021)","api_url":"https://www.abgeordnetenwatch.de/api/v2/electoral-lists/115"},"list_position":3,"constituency":{"id":4220,"entity_type":"constituency","label":"96 - Bonn (Bundestag 2017 - 2021)","api_url":"https://www.abgeordnetenwatch.de/api/v2/constituencies/4220"},"constituency_result":10.5,"mandate_won":"list"},"fraction_membership":[{"id":16,"entity_type":"fraction_membership","label":"FDP","fraction":{"id":14,"entity_type":"fraction","label":"FDP (Bundestag 2017 - 2021)","api_url":"https://www.abgeordnetenwatch.de/api/v2/fractions/14"}}],"party":{}},{"id":37797,"entity_type":"candidacy_mandate","label":"Alexander Graf Lambsdorff (EU-Parlament 2009-2014)","api_url":"https://www.abgeordnetenwatch.de/api/v2/candidacies-mandates/37797","type":"mandate","parliament_period":{"id":79,"entity_type":"parliament_period","label":"EU-Parlament 2009 - 2014","api_url":"https://www.abgeordnetenwatch.de/api/v2/parliament-periods/79","abgeordnetenwatch_url":"https://www.abgeordnetenwatch.de/eu/7"},"politician":{"id":28887,"entity_type":"politician","label":"Alexander Graf Lambsdorff","api_url":"https://www.abgeordnetenwatch.de/api/v2/politicians/28887","abgeordnetenwatch_url":"https://www.abgeordnetenwatch.de/profile/alexander-graf-lambsdorff"},"electoral_data":{"id":37797,"entity_type":"electoral_data","label":"Alexander Graf Lambsdorff (EU-Parlament 2009-2014)","electoral_list":{},"list_position":2,"constituency":{"id":313,"entity_type":"constituency","label":"10 - Nordrhein-Westfalen (EU-Parlament 2009-2014)","api_url":"https://www.abgeordnetenwatch.de/api/v2/constituencies/313"}},"fraction_membership":[{"id":15,"entity_type":"fraction_membership","label":"FDP/FREIE WÄHLER (ALDE)","fraction":{"id":13,"entity_type":"fraction","label":"FDP/FREIE WÄHLER (ALDE) (EU-Parlament 2009-2014)","api_url":"https://www.abgeordnetenwatch.de/api/v2/fractions/13"}}],"party":{}},{"id":37796,"entity_type":"candidacy_mandate","label":"Alexander Graf Lambsdorff (EU-Parlament 2004-2009)","api_url":"https://www.abgeordnetenwatch.de/api/v2/candidacies-mandates/37796","type":"mandate","parliament_period":{"id":65,"entity_type":"parliament_period","label":"EU-Parlament 2004 - 2009","api_url":"https://www.abgeordnetenwatch.de/api/v2/parliament-periods/65","abgeordnetenwatch_url":"https://www.abgeordnetenwatch.de/eu/6"},"politician":{"id":28887,"entity_type":"politician","label":"Alexander Graf Lambsdorff","api_url":"https://www.abgeordnetenwatch.de/api/v2/politicians/28887","abgeordnetenwatch_url":"https://www.abgeordnetenwatch.de/profile/alexander-graf-lambsdorff"},"electoral_data":{"id":37796,"entity_type":"electoral_data","label":"Alexander Graf Lambsdorff (EU-Parlament 2004-2009)","electoral_list":{},"list_position":2,"constituency":{"id":299,"entity_type":"constituency","label":"10 - Nordrhein-Westfalen (EU-Parlament 2004-2009)","api_url":"https://www.abgeordnetenwatch.de/api/v2/constituencies/299"}},"fraction_membership":[{"id":14,"entity_type":"fraction_membership","label":"FDP/FREIE WÄHLER (ALDE)","fraction":{"id":12,"entity_type":"fraction","label":"FDP/FREIE WÄHLER (ALDE) (EU-Parlament 2004-2009)","api_url":"https://www.abgeordnetenwatch.de/api/v2/fractions/12"}}],"party":{}},{"id":37795,"entity_type":"candidacy_mandate","label":"Alexander Graf Lambsdorff (EU-Parlament 2014-2019)","api_url":"https://www.abgeordnetenwatch.de/api/v2/candidacies-mandates/37795","type":"mandate","parliament_period":{"id":62,"entity_type":"parliament_period","label":"EU-Parlament 2014 - 2019","api_url":"https://www.abgeordnetenwatch.de/api/v2/parliament-periods/62","abgeordnetenwatch_url":"https://www.abgeordnetenwatch.de/eu/8"},"politician":{"id":28887,"entity_type":"politician","label":"Alexander Graf Lambsdorff","api_url":"https://www.abgeordnetenwatch.de/api/v2/politicians/28887","abgeordnetenwatch_url":"https://www.abgeordnetenwatch.de/profile/alexander-graf-lambsdorff"},"end_date":"2017-10-23","electoral_data":{"id":37795,"entity_type":"electoral_data","label":"Alexander Graf Lambsdorff (EU-Parlament 2014-2019)","electoral_list":{"id":71,"entity_type":"electoral_list","label":"Bundesliste (EU-Parlament 2014-2019)","api_url":"https://www.abgeordnetenwatch.de/api/v2/electoral-lists/71"},"list_position":1,"constituency":{"id":423,"entity_type":"constituency","label":"1 - Bundesliste (EU-Parlament 2014-2019)","api_url":"https://www.abgeordnetenwatch.de/api/v2/constituencies/423"},"mandate_won":"list"},"fraction_membership":[{"id":13,"entity_type":"fraction_membership","label":"FDP/FREIE WÄHLER (ALDE)","fraction":{"id":11,"entity_type":"fraction","label":"FDP/FREIE WÄHLER (ALDE) (EU-Parlament 2014-2019)","api_url":"https://www.abgeordnetenwatch.de/api/v2/fractions/11"}}],"party":{}},{"id":23,"entity_type":"candidacy_mandate","label":"Alexander Graf Lambsdorff (Bundestag Wahl 2017)","api_url":"https://www.abgeordnetenwatch.de/api/v2/candidacies-mandates/23","type":"candidacy","parliament_period":{"id":50,"entity_type":"parliament_period","label":"Bundestag Wahl 2017","api_url":"https://www.abgeordnetenwatch.de/api/v2/parliament-periods/50","abgeordnetenwatch_url":"https://www.abgeordnetenwatch.de/bundestag/wahl-2017"},"politician":{"id":28887,"entity_type":"politician","label":"Alexander Graf Lambsdorff","api_url":"https://www.abgeordnetenwatch.de/api/v2/politicians/28887","abgeordnetenwatch_url":"https://www.abgeordnetenwatch.de/profile/alexander-graf-lambsdorff"},"electoral_data":{"id":23,"entity_type":"electoral_data","label":"Alexander Graf Lambsdorff (Bundestag Wahl 2017)","electoral_list":{"id":274,"entity_type":"electoral_list","label":"Landesliste Nordrhein-Westfalen (Bundestag Wahl 2017)","api_url":"https://www.abgeordnetenwatch.de/api/v2/electoral-lists/274"},"list_position":3,"constituency":{"id":9106,"entity_type":"constituency","label":"96 - Bonn (Bundestag Wahl 2017)","api_url":"https://www.abgeordnetenwatch.de/api/v2/constituencies/9106"},"constituency_result":10.5,"mandate_won":"list"},"fraction_membership":{},"party":{"id":4,"entity_type":"party","label":"FDP","api_url":"https://www.abgeordnetenwatch.de/api/v2/parties/4"}},{"id":22,"entity_type":"candidacy_mandate","label":"Alexander Graf Lambsdorff (EU-Parlament Wahl 2009)","api_url":"https://www.abgeordnetenwatch.de/api/v2/candidacies-mandates/22","type":"candidacy","parliament_period":{"id":18,"entity_type":"parliament_period","label":"EU-Parlament Wahl 2009","api_url":"https://www.abgeordnetenwatch.de/api/v2/parliament-periods/18","abgeordnetenwatch_url":"https://www.abgeordnetenwatch.de/eu/wahl-2009"},"politician":{"id":28887,"entity_type":"politician","label":"Alexander Graf Lambsdorff","api_url":"https://www.abgeordnetenwatch.de/api/v2/politicians/28887","abgeordnetenwatch_url":"https://www.abgeordnetenwatch.de/profile/alexander-graf-lambsdorff"},"electoral_data":{"id":22,"entity_type":"electoral_data","label":"Alexander Graf Lambsdorff (EU-Parlament Wahl 2009)","electoral_list":{},"list_position":2,"constituency":{"id":5199,"entity_type":"constituency","label":"10 - Nordrhein-Westfalen (EU-Parlament Wahl 2009)","api_url":"https://www.abgeordnetenwatch.de/api/v2/constituencies/5199"}},"fraction_membership":{},"party":{"id":4,"entity_type":"party","label":"FDP","api_url":"https://www.abgeordnetenwatch.de/api/v2/parties/4"}},{"id":21,"entity_type":"candidacy_mandate","label":"Alexander Graf Lambsdorff (EU-Parlament Wahl 2014)","api_url":"https://www.abgeordnetenwatch.de/api/v2/candidacies-mandates/21","type":"candidacy","parliament_period":{"id":1,"entity_type":"parliament_period","label":"EU-Parlament Wahl 2014","api_url":"https://www.abgeordnetenwatch.de/api/v2/parliament-periods/1","abgeordnetenwatch_url":"https://www.abgeordnetenwatch.de/eu/wahl-2014"},"politician":{"id":28887,"entity_type":"politician","label":"Alexander Graf Lambsdorff","api_url":"https://www.abgeordnetenwatch.de/api/v2/politicians/28887","abgeordnetenwatch_url":"https://www.abgeordnetenwatch.de/profile/alexander-graf-lambsdorff"},"electoral_data":{"id":21,"entity_type":"electoral_data","label":"Alexander Graf Lambsdorff (EU-Parlament Wahl 2014)","electoral_list":{},"list_position":1,"constituency":{"id":5309,"entity_type":"constituency","label":"1 - Bundesliste (EU-Parlament Wahl 2014)","api_url":"https://www.abgeordnetenwatch.de/api/v2/constituencies/5309"},"mandate_won":"list"},"fraction_membership":{},"party":{"id":4,"entity_type":"party","label":"FDP","api_url":"https://www.abgeordnetenwatch.de/api/v2/parties/4"}}]
