{"id":[29050],"entity_type":["politician"],"label":["Fabio De Masi"],"api_url":["https://www.abgeordnetenwatch.de/api/v2/politicians/29050"],"abgeordnetenwatch_url":["https://www.abgeordnetenwatch.de/profile/fabio-de-masi"],"first_name":["Fabio"],"last_name":["De Masi"],"birth_name":{},"sex":["m"],"year_of_birth":[1980],"party":{"id":[8],"entity_type":["party"],"label":["DIE LINKE"],"api_url":["https://www.abgeordnetenwatch.de/api/v2/parties/8"]},"party_past":{},"education":["Dipl.-Volkswirt, MSoSc International Relations, Master of Arts International Economics"],"residence":{},"occupation":["MdB, stellv. Vorsitzender Fraktion DIE LINKE im Bundestag, finanzpolitischer Sprecher"],"statistic_questions":[85],"statistic_questions_answered":[85],"qid_wikidata":["Q16999689"],"field_title":{}}
