[{"id":37913,"entity_type":"candidacy_mandate","label":"Fabio De Masi (Bundestag 2017 - 2021)","api_url":"https://www.abgeordnetenwatch.de/api/v2/candidacies-mandates/37913","id_external_administration":"2062","id_external_administration_description":"mdbID - ID der Bundestagsverwaltung","type":"mandate","parliament_period":{"id":111,"entity_type":"parliament_period","label":"Bundestag 2017 - 2021","api_url":"https://www.abgeordnetenwatch.de/api/v2/parliament-periods/111","abgeordnetenwatch_url":"https://www.abgeordnetenwatch.de/bundestag/19"},"politician":{"id":29050,"entity_type":"politician","label":"Fabio De Masi","api_url":"https://www.abgeordnetenwatch.de/api/v2/politicians/29050","abgeordnetenwatch_url":"https://www.abgeordnetenwatch.de/profile/fabio-de-masi"},"electoral_data":{"id":37913,"entity_type":"electoral_data","label":"Fabio De Masi (Bundestag 2017 - 2021)","electoral_list":{"id":111,"entity_type":"electoral_list","label":"Landesliste Hamburg (Bundestag 2017 - 2021)","api_url":"https://www.abgeordnetenwatch.de/api/v2/electoral-lists/111"},"list_position":1,"constituency":{},"mandate_won":"list"},"fraction_membership":[{"id":131,"entity_type":"fraction_membership","label":"DIE LINKE","fraction":{"id":41,"entity_type":"fraction","label":"DIE LINKE (Bundestag 2017 - 2021)","api_url":"https://www.abgeordnetenwatch.de/api/v2/fractions/41"}}],"party":{}},{"id":37912,"entity_type":"candidacy_mandate","label":"Fabio De Masi (EU-Parlament 2014-2019)","api_url":"https://www.abgeordnetenwatch.de/api/v2/candidacies-mandates/37912","type":"mandate","parliament_period":{"id":62,"entity_type":"parliament_period","label":"EU-Parlament 2014 - 2019","api_url":"https://www.abgeordnetenwatch.de/api/v2/parliament-periods/62","abgeordnetenwatch_url":"https://www.abgeordnetenwatch.de/eu/8"},"politician":{"id":29050,"entity_type":"politician","label":"Fabio De Masi","api_url":"https://www.abgeordnetenwatch.de/api/v2/politicians/29050","abgeordnetenwatch_url":"https://www.abgeordnetenwatch.de/profile/fabio-de-masi"},"end_date":"2017-10-23","electoral_data":{"id":37912,"entity_type":"electoral_data","label":"Fabio De Masi (EU-Parlament 2014-2019)","electoral_list":{"id":71,"entity_type":"electoral_list","label":"Bundesliste (EU-Parlament 2014-2019)","api_url":"https://www.abgeordnetenwatch.de/api/v2/electoral-lists/71"},"list_position":6,"constituency":{},"mandate_won":"list"},"fraction_membership":[{"id":130,"entity_type":"fraction_membership","label":"DIE LINKE (GUE/NGL)","fraction":{"id":1,"entity_type":"fraction","label":"DIE LINKE (GUE/NGL) (EU-Parlament 2014-2019)","api_url":"https://www.abgeordnetenwatch.de/api/v2/fractions/1"}}],"party":{}},{"id":483,"entity_type":"candidacy_mandate","label":"Fabio De Masi (Bundestag Wahl 2017)","api_url":"https://www.abgeordnetenwatch.de/api/v2/candidacies-mandates/483","type":"candidacy","parliament_period":{"id":50,"entity_type":"parliament_period","label":"Bundestag Wahl 2017","api_url":"https://www.abgeordnetenwatch.de/api/v2/parliament-periods/50","abgeordnetenwatch_url":"https://www.abgeordnetenwatch.de/bundestag/wahl-2017"},"politician":{"id":29050,"entity_type":"politician","label":"Fabio De Masi","api_url":"https://www.abgeordnetenwatch.de/api/v2/politicians/29050","abgeordnetenwatch_url":"https://www.abgeordnetenwatch.de/profile/fabio-de-masi"},"electoral_data":{"id":483,"entity_type":"electoral_data","label":"Fabio De Masi (Bundestag Wahl 2017)","electoral_list":{"id":270,"entity_type":"electoral_list","label":"Landesliste Hamburg (Bundestag Wahl 2017)","api_url":"https://www.abgeordnetenwatch.de/api/v2/electoral-lists/270"},"list_position":1,"constituency":{},"mandate_won":"list"},"fraction_membership":{},"party":{"id":8,"entity_type":"party","label":"DIE LINKE","api_url":"https://www.abgeordnetenwatch.de/api/v2/parties/8"}},{"id":482,"entity_type":"candidacy_mandate","label":"Fabio De Masi (EU-Parlament Wahl 2009)","api_url":"https://www.abgeordnetenwatch.de/api/v2/candidacies-mandates/482","type":"candidacy","parliament_period":{"id":18,"entity_type":"parliament_period","label":"EU-Parlament Wahl 2009","api_url":"https://www.abgeordnetenwatch.de/api/v2/parliament-periods/18","abgeordnetenwatch_url":"https://www.abgeordnetenwatch.de/eu/wahl-2009"},"politician":{"id":29050,"entity_type":"politician","label":"Fabio De Masi","api_url":"https://www.abgeordnetenwatch.de/api/v2/politicians/29050","abgeordnetenwatch_url":"https://www.abgeordnetenwatch.de/profile/fabio-de-masi"},"electoral_data":{"id":482,"entity_type":"electoral_data","label":"Fabio De Masi (EU-Parlament Wahl 2009)","electoral_list":{},"list_position":16,"constituency":{"id":5192,"entity_type":"constituency","label":"3 - Berlin (EU-Parlament Wahl 2009)","api_url":"https://www.abgeordnetenwatch.de/api/v2/constituencies/5192"}},"fraction_membership":{},"party":{"id":8,"entity_type":"party","label":"DIE LINKE","api_url":"https://www.abgeordnetenwatch.de/api/v2/parties/8"}},{"id":481,"entity_type":"candidacy_mandate","label":"Fabio De Masi (EU-Parlament Wahl 2014)","api_url":"https://www.abgeordnetenwatch.de/api/v2/candidacies-mandates/481","type":"candidacy","parliament_period":{"id":1,"entity_type":"parliament_period","label":"EU-Parlament Wahl 2014","api_url":"https://www.abgeordnetenwatch.de/api/v2/parliament-periods/1","abgeordnetenwatch_url":"https://www.abgeordnetenwatch.de/eu/wahl-2014"},"politician":{"id":29050,"entity_type":"politician","label":"Fabio De Masi","api_url":"https://www.abgeordnetenwatch.de/api/v2/politicians/29050","abgeordnetenwatch_url":"https://www.abgeordnetenwatch.de/profile/fabio-de-masi"},"electoral_data":{"id":481,"entity_type":"electoral_data","label":"Fabio De Masi (EU-Parlament Wahl 2014)","electoral_list":{},"list_position":6,"constituency":{"id":5309,"entity_type":"constituency","label":"1 - Bundesliste (EU-Parlament Wahl 2014)","api_url":"https://www.abgeordnetenwatch.de/api/v2/constituencies/5309"},"mandate_won":"list"},"fraction_membership":{},"party":{"id":8,"entity_type":"party","label":"DIE LINKE","api_url":"https://www.abgeordnetenwatch.de/api/v2/parties/8"}}]
