{"id":[29176],"entity_type":["politician"],"label":["Sarah Ryglewski"],"api_url":["https://www.abgeordnetenwatch.de/api/v2/politicians/29176"],"abgeordnetenwatch_url":["https://www.abgeordnetenwatch.de/profile/sarah-ryglewski"],"first_name":["Sarah"],"last_name":["Ryglewski"],"birth_name":{},"sex":["f"],"year_of_birth":[1983],"party":{"id":[1],"entity_type":["party"],"label":["SPD"],"api_url":["https://www.abgeordnetenwatch.de/api/v2/parties/1"]},"party_past":{},"deceased":{},"deceased_date":{},"education":["Diplompolitologin"],"residence":["Bremen"],"occupation":["MdB"],"statistic_questions":[4],"statistic_questions_answered":[3],"qid_wikidata":["Q1426157"],"field_title":{}}
