[{"id":53457,"entity_type":"candidacy_mandate","label":"Konstantin Kuhle (Bundestag 2021 - 2025)","api_url":"https://www.abgeordnetenwatch.de/api/v2/candidacies-mandates/53457","id_external_administration":"2156","id_external_administration_description":"mdbID aus der info-xml-Datei der Bundestagsverwaltung","type":"mandate","parliament_period":{"id":132,"entity_type":"parliament_period","label":"Bundestag 2021 - 2025","api_url":"https://www.abgeordnetenwatch.de/api/v2/parliament-periods/132","abgeordnetenwatch_url":"https://www.abgeordnetenwatch.de/bundestag"},"politician":{"id":29297,"entity_type":"politician","label":"Konstantin Kuhle","api_url":"https://www.abgeordnetenwatch.de/api/v2/politicians/29297","abgeordnetenwatch_url":"https://www.abgeordnetenwatch.de/profile/konstantin-kuhle"},"electoral_data":{"id":54381,"entity_type":"electoral_data","label":"Konstantin Kuhle (Bundestag 2021 - 2025)","electoral_list":{"id":418,"entity_type":"electoral_list","label":"Landesliste Niedersachsen (Bundestag 2021 - 2025)","api_url":"https://www.abgeordnetenwatch.de/api/v2/electoral-lists/418"},"list_position":4,"constituency":{"id":10793,"entity_type":"constituency","label":"53 - Göttingen (Bundestag 2021 - 2025)","api_url":"https://www.abgeordnetenwatch.de/api/v2/constituencies/10793"},"constituency_result":9.6,"mandate_won":"list"},"fraction_membership":[{"id":9304,"entity_type":"fraction_membership","label":"FDP","fraction":{"id":322,"entity_type":"fraction","label":"FDP (Bundestag 2021 - 2025)","api_url":"https://www.abgeordnetenwatch.de/api/v2/fractions/322"}}],"party":{}},{"id":49395,"entity_type":"candidacy_mandate","label":"Konstantin Kuhle (Bundestag Wahl 2021)","api_url":"https://www.abgeordnetenwatch.de/api/v2/candidacies-mandates/49395","type":"candidacy","parliament_period":{"id":128,"entity_type":"parliament_period","label":"Bundestag Wahl 2021","api_url":"https://www.abgeordnetenwatch.de/api/v2/parliament-periods/128","abgeordnetenwatch_url":"https://www.abgeordnetenwatch.de/bundestag/wahl-2021"},"politician":{"id":29297,"entity_type":"politician","label":"Konstantin Kuhle","api_url":"https://www.abgeordnetenwatch.de/api/v2/politicians/29297","abgeordnetenwatch_url":"https://www.abgeordnetenwatch.de/profile/konstantin-kuhle"},"electoral_data":{"id":50317,"entity_type":"electoral_data","label":"Konstantin Kuhle (Bundestag Wahl 2021)","electoral_list":{"id":364,"entity_type":"electoral_list","label":"Landesliste Niedersachsen (Bundestag Wahl 2021)","api_url":"https://www.abgeordnetenwatch.de/api/v2/electoral-lists/364"},"list_position":4,"constituency":{"id":10110,"entity_type":"constituency","label":"53 - Göttingen (Bundestag Wahl 2021)","api_url":"https://www.abgeordnetenwatch.de/api/v2/constituencies/10110"},"constituency_result":9.6,"constituency_result_count":15261,"mandate_won":"list"},"fraction_membership":{},"party":{"id":4,"entity_type":"party","label":"FDP","api_url":"https://www.abgeordnetenwatch.de/api/v2/parties/4"}},{"id":37956,"entity_type":"candidacy_mandate","label":"Konstantin Kuhle (Bundestag 2017 - 2021)","api_url":"https://www.abgeordnetenwatch.de/api/v2/candidacies-mandates/37956","id_external_administration":"2156","id_external_administration_description":"mdbID - ID der Bundestagsverwaltung","type":"mandate","parliament_period":{"id":111,"entity_type":"parliament_period","label":"Bundestag 2017 - 2021","api_url":"https://www.abgeordnetenwatch.de/api/v2/parliament-periods/111","abgeordnetenwatch_url":"https://www.abgeordnetenwatch.de/bundestag/19"},"politician":{"id":29297,"entity_type":"politician","label":"Konstantin Kuhle","api_url":"https://www.abgeordnetenwatch.de/api/v2/politicians/29297","abgeordnetenwatch_url":"https://www.abgeordnetenwatch.de/profile/konstantin-kuhle"},"electoral_data":{"id":37956,"entity_type":"electoral_data","label":"Konstantin Kuhle (Bundestag 2017 - 2021)","electoral_list":{"id":114,"entity_type":"electoral_list","label":"Landesliste Niedersachsen (Bundestag 2017 - 2021)","api_url":"https://www.abgeordnetenwatch.de/api/v2/electoral-lists/114"},"list_position":6,"constituency":{"id":4177,"entity_type":"constituency","label":"53 - Göttingen (Bundestag 2017 - 2021)","api_url":"https://www.abgeordnetenwatch.de/api/v2/constituencies/4177"},"constituency_result":4.6,"mandate_won":"list"},"fraction_membership":[{"id":176,"entity_type":"fraction_membership","label":"FDP","fraction":{"id":14,"entity_type":"fraction","label":"FDP (Bundestag 2017 - 2021)","api_url":"https://www.abgeordnetenwatch.de/api/v2/fractions/14"}}],"party":{}},{"id":1027,"entity_type":"candidacy_mandate","label":"Konstantin Kuhle (Bundestag Wahl 2017)","api_url":"https://www.abgeordnetenwatch.de/api/v2/candidacies-mandates/1027","type":"candidacy","parliament_period":{"id":50,"entity_type":"parliament_period","label":"Bundestag Wahl 2017","api_url":"https://www.abgeordnetenwatch.de/api/v2/parliament-periods/50","abgeordnetenwatch_url":"https://www.abgeordnetenwatch.de/bundestag/wahl-2017"},"politician":{"id":29297,"entity_type":"politician","label":"Konstantin Kuhle","api_url":"https://www.abgeordnetenwatch.de/api/v2/politicians/29297","abgeordnetenwatch_url":"https://www.abgeordnetenwatch.de/profile/konstantin-kuhle"},"electoral_data":{"id":1027,"entity_type":"electoral_data","label":"Konstantin Kuhle (Bundestag Wahl 2017)","electoral_list":{"id":273,"entity_type":"electoral_list","label":"Landesliste Niedersachsen (Bundestag Wahl 2017)","api_url":"https://www.abgeordnetenwatch.de/api/v2/electoral-lists/273"},"list_position":6,"constituency":{"id":9063,"entity_type":"constituency","label":"53 - Göttingen (Bundestag Wahl 2017)","api_url":"https://www.abgeordnetenwatch.de/api/v2/constituencies/9063"},"constituency_result":4.6,"mandate_won":"list"},"fraction_membership":{},"party":{"id":4,"entity_type":"party","label":"FDP","api_url":"https://www.abgeordnetenwatch.de/api/v2/parties/4"}},{"id":1026,"entity_type":"candidacy_mandate","label":"Konstantin Kuhle (EU-Parlament Wahl 2009)","api_url":"https://www.abgeordnetenwatch.de/api/v2/candidacies-mandates/1026","type":"candidacy","parliament_period":{"id":18,"entity_type":"parliament_period","label":"EU-Parlament Wahl 2009","api_url":"https://www.abgeordnetenwatch.de/api/v2/parliament-periods/18","abgeordnetenwatch_url":"https://www.abgeordnetenwatch.de/eu/wahl-2009"},"politician":{"id":29297,"entity_type":"politician","label":"Konstantin Kuhle","api_url":"https://www.abgeordnetenwatch.de/api/v2/politicians/29297","abgeordnetenwatch_url":"https://www.abgeordnetenwatch.de/profile/konstantin-kuhle"},"electoral_data":{"id":1026,"entity_type":"electoral_data","label":"Konstantin Kuhle (EU-Parlament Wahl 2009)","electoral_list":{},"list_position":43,"constituency":{"id":5198,"entity_type":"constituency","label":"9 - Niedersachsen (EU-Parlament Wahl 2009)","api_url":"https://www.abgeordnetenwatch.de/api/v2/constituencies/5198"}},"fraction_membership":{},"party":{"id":4,"entity_type":"party","label":"FDP","api_url":"https://www.abgeordnetenwatch.de/api/v2/parties/4"}},{"id":1025,"entity_type":"candidacy_mandate","label":"Konstantin Kuhle (EU-Parlament Wahl 2014)","api_url":"https://www.abgeordnetenwatch.de/api/v2/candidacies-mandates/1025","type":"candidacy","parliament_period":{"id":1,"entity_type":"parliament_period","label":"EU-Parlament Wahl 2014","api_url":"https://www.abgeordnetenwatch.de/api/v2/parliament-periods/1","abgeordnetenwatch_url":"https://www.abgeordnetenwatch.de/eu/wahl-2014"},"politician":{"id":29297,"entity_type":"politician","label":"Konstantin Kuhle","api_url":"https://www.abgeordnetenwatch.de/api/v2/politicians/29297","abgeordnetenwatch_url":"https://www.abgeordnetenwatch.de/profile/konstantin-kuhle"},"electoral_data":{"id":1025,"entity_type":"electoral_data","label":"Konstantin Kuhle (EU-Parlament Wahl 2014)","electoral_list":{},"list_position":20,"constituency":{"id":5309,"entity_type":"constituency","label":"1 - Bundesliste (EU-Parlament Wahl 2014)","api_url":"https://www.abgeordnetenwatch.de/api/v2/constituencies/5309"}},"fraction_membership":{},"party":{"id":4,"entity_type":"party","label":"FDP","api_url":"https://www.abgeordnetenwatch.de/api/v2/parties/4"}}]
