{"id":[29478],"entity_type":["politician"],"label":["Petr Bystron"],"api_url":["https://www.abgeordnetenwatch.de/api/v2/politicians/29478"],"abgeordnetenwatch_url":["https://www.abgeordnetenwatch.de/profile/petr-bystron"],"first_name":["Petr"],"last_name":["Bystron"],"birth_name":{},"sex":["m"],"year_of_birth":[1972],"party":{"id":[9],"entity_type":["party"],"label":["AfD"],"api_url":["https://www.abgeordnetenwatch.de/api/v2/parties/9"]},"party_past":{},"education":["Diplom-Politologe"],"residence":["München"],"occupation":["MdB"],"statistic_questions":[4],"statistic_questions_answered":{},"qid_wikidata":["Q24260075"],"field_title":{}}
