[{"id":38101,"entity_type":"candidacy_mandate","label":"Jürgen Martens (Bundestag 2017 - 2021)","api_url":"https://www.abgeordnetenwatch.de/api/v2/candidacies-mandates/38101","id_external_administration":"2175","id_external_administration_description":"mdbID - ID der Bundestagsverwaltung","type":"mandate","parliament_period":{"id":111,"entity_type":"parliament_period","label":"Bundestag 2017 - 2021","api_url":"https://www.abgeordnetenwatch.de/api/v2/parliament-periods/111","abgeordnetenwatch_url":"https://www.abgeordnetenwatch.de/bundestag/19"},"politician":{"id":30893,"entity_type":"politician","label":"Jürgen Martens","api_url":"https://www.abgeordnetenwatch.de/api/v2/politicians/30893","abgeordnetenwatch_url":"https://www.abgeordnetenwatch.de/profile/juergen-martens"},"electoral_data":{"id":38101,"entity_type":"electoral_data","label":"Jürgen Martens (Bundestag 2017 - 2021)","electoral_list":{"id":118,"entity_type":"electoral_list","label":"Landesliste Sachsen (Bundestag 2017 - 2021)","api_url":"https://www.abgeordnetenwatch.de/api/v2/electoral-lists/118"},"list_position":2,"constituency":{"id":4289,"entity_type":"constituency","label":"165 - Zwickau (Bundestag 2017 - 2021)","api_url":"https://www.abgeordnetenwatch.de/api/v2/constituencies/4289"},"constituency_result":13.4,"mandate_won":"list"},"fraction_membership":[{"id":322,"entity_type":"fraction_membership","label":"FDP","fraction":{"id":14,"entity_type":"fraction","label":"FDP (Bundestag 2017 - 2021)","api_url":"https://www.abgeordnetenwatch.de/api/v2/fractions/14"}}],"party":{}},{"id":38100,"entity_type":"candidacy_mandate","label":"Jürgen Martens (Sachsen 2009-2014)","api_url":"https://www.abgeordnetenwatch.de/api/v2/candidacies-mandates/38100","type":"mandate","parliament_period":{"id":84,"entity_type":"parliament_period","label":"Sachsen 2009 - 2014","api_url":"https://www.abgeordnetenwatch.de/api/v2/parliament-periods/84","abgeordnetenwatch_url":"https://www.abgeordnetenwatch.de/sachsen/5"},"politician":{"id":30893,"entity_type":"politician","label":"Jürgen Martens","api_url":"https://www.abgeordnetenwatch.de/api/v2/politicians/30893","abgeordnetenwatch_url":"https://www.abgeordnetenwatch.de/profile/juergen-martens"},"electoral_data":{"id":38100,"entity_type":"electoral_data","label":"Jürgen Martens (Sachsen 2009-2014)","electoral_list":{},"constituency":{"id":684,"entity_type":"constituency","label":"10 - Chemnitzer Land I (Sachsen 2009-2014)","api_url":"https://www.abgeordnetenwatch.de/api/v2/constituencies/684"},"constituency_result":14.3},"fraction_membership":[{"id":321,"entity_type":"fraction_membership","label":"FDP","fraction":{"id":78,"entity_type":"fraction","label":"FDP (Sachsen 2009-2014)","api_url":"https://www.abgeordnetenwatch.de/api/v2/fractions/78"}}],"party":{}},{"id":1986,"entity_type":"candidacy_mandate","label":"Jürgen Martens (Bundestag Wahl 2017)","api_url":"https://www.abgeordnetenwatch.de/api/v2/candidacies-mandates/1986","type":"candidacy","parliament_period":{"id":50,"entity_type":"parliament_period","label":"Bundestag Wahl 2017","api_url":"https://www.abgeordnetenwatch.de/api/v2/parliament-periods/50","abgeordnetenwatch_url":"https://www.abgeordnetenwatch.de/bundestag/wahl-2017"},"politician":{"id":30893,"entity_type":"politician","label":"Jürgen Martens","api_url":"https://www.abgeordnetenwatch.de/api/v2/politicians/30893","abgeordnetenwatch_url":"https://www.abgeordnetenwatch.de/profile/juergen-martens"},"electoral_data":{"id":1986,"entity_type":"electoral_data","label":"Jürgen Martens (Bundestag Wahl 2017)","electoral_list":{"id":277,"entity_type":"electoral_list","label":"Landesliste Sachsen (Bundestag Wahl 2017)","api_url":"https://www.abgeordnetenwatch.de/api/v2/electoral-lists/277"},"list_position":2,"constituency":{"id":9175,"entity_type":"constituency","label":"165 - Zwickau (Bundestag Wahl 2017)","api_url":"https://www.abgeordnetenwatch.de/api/v2/constituencies/9175"},"constituency_result":13.4,"mandate_won":"list"},"fraction_membership":{},"party":{"id":4,"entity_type":"party","label":"FDP","api_url":"https://www.abgeordnetenwatch.de/api/v2/parties/4"}},{"id":1985,"entity_type":"candidacy_mandate","label":"Jürgen Martens (Sachsen Wahl 2014)","api_url":"https://www.abgeordnetenwatch.de/api/v2/candidacies-mandates/1985","type":"candidacy","parliament_period":{"id":39,"entity_type":"parliament_period","label":"Sachsen Wahl 2014","api_url":"https://www.abgeordnetenwatch.de/api/v2/parliament-periods/39","abgeordnetenwatch_url":"https://www.abgeordnetenwatch.de/sachsen/wahl-2014"},"politician":{"id":30893,"entity_type":"politician","label":"Jürgen Martens","api_url":"https://www.abgeordnetenwatch.de/api/v2/politicians/30893","abgeordnetenwatch_url":"https://www.abgeordnetenwatch.de/profile/juergen-martens"},"electoral_data":{"id":1985,"entity_type":"electoral_data","label":"Jürgen Martens (Sachsen Wahl 2014)","electoral_list":{"id":161,"entity_type":"electoral_list","label":"Landesliste (Sachsen Wahl 2014)","api_url":"https://www.abgeordnetenwatch.de/api/v2/electoral-lists/161"},"list_position":6,"constituency":{"id":5404,"entity_type":"constituency","label":"8 - Zwickau 4 (Sachsen Wahl 2014)","api_url":"https://www.abgeordnetenwatch.de/api/v2/constituencies/5404"},"constituency_result":6.8},"fraction_membership":{},"party":{"id":4,"entity_type":"party","label":"FDP","api_url":"https://www.abgeordnetenwatch.de/api/v2/parties/4"}},{"id":1984,"entity_type":"candidacy_mandate","label":"Jürgen Martens (Sachsen Wahl 2009)","api_url":"https://www.abgeordnetenwatch.de/api/v2/candidacies-mandates/1984","type":"candidacy","parliament_period":{"id":23,"entity_type":"parliament_period","label":"Sachsen Wahl 2009","api_url":"https://www.abgeordnetenwatch.de/api/v2/parliament-periods/23","abgeordnetenwatch_url":"https://www.abgeordnetenwatch.de/sachsen/wahl-2009"},"politician":{"id":30893,"entity_type":"politician","label":"Jürgen Martens","api_url":"https://www.abgeordnetenwatch.de/api/v2/politicians/30893","abgeordnetenwatch_url":"https://www.abgeordnetenwatch.de/profile/juergen-martens"},"electoral_data":{"id":1984,"entity_type":"electoral_data","label":"Jürgen Martens (Sachsen Wahl 2009)","electoral_list":{},"constituency":{"id":5570,"entity_type":"constituency","label":"10 - Chemnitzer Land I (Sachsen Wahl 2009)","api_url":"https://www.abgeordnetenwatch.de/api/v2/constituencies/5570"},"constituency_result":14.3},"fraction_membership":{},"party":{"id":4,"entity_type":"party","label":"FDP","api_url":"https://www.abgeordnetenwatch.de/api/v2/parties/4"}}]
