{"id":[31280],"entity_type":["politician"],"label":["Lars Herrmann"],"api_url":["https://www.abgeordnetenwatch.de/api/v2/politicians/31280"],"abgeordnetenwatch_url":["https://www.abgeordnetenwatch.de/profile/lars-herrmann"],"first_name":["Lars"],"last_name":["Herrmann"],"birth_name":{},"sex":["m"],"year_of_birth":[1977],"party":{"id":[185],"entity_type":["party"],"label":["parteilos"],"api_url":["https://www.abgeordnetenwatch.de/api/v2/parties/185"]},"party_past":{},"deceased":{},"deceased_date":{},"education":["gehobener Polizeivollzugsdienst"],"residence":{},"occupation":["MdB"],"statistic_questions":[7],"statistic_questions_answered":[2],"qid_wikidata":["Q42222998"],"field_title":{}}
