[{"id":49981,"entity_type":"candidacy_mandate","label":"Christoph Neumann (Bundestag Wahl 2021)","api_url":"https://www.abgeordnetenwatch.de/api/v2/candidacies-mandates/49981","type":"candidacy","parliament_period":{"id":128,"entity_type":"parliament_period","label":"Bundestag Wahl 2021","api_url":"https://www.abgeordnetenwatch.de/api/v2/parliament-periods/128","abgeordnetenwatch_url":"https://www.abgeordnetenwatch.de/bundestag/wahl-2021"},"politician":{"id":31285,"entity_type":"politician","label":"Christoph Neumann","api_url":"https://www.abgeordnetenwatch.de/api/v2/politicians/31285","abgeordnetenwatch_url":"https://www.abgeordnetenwatch.de/profile/christoph-neumann"},"party":{"id":9,"entity_type":"party","label":"AfD","api_url":"https://www.abgeordnetenwatch.de/api/v2/parties/9"},"electoral_data":{"id":50903,"entity_type":"electoral_data","label":"Christoph Neumann (Bundestag Wahl 2021)","electoral_list":{"id":368,"entity_type":"electoral_list","label":"Landesliste Sachsen (Bundestag Wahl 2021)","api_url":"https://www.abgeordnetenwatch.de/api/v2/electoral-lists/368"},"list_position":9,"constituency":{"id":10209,"entity_type":"constituency","label":"152 - Leipzig I (Bundestag Wahl 2021)","api_url":"https://www.abgeordnetenwatch.de/api/v2/constituencies/10209"},"constituency_result":15.9,"constituency_result_count":26451},"fraction_membership":{}},{"id":38268,"entity_type":"candidacy_mandate","label":"Christoph Neumann (Bundestag 2017 - 2021)","api_url":"https://www.abgeordnetenwatch.de/api/v2/candidacies-mandates/38268","id_external_administration":"2197","id_external_administration_description":"mdbID - ID der Bundestagsverwaltung","type":"mandate","parliament_period":{"id":111,"entity_type":"parliament_period","label":"Bundestag 2017 - 2021","api_url":"https://www.abgeordnetenwatch.de/api/v2/parliament-periods/111","abgeordnetenwatch_url":"https://www.abgeordnetenwatch.de/bundestag/19"},"politician":{"id":31285,"entity_type":"politician","label":"Christoph Neumann","api_url":"https://www.abgeordnetenwatch.de/api/v2/politicians/31285","abgeordnetenwatch_url":"https://www.abgeordnetenwatch.de/profile/christoph-neumann"},"party":{},"electoral_data":{"id":38268,"entity_type":"electoral_data","label":"Christoph Neumann (Bundestag 2017 - 2021)","electoral_list":{"id":118,"entity_type":"electoral_list","label":"Landesliste Sachsen (Bundestag 2017 - 2021)","api_url":"https://www.abgeordnetenwatch.de/api/v2/electoral-lists/118"},"list_position":11,"constituency":{"id":4276,"entity_type":"constituency","label":"152 - Leipzig I (Bundestag 2017 - 2021)","api_url":"https://www.abgeordnetenwatch.de/api/v2/constituencies/4276"},"constituency_result":20.5,"mandate_won":"list"},"fraction_membership":[{"id":490,"entity_type":"fraction_membership","label":"AfD","fraction":{"id":56,"entity_type":"fraction","label":"AfD (Bundestag 2017 - 2021)","api_url":"https://www.abgeordnetenwatch.de/api/v2/fractions/56"}}]},{"id":2436,"entity_type":"candidacy_mandate","label":"Christoph Neumann (Bundestag Wahl 2017)","api_url":"https://www.abgeordnetenwatch.de/api/v2/candidacies-mandates/2436","type":"candidacy","parliament_period":{"id":50,"entity_type":"parliament_period","label":"Bundestag Wahl 2017","api_url":"https://www.abgeordnetenwatch.de/api/v2/parliament-periods/50","abgeordnetenwatch_url":"https://www.abgeordnetenwatch.de/bundestag/wahl-2017"},"politician":{"id":31285,"entity_type":"politician","label":"Christoph Neumann","api_url":"https://www.abgeordnetenwatch.de/api/v2/politicians/31285","abgeordnetenwatch_url":"https://www.abgeordnetenwatch.de/profile/christoph-neumann"},"party":{"id":9,"entity_type":"party","label":"AfD","api_url":"https://www.abgeordnetenwatch.de/api/v2/parties/9"},"electoral_data":{"id":2436,"entity_type":"electoral_data","label":"Christoph Neumann (Bundestag Wahl 2017)","electoral_list":{"id":277,"entity_type":"electoral_list","label":"Landesliste Sachsen (Bundestag Wahl 2017)","api_url":"https://www.abgeordnetenwatch.de/api/v2/electoral-lists/277"},"list_position":11,"constituency":{"id":9162,"entity_type":"constituency","label":"152 - Leipzig I (Bundestag Wahl 2017)","api_url":"https://www.abgeordnetenwatch.de/api/v2/constituencies/9162"},"constituency_result":20.5,"mandate_won":"list"},"fraction_membership":{}},{"id":2435,"entity_type":"candidacy_mandate","label":"Christoph Neumann (Sachsen Wahl 2014)","api_url":"https://www.abgeordnetenwatch.de/api/v2/candidacies-mandates/2435","type":"candidacy","parliament_period":{"id":39,"entity_type":"parliament_period","label":"Sachsen Wahl 2014","api_url":"https://www.abgeordnetenwatch.de/api/v2/parliament-periods/39","abgeordnetenwatch_url":"https://www.abgeordnetenwatch.de/sachsen/wahl-2014"},"politician":{"id":31285,"entity_type":"politician","label":"Christoph Neumann","api_url":"https://www.abgeordnetenwatch.de/api/v2/politicians/31285","abgeordnetenwatch_url":"https://www.abgeordnetenwatch.de/profile/christoph-neumann"},"party":{"id":9,"entity_type":"party","label":"AfD","api_url":"https://www.abgeordnetenwatch.de/api/v2/parties/9"},"electoral_data":{"id":2435,"entity_type":"electoral_data","label":"Christoph Neumann (Sachsen Wahl 2014)","electoral_list":{},"constituency":{"id":5426,"entity_type":"constituency","label":"30 - Leipzig 4 (Sachsen Wahl 2014)","api_url":"https://www.abgeordnetenwatch.de/api/v2/constituencies/5426"},"constituency_result":6.5},"fraction_membership":{}}]
