[{"id":13471,"entity_type":"committee_membership","label":"Christoph de Vries - 1. Untersuchungsausschuss: Terroranschlag auf dem Breitscheidplatz ","api_url":"https://www.abgeordnetenwatch.de/api/v2/committee-memberships/13471","committee":{"id":3732,"entity_type":"node","label":"1. Untersuchungsausschuss: Terroranschlag auf dem Breitscheidplatz ","api_url":"https://www.abgeordnetenwatch.de/api/v2/committees/3732"},"candidacy_mandate":{"id":38357,"entity_type":"candidacy_mandate","label":"Christoph de Vries (Bundestag 2017 - 2021)","api_url":"https://www.abgeordnetenwatch.de/api/v2/candidacies-mandates/38357"},"committee_role":"alternate_member"},{"id":12679,"entity_type":"committee_membership","label":"Konstantin von Notz - 1. Untersuchungsausschuss: Terroranschlag auf dem Breitscheidplatz ","api_url":"https://www.abgeordnetenwatch.de/api/v2/committee-memberships/12679","committee":{"id":3732,"entity_type":"node","label":"1. Untersuchungsausschuss: Terroranschlag auf dem Breitscheidplatz ","api_url":"https://www.abgeordnetenwatch.de/api/v2/committees/3732"},"candidacy_mandate":{"id":44579,"entity_type":"candidacy_mandate","label":"Konstantin von Notz (Bundestag 2017 - 2021)","api_url":"https://www.abgeordnetenwatch.de/api/v2/candidacies-mandates/44579"},"committee_role":"alternate_member"},{"id":12678,"entity_type":"committee_membership","label":"Niema Movassat - 1. Untersuchungsausschuss: Terroranschlag auf dem Breitscheidplatz ","api_url":"https://www.abgeordnetenwatch.de/api/v2/committee-memberships/12678","committee":{"id":3732,"entity_type":"node","label":"1. Untersuchungsausschuss: Terroranschlag auf dem Breitscheidplatz ","api_url":"https://www.abgeordnetenwatch.de/api/v2/committees/3732"},"candidacy_mandate":{"id":45337,"entity_type":"candidacy_mandate","label":"Niema Movassat (Bundestag 2017 - 2021)","api_url":"https://www.abgeordnetenwatch.de/api/v2/candidacies-mandates/45337"},"committee_role":"alternate_member"},{"id":12676,"entity_type":"committee_membership","label":"Katharina Willkomm - 1. Untersuchungsausschuss: Terroranschlag auf dem Breitscheidplatz ","api_url":"https://www.abgeordnetenwatch.de/api/v2/committee-memberships/12676","committee":{"id":3732,"entity_type":"node","label":"1. Untersuchungsausschuss: Terroranschlag auf dem Breitscheidplatz ","api_url":"https://www.abgeordnetenwatch.de/api/v2/committees/3732"},"candidacy_mandate":{"id":45591,"entity_type":"candidacy_mandate","label":"Katharina Willkomm (Bundestag 2017 - 2021)","api_url":"https://www.abgeordnetenwatch.de/api/v2/candidacies-mandates/45591"},"committee_role":"alternate_member"},{"id":12675,"entity_type":"committee_membership","label":"Thomas Seitz - 1. Untersuchungsausschuss: Terroranschlag auf dem Breitscheidplatz ","api_url":"https://www.abgeordnetenwatch.de/api/v2/committee-memberships/12675","committee":{"id":3732,"entity_type":"node","label":"1. Untersuchungsausschuss: Terroranschlag auf dem Breitscheidplatz ","api_url":"https://www.abgeordnetenwatch.de/api/v2/committees/3732"},"candidacy_mandate":{"id":40147,"entity_type":"candidacy_mandate","label":"Thomas Seitz (Bundestag 2017 - 2021)","api_url":"https://www.abgeordnetenwatch.de/api/v2/candidacies-mandates/40147"},"committee_role":"alternate_member"},{"id":12674,"entity_type":"committee_membership","label":"Helge Lindh - 1. Untersuchungsausschuss: Terroranschlag auf dem Breitscheidplatz ","api_url":"https://www.abgeordnetenwatch.de/api/v2/committee-memberships/12674","committee":{"id":3732,"entity_type":"node","label":"1. Untersuchungsausschuss: Terroranschlag auf dem Breitscheidplatz ","api_url":"https://www.abgeordnetenwatch.de/api/v2/committees/3732"},"candidacy_mandate":{"id":43908,"entity_type":"candidacy_mandate","label":"Helge Lindh (Bundestag 2017 - 2021)","api_url":"https://www.abgeordnetenwatch.de/api/v2/candidacies-mandates/43908"},"committee_role":"alternate_member"},{"id":12673,"entity_type":"committee_membership","label":"Johannes Fechner - 1. Untersuchungsausschuss: Terroranschlag auf dem Breitscheidplatz ","api_url":"https://www.abgeordnetenwatch.de/api/v2/committee-memberships/12673","committee":{"id":3732,"entity_type":"node","label":"1. Untersuchungsausschuss: Terroranschlag auf dem Breitscheidplatz ","api_url":"https://www.abgeordnetenwatch.de/api/v2/committees/3732"},"candidacy_mandate":{"id":45249,"entity_type":"candidacy_mandate","label":"Johannes Fechner (Bundestag 2017 - 2021)","api_url":"https://www.abgeordnetenwatch.de/api/v2/candidacies-mandates/45249"},"committee_role":"alternate_member"},{"id":12672,"entity_type":"committee_membership","label":"Detlef Seif - 1. Untersuchungsausschuss: Terroranschlag auf dem Breitscheidplatz ","api_url":"https://www.abgeordnetenwatch.de/api/v2/committee-memberships/12672","committee":{"id":3732,"entity_type":"node","label":"1. Untersuchungsausschuss: Terroranschlag auf dem Breitscheidplatz ","api_url":"https://www.abgeordnetenwatch.de/api/v2/committees/3732"},"candidacy_mandate":{"id":45403,"entity_type":"candidacy_mandate","label":"Detlef Seif (Bundestag 2017 - 2021)","api_url":"https://www.abgeordnetenwatch.de/api/v2/candidacies-mandates/45403"},"committee_role":"alternate_member"},{"id":12671,"entity_type":"committee_membership","label":"Andrea Lindholz - 1. Untersuchungsausschuss: Terroranschlag auf dem Breitscheidplatz ","api_url":"https://www.abgeordnetenwatch.de/api/v2/committee-memberships/12671","committee":{"id":3732,"entity_type":"node","label":"1. Untersuchungsausschuss: Terroranschlag auf dem Breitscheidplatz ","api_url":"https://www.abgeordnetenwatch.de/api/v2/committees/3732"},"candidacy_mandate":{"id":45322,"entity_type":"candidacy_mandate","label":"Andrea Lindholz (Bundestag 2017 - 2021)","api_url":"https://www.abgeordnetenwatch.de/api/v2/candidacies-mandates/45322"},"committee_role":"alternate_member"},{"id":12670,"entity_type":"committee_membership","label":"Irene Mihalic - 1. Untersuchungsausschuss: Terroranschlag auf dem Breitscheidplatz ","api_url":"https://www.abgeordnetenwatch.de/api/v2/committee-memberships/12670","committee":{"id":3732,"entity_type":"node","label":"1. Untersuchungsausschuss: Terroranschlag auf dem Breitscheidplatz ","api_url":"https://www.abgeordnetenwatch.de/api/v2/committees/3732"},"candidacy_mandate":{"id":45510,"entity_type":"candidacy_mandate","label":"Irene Mihalic (Bundestag 2017 - 2021)","api_url":"https://www.abgeordnetenwatch.de/api/v2/candidacies-mandates/45510"},"committee_role":"foreperson"},{"id":12669,"entity_type":"committee_membership","label":"Martina Renner - 1. Untersuchungsausschuss: Terroranschlag auf dem Breitscheidplatz ","api_url":"https://www.abgeordnetenwatch.de/api/v2/committee-memberships/12669","committee":{"id":3732,"entity_type":"node","label":"1. Untersuchungsausschuss: Terroranschlag auf dem Breitscheidplatz ","api_url":"https://www.abgeordnetenwatch.de/api/v2/committees/3732"},"candidacy_mandate":{"id":45369,"entity_type":"candidacy_mandate","label":"Martina Renner (Bundestag 2017 - 2021)","api_url":"https://www.abgeordnetenwatch.de/api/v2/candidacies-mandates/45369"},"committee_role":"foreperson"},{"id":12668,"entity_type":"committee_membership","label":"Benjamin Strasser - 1. Untersuchungsausschuss: Terroranschlag auf dem Breitscheidplatz ","api_url":"https://www.abgeordnetenwatch.de/api/v2/committee-memberships/12668","committee":{"id":3732,"entity_type":"node","label":"1. Untersuchungsausschuss: Terroranschlag auf dem Breitscheidplatz ","api_url":"https://www.abgeordnetenwatch.de/api/v2/committees/3732"},"candidacy_mandate":{"id":40100,"entity_type":"candidacy_mandate","label":"Benjamin Strasser (Bundestag 2017 - 2021)","api_url":"https://www.abgeordnetenwatch.de/api/v2/candidacies-mandates/40100"},"committee_role":"foreperson"},{"id":12667,"entity_type":"committee_membership","label":"Stefan Keuter - 1. Untersuchungsausschuss: Terroranschlag auf dem Breitscheidplatz ","api_url":"https://www.abgeordnetenwatch.de/api/v2/committee-memberships/12667","committee":{"id":3732,"entity_type":"node","label":"1. Untersuchungsausschuss: Terroranschlag auf dem Breitscheidplatz ","api_url":"https://www.abgeordnetenwatch.de/api/v2/committees/3732"},"candidacy_mandate":{"id":43918,"entity_type":"candidacy_mandate","label":"Stefan Keuter (Bundestag 2017 - 2021)","api_url":"https://www.abgeordnetenwatch.de/api/v2/candidacies-mandates/43918"},"committee_role":"foreperson"},{"id":12666,"entity_type":"committee_membership","label":"Fritz Felgentreu - 1. Untersuchungsausschuss: Terroranschlag auf dem Breitscheidplatz ","api_url":"https://www.abgeordnetenwatch.de/api/v2/committee-memberships/12666","committee":{"id":3732,"entity_type":"node","label":"1. Untersuchungsausschuss: Terroranschlag auf dem Breitscheidplatz ","api_url":"https://www.abgeordnetenwatch.de/api/v2/committees/3732"},"candidacy_mandate":{"id":44511,"entity_type":"candidacy_mandate","label":"Fritz Felgentreu (Bundestag 2017 - 2021)","api_url":"https://www.abgeordnetenwatch.de/api/v2/candidacies-mandates/44511"},"committee_role":"foreperson"},{"id":12665,"entity_type":"committee_membership","label":"Volker Ullrich - 1. Untersuchungsausschuss: Terroranschlag auf dem Breitscheidplatz ","api_url":"https://www.abgeordnetenwatch.de/api/v2/committee-memberships/12665","committee":{"id":3732,"entity_type":"node","label":"1. Untersuchungsausschuss: Terroranschlag auf dem Breitscheidplatz ","api_url":"https://www.abgeordnetenwatch.de/api/v2/committees/3732"},"candidacy_mandate":{"id":45428,"entity_type":"candidacy_mandate","label":"Volker Ullrich (Bundestag 2017 - 2021)","api_url":"https://www.abgeordnetenwatch.de/api/v2/candidacies-mandates/45428"},"committee_role":"foreperson"},{"id":12664,"entity_type":"committee_membership","label":"Alexander Throm - 1. Untersuchungsausschuss: Terroranschlag auf dem Breitscheidplatz ","api_url":"https://www.abgeordnetenwatch.de/api/v2/committee-memberships/12664","committee":{"id":3732,"entity_type":"node","label":"1. Untersuchungsausschuss: Terroranschlag auf dem Breitscheidplatz ","api_url":"https://www.abgeordnetenwatch.de/api/v2/committees/3732"},"candidacy_mandate":{"id":39962,"entity_type":"candidacy_mandate","label":"Alexander Throm (Bundestag 2017 - 2021)","api_url":"https://www.abgeordnetenwatch.de/api/v2/candidacies-mandates/39962"},"committee_role":"member"},{"id":12663,"entity_type":"committee_membership","label":"Mahmut Özdemir - 1. Untersuchungsausschuss: Terroranschlag auf dem Breitscheidplatz ","api_url":"https://www.abgeordnetenwatch.de/api/v2/committee-memberships/12663","committee":{"id":3732,"entity_type":"node","label":"1. Untersuchungsausschuss: Terroranschlag auf dem Breitscheidplatz ","api_url":"https://www.abgeordnetenwatch.de/api/v2/committees/3732"},"candidacy_mandate":{"id":45353,"entity_type":"candidacy_mandate","label":"Mahmut Özdemir (Bundestag 2017 - 2021)","api_url":"https://www.abgeordnetenwatch.de/api/v2/candidacies-mandates/45353"},"committee_role":"vice_chairperson"},{"id":12662,"entity_type":"committee_membership","label":"Klaus-Dieter Gröhler - 1. Untersuchungsausschuss: Terroranschlag auf dem Breitscheidplatz ","api_url":"https://www.abgeordnetenwatch.de/api/v2/committee-memberships/12662","committee":{"id":3732,"entity_type":"node","label":"1. Untersuchungsausschuss: Terroranschlag auf dem Breitscheidplatz ","api_url":"https://www.abgeordnetenwatch.de/api/v2/committees/3732"},"candidacy_mandate":{"id":44522,"entity_type":"candidacy_mandate","label":"Klaus-Dieter Gröhler (Bundestag 2017 - 2021)","api_url":"https://www.abgeordnetenwatch.de/api/v2/candidacies-mandates/44522"},"committee_role":"chairperson"}]
