{"id":[37963],"entity_type":["candidacy_mandate"],"label":["Armin Paul Hampel (Bundestag 2017 - 2021)"],"api_url":["https://www.abgeordnetenwatch.de/api/v2/candidacies-mandates/37963"],"id_external_administration":["2095"],"id_external_administration_description":["mdbID - ID der Bundestagsverwaltung"],"type":["mandate"],"parliament_period":{"id":[111],"entity_type":["parliament_period"],"label":["Bundestag 2017 - 2021"],"api_url":["https://www.abgeordnetenwatch.de/api/v2/parliament-periods/111"],"abgeordnetenwatch_url":["https://www.abgeordnetenwatch.de/bundestag/19"]},"politician":{"id":[29469],"entity_type":["politician"],"label":["Armin Paul Hampel"],"api_url":["https://www.abgeordnetenwatch.de/api/v2/politicians/29469"],"abgeordnetenwatch_url":["https://www.abgeordnetenwatch.de/profile/armin-paul-hampel"]},"start_date":{},"end_date":{},"info":{},"electoral_data":{"id":[37963],"entity_type":["electoral_data"],"label":["Armin Paul Hampel (Bundestag 2017 - 2021)"],"electoral_list":{"id":[114],"entity_type":["electoral_list"],"label":["Landesliste Niedersachsen (Bundestag 2017 - 2021)"],"api_url":["https://www.abgeordnetenwatch.de/api/v2/electoral-lists/114"]},"list_position":[1],"constituency":{"id":[4170],"entity_type":["constituency"],"label":["46 - Hameln-Pyrmont - Holzminden (Bundestag 2017 - 2021)"],"api_url":["https://www.abgeordnetenwatch.de/api/v2/constituencies/4170"]},"constituency_result":[9.5],"constituency_result_count":{},"mandate_won":["list"]},"fraction_membership":[{"id":183,"entity_type":"fraction_membership","label":"AfD","fraction":{"id":56,"entity_type":"fraction","label":"AfD (Bundestag 2017 - 2021)","api_url":"https://www.abgeordnetenwatch.de/api/v2/fractions/56"}}]}
