{"id":[37965],"entity_type":["candidacy_mandate"],"label":["Petr Bystron (Bundestag 2017 - 2021)"],"api_url":["https://www.abgeordnetenwatch.de/api/v2/candidacies-mandates/37965"],"id_external_administration":["2053"],"id_external_administration_description":["mdbID - ID der Bundestagsverwaltung"],"type":["mandate"],"parliament_period":{"id":[111],"entity_type":["parliament_period"],"label":["Bundestag 2017 - 2021"],"api_url":["https://www.abgeordnetenwatch.de/api/v2/parliament-periods/111"],"abgeordnetenwatch_url":["https://www.abgeordnetenwatch.de/bundestag/19"]},"politician":{"id":[29478],"entity_type":["politician"],"label":["Petr Bystron"],"api_url":["https://www.abgeordnetenwatch.de/api/v2/politicians/29478"],"abgeordnetenwatch_url":["https://www.abgeordnetenwatch.de/profile/petr-bystron"]},"start_date":{},"end_date":{},"info":{},"electoral_data":{"id":[37965],"entity_type":["electoral_data"],"label":["Petr Bystron (Bundestag 2017 - 2021)"],"electoral_list":{"id":[107],"entity_type":["electoral_list"],"label":["Landesliste Bayern (Bundestag 2017 - 2021)"],"api_url":["https://www.abgeordnetenwatch.de/api/v2/electoral-lists/107"]},"list_position":[4],"constituency":{"id":[4341],"entity_type":["constituency"],"label":["217 - München-Nord (Bundestag 2017 - 2021)"],"api_url":["https://www.abgeordnetenwatch.de/api/v2/constituencies/4341"]},"constituency_result":[7.6],"constituency_result_count":{},"mandate_won":["list"]},"fraction_membership":[{"id":185,"entity_type":"fraction_membership","label":"AfD","fraction":{"id":56,"entity_type":"fraction","label":"AfD (Bundestag 2017 - 2021)","api_url":"https://www.abgeordnetenwatch.de/api/v2/fractions/56"}}]}
