{"id":[37970],"entity_type":["candidacy_mandate"],"label":["Waldemar Herdt (Bundestag 2017 - 2021)"],"api_url":["https://www.abgeordnetenwatch.de/api/v2/candidacies-mandates/37970"],"id_external_administration":["2107"],"id_external_administration_description":["mdbID - ID der Bundestagsverwaltung"],"type":["mandate"],"parliament_period":{"id":[111],"entity_type":["parliament_period"],"label":["Bundestag 2017 - 2021"],"api_url":["https://www.abgeordnetenwatch.de/api/v2/parliament-periods/111"],"abgeordnetenwatch_url":["https://www.abgeordnetenwatch.de/bundestag/19"]},"politician":{"id":[29654],"entity_type":["politician"],"label":["Waldemar Herdt"],"api_url":["https://www.abgeordnetenwatch.de/api/v2/politicians/29654"],"abgeordnetenwatch_url":["https://www.abgeordnetenwatch.de/profile/waldemar-herdt"]},"start_date":{},"end_date":{},"info":{},"electoral_data":{"id":[37970],"entity_type":["electoral_data"],"label":["Waldemar Herdt (Bundestag 2017 - 2021)"],"electoral_list":{"id":[114],"entity_type":["electoral_list"],"label":["Landesliste Niedersachsen (Bundestag 2017 - 2021)"],"api_url":["https://www.abgeordnetenwatch.de/api/v2/electoral-lists/114"]},"list_position":[7],"constituency":{"id":[4162],"entity_type":["constituency"],"label":["38 - Osnabrück-Land (Bundestag 2017 - 2021)"],"api_url":["https://www.abgeordnetenwatch.de/api/v2/constituencies/4162"]},"constituency_result":[6.6],"constituency_result_count":{},"mandate_won":["list"]},"fraction_membership":[{"id":190,"entity_type":"fraction_membership","label":"AfD","fraction":{"id":56,"entity_type":"fraction","label":"AfD (Bundestag 2017 - 2021)","api_url":"https://www.abgeordnetenwatch.de/api/v2/fractions/56"}}]}
