{"id":[38078],"entity_type":["candidacy_mandate"],"label":["Alexander Krauß (Bundestag 2017 - 2021)"],"api_url":["https://www.abgeordnetenwatch.de/api/v2/candidacies-mandates/38078"],"id_external_administration":["2153"],"id_external_administration_description":["mdbID - ID der Bundestagsverwaltung"],"type":["mandate"],"parliament_period":{"id":[111],"entity_type":["parliament_period"],"label":["Bundestag 2017 - 2021"],"api_url":["https://www.abgeordnetenwatch.de/api/v2/parliament-periods/111"],"abgeordnetenwatch_url":["https://www.abgeordnetenwatch.de/bundestag/19"]},"politician":{"id":[30874],"entity_type":["politician"],"label":["Alexander Krauß"],"api_url":["https://www.abgeordnetenwatch.de/api/v2/politicians/30874"],"abgeordnetenwatch_url":["https://www.abgeordnetenwatch.de/profile/alexander-krauss"]},"start_date":{},"end_date":{},"info":{},"electoral_data":{"id":[38078],"entity_type":["electoral_data"],"label":["Alexander Krauß (Bundestag 2017 - 2021)"],"electoral_list":{},"list_position":[1],"constituency":{"id":[4288],"entity_type":["constituency"],"label":["164 - Erzgebirgskreis I (Bundestag 2017 - 2021)"],"api_url":["https://www.abgeordnetenwatch.de/api/v2/constituencies/4288"]},"constituency_result":[34.7],"constituency_result_count":{},"mandate_won":["constituency"]},"fraction_membership":[{"id":299,"entity_type":"fraction_membership","label":"CDU/CSU","fraction":{"id":81,"entity_type":"fraction","label":"CDU/CSU (Bundestag 2017 - 2021)","api_url":"https://www.abgeordnetenwatch.de/api/v2/fractions/81"}}]}
