{"id":[38357],"entity_type":["candidacy_mandate"],"label":["Christoph de Vries (Bundestag 2017 - 2021)"],"api_url":["https://www.abgeordnetenwatch.de/api/v2/candidacies-mandates/38357"],"id_external_administration":["2273"],"id_external_administration_description":["mdbID - ID der Bundestagsverwaltung"],"type":["mandate"],"parliament_period":{"id":[111],"entity_type":["parliament_period"],"label":["Bundestag 2017 - 2021"],"api_url":["https://www.abgeordnetenwatch.de/api/v2/parliament-periods/111"],"abgeordnetenwatch_url":["https://www.abgeordnetenwatch.de/bundestag/19"]},"politician":{"id":[66002],"entity_type":["politician"],"label":["Christoph de Vries"],"api_url":["https://www.abgeordnetenwatch.de/api/v2/politicians/66002"],"abgeordnetenwatch_url":["https://www.abgeordnetenwatch.de/profile/christoph-de-vries"]},"start_date":{},"end_date":{},"info":{},"electoral_data":{"id":[38357],"entity_type":["electoral_data"],"label":["Christoph de Vries (Bundestag 2017 - 2021)"],"electoral_list":{"id":[111],"entity_type":["electoral_list"],"label":["Landesliste Hamburg (Bundestag 2017 - 2021)"],"api_url":["https://www.abgeordnetenwatch.de/api/v2/electoral-lists/111"]},"list_position":[3],"constituency":{"id":[4142],"entity_type":["constituency"],"label":["18 - Hamburg-Mitte (Bundestag 2017 - 2021)"],"api_url":["https://www.abgeordnetenwatch.de/api/v2/constituencies/4142"]},"constituency_result":[24.2],"constituency_result_count":{},"mandate_won":["list"]},"fraction_membership":[{"id":580,"entity_type":"fraction_membership","label":"CDU/CSU","fraction":{"id":81,"entity_type":"fraction","label":"CDU/CSU (Bundestag 2017 - 2021)","api_url":"https://www.abgeordnetenwatch.de/api/v2/fractions/81"}}]}
