{"id":[38359],"entity_type":["candidacy_mandate"],"label":["Christoph Ploß (Bundestag 2017 - 2021)"],"api_url":["https://www.abgeordnetenwatch.de/api/v2/candidacies-mandates/38359"],"id_external_administration":["2211"],"id_external_administration_description":["mdbID - ID der Bundestagsverwaltung"],"type":["mandate"],"parliament_period":{"id":[111],"entity_type":["parliament_period"],"label":["Bundestag 2017 - 2021"],"api_url":["https://www.abgeordnetenwatch.de/api/v2/parliament-periods/111"],"abgeordnetenwatch_url":["https://www.abgeordnetenwatch.de/bundestag/19"]},"politician":{"id":[66005],"entity_type":["politician"],"label":["Christoph Ploß"],"api_url":["https://www.abgeordnetenwatch.de/api/v2/politicians/66005"],"abgeordnetenwatch_url":["https://www.abgeordnetenwatch.de/profile/christoph-ploss"]},"start_date":{},"end_date":{},"info":{},"electoral_data":{"id":[38359],"entity_type":["electoral_data"],"label":["Christoph Ploß (Bundestag 2017 - 2021)"],"electoral_list":{"id":[111],"entity_type":["electoral_list"],"label":["Landesliste Hamburg (Bundestag 2017 - 2021)"],"api_url":["https://www.abgeordnetenwatch.de/api/v2/electoral-lists/111"]},"list_position":[4],"constituency":{"id":[4145],"entity_type":["constituency"],"label":["21 - Hamburg-Nord (Bundestag 2017 - 2021)"],"api_url":["https://www.abgeordnetenwatch.de/api/v2/constituencies/4145"]},"constituency_result":[33.5],"constituency_result_count":{},"mandate_won":["constituency"]},"fraction_membership":[{"id":582,"entity_type":"fraction_membership","label":"CDU/CSU","fraction":{"id":81,"entity_type":"fraction","label":"CDU/CSU (Bundestag 2017 - 2021)","api_url":"https://www.abgeordnetenwatch.de/api/v2/fractions/81"}}]}
