{"id":[39953],"entity_type":["candidacy_mandate"],"label":["Gökay Akbulut (Bundestag 2017 - 2021)"],"api_url":["https://www.abgeordnetenwatch.de/api/v2/candidacies-mandates/39953"],"id_external_administration":["2019"],"id_external_administration_description":["mdbID - ID der Bundestagsverwaltung"],"type":["mandate"],"parliament_period":{"id":[111],"entity_type":["parliament_period"],"label":["Bundestag 2017 - 2021"],"api_url":["https://www.abgeordnetenwatch.de/api/v2/parliament-periods/111"],"abgeordnetenwatch_url":["https://www.abgeordnetenwatch.de/bundestag/19"]},"politician":{"id":[108563],"entity_type":["politician"],"label":["Gökay Akbulut"],"api_url":["https://www.abgeordnetenwatch.de/api/v2/politicians/108563"],"abgeordnetenwatch_url":["https://www.abgeordnetenwatch.de/profile/goekay-akbulut"]},"start_date":{},"end_date":{},"info":{},"electoral_data":{"id":[39953],"entity_type":["electoral_data"],"label":["Gökay Akbulut (Bundestag 2017 - 2021)"],"electoral_list":{"id":[106],"entity_type":["electoral_list"],"label":["Landesliste Baden-Württemberg (Bundestag 2017 - 2021)"],"api_url":["https://www.abgeordnetenwatch.de/api/v2/electoral-lists/106"]},"list_position":[3],"constituency":{"id":[4399],"entity_type":["constituency"],"label":["275 - Mannheim (Bundestag 2017 - 2021)"],"api_url":["https://www.abgeordnetenwatch.de/api/v2/constituencies/4399"]},"constituency_result":[7.4],"constituency_result_count":{},"mandate_won":["list"]},"fraction_membership":[{"id":2179,"entity_type":"fraction_membership","label":"DIE LINKE","fraction":{"id":41,"entity_type":"fraction","label":"DIE LINKE (Bundestag 2017 - 2021)","api_url":"https://www.abgeordnetenwatch.de/api/v2/fractions/41"}}]}
