{"id":[40066],"entity_type":["candidacy_mandate"],"label":["Marc Bernhard (Bundestag 2017 - 2021)"],"api_url":["https://www.abgeordnetenwatch.de/api/v2/candidacies-mandates/40066"],"id_external_administration":["2032"],"id_external_administration_description":["mdbID - ID der Bundestagsverwaltung"],"type":["mandate"],"parliament_period":{"id":[111],"entity_type":["parliament_period"],"label":["Bundestag 2017 - 2021"],"api_url":["https://www.abgeordnetenwatch.de/api/v2/parliament-periods/111"],"abgeordnetenwatch_url":["https://www.abgeordnetenwatch.de/bundestag/19"]},"politician":{"id":[108754],"entity_type":["politician"],"label":["Marc Bernhard"],"api_url":["https://www.abgeordnetenwatch.de/api/v2/politicians/108754"],"abgeordnetenwatch_url":["https://www.abgeordnetenwatch.de/profile/marc-bernhard"]},"start_date":{},"end_date":{},"info":{},"electoral_data":{"id":[40066],"entity_type":["electoral_data"],"label":["Marc Bernhard (Bundestag 2017 - 2021)"],"electoral_list":{"id":[106],"entity_type":["electoral_list"],"label":["Landesliste Baden-Württemberg (Bundestag 2017 - 2021)"],"api_url":["https://www.abgeordnetenwatch.de/api/v2/electoral-lists/106"]},"list_position":[9],"constituency":{"id":[4395],"entity_type":["constituency"],"label":["271 - Karlsruhe-Stadt (Bundestag 2017 - 2021)"],"api_url":["https://www.abgeordnetenwatch.de/api/v2/constituencies/4395"]},"constituency_result":[10],"constituency_result_count":{},"mandate_won":["list"]},"fraction_membership":[{"id":2292,"entity_type":"fraction_membership","label":"AfD","fraction":{"id":56,"entity_type":"fraction","label":"AfD (Bundestag 2017 - 2021)","api_url":"https://www.abgeordnetenwatch.de/api/v2/fractions/56"}}]}
