{"id":[40100],"entity_type":["candidacy_mandate"],"label":["Benjamin Strasser (Bundestag 2017 - 2021)"],"api_url":["https://www.abgeordnetenwatch.de/api/v2/candidacies-mandates/40100"],"id_external_administration":["2259"],"id_external_administration_description":["mdbID - ID der Bundestagsverwaltung"],"type":["mandate"],"parliament_period":{"id":[111],"entity_type":["parliament_period"],"label":["Bundestag 2017 - 2021"],"api_url":["https://www.abgeordnetenwatch.de/api/v2/parliament-periods/111"],"abgeordnetenwatch_url":["https://www.abgeordnetenwatch.de/bundestag/19"]},"politician":{"id":[108832],"entity_type":["politician"],"label":["Benjamin Strasser"],"api_url":["https://www.abgeordnetenwatch.de/api/v2/politicians/108832"],"abgeordnetenwatch_url":["https://www.abgeordnetenwatch.de/profile/benjamin-strasser"]},"start_date":{},"end_date":{},"info":{},"electoral_data":{"id":[40100],"entity_type":["electoral_data"],"label":["Benjamin Strasser (Bundestag 2017 - 2021)"],"electoral_list":{"id":[106],"entity_type":["electoral_list"],"label":["Landesliste Baden-Württemberg (Bundestag 2017 - 2021)"],"api_url":["https://www.abgeordnetenwatch.de/api/v2/electoral-lists/106"]},"list_position":[8],"constituency":{"id":[4418],"entity_type":["constituency"],"label":["294 - Ravensburg (Bundestag 2017 - 2021)"],"api_url":["https://www.abgeordnetenwatch.de/api/v2/constituencies/4418"]},"constituency_result":[10.1],"constituency_result_count":{},"mandate_won":["list"]},"fraction_membership":[{"id":2326,"entity_type":"fraction_membership","label":"FDP","fraction":{"id":14,"entity_type":"fraction","label":"FDP (Bundestag 2017 - 2021)","api_url":"https://www.abgeordnetenwatch.de/api/v2/fractions/14"}}]}
