{"id":[40338],"entity_type":["candidacy_mandate"],"label":["Canan Bayram (Bundestag 2017 - 2021)"],"api_url":["https://www.abgeordnetenwatch.de/api/v2/candidacies-mandates/40338"],"id_external_administration":["2029"],"id_external_administration_description":["mdbID - ID der Bundestagsverwaltung"],"type":["mandate"],"parliament_period":{"id":[111],"entity_type":["parliament_period"],"label":["Bundestag 2017 - 2021"],"api_url":["https://www.abgeordnetenwatch.de/api/v2/parliament-periods/111"],"abgeordnetenwatch_url":["https://www.abgeordnetenwatch.de/bundestag/19"]},"politician":{"id":[117431],"entity_type":["politician"],"label":["Canan Bayram"],"api_url":["https://www.abgeordnetenwatch.de/api/v2/politicians/117431"],"abgeordnetenwatch_url":["https://www.abgeordnetenwatch.de/profile/canan-bayram"]},"start_date":{},"end_date":{},"info":{},"electoral_data":{"id":[40338],"entity_type":["electoral_data"],"label":["Canan Bayram (Bundestag 2017 - 2021)"],"electoral_list":{},"list_position":[1],"constituency":{"id":[4207],"entity_type":["constituency"],"label":["83 - Berlin-Friedrichshain-Kreuzberg - Prenzlauer Berg Ost (Bundestag 2017 - 2021)"],"api_url":["https://www.abgeordnetenwatch.de/api/v2/constituencies/4207"]},"constituency_result":[26.3],"constituency_result_count":{},"mandate_won":["constituency"]},"fraction_membership":[{"id":2565,"entity_type":"fraction_membership","label":"DIE GRÜNEN","fraction":{"id":153,"entity_type":"fraction","label":"DIE GRÜNEN (Bundestag 2017 - 2021)","api_url":"https://www.abgeordnetenwatch.de/api/v2/fractions/153"}}]}
