{"id":[40509],"entity_type":["candidacy_mandate"],"label":["Pascal Meiser (Bundestag 2017 - 2021)"],"api_url":["https://www.abgeordnetenwatch.de/api/v2/candidacies-mandates/40509"],"id_external_administration":["2177"],"id_external_administration_description":["mdbID - ID der Bundestagsverwaltung"],"type":["mandate"],"parliament_period":{"id":[111],"entity_type":["parliament_period"],"label":["Bundestag 2017 - 2021"],"api_url":["https://www.abgeordnetenwatch.de/api/v2/parliament-periods/111"],"abgeordnetenwatch_url":["https://www.abgeordnetenwatch.de/bundestag/19"]},"politician":{"id":[117904],"entity_type":["politician"],"label":["Pascal Meiser"],"api_url":["https://www.abgeordnetenwatch.de/api/v2/politicians/117904"],"abgeordnetenwatch_url":["https://www.abgeordnetenwatch.de/profile/pascal-meiser"]},"start_date":{},"end_date":{},"info":{},"electoral_data":{"id":[40509],"entity_type":["electoral_data"],"label":["Pascal Meiser (Bundestag 2017 - 2021)"],"electoral_list":{"id":[108],"entity_type":["electoral_list"],"label":["Landesliste Berlin (Bundestag 2017 - 2021)"],"api_url":["https://www.abgeordnetenwatch.de/api/v2/electoral-lists/108"]},"list_position":[4],"constituency":{"id":[4207],"entity_type":["constituency"],"label":["83 - Berlin-Friedrichshain-Kreuzberg - Prenzlauer Berg Ost (Bundestag 2017 - 2021)"],"api_url":["https://www.abgeordnetenwatch.de/api/v2/constituencies/4207"]},"constituency_result":[24.9],"constituency_result_count":{},"mandate_won":["list"]},"fraction_membership":[{"id":2736,"entity_type":"fraction_membership","label":"DIE LINKE","fraction":{"id":41,"entity_type":"fraction","label":"DIE LINKE (Bundestag 2017 - 2021)","api_url":"https://www.abgeordnetenwatch.de/api/v2/fractions/41"}}]}
