{"id":[40621],"entity_type":["candidacy_mandate"],"label":["Florian Toncar (Bundestag 2017 - 2021)"],"api_url":["https://www.abgeordnetenwatch.de/api/v2/candidacies-mandates/40621"],"id_external_administration":["1510"],"id_external_administration_description":["mdbID - ID der Bundestagsverwaltung"],"type":["mandate"],"parliament_period":{"id":[111],"entity_type":["parliament_period"],"label":["Bundestag 2017 - 2021"],"api_url":["https://www.abgeordnetenwatch.de/api/v2/parliament-periods/111"],"abgeordnetenwatch_url":["https://www.abgeordnetenwatch.de/bundestag/19"]},"politician":{"id":[118359],"entity_type":["politician"],"label":["Florian Toncar"],"api_url":["https://www.abgeordnetenwatch.de/api/v2/politicians/118359"],"abgeordnetenwatch_url":["https://www.abgeordnetenwatch.de/profile/florian-toncar"]},"start_date":{},"end_date":{},"info":{},"electoral_data":{"id":[40621],"entity_type":["electoral_data"],"label":["Florian Toncar (Bundestag 2017 - 2021)"],"electoral_list":{"id":[106],"entity_type":["electoral_list"],"label":["Landesliste Baden-Württemberg (Bundestag 2017 - 2021)"],"api_url":["https://www.abgeordnetenwatch.de/api/v2/electoral-lists/106"]},"list_position":[5],"constituency":{"id":[4384],"entity_type":["constituency"],"label":["260 - Böblingen (Bundestag 2017 - 2021)"],"api_url":["https://www.abgeordnetenwatch.de/api/v2/constituencies/4384"]},"constituency_result":[12.8],"constituency_result_count":{},"mandate_won":["list"]},"fraction_membership":[{"id":2848,"entity_type":"fraction_membership","label":"FDP","fraction":{"id":14,"entity_type":"fraction","label":"FDP (Bundestag 2017 - 2021)","api_url":"https://www.abgeordnetenwatch.de/api/v2/fractions/14"}}]}
