{"id":[40754],"entity_type":["candidacy_mandate"],"label":["Hartmut Ebbing (Bundestag 2017 - 2021)"],"api_url":["https://www.abgeordnetenwatch.de/api/v2/candidacies-mandates/40754"],"id_external_administration":["2067"],"id_external_administration_description":["mdbID - ID der Bundestagsverwaltung"],"type":["mandate"],"parliament_period":{"id":[111],"entity_type":["parliament_period"],"label":["Bundestag 2017 - 2021"],"api_url":["https://www.abgeordnetenwatch.de/api/v2/parliament-periods/111"],"abgeordnetenwatch_url":["https://www.abgeordnetenwatch.de/bundestag/19"]},"politician":{"id":[118667],"entity_type":["politician"],"label":["Hartmut Ebbing"],"api_url":["https://www.abgeordnetenwatch.de/api/v2/politicians/118667"],"abgeordnetenwatch_url":["https://www.abgeordnetenwatch.de/profile/hartmut-ebbing"]},"start_date":{},"end_date":{},"info":{},"electoral_data":{"id":[40754],"entity_type":["electoral_data"],"label":["Hartmut Ebbing (Bundestag 2017 - 2021)"],"electoral_list":{"id":[108],"entity_type":["electoral_list"],"label":["Landesliste Berlin (Bundestag 2017 - 2021)"],"api_url":["https://www.abgeordnetenwatch.de/api/v2/electoral-lists/108"]},"list_position":[3],"constituency":{"id":[4203],"entity_type":["constituency"],"label":["79 - Berlin-Steglitz-Zehlendorf (Bundestag 2017 - 2021)"],"api_url":["https://www.abgeordnetenwatch.de/api/v2/constituencies/4203"]},"constituency_result":[9.1],"constituency_result_count":{},"mandate_won":["list"]},"fraction_membership":[{"id":2981,"entity_type":"fraction_membership","label":"FDP","fraction":{"id":14,"entity_type":"fraction","label":"FDP (Bundestag 2017 - 2021)","api_url":"https://www.abgeordnetenwatch.de/api/v2/fractions/14"}}]}
