{"id":[40934],"entity_type":["candidacy_mandate"],"label":["Pascal Kober (Bundestag 2017 - 2021)"],"api_url":["https://www.abgeordnetenwatch.de/api/v2/candidacies-mandates/40934"],"id_external_administration":["1734"],"id_external_administration_description":["mdbID - ID der Bundestagsverwaltung"],"type":["mandate"],"parliament_period":{"id":[111],"entity_type":["parliament_period"],"label":["Bundestag 2017 - 2021"],"api_url":["https://www.abgeordnetenwatch.de/api/v2/parliament-periods/111"],"abgeordnetenwatch_url":["https://www.abgeordnetenwatch.de/bundestag/19"]},"politician":{"id":[119147],"entity_type":["politician"],"label":["Pascal Kober"],"api_url":["https://www.abgeordnetenwatch.de/api/v2/politicians/119147"],"abgeordnetenwatch_url":["https://www.abgeordnetenwatch.de/profile/pascal-kober"]},"start_date":{},"end_date":{},"info":{},"electoral_data":{"id":[40934],"entity_type":["electoral_data"],"label":["Pascal Kober (Bundestag 2017 - 2021)"],"electoral_list":{"id":[106],"entity_type":["electoral_list"],"label":["Landesliste Baden-Württemberg (Bundestag 2017 - 2021)"],"api_url":["https://www.abgeordnetenwatch.de/api/v2/electoral-lists/106"]},"list_position":[4],"constituency":{"id":[4413],"entity_type":["constituency"],"label":["289 - Reutlingen (Bundestag 2017 - 2021)"],"api_url":["https://www.abgeordnetenwatch.de/api/v2/constituencies/4413"]},"constituency_result":[10],"constituency_result_count":{},"mandate_won":["list"]},"fraction_membership":[{"id":3162,"entity_type":"fraction_membership","label":"FDP","fraction":{"id":14,"entity_type":"fraction","label":"FDP (Bundestag 2017 - 2021)","api_url":"https://www.abgeordnetenwatch.de/api/v2/fractions/14"}}]}
