{"id":[40932],"entity_type":["candidacy_mandate"],"label":["Otto Fricke (Bundestag 2017 - 2021)"],"api_url":["https://www.abgeordnetenwatch.de/api/v2/candidacies-mandates/40932"],"id_external_administration":["1195"],"id_external_administration_description":["mdbID - ID der Bundestagsverwaltung"],"type":["mandate"],"parliament_period":{"id":[111],"entity_type":["parliament_period"],"label":["Bundestag 2017 - 2021"],"api_url":["https://www.abgeordnetenwatch.de/api/v2/parliament-periods/111"],"abgeordnetenwatch_url":["https://www.abgeordnetenwatch.de/bundestag/19"]},"politician":{"id":[119145],"entity_type":["politician"],"label":["Otto Fricke"],"api_url":["https://www.abgeordnetenwatch.de/api/v2/politicians/119145"],"abgeordnetenwatch_url":["https://www.abgeordnetenwatch.de/profile/otto-fricke"]},"start_date":{},"end_date":{},"info":{},"electoral_data":{"id":[40932],"entity_type":["electoral_data"],"label":["Otto Fricke (Bundestag 2017 - 2021)"],"electoral_list":{"id":[115],"entity_type":["electoral_list"],"label":["Landesliste Nordrhein-Westfalen (Bundestag 2017 - 2021)"],"api_url":["https://www.abgeordnetenwatch.de/api/v2/electoral-lists/115"]},"list_position":[7],"constituency":{"id":[4234],"entity_type":["constituency"],"label":["110 - Krefeld I - Neuss II (Bundestag 2017 - 2021)"],"api_url":["https://www.abgeordnetenwatch.de/api/v2/constituencies/4234"]},"constituency_result":[11.5],"constituency_result_count":{},"mandate_won":["list"]},"fraction_membership":[{"id":3160,"entity_type":"fraction_membership","label":"FDP","fraction":{"id":14,"entity_type":"fraction","label":"FDP (Bundestag 2017 - 2021)","api_url":"https://www.abgeordnetenwatch.de/api/v2/fractions/14"}}]}
