{"id":[41090],"entity_type":["candidacy_mandate"],"label":["Britta Dassler (Bundestag 2017 - 2021)"],"api_url":["https://www.abgeordnetenwatch.de/api/v2/candidacies-mandates/41090"],"id_external_administration":["2061"],"id_external_administration_description":["mdbID - ID der Bundestagsverwaltung"],"type":["mandate"],"parliament_period":{"id":[111],"entity_type":["parliament_period"],"label":["Bundestag 2017 - 2021"],"api_url":["https://www.abgeordnetenwatch.de/api/v2/parliament-periods/111"],"abgeordnetenwatch_url":["https://www.abgeordnetenwatch.de/bundestag/19"]},"politician":{"id":[119720],"entity_type":["politician"],"label":["Britta Dassler"],"api_url":["https://www.abgeordnetenwatch.de/api/v2/politicians/119720"],"abgeordnetenwatch_url":["https://www.abgeordnetenwatch.de/profile/britta-dassler"]},"start_date":{},"end_date":{},"info":{},"electoral_data":{"id":[41090],"entity_type":["electoral_data"],"label":["Britta Dassler (Bundestag 2017 - 2021)"],"electoral_list":{"id":[107],"entity_type":["electoral_list"],"label":["Landesliste Bayern (Bundestag 2017 - 2021)"],"api_url":["https://www.abgeordnetenwatch.de/api/v2/electoral-lists/107"]},"list_position":[9],"constituency":{"id":[4366],"entity_type":["constituency"],"label":["242 - Erlangen (Bundestag 2017 - 2021)"],"api_url":["https://www.abgeordnetenwatch.de/api/v2/constituencies/4366"]},"constituency_result":[5.9],"constituency_result_count":{},"mandate_won":["list"]},"fraction_membership":[{"id":3318,"entity_type":"fraction_membership","label":"FDP","fraction":{"id":14,"entity_type":"fraction","label":"FDP (Bundestag 2017 - 2021)","api_url":"https://www.abgeordnetenwatch.de/api/v2/fractions/14"}}]}
