{"id":[41099],"entity_type":["candidacy_mandate"],"label":["Daniela Wagner (Bundestag 2017 - 2021)"],"api_url":["https://www.abgeordnetenwatch.de/api/v2/candidacies-mandates/41099"],"id_external_administration":["2275"],"id_external_administration_description":["mdbID - ID der Bundestagsverwaltung"],"type":["mandate"],"parliament_period":{"id":[111],"entity_type":["parliament_period"],"label":["Bundestag 2017 - 2021"],"api_url":["https://www.abgeordnetenwatch.de/api/v2/parliament-periods/111"],"abgeordnetenwatch_url":["https://www.abgeordnetenwatch.de/bundestag/19"]},"politician":{"id":[119788],"entity_type":["politician"],"label":["Daniela Wagner"],"api_url":["https://www.abgeordnetenwatch.de/api/v2/politicians/119788"],"abgeordnetenwatch_url":["https://www.abgeordnetenwatch.de/profile/daniela-wagner"]},"start_date":{},"end_date":{},"info":{},"electoral_data":{"id":[41099],"entity_type":["electoral_data"],"label":["Daniela Wagner (Bundestag 2017 - 2021)"],"electoral_list":{"id":[112],"entity_type":["electoral_list"],"label":["Landesliste Hessen (Bundestag 2017 - 2021)"],"api_url":["https://www.abgeordnetenwatch.de/api/v2/electoral-lists/112"]},"list_position":[1],"constituency":{"id":[4310],"entity_type":["constituency"],"label":["186 - Darmstadt (Bundestag 2017 - 2021)"],"api_url":["https://www.abgeordnetenwatch.de/api/v2/constituencies/4310"]},"constituency_result":[14.2],"constituency_result_count":{},"mandate_won":["list"]},"fraction_membership":[{"id":3327,"entity_type":"fraction_membership","label":"DIE GRÜNEN","fraction":{"id":153,"entity_type":"fraction","label":"DIE GRÜNEN (Bundestag 2017 - 2021)","api_url":"https://www.abgeordnetenwatch.de/api/v2/fractions/153"}}]}
