{"id":[41188],"entity_type":["candidacy_mandate"],"label":["Claudia Müller (Bundestag 2017 - 2021)"],"api_url":["https://www.abgeordnetenwatch.de/api/v2/candidacies-mandates/41188"],"id_external_administration":["2188"],"id_external_administration_description":["mdbID - ID der Bundestagsverwaltung"],"type":["mandate"],"parliament_period":{"id":[111],"entity_type":["parliament_period"],"label":["Bundestag 2017 - 2021"],"api_url":["https://www.abgeordnetenwatch.de/api/v2/parliament-periods/111"],"abgeordnetenwatch_url":["https://www.abgeordnetenwatch.de/bundestag/19"]},"politician":{"id":[121017],"entity_type":["politician"],"label":["Claudia Müller"],"api_url":["https://www.abgeordnetenwatch.de/api/v2/politicians/121017"],"abgeordnetenwatch_url":["https://www.abgeordnetenwatch.de/profile/claudia-mueller"]},"start_date":{},"end_date":{},"info":{},"electoral_data":{"id":[41188],"entity_type":["electoral_data"],"label":["Claudia Müller (Bundestag 2017 - 2021)"],"electoral_list":{"id":[113],"entity_type":["electoral_list"],"label":["Landesliste Mecklenburg-Vorpommern (Bundestag 2017 - 2021)"],"api_url":["https://www.abgeordnetenwatch.de/api/v2/electoral-lists/113"]},"list_position":[1],"constituency":{"id":[4139],"entity_type":["constituency"],"label":["15 - Vorpommern-Rügen - Vorpommern-Greifswald I (Bundestag 2017 - 2021)"],"api_url":["https://www.abgeordnetenwatch.de/api/v2/constituencies/4139"]},"constituency_result":[3],"constituency_result_count":{},"mandate_won":["list"]},"fraction_membership":[{"id":3416,"entity_type":"fraction_membership","label":"DIE GRÜNEN","fraction":{"id":153,"entity_type":"fraction","label":"DIE GRÜNEN (Bundestag 2017 - 2021)","api_url":"https://www.abgeordnetenwatch.de/api/v2/fractions/153"}}]}
