{"id":[41180],"entity_type":["candidacy_mandate"],"label":["Ingrid Remmers (Bundestag 2017 - 2021)"],"api_url":["https://www.abgeordnetenwatch.de/api/v2/candidacies-mandates/41180"],"id_external_administration":["2217"],"id_external_administration_description":["mdbID - ID der Bundestagsverwaltung"],"type":["mandate"],"parliament_period":{"id":[111],"entity_type":["parliament_period"],"label":["Bundestag 2017 - 2021"],"api_url":["https://www.abgeordnetenwatch.de/api/v2/parliament-periods/111"],"abgeordnetenwatch_url":["https://www.abgeordnetenwatch.de/bundestag/19"]},"politician":{"id":[120775],"entity_type":["politician"],"label":["Ingrid Remmers"],"api_url":["https://www.abgeordnetenwatch.de/api/v2/politicians/120775"],"abgeordnetenwatch_url":["https://www.abgeordnetenwatch.de/profile/ingrid-remmers"]},"start_date":{},"end_date":["2021-08-08"],"info":{},"electoral_data":{"id":[41180],"entity_type":["electoral_data"],"label":["Ingrid Remmers (Bundestag 2017 - 2021)"],"electoral_list":{"id":[115],"entity_type":["electoral_list"],"label":["Landesliste Nordrhein-Westfalen (Bundestag 2017 - 2021)"],"api_url":["https://www.abgeordnetenwatch.de/api/v2/electoral-lists/115"]},"list_position":[11],"constituency":{"id":[4247],"entity_type":["constituency"],"label":["123 - Gelsenkirchen (Bundestag 2017 - 2021)"],"api_url":["https://www.abgeordnetenwatch.de/api/v2/constituencies/4247"]},"constituency_result":[6.5],"constituency_result_count":{},"mandate_won":["list"]},"fraction_membership":[{"id":3408,"entity_type":"fraction_membership","label":"DIE LINKE","fraction":{"id":41,"entity_type":"fraction","label":"DIE LINKE (Bundestag 2017 - 2021)","api_url":"https://www.abgeordnetenwatch.de/api/v2/fractions/41"}}]}
