{"id":[41192],"entity_type":["candidacy_mandate"],"label":["Marc Jongen (Bundestag 2017 - 2021)"],"api_url":["https://www.abgeordnetenwatch.de/api/v2/candidacies-mandates/41192"],"id_external_administration":["2129"],"id_external_administration_description":["mdbID - ID der Bundestagsverwaltung"],"type":["mandate"],"parliament_period":{"id":[111],"entity_type":["parliament_period"],"label":["Bundestag 2017 - 2021"],"api_url":["https://www.abgeordnetenwatch.de/api/v2/parliament-periods/111"],"abgeordnetenwatch_url":["https://www.abgeordnetenwatch.de/bundestag/19"]},"politician":{"id":[121142],"entity_type":["politician"],"label":["Marc Jongen"],"api_url":["https://www.abgeordnetenwatch.de/api/v2/politicians/121142"],"abgeordnetenwatch_url":["https://www.abgeordnetenwatch.de/profile/marc-jongen"]},"start_date":{},"end_date":{},"info":{},"electoral_data":{"id":[41192],"entity_type":["electoral_data"],"label":["Marc Jongen (Bundestag 2017 - 2021)"],"electoral_list":{"id":[106],"entity_type":["electoral_list"],"label":["Landesliste Baden-Württemberg (Bundestag 2017 - 2021)"],"api_url":["https://www.abgeordnetenwatch.de/api/v2/electoral-lists/106"]},"list_position":[3],"constituency":{"id":[4390],"entity_type":["constituency"],"label":["266 - Neckar-Zaber (Bundestag 2017 - 2021)"],"api_url":["https://www.abgeordnetenwatch.de/api/v2/constituencies/4390"]},"constituency_result":[12.6],"constituency_result_count":{},"mandate_won":["list"]},"fraction_membership":[{"id":3420,"entity_type":"fraction_membership","label":"AfD","fraction":{"id":56,"entity_type":"fraction","label":"AfD (Bundestag 2017 - 2021)","api_url":"https://www.abgeordnetenwatch.de/api/v2/fractions/56"}}]}
