{"id":[41220],"entity_type":["candidacy_mandate"],"label":["Till Mansmann (Bundestag 2017 - 2021)"],"api_url":["https://www.abgeordnetenwatch.de/api/v2/candidacies-mandates/41220"],"id_external_administration":["2174"],"id_external_administration_description":["mdbID - ID der Bundestagsverwaltung"],"type":["mandate"],"parliament_period":{"id":[111],"entity_type":["parliament_period"],"label":["Bundestag 2017 - 2021"],"api_url":["https://www.abgeordnetenwatch.de/api/v2/parliament-periods/111"],"abgeordnetenwatch_url":["https://www.abgeordnetenwatch.de/bundestag/19"]},"politician":{"id":[122050],"entity_type":["politician"],"label":["Till Mansmann"],"api_url":["https://www.abgeordnetenwatch.de/api/v2/politicians/122050"],"abgeordnetenwatch_url":["https://www.abgeordnetenwatch.de/profile/till-mansmann"]},"start_date":{},"end_date":{},"info":{},"electoral_data":{"id":[41220],"entity_type":["electoral_data"],"label":["Till Mansmann (Bundestag 2017 - 2021)"],"electoral_list":{"id":[112],"entity_type":["electoral_list"],"label":["Landesliste Hessen (Bundestag 2017 - 2021)"],"api_url":["https://www.abgeordnetenwatch.de/api/v2/electoral-lists/112"]},"list_position":[1],"constituency":{"id":[4312],"entity_type":["constituency"],"label":["188 - Bergstraße (Bundestag 2017 - 2021)"],"api_url":["https://www.abgeordnetenwatch.de/api/v2/constituencies/4312"]},"constituency_result":[7.6],"constituency_result_count":{},"mandate_won":["list"]},"fraction_membership":[{"id":3448,"entity_type":"fraction_membership","label":"FDP","fraction":{"id":14,"entity_type":"fraction","label":"FDP (Bundestag 2017 - 2021)","api_url":"https://www.abgeordnetenwatch.de/api/v2/fractions/14"}}]}
