{"id":[42591],"entity_type":["candidacy_mandate"],"label":["Karsten Klein (Bundestag 2017 - 2021)"],"api_url":["https://www.abgeordnetenwatch.de/api/v2/candidacies-mandates/42591"],"id_external_administration":["2141"],"id_external_administration_description":["mdbID - ID der Bundestagsverwaltung"],"type":["mandate"],"parliament_period":{"id":[111],"entity_type":["parliament_period"],"label":["Bundestag 2017 - 2021"],"api_url":["https://www.abgeordnetenwatch.de/api/v2/parliament-periods/111"],"abgeordnetenwatch_url":["https://www.abgeordnetenwatch.de/bundestag/19"]},"politician":{"id":[134049],"entity_type":["politician"],"label":["Karsten Klein"],"api_url":["https://www.abgeordnetenwatch.de/api/v2/politicians/134049"],"abgeordnetenwatch_url":["https://www.abgeordnetenwatch.de/profile/karsten-klein"]},"start_date":{},"end_date":{},"info":{},"electoral_data":{"id":[42591],"entity_type":["electoral_data"],"label":["Karsten Klein (Bundestag 2017 - 2021)"],"electoral_list":{"id":[107],"entity_type":["electoral_list"],"label":["Landesliste Bayern (Bundestag 2017 - 2021)"],"api_url":["https://www.abgeordnetenwatch.de/api/v2/electoral-lists/107"]},"list_position":[2],"constituency":{"id":[4371],"entity_type":["constituency"],"label":["247 - Aschaffenburg (Bundestag 2017 - 2021)"],"api_url":["https://www.abgeordnetenwatch.de/api/v2/constituencies/4371"]},"constituency_result":[8],"constituency_result_count":{},"mandate_won":["list"]},"fraction_membership":[{"id":4823,"entity_type":"fraction_membership","label":"FDP","fraction":{"id":14,"entity_type":"fraction","label":"FDP (Bundestag 2017 - 2021)","api_url":"https://www.abgeordnetenwatch.de/api/v2/fractions/14"}}]}
