{"id":[42833],"entity_type":["candidacy_mandate"],"label":["Nicola Beer (Bundestag 2017 - 2021)"],"api_url":["https://www.abgeordnetenwatch.de/api/v2/candidacies-mandates/42833"],"id_external_administration":["2031"],"id_external_administration_description":["mdbID - ID der Bundestagsverwaltung"],"type":["mandate"],"parliament_period":{"id":[111],"entity_type":["parliament_period"],"label":["Bundestag 2017 - 2021"],"api_url":["https://www.abgeordnetenwatch.de/api/v2/parliament-periods/111"],"abgeordnetenwatch_url":["https://www.abgeordnetenwatch.de/bundestag/19"]},"politician":{"id":[135393],"entity_type":["politician"],"label":["Nicola Beer"],"api_url":["https://www.abgeordnetenwatch.de/api/v2/politicians/135393"],"abgeordnetenwatch_url":["https://www.abgeordnetenwatch.de/profile/nicola-beer"]},"start_date":{},"end_date":["2019-06-30"],"info":{},"electoral_data":{"id":[42833],"entity_type":["electoral_data"],"label":["Nicola Beer (Bundestag 2017 - 2021)"],"electoral_list":{"id":[112],"entity_type":["electoral_list"],"label":["Landesliste Hessen (Bundestag 2017 - 2021)"],"api_url":["https://www.abgeordnetenwatch.de/api/v2/electoral-lists/112"]},"list_position":[1],"constituency":{"id":[4306],"entity_type":["constituency"],"label":["182 - Frankfurt am Main I (Bundestag 2017 - 2021)"],"api_url":["https://www.abgeordnetenwatch.de/api/v2/constituencies/4306"]},"constituency_result":{},"constituency_result_count":{},"mandate_won":["list"]},"fraction_membership":[{"id":5065,"entity_type":"fraction_membership","label":"FDP","fraction":{"id":14,"entity_type":"fraction","label":"FDP (Bundestag 2017 - 2021)","api_url":"https://www.abgeordnetenwatch.de/api/v2/fractions/14"}}]}
