{"id":[43624],"entity_type":["candidacy_mandate"],"label":["Heiko Maas (Bundestag 2017 - 2021)"],"api_url":["https://www.abgeordnetenwatch.de/api/v2/candidacies-mandates/43624"],"id_external_administration":["2168"],"id_external_administration_description":["mdbID - ID der Bundestagsverwaltung"],"type":["mandate"],"parliament_period":{"id":[111],"entity_type":["parliament_period"],"label":["Bundestag 2017 - 2021"],"api_url":["https://www.abgeordnetenwatch.de/api/v2/parliament-periods/111"],"abgeordnetenwatch_url":["https://www.abgeordnetenwatch.de/bundestag/19"]},"politician":{"id":[138233],"entity_type":["politician"],"label":["Heiko Maas"],"api_url":["https://www.abgeordnetenwatch.de/api/v2/politicians/138233"],"abgeordnetenwatch_url":["https://www.abgeordnetenwatch.de/profile/heiko-maas"]},"start_date":{},"end_date":{},"info":{},"electoral_data":{"id":[43624],"entity_type":["electoral_data"],"label":["Heiko Maas (Bundestag 2017 - 2021)"],"electoral_list":{"id":[117],"entity_type":["electoral_list"],"label":["Landesliste Saarland (Bundestag 2017 - 2021)"],"api_url":["https://www.abgeordnetenwatch.de/api/v2/electoral-lists/117"]},"list_position":[1],"constituency":{"id":[4421],"entity_type":["constituency"],"label":["297 - Saarlouis (Bundestag 2017 - 2021)"],"api_url":["https://www.abgeordnetenwatch.de/api/v2/constituencies/4421"]},"constituency_result":[32.1],"constituency_result_count":{},"mandate_won":["list"]},"fraction_membership":[{"id":5857,"entity_type":"fraction_membership","label":"SPD","fraction":{"id":22,"entity_type":"fraction","label":"SPD (Bundestag 2017 - 2021)","api_url":"https://www.abgeordnetenwatch.de/api/v2/fractions/22"}}]}
