{"id":[43821],"entity_type":["candidacy_mandate"],"label":["Ulrich Lechte (Bundestag 2017 - 2021)"],"api_url":["https://www.abgeordnetenwatch.de/api/v2/candidacies-mandates/43821"],"id_external_administration":["2159"],"id_external_administration_description":["mdbID - ID der Bundestagsverwaltung"],"type":["mandate"],"parliament_period":{"id":[111],"entity_type":["parliament_period"],"label":["Bundestag 2017 - 2021"],"api_url":["https://www.abgeordnetenwatch.de/api/v2/parliament-periods/111"],"abgeordnetenwatch_url":["https://www.abgeordnetenwatch.de/bundestag/19"]},"politician":{"id":[142264],"entity_type":["politician"],"label":["Ulrich Lechte"],"api_url":["https://www.abgeordnetenwatch.de/api/v2/politicians/142264"],"abgeordnetenwatch_url":["https://www.abgeordnetenwatch.de/profile/ulrich-lechte"]},"start_date":{},"end_date":{},"info":{},"electoral_data":{"id":[43821],"entity_type":["electoral_data"],"label":["Ulrich Lechte (Bundestag 2017 - 2021)"],"electoral_list":{"id":[107],"entity_type":["electoral_list"],"label":["Landesliste Bayern (Bundestag 2017 - 2021)"],"api_url":["https://www.abgeordnetenwatch.de/api/v2/electoral-lists/107"]},"list_position":[8],"constituency":{"id":[4357],"entity_type":["constituency"],"label":["233 - Regensburg (Bundestag 2017 - 2021)"],"api_url":["https://www.abgeordnetenwatch.de/api/v2/constituencies/4357"]},"constituency_result":[6.2],"constituency_result_count":{},"mandate_won":["list"]},"fraction_membership":[{"id":6054,"entity_type":"fraction_membership","label":"FDP","fraction":{"id":14,"entity_type":"fraction","label":"FDP (Bundestag 2017 - 2021)","api_url":"https://www.abgeordnetenwatch.de/api/v2/fractions/14"}}]}
