{"id":[43829],"entity_type":["candidacy_mandate"],"label":["Jens Maier (Bundestag 2017 - 2021)"],"api_url":["https://www.abgeordnetenwatch.de/api/v2/candidacies-mandates/43829"],"id_external_administration":["2171"],"id_external_administration_description":["mdbID - ID der Bundestagsverwaltung"],"type":["mandate"],"parliament_period":{"id":[111],"entity_type":["parliament_period"],"label":["Bundestag 2017 - 2021"],"api_url":["https://www.abgeordnetenwatch.de/api/v2/parliament-periods/111"],"abgeordnetenwatch_url":["https://www.abgeordnetenwatch.de/bundestag/19"]},"politician":{"id":[145756],"entity_type":["politician"],"label":["Jens Maier"],"api_url":["https://www.abgeordnetenwatch.de/api/v2/politicians/145756"],"abgeordnetenwatch_url":["https://www.abgeordnetenwatch.de/profile/jens-maier"]},"start_date":{},"end_date":{},"info":{},"electoral_data":{"id":[43829],"entity_type":["electoral_data"],"label":["Jens Maier (Bundestag 2017 - 2021)"],"electoral_list":{"id":[118],"entity_type":["electoral_list"],"label":["Landesliste Sachsen (Bundestag 2017 - 2021)"],"api_url":["https://www.abgeordnetenwatch.de/api/v2/electoral-lists/118"]},"list_position":[2],"constituency":{"id":[4283],"entity_type":["constituency"],"label":["159 - Dresden I (Bundestag 2017 - 2021)"],"api_url":["https://www.abgeordnetenwatch.de/api/v2/constituencies/4283"]},"constituency_result":[22.4],"constituency_result_count":{},"mandate_won":["list"]},"fraction_membership":[{"id":6062,"entity_type":"fraction_membership","label":"AfD","fraction":{"id":56,"entity_type":"fraction","label":"AfD (Bundestag 2017 - 2021)","api_url":"https://www.abgeordnetenwatch.de/api/v2/fractions/56"}}]}
