{"id":[43827],"entity_type":["candidacy_mandate"],"label":["Karsten Hilse (Bundestag 2017 - 2021)"],"api_url":["https://www.abgeordnetenwatch.de/api/v2/candidacies-mandates/43827"],"id_external_administration":["2112"],"id_external_administration_description":["mdbID - ID der Bundestagsverwaltung"],"type":["mandate"],"parliament_period":{"id":[111],"entity_type":["parliament_period"],"label":["Bundestag 2017 - 2021"],"api_url":["https://www.abgeordnetenwatch.de/api/v2/parliament-periods/111"],"abgeordnetenwatch_url":["https://www.abgeordnetenwatch.de/bundestag/19"]},"politician":{"id":[145754],"entity_type":["politician"],"label":["Karsten Hilse"],"api_url":["https://www.abgeordnetenwatch.de/api/v2/politicians/145754"],"abgeordnetenwatch_url":["https://www.abgeordnetenwatch.de/profile/karsten-hilse"]},"start_date":{},"end_date":{},"info":{},"electoral_data":{"id":[43827],"entity_type":["electoral_data"],"label":["Karsten Hilse (Bundestag 2017 - 2021)"],"electoral_list":{"id":[118],"entity_type":["electoral_list"],"label":["Landesliste Sachsen (Bundestag 2017 - 2021)"],"api_url":["https://www.abgeordnetenwatch.de/api/v2/electoral-lists/118"]},"list_position":[8],"constituency":{"id":[4280],"entity_type":["constituency"],"label":["156 - Bautzen I (Bundestag 2017 - 2021)"],"api_url":["https://www.abgeordnetenwatch.de/api/v2/constituencies/4280"]},"constituency_result":[33.2],"constituency_result_count":{},"mandate_won":["constituency"]},"fraction_membership":[{"id":6060,"entity_type":"fraction_membership","label":"AfD","fraction":{"id":56,"entity_type":"fraction","label":"AfD (Bundestag 2017 - 2021)","api_url":"https://www.abgeordnetenwatch.de/api/v2/fractions/56"}}]}
