{"id":[43828],"entity_type":["candidacy_mandate"],"label":["Tino Chrupalla (Bundestag 2017 - 2021)"],"api_url":["https://www.abgeordnetenwatch.de/api/v2/candidacies-mandates/43828"],"id_external_administration":["2056"],"id_external_administration_description":["mdbID - ID der Bundestagsverwaltung"],"type":["mandate"],"parliament_period":{"id":[111],"entity_type":["parliament_period"],"label":["Bundestag 2017 - 2021"],"api_url":["https://www.abgeordnetenwatch.de/api/v2/parliament-periods/111"],"abgeordnetenwatch_url":["https://www.abgeordnetenwatch.de/bundestag/19"]},"politician":{"id":[145755],"entity_type":["politician"],"label":["Tino Chrupalla"],"api_url":["https://www.abgeordnetenwatch.de/api/v2/politicians/145755"],"abgeordnetenwatch_url":["https://www.abgeordnetenwatch.de/profile/tino-chrupalla"]},"start_date":{},"end_date":{},"info":{},"electoral_data":{"id":[43828],"entity_type":["electoral_data"],"label":["Tino Chrupalla (Bundestag 2017 - 2021)"],"electoral_list":{"id":[118],"entity_type":["electoral_list"],"label":["Landesliste Sachsen (Bundestag 2017 - 2021)"],"api_url":["https://www.abgeordnetenwatch.de/api/v2/electoral-lists/118"]},"list_position":[5],"constituency":{"id":[4281],"entity_type":["constituency"],"label":["157 - Görlitz (Bundestag 2017 - 2021)"],"api_url":["https://www.abgeordnetenwatch.de/api/v2/constituencies/4281"]},"constituency_result":[32.4],"constituency_result_count":{},"mandate_won":["constituency"]},"fraction_membership":[{"id":6061,"entity_type":"fraction_membership","label":"AfD","fraction":{"id":56,"entity_type":"fraction","label":"AfD (Bundestag 2017 - 2021)","api_url":"https://www.abgeordnetenwatch.de/api/v2/fractions/56"}}]}
