{"id":[43833],"entity_type":["candidacy_mandate"],"label":["Robby Schlund (Bundestag 2017 - 2021)"],"api_url":["https://www.abgeordnetenwatch.de/api/v2/candidacies-mandates/43833"],"id_external_administration":["2229"],"id_external_administration_description":["mdbID - ID der Bundestagsverwaltung"],"type":["mandate"],"parliament_period":{"id":[111],"entity_type":["parliament_period"],"label":["Bundestag 2017 - 2021"],"api_url":["https://www.abgeordnetenwatch.de/api/v2/parliament-periods/111"],"abgeordnetenwatch_url":["https://www.abgeordnetenwatch.de/bundestag/19"]},"politician":{"id":[145787],"entity_type":["politician"],"label":["Robby Schlund"],"api_url":["https://www.abgeordnetenwatch.de/api/v2/politicians/145787"],"abgeordnetenwatch_url":["https://www.abgeordnetenwatch.de/profile/robby-schlund"]},"start_date":{},"end_date":{},"info":{},"electoral_data":{"id":[43833],"entity_type":["electoral_data"],"label":["Robby Schlund (Bundestag 2017 - 2021)"],"electoral_list":{"id":[121],"entity_type":["electoral_list"],"label":["Landesliste Thüringen (Bundestag 2017 - 2021)"],"api_url":["https://www.abgeordnetenwatch.de/api/v2/electoral-lists/121"]},"list_position":[4],"constituency":{"id":[4318],"entity_type":["constituency"],"label":["194 - Gera – Greiz – Altenburger Land (Bundestag 2017 - 2021)"],"api_url":["https://www.abgeordnetenwatch.de/api/v2/constituencies/4318"]},"constituency_result":[27.3],"constituency_result_count":{},"mandate_won":["list"]},"fraction_membership":[{"id":6066,"entity_type":"fraction_membership","label":"AfD","fraction":{"id":56,"entity_type":"fraction","label":"AfD (Bundestag 2017 - 2021)","api_url":"https://www.abgeordnetenwatch.de/api/v2/fractions/56"}}]}
