{"id":[43832],"entity_type":["candidacy_mandate"],"label":["Mariana Harder-Kühnel (Bundestag 2017 - 2021)"],"api_url":["https://www.abgeordnetenwatch.de/api/v2/candidacies-mandates/43832"],"id_external_administration":["2096"],"id_external_administration_description":["mdbID - ID der Bundestagsverwaltung"],"type":["mandate"],"parliament_period":{"id":[111],"entity_type":["parliament_period"],"label":["Bundestag 2017 - 2021"],"api_url":["https://www.abgeordnetenwatch.de/api/v2/parliament-periods/111"],"abgeordnetenwatch_url":["https://www.abgeordnetenwatch.de/bundestag/19"]},"politician":{"id":[145771],"entity_type":["politician"],"label":["Mariana Harder-Kühnel"],"api_url":["https://www.abgeordnetenwatch.de/api/v2/politicians/145771"],"abgeordnetenwatch_url":["https://www.abgeordnetenwatch.de/profile/mariana-harder-kuehnel"]},"start_date":{},"end_date":{},"info":{},"electoral_data":{"id":[43832],"entity_type":["electoral_data"],"label":["Mariana Harder-Kühnel (Bundestag 2017 - 2021)"],"electoral_list":{"id":[112],"entity_type":["electoral_list"],"label":["Landesliste Hessen (Bundestag 2017 - 2021)"],"api_url":["https://www.abgeordnetenwatch.de/api/v2/electoral-lists/112"]},"list_position":[1],"constituency":{"id":[4299],"entity_type":["constituency"],"label":["175 - Main-Kinzig - Wetterau II - Schotten (Bundestag 2017 - 2021)"],"api_url":["https://www.abgeordnetenwatch.de/api/v2/constituencies/4299"]},"constituency_result":[14.8],"constituency_result_count":{},"mandate_won":["list"]},"fraction_membership":[{"id":6065,"entity_type":"fraction_membership","label":"AfD","fraction":{"id":56,"entity_type":"fraction","label":"AfD (Bundestag 2017 - 2021)","api_url":"https://www.abgeordnetenwatch.de/api/v2/fractions/56"}}]}
