{"id":[43834],"entity_type":["candidacy_mandate"],"label":["Andreas Bleck (Bundestag 2017 - 2021)"],"api_url":["https://www.abgeordnetenwatch.de/api/v2/candidacies-mandates/43834"],"id_external_administration":["2037"],"id_external_administration_description":["mdbID - ID der Bundestagsverwaltung"],"type":["mandate"],"parliament_period":{"id":[111],"entity_type":["parliament_period"],"label":["Bundestag 2017 - 2021"],"api_url":["https://www.abgeordnetenwatch.de/api/v2/parliament-periods/111"],"abgeordnetenwatch_url":["https://www.abgeordnetenwatch.de/bundestag/19"]},"politician":{"id":[145789],"entity_type":["politician"],"label":["Andreas Bleck"],"api_url":["https://www.abgeordnetenwatch.de/api/v2/politicians/145789"],"abgeordnetenwatch_url":["https://www.abgeordnetenwatch.de/profile/andreas-bleck"]},"start_date":{},"end_date":{},"info":{},"electoral_data":{"id":[43834],"entity_type":["electoral_data"],"label":["Andreas Bleck (Bundestag 2017 - 2021)"],"electoral_list":{"id":[116],"entity_type":["electoral_list"],"label":["Landesliste Rheinland-Pfalz (Bundestag 2017 - 2021)"],"api_url":["https://www.abgeordnetenwatch.de/api/v2/electoral-lists/116"]},"list_position":[3],"constituency":{"id":[4321],"entity_type":["constituency"],"label":["197 - Neuwied (Bundestag 2017 - 2021)"],"api_url":["https://www.abgeordnetenwatch.de/api/v2/constituencies/4321"]},"constituency_result":[9.5],"constituency_result_count":{},"mandate_won":["list"]},"fraction_membership":[{"id":6067,"entity_type":"fraction_membership","label":"AfD","fraction":{"id":56,"entity_type":"fraction","label":"AfD (Bundestag 2017 - 2021)","api_url":"https://www.abgeordnetenwatch.de/api/v2/fractions/56"}}]}
