{"id":[43842],"entity_type":["candidacy_mandate"],"label":["Jürgen Braun (Bundestag 2017 - 2021)"],"api_url":["https://www.abgeordnetenwatch.de/api/v2/candidacies-mandates/43842"],"id_external_administration":["2043"],"id_external_administration_description":["mdbID - ID der Bundestagsverwaltung"],"type":["mandate"],"parliament_period":{"id":[111],"entity_type":["parliament_period"],"label":["Bundestag 2017 - 2021"],"api_url":["https://www.abgeordnetenwatch.de/api/v2/parliament-periods/111"],"abgeordnetenwatch_url":["https://www.abgeordnetenwatch.de/bundestag/19"]},"politician":{"id":[145839],"entity_type":["politician"],"label":["Jürgen Braun"],"api_url":["https://www.abgeordnetenwatch.de/api/v2/politicians/145839"],"abgeordnetenwatch_url":["https://www.abgeordnetenwatch.de/profile/juergen-braun"]},"start_date":{},"end_date":{},"info":{},"electoral_data":{"id":[43842],"entity_type":["electoral_data"],"label":["Jürgen Braun (Bundestag 2017 - 2021)"],"electoral_list":{"id":[106],"entity_type":["electoral_list"],"label":["Landesliste Baden-Württemberg (Bundestag 2017 - 2021)"],"api_url":["https://www.abgeordnetenwatch.de/api/v2/electoral-lists/106"]},"list_position":[6],"constituency":{"id":[4388],"entity_type":["constituency"],"label":["264 - Waiblingen (Bundestag 2017 - 2021)"],"api_url":["https://www.abgeordnetenwatch.de/api/v2/constituencies/4388"]},"constituency_result":[12.4],"constituency_result_count":{},"mandate_won":["list"]},"fraction_membership":[{"id":6075,"entity_type":"fraction_membership","label":"AfD","fraction":{"id":56,"entity_type":"fraction","label":"AfD (Bundestag 2017 - 2021)","api_url":"https://www.abgeordnetenwatch.de/api/v2/fractions/56"}}]}
