{"id":[43843],"entity_type":["candidacy_mandate"],"label":["Martin Hess (Bundestag 2017 - 2021)"],"api_url":["https://www.abgeordnetenwatch.de/api/v2/candidacies-mandates/43843"],"id_external_administration":["2110"],"id_external_administration_description":["mdbID - ID der Bundestagsverwaltung"],"type":["mandate"],"parliament_period":{"id":[111],"entity_type":["parliament_period"],"label":["Bundestag 2017 - 2021"],"api_url":["https://www.abgeordnetenwatch.de/api/v2/parliament-periods/111"],"abgeordnetenwatch_url":["https://www.abgeordnetenwatch.de/bundestag/19"]},"politician":{"id":[145840],"entity_type":["politician"],"label":["Martin Hess"],"api_url":["https://www.abgeordnetenwatch.de/api/v2/politicians/145840"],"abgeordnetenwatch_url":["https://www.abgeordnetenwatch.de/profile/martin-hess"]},"start_date":{},"end_date":{},"info":{},"electoral_data":{"id":[43843],"entity_type":["electoral_data"],"label":["Martin Hess (Bundestag 2017 - 2021)"],"electoral_list":{"id":[106],"entity_type":["electoral_list"],"label":["Landesliste Baden-Württemberg (Bundestag 2017 - 2021)"],"api_url":["https://www.abgeordnetenwatch.de/api/v2/electoral-lists/106"]},"list_position":[7],"constituency":{"id":[4389],"entity_type":["constituency"],"label":["265 - Ludwigsburg (Bundestag 2017 - 2021)"],"api_url":["https://www.abgeordnetenwatch.de/api/v2/constituencies/4389"]},"constituency_result":[11.6],"constituency_result_count":{},"mandate_won":["list"]},"fraction_membership":[{"id":6076,"entity_type":"fraction_membership","label":"AfD","fraction":{"id":56,"entity_type":"fraction","label":"AfD (Bundestag 2017 - 2021)","api_url":"https://www.abgeordnetenwatch.de/api/v2/fractions/56"}}]}
