{"id":[43845],"entity_type":["candidacy_mandate"],"label":["Claudia Schmidtke (Bundestag 2017 - 2021)"],"api_url":["https://www.abgeordnetenwatch.de/api/v2/candidacies-mandates/43845"],"id_external_administration":["2233"],"id_external_administration_description":["mdbID - ID der Bundestagsverwaltung"],"type":["mandate"],"parliament_period":{"id":[111],"entity_type":["parliament_period"],"label":["Bundestag 2017 - 2021"],"api_url":["https://www.abgeordnetenwatch.de/api/v2/parliament-periods/111"],"abgeordnetenwatch_url":["https://www.abgeordnetenwatch.de/bundestag/19"]},"politician":{"id":[145861],"entity_type":["politician"],"label":["Claudia Schmidtke"],"api_url":["https://www.abgeordnetenwatch.de/api/v2/politicians/145861"],"abgeordnetenwatch_url":["https://www.abgeordnetenwatch.de/profile/claudia-schmidtke"]},"start_date":{},"end_date":{},"info":{},"electoral_data":{"id":[43845],"entity_type":["electoral_data"],"label":["Claudia Schmidtke (Bundestag 2017 - 2021)"],"electoral_list":{"id":[120],"entity_type":["electoral_list"],"label":["Landesliste Schleswig-Holstein (Bundestag 2017 - 2021)"],"api_url":["https://www.abgeordnetenwatch.de/api/v2/electoral-lists/120"]},"list_position":[10],"constituency":{"id":[4135],"entity_type":["constituency"],"label":["11 - Lübeck (Bundestag 2017 - 2021)"],"api_url":["https://www.abgeordnetenwatch.de/api/v2/constituencies/4135"]},"constituency_result":[35.3],"constituency_result_count":{},"mandate_won":["constituency"]},"fraction_membership":[{"id":6078,"entity_type":"fraction_membership","label":"CDU/CSU","fraction":{"id":81,"entity_type":"fraction","label":"CDU/CSU (Bundestag 2017 - 2021)","api_url":"https://www.abgeordnetenwatch.de/api/v2/fractions/81"}}]}
