{"id":[43850],"entity_type":["candidacy_mandate"],"label":["Christoph Bernstiel (Bundestag 2017 - 2021)"],"api_url":["https://www.abgeordnetenwatch.de/api/v2/candidacies-mandates/43850"],"id_external_administration":["2034"],"id_external_administration_description":["mdbID - ID der Bundestagsverwaltung"],"type":["mandate"],"parliament_period":{"id":[111],"entity_type":["parliament_period"],"label":["Bundestag 2017 - 2021"],"api_url":["https://www.abgeordnetenwatch.de/api/v2/parliament-periods/111"],"abgeordnetenwatch_url":["https://www.abgeordnetenwatch.de/bundestag/19"]},"politician":{"id":[145868],"entity_type":["politician"],"label":["Christoph Bernstiel"],"api_url":["https://www.abgeordnetenwatch.de/api/v2/politicians/145868"],"abgeordnetenwatch_url":["https://www.abgeordnetenwatch.de/profile/christoph-bernstiel"]},"start_date":{},"end_date":{},"info":{},"electoral_data":{"id":[43850],"entity_type":["electoral_data"],"label":["Christoph Bernstiel (Bundestag 2017 - 2021)"],"electoral_list":{"id":[119],"entity_type":["electoral_list"],"label":["Landesliste Sachsen-Anhalt (Bundestag 2017 - 2021)"],"api_url":["https://www.abgeordnetenwatch.de/api/v2/electoral-lists/119"]},"list_position":[7],"constituency":{"id":[4196],"entity_type":["constituency"],"label":["72 - Halle (Bundestag 2017 - 2021)"],"api_url":["https://www.abgeordnetenwatch.de/api/v2/constituencies/4196"]},"constituency_result":[27.1],"constituency_result_count":{},"mandate_won":["constituency"]},"fraction_membership":[{"id":6083,"entity_type":"fraction_membership","label":"CDU/CSU","fraction":{"id":81,"entity_type":"fraction","label":"CDU/CSU (Bundestag 2017 - 2021)","api_url":"https://www.abgeordnetenwatch.de/api/v2/fractions/81"}}]}
