{"id":[43856],"entity_type":["candidacy_mandate"],"label":["Hans-Jürgen Thies (Bundestag 2017 - 2021)"],"api_url":["https://www.abgeordnetenwatch.de/api/v2/candidacies-mandates/43856"],"id_external_administration":["2266"],"id_external_administration_description":["mdbID - ID der Bundestagsverwaltung"],"type":["mandate"],"parliament_period":{"id":[111],"entity_type":["parliament_period"],"label":["Bundestag 2017 - 2021"],"api_url":["https://www.abgeordnetenwatch.de/api/v2/parliament-periods/111"],"abgeordnetenwatch_url":["https://www.abgeordnetenwatch.de/bundestag/19"]},"politician":{"id":[145879],"entity_type":["politician"],"label":["Hans-Jürgen Thies"],"api_url":["https://www.abgeordnetenwatch.de/api/v2/politicians/145879"],"abgeordnetenwatch_url":["https://www.abgeordnetenwatch.de/profile/hans-juergen-thies"]},"start_date":{},"end_date":{},"info":{},"electoral_data":{"id":[43856],"entity_type":["electoral_data"],"label":["Hans-Jürgen Thies (Bundestag 2017 - 2021)"],"electoral_list":{"id":[115],"entity_type":["electoral_list"],"label":["Landesliste Nordrhein-Westfalen (Bundestag 2017 - 2021)"],"api_url":["https://www.abgeordnetenwatch.de/api/v2/electoral-lists/115"]},"list_position":[50],"constituency":{"id":[4270],"entity_type":["constituency"],"label":["146 - Soest (Bundestag 2017 - 2021)"],"api_url":["https://www.abgeordnetenwatch.de/api/v2/constituencies/4270"]},"constituency_result":[42.7],"constituency_result_count":{},"mandate_won":["constituency"]},"fraction_membership":[{"id":6089,"entity_type":"fraction_membership","label":"CDU/CSU","fraction":{"id":81,"entity_type":"fraction","label":"CDU/CSU (Bundestag 2017 - 2021)","api_url":"https://www.abgeordnetenwatch.de/api/v2/fractions/81"}}]}
