{"id":[43946],"entity_type":["candidacy_mandate"],"label":["Roman Reusch (Bundestag 2017 - 2021)"],"api_url":["https://www.abgeordnetenwatch.de/api/v2/candidacies-mandates/43946"],"id_external_administration":["2219"],"id_external_administration_description":["mdbID - ID der Bundestagsverwaltung"],"type":["mandate"],"parliament_period":{"id":[111],"entity_type":["parliament_period"],"label":["Bundestag 2017 - 2021"],"api_url":["https://www.abgeordnetenwatch.de/api/v2/parliament-periods/111"],"abgeordnetenwatch_url":["https://www.abgeordnetenwatch.de/bundestag/19"]},"politician":{"id":[150290],"entity_type":["politician"],"label":["Roman Reusch"],"api_url":["https://www.abgeordnetenwatch.de/api/v2/politicians/150290"],"abgeordnetenwatch_url":["https://www.abgeordnetenwatch.de/profile/roman-reusch"]},"start_date":{},"end_date":{},"info":{},"electoral_data":{"id":[43946],"entity_type":["electoral_data"],"label":["Roman Reusch (Bundestag 2017 - 2021)"],"electoral_list":{"id":[109],"entity_type":["electoral_list"],"label":["Landesliste Brandenburg (Bundestag 2017 - 2021)"],"api_url":["https://www.abgeordnetenwatch.de/api/v2/electoral-lists/109"]},"list_position":[2],"constituency":{},"constituency_result":{},"constituency_result_count":{},"mandate_won":["list"]},"fraction_membership":[{"id":6180,"entity_type":"fraction_membership","label":"AfD","fraction":{"id":56,"entity_type":"fraction","label":"AfD (Bundestag 2017 - 2021)","api_url":"https://www.abgeordnetenwatch.de/api/v2/fractions/56"}}]}
