{"id":[43949],"entity_type":["candidacy_mandate"],"label":["Marcus Bühl (Bundestag 2017 - 2021)"],"api_url":["https://www.abgeordnetenwatch.de/api/v2/candidacies-mandates/43949"],"id_external_administration":["2049"],"id_external_administration_description":["mdbID - ID der Bundestagsverwaltung"],"type":["mandate"],"parliament_period":{"id":[111],"entity_type":["parliament_period"],"label":["Bundestag 2017 - 2021"],"api_url":["https://www.abgeordnetenwatch.de/api/v2/parliament-periods/111"],"abgeordnetenwatch_url":["https://www.abgeordnetenwatch.de/bundestag/19"]},"politician":{"id":[150299],"entity_type":["politician"],"label":["Marcus Bühl"],"api_url":["https://www.abgeordnetenwatch.de/api/v2/politicians/150299"],"abgeordnetenwatch_url":["https://www.abgeordnetenwatch.de/profile/marcus-buehl"]},"start_date":{},"end_date":{},"info":{},"electoral_data":{"id":[43949],"entity_type":["electoral_data"],"label":["Marcus Bühl (Bundestag 2017 - 2021)"],"electoral_list":{"id":[121],"entity_type":["electoral_list"],"label":["Landesliste Thüringen (Bundestag 2017 - 2021)"],"api_url":["https://www.abgeordnetenwatch.de/api/v2/electoral-lists/121"]},"list_position":[3],"constituency":{},"constituency_result":{},"constituency_result_count":{},"mandate_won":["list"]},"fraction_membership":[{"id":6183,"entity_type":"fraction_membership","label":"AfD","fraction":{"id":56,"entity_type":"fraction","label":"AfD (Bundestag 2017 - 2021)","api_url":"https://www.abgeordnetenwatch.de/api/v2/fractions/56"}}]}
