{"id":[44066],"entity_type":["candidacy_mandate"],"label":["Hilde Mattheis (Bundestag 2017 - 2021)"],"api_url":["https://www.abgeordnetenwatch.de/api/v2/candidacies-mandates/44066"],"id_external_administration":["1232"],"id_external_administration_description":["mdbID - ID der Bundestagsverwaltung"],"type":["mandate"],"parliament_period":{"id":[111],"entity_type":["parliament_period"],"label":["Bundestag 2017 - 2021"],"api_url":["https://www.abgeordnetenwatch.de/api/v2/parliament-periods/111"],"abgeordnetenwatch_url":["https://www.abgeordnetenwatch.de/bundestag/19"]},"politician":{"id":[78848],"entity_type":["politician"],"label":["Hilde Mattheis"],"api_url":["https://www.abgeordnetenwatch.de/api/v2/politicians/78848"],"abgeordnetenwatch_url":["https://www.abgeordnetenwatch.de/profile/hilde-mattheis"]},"start_date":{},"end_date":{},"info":{},"electoral_data":{"id":[44066],"entity_type":["electoral_data"],"label":["Hilde Mattheis (Bundestag 2017 - 2021)"],"electoral_list":{"id":[106],"entity_type":["electoral_list"],"label":["Landesliste Baden-Württemberg (Bundestag 2017 - 2021)"],"api_url":["https://www.abgeordnetenwatch.de/api/v2/electoral-lists/106"]},"list_position":[5],"constituency":{"id":[4415],"entity_type":["constituency"],"label":["291 - Ulm (Bundestag 2017 - 2021)"],"api_url":["https://www.abgeordnetenwatch.de/api/v2/constituencies/4415"]},"constituency_result":[20.2],"constituency_result_count":{},"mandate_won":["list"]},"fraction_membership":[{"id":6301,"entity_type":"fraction_membership","label":"SPD","fraction":{"id":22,"entity_type":"fraction","label":"SPD (Bundestag 2017 - 2021)","api_url":"https://www.abgeordnetenwatch.de/api/v2/fractions/22"}}]}
