{"id":[44067],"entity_type":["candidacy_mandate"],"label":["Beate Müller-Gemmeke (Bundestag 2017 - 2021)"],"api_url":["https://www.abgeordnetenwatch.de/api/v2/candidacies-mandates/44067"],"id_external_administration":["1556"],"id_external_administration_description":["mdbID - ID der Bundestagsverwaltung"],"type":["mandate"],"parliament_period":{"id":[111],"entity_type":["parliament_period"],"label":["Bundestag 2017 - 2021"],"api_url":["https://www.abgeordnetenwatch.de/api/v2/parliament-periods/111"],"abgeordnetenwatch_url":["https://www.abgeordnetenwatch.de/bundestag/19"]},"politician":{"id":[79117],"entity_type":["politician"],"label":["Beate Müller-Gemmeke"],"api_url":["https://www.abgeordnetenwatch.de/api/v2/politicians/79117"],"abgeordnetenwatch_url":["https://www.abgeordnetenwatch.de/profile/beate-mueller-gemmeke"]},"start_date":{},"end_date":{},"info":{},"electoral_data":{"id":[44067],"entity_type":["electoral_data"],"label":["Beate Müller-Gemmeke (Bundestag 2017 - 2021)"],"electoral_list":{"id":[106],"entity_type":["electoral_list"],"label":["Landesliste Baden-Württemberg (Bundestag 2017 - 2021)"],"api_url":["https://www.abgeordnetenwatch.de/api/v2/electoral-lists/106"]},"list_position":[7],"constituency":{"id":[4413],"entity_type":["constituency"],"label":["289 - Reutlingen (Bundestag 2017 - 2021)"],"api_url":["https://www.abgeordnetenwatch.de/api/v2/constituencies/4413"]},"constituency_result":[14.3],"constituency_result_count":{},"mandate_won":["list"]},"fraction_membership":[{"id":6302,"entity_type":"fraction_membership","label":"DIE GRÜNEN","fraction":{"id":153,"entity_type":"fraction","label":"DIE GRÜNEN (Bundestag 2017 - 2021)","api_url":"https://www.abgeordnetenwatch.de/api/v2/fractions/153"}}]}
