{"id":[44061],"entity_type":["candidacy_mandate"],"label":["Michael Meister (Bundestag 2017 - 2021)"],"api_url":["https://www.abgeordnetenwatch.de/api/v2/candidacies-mandates/44061"],"id_external_administration":["779"],"id_external_administration_description":["mdbID - ID der Bundestagsverwaltung"],"type":["mandate"],"parliament_period":{"id":[111],"entity_type":["parliament_period"],"label":["Bundestag 2017 - 2021"],"api_url":["https://www.abgeordnetenwatch.de/api/v2/parliament-periods/111"],"abgeordnetenwatch_url":["https://www.abgeordnetenwatch.de/bundestag/19"]},"politician":{"id":[79135],"entity_type":["politician"],"label":["Michael Meister"],"api_url":["https://www.abgeordnetenwatch.de/api/v2/politicians/79135"],"abgeordnetenwatch_url":["https://www.abgeordnetenwatch.de/profile/michael-meister"]},"start_date":{},"end_date":{},"info":{},"electoral_data":{"id":[44061],"entity_type":["electoral_data"],"label":["Michael Meister (Bundestag 2017 - 2021)"],"electoral_list":{"id":[112],"entity_type":["electoral_list"],"label":["Landesliste Hessen (Bundestag 2017 - 2021)"],"api_url":["https://www.abgeordnetenwatch.de/api/v2/electoral-lists/112"]},"list_position":[2],"constituency":{"id":[4312],"entity_type":["constituency"],"label":["188 - Bergstraße (Bundestag 2017 - 2021)"],"api_url":["https://www.abgeordnetenwatch.de/api/v2/constituencies/4312"]},"constituency_result":[38.9],"constituency_result_count":{},"mandate_won":["constituency"]},"fraction_membership":[{"id":6296,"entity_type":"fraction_membership","label":"CDU/CSU","fraction":{"id":81,"entity_type":"fraction","label":"CDU/CSU (Bundestag 2017 - 2021)","api_url":"https://www.abgeordnetenwatch.de/api/v2/fractions/81"}}]}
