{"id":[44068],"entity_type":["candidacy_mandate"],"label":["Ulli Nissen (Bundestag 2017 - 2021)"],"api_url":["https://www.abgeordnetenwatch.de/api/v2/candidacies-mandates/44068"],"id_external_administration":["1893"],"id_external_administration_description":["mdbID - ID der Bundestagsverwaltung"],"type":["mandate"],"parliament_period":{"id":[111],"entity_type":["parliament_period"],"label":["Bundestag 2017 - 2021"],"api_url":["https://www.abgeordnetenwatch.de/api/v2/parliament-periods/111"],"abgeordnetenwatch_url":["https://www.abgeordnetenwatch.de/bundestag/19"]},"politician":{"id":[79112],"entity_type":["politician"],"label":["Ulli Nissen"],"api_url":["https://www.abgeordnetenwatch.de/api/v2/politicians/79112"],"abgeordnetenwatch_url":["https://www.abgeordnetenwatch.de/profile/ulli-nissen"]},"start_date":{},"end_date":{},"info":{},"electoral_data":{"id":[44068],"entity_type":["electoral_data"],"label":["Ulli Nissen (Bundestag 2017 - 2021)"],"electoral_list":{"id":[112],"entity_type":["electoral_list"],"label":["Landesliste Hessen (Bundestag 2017 - 2021)"],"api_url":["https://www.abgeordnetenwatch.de/api/v2/electoral-lists/112"]},"list_position":[6],"constituency":{"id":[4307],"entity_type":["constituency"],"label":["183 - Frankfurt am Main II (Bundestag 2017 - 2021)"],"api_url":["https://www.abgeordnetenwatch.de/api/v2/constituencies/4307"]},"constituency_result":[25.9],"constituency_result_count":{},"mandate_won":["list"]},"fraction_membership":[{"id":6303,"entity_type":"fraction_membership","label":"SPD","fraction":{"id":22,"entity_type":"fraction","label":"SPD (Bundestag 2017 - 2021)","api_url":"https://www.abgeordnetenwatch.de/api/v2/fractions/22"}}]}
