{"id":[44069],"entity_type":["candidacy_mandate"],"label":["Ulla Schmidt (Bundestag 2017 - 2021)"],"api_url":["https://www.abgeordnetenwatch.de/api/v2/candidacies-mandates/44069"],"id_external_administration":["487"],"id_external_administration_description":["mdbID - ID der Bundestagsverwaltung"],"type":["mandate"],"parliament_period":{"id":[111],"entity_type":["parliament_period"],"label":["Bundestag 2017 - 2021"],"api_url":["https://www.abgeordnetenwatch.de/api/v2/parliament-periods/111"],"abgeordnetenwatch_url":["https://www.abgeordnetenwatch.de/bundestag/19"]},"politician":{"id":[79013],"entity_type":["politician"],"label":["Ulla Schmidt"],"api_url":["https://www.abgeordnetenwatch.de/api/v2/politicians/79013"],"abgeordnetenwatch_url":["https://www.abgeordnetenwatch.de/profile/ulla-schmidt"]},"start_date":{},"end_date":{},"info":{},"electoral_data":{"id":[44069],"entity_type":["electoral_data"],"label":["Ulla Schmidt (Bundestag 2017 - 2021)"],"electoral_list":{"id":[115],"entity_type":["electoral_list"],"label":["Landesliste Nordrhein-Westfalen (Bundestag 2017 - 2021)"],"api_url":["https://www.abgeordnetenwatch.de/api/v2/electoral-lists/115"]},"list_position":[10],"constituency":{"id":[4211],"entity_type":["constituency"],"label":["87 - Aachen I (Bundestag 2017 - 2021)"],"api_url":["https://www.abgeordnetenwatch.de/api/v2/constituencies/4211"]},"constituency_result":[32.5],"constituency_result_count":{},"mandate_won":["list"]},"fraction_membership":[{"id":6304,"entity_type":"fraction_membership","label":"SPD","fraction":{"id":22,"entity_type":"fraction","label":"SPD (Bundestag 2017 - 2021)","api_url":"https://www.abgeordnetenwatch.de/api/v2/fractions/22"}}]}
