{"id":[44072],"entity_type":["candidacy_mandate"],"label":["Gabi Weber (Bundestag 2017 - 2021)"],"api_url":["https://www.abgeordnetenwatch.de/api/v2/candidacies-mandates/44072"],"id_external_administration":["1969"],"id_external_administration_description":["mdbID - ID der Bundestagsverwaltung"],"type":["mandate"],"parliament_period":{"id":[111],"entity_type":["parliament_period"],"label":["Bundestag 2017 - 2021"],"api_url":["https://www.abgeordnetenwatch.de/api/v2/parliament-periods/111"],"abgeordnetenwatch_url":["https://www.abgeordnetenwatch.de/bundestag/19"]},"politician":{"id":[78927],"entity_type":["politician"],"label":["Gabi Weber"],"api_url":["https://www.abgeordnetenwatch.de/api/v2/politicians/78927"],"abgeordnetenwatch_url":["https://www.abgeordnetenwatch.de/profile/gabi-weber"]},"start_date":{},"end_date":{},"info":{},"electoral_data":{"id":[44072],"entity_type":["electoral_data"],"label":["Gabi Weber (Bundestag 2017 - 2021)"],"electoral_list":{"id":[116],"entity_type":["electoral_list"],"label":["Landesliste Rheinland-Pfalz (Bundestag 2017 - 2021)"],"api_url":["https://www.abgeordnetenwatch.de/api/v2/electoral-lists/116"]},"list_position":[7],"constituency":{"id":[4328],"entity_type":["constituency"],"label":["204 - Montabaur (Bundestag 2017 - 2021)"],"api_url":["https://www.abgeordnetenwatch.de/api/v2/constituencies/4328"]},"constituency_result":[29.8],"constituency_result_count":{},"mandate_won":["list"]},"fraction_membership":[{"id":6307,"entity_type":"fraction_membership","label":"SPD","fraction":{"id":22,"entity_type":"fraction","label":"SPD (Bundestag 2017 - 2021)","api_url":"https://www.abgeordnetenwatch.de/api/v2/fractions/22"}}]}
