{"id":[44096],"entity_type":["candidacy_mandate"],"label":["Kirsten Lühmann (Bundestag 2017 - 2021)"],"api_url":["https://www.abgeordnetenwatch.de/api/v2/candidacies-mandates/44096"],"id_external_administration":["1626"],"id_external_administration_description":["mdbID - ID der Bundestagsverwaltung"],"type":["mandate"],"parliament_period":{"id":[111],"entity_type":["parliament_period"],"label":["Bundestag 2017 - 2021"],"api_url":["https://www.abgeordnetenwatch.de/api/v2/parliament-periods/111"],"abgeordnetenwatch_url":["https://www.abgeordnetenwatch.de/bundestag/19"]},"politician":{"id":[79145],"entity_type":["politician"],"label":["Kirsten Lühmann"],"api_url":["https://www.abgeordnetenwatch.de/api/v2/politicians/79145"],"abgeordnetenwatch_url":["https://www.abgeordnetenwatch.de/profile/kirsten-luehmann"]},"start_date":{},"end_date":{},"info":{},"electoral_data":{"id":[44096],"entity_type":["electoral_data"],"label":["Kirsten Lühmann (Bundestag 2017 - 2021)"],"electoral_list":{"id":[114],"entity_type":["electoral_list"],"label":["Landesliste Niedersachsen (Bundestag 2017 - 2021)"],"api_url":["https://www.abgeordnetenwatch.de/api/v2/electoral-lists/114"]},"list_position":[10],"constituency":{"id":[4168],"entity_type":["constituency"],"label":["44 - Celle - Uelzen (Bundestag 2017 - 2021)"],"api_url":["https://www.abgeordnetenwatch.de/api/v2/constituencies/4168"]},"constituency_result":[30],"constituency_result_count":{},"mandate_won":["list"]},"fraction_membership":[{"id":6333,"entity_type":"fraction_membership","label":"SPD","fraction":{"id":22,"entity_type":"fraction","label":"SPD (Bundestag 2017 - 2021)","api_url":"https://www.abgeordnetenwatch.de/api/v2/fractions/22"}}]}
