{"id":[44097],"entity_type":["candidacy_mandate"],"label":["Helin Evrim Sommer (Bundestag 2017 - 2021)"],"api_url":["https://www.abgeordnetenwatch.de/api/v2/candidacies-mandates/44097"],"id_external_administration":["2248"],"id_external_administration_description":["mdbID - ID der Bundestagsverwaltung"],"type":["mandate"],"parliament_period":{"id":[111],"entity_type":["parliament_period"],"label":["Bundestag 2017 - 2021"],"api_url":["https://www.abgeordnetenwatch.de/api/v2/parliament-periods/111"],"abgeordnetenwatch_url":["https://www.abgeordnetenwatch.de/bundestag/19"]},"politician":{"id":[117465],"entity_type":["politician"],"label":["Helin Evrim Sommer"],"api_url":["https://www.abgeordnetenwatch.de/api/v2/politicians/117465"],"abgeordnetenwatch_url":["https://www.abgeordnetenwatch.de/profile/helin-evrim-sommer"]},"start_date":{},"end_date":{},"info":{},"electoral_data":{"id":[44097],"entity_type":["electoral_data"],"label":["Helin Evrim Sommer (Bundestag 2017 - 2021)"],"electoral_list":{"id":[108],"entity_type":["electoral_list"],"label":["Landesliste Berlin (Bundestag 2017 - 2021)"],"api_url":["https://www.abgeordnetenwatch.de/api/v2/electoral-lists/108"]},"list_position":[5],"constituency":{},"constituency_result":{},"constituency_result_count":{},"mandate_won":["list"]},"fraction_membership":[{"id":6334,"entity_type":"fraction_membership","label":"DIE LINKE","fraction":{"id":41,"entity_type":"fraction","label":"DIE LINKE (Bundestag 2017 - 2021)","api_url":"https://www.abgeordnetenwatch.de/api/v2/fractions/41"}}]}
