{"id":[44473],"entity_type":["candidacy_mandate"],"label":["Peter Altmaier (Bundestag 2017 - 2021)"],"api_url":["https://www.abgeordnetenwatch.de/api/v2/candidacies-mandates/44473"],"id_external_administration":["753"],"id_external_administration_description":["mdbID - ID der Bundestagsverwaltung"],"type":["mandate"],"parliament_period":{"id":[111],"entity_type":["parliament_period"],"label":["Bundestag 2017 - 2021"],"api_url":["https://www.abgeordnetenwatch.de/api/v2/parliament-periods/111"],"abgeordnetenwatch_url":["https://www.abgeordnetenwatch.de/bundestag/19"]},"politician":{"id":[78815],"entity_type":["politician"],"label":["Peter Altmaier"],"api_url":["https://www.abgeordnetenwatch.de/api/v2/politicians/78815"],"abgeordnetenwatch_url":["https://www.abgeordnetenwatch.de/profile/peter-altmaier"]},"start_date":{},"end_date":{},"info":{},"electoral_data":{"id":[44473],"entity_type":["electoral_data"],"label":["Peter Altmaier (Bundestag 2017 - 2021)"],"electoral_list":{"id":[117],"entity_type":["electoral_list"],"label":["Landesliste Saarland (Bundestag 2017 - 2021)"],"api_url":["https://www.abgeordnetenwatch.de/api/v2/electoral-lists/117"]},"list_position":[1],"constituency":{"id":[4421],"entity_type":["constituency"],"label":["297 - Saarlouis (Bundestag 2017 - 2021)"],"api_url":["https://www.abgeordnetenwatch.de/api/v2/constituencies/4421"]},"constituency_result":[38],"constituency_result_count":{},"mandate_won":["constituency"]},"fraction_membership":[{"id":6718,"entity_type":"fraction_membership","label":"CDU/CSU","fraction":{"id":81,"entity_type":"fraction","label":"CDU/CSU (Bundestag 2017 - 2021)","api_url":"https://www.abgeordnetenwatch.de/api/v2/fractions/81"}}]}
