{"id":[44475],"entity_type":["candidacy_mandate"],"label":["Niels Annen (Bundestag 2017 - 2021)"],"api_url":["https://www.abgeordnetenwatch.de/api/v2/candidacies-mandates/44475"],"id_external_administration":["1383"],"id_external_administration_description":["mdbID - ID der Bundestagsverwaltung"],"type":["mandate"],"parliament_period":{"id":[111],"entity_type":["parliament_period"],"label":["Bundestag 2017 - 2021"],"api_url":["https://www.abgeordnetenwatch.de/api/v2/parliament-periods/111"],"abgeordnetenwatch_url":["https://www.abgeordnetenwatch.de/bundestag/19"]},"politician":{"id":[79471],"entity_type":["politician"],"label":["Niels Annen"],"api_url":["https://www.abgeordnetenwatch.de/api/v2/politicians/79471"],"abgeordnetenwatch_url":["https://www.abgeordnetenwatch.de/profile/niels-annen"]},"start_date":{},"end_date":{},"info":{},"electoral_data":{"id":[44475],"entity_type":["electoral_data"],"label":["Niels Annen (Bundestag 2017 - 2021)"],"electoral_list":{"id":[111],"entity_type":["electoral_list"],"label":["Landesliste Hamburg (Bundestag 2017 - 2021)"],"api_url":["https://www.abgeordnetenwatch.de/api/v2/electoral-lists/111"]},"list_position":[4],"constituency":{"id":[4144],"entity_type":["constituency"],"label":["20 - Hamburg-Eimsbüttel (Bundestag 2017 - 2021)"],"api_url":["https://www.abgeordnetenwatch.de/api/v2/constituencies/4144"]},"constituency_result":[31.6],"constituency_result_count":{},"mandate_won":["constituency"]},"fraction_membership":[{"id":6720,"entity_type":"fraction_membership","label":"SPD","fraction":{"id":22,"entity_type":"fraction","label":"SPD (Bundestag 2017 - 2021)","api_url":"https://www.abgeordnetenwatch.de/api/v2/fractions/22"}}]}
