{"id":[44485],"entity_type":["candidacy_mandate"],"label":["Bärbel Bas (Bundestag 2017 - 2021)"],"api_url":["https://www.abgeordnetenwatch.de/api/v2/candidacies-mandates/44485"],"id_external_administration":["1607"],"id_external_administration_description":["mdbID - ID der Bundestagsverwaltung"],"type":["mandate"],"parliament_period":{"id":[111],"entity_type":["parliament_period"],"label":["Bundestag 2017 - 2021"],"api_url":["https://www.abgeordnetenwatch.de/api/v2/parliament-periods/111"],"abgeordnetenwatch_url":["https://www.abgeordnetenwatch.de/bundestag/19"]},"politician":{"id":[79455],"entity_type":["politician"],"label":["Bärbel Bas"],"api_url":["https://www.abgeordnetenwatch.de/api/v2/politicians/79455"],"abgeordnetenwatch_url":["https://www.abgeordnetenwatch.de/profile/baerbel-bas"]},"start_date":{},"end_date":{},"info":{},"electoral_data":{"id":[44485],"entity_type":["electoral_data"],"label":["Bärbel Bas (Bundestag 2017 - 2021)"],"electoral_list":{"id":[115],"entity_type":["electoral_list"],"label":["Landesliste Nordrhein-Westfalen (Bundestag 2017 - 2021)"],"api_url":["https://www.abgeordnetenwatch.de/api/v2/electoral-lists/115"]},"list_position":[32],"constituency":{"id":[4239],"entity_type":["constituency"],"label":["115 - Duisburg I (Bundestag 2017 - 2021)"],"api_url":["https://www.abgeordnetenwatch.de/api/v2/constituencies/4239"]},"constituency_result":[38.3],"constituency_result_count":{},"mandate_won":["constituency"]},"fraction_membership":[{"id":6730,"entity_type":"fraction_membership","label":"SPD","fraction":{"id":22,"entity_type":"fraction","label":"SPD (Bundestag 2017 - 2021)","api_url":"https://www.abgeordnetenwatch.de/api/v2/fractions/22"}}]}
