{"id":[44484],"entity_type":["candidacy_mandate"],"label":["Sören Bartol (Bundestag 2017 - 2021)"],"api_url":["https://www.abgeordnetenwatch.de/api/v2/candidacies-mandates/44484"],"id_external_administration":["1297"],"id_external_administration_description":["mdbID - ID der Bundestagsverwaltung"],"type":["mandate"],"parliament_period":{"id":[111],"entity_type":["parliament_period"],"label":["Bundestag 2017 - 2021"],"api_url":["https://www.abgeordnetenwatch.de/api/v2/parliament-periods/111"],"abgeordnetenwatch_url":["https://www.abgeordnetenwatch.de/bundestag/19"]},"politician":{"id":[78884],"entity_type":["politician"],"label":["Sören Bartol"],"api_url":["https://www.abgeordnetenwatch.de/api/v2/politicians/78884"],"abgeordnetenwatch_url":["https://www.abgeordnetenwatch.de/profile/soeren-bartol"]},"start_date":{},"end_date":{},"info":{},"electoral_data":{"id":[44484],"entity_type":["electoral_data"],"label":["Sören Bartol (Bundestag 2017 - 2021)"],"electoral_list":{"id":[112],"entity_type":["electoral_list"],"label":["Landesliste Hessen (Bundestag 2017 - 2021)"],"api_url":["https://www.abgeordnetenwatch.de/api/v2/electoral-lists/112"]},"list_position":[5],"constituency":{"id":[4295],"entity_type":["constituency"],"label":["171 - Marburg (Bundestag 2017 - 2021)"],"api_url":["https://www.abgeordnetenwatch.de/api/v2/constituencies/4295"]},"constituency_result":[35.7],"constituency_result_count":{},"mandate_won":["constituency"]},"fraction_membership":[{"id":6729,"entity_type":"fraction_membership","label":"SPD","fraction":{"id":22,"entity_type":"fraction","label":"SPD (Bundestag 2017 - 2021)","api_url":"https://www.abgeordnetenwatch.de/api/v2/fractions/22"}}]}
