{"id":[44482],"entity_type":["candidacy_mandate"],"label":["Norbert Barthle (Bundestag 2017 - 2021)"],"api_url":["https://www.abgeordnetenwatch.de/api/v2/candidacies-mandates/44482"],"id_external_administration":["972"],"id_external_administration_description":["mdbID - ID der Bundestagsverwaltung"],"type":["mandate"],"parliament_period":{"id":[111],"entity_type":["parliament_period"],"label":["Bundestag 2017 - 2021"],"api_url":["https://www.abgeordnetenwatch.de/api/v2/parliament-periods/111"],"abgeordnetenwatch_url":["https://www.abgeordnetenwatch.de/bundestag/19"]},"politician":{"id":[79464],"entity_type":["politician"],"label":["Norbert Barthle"],"api_url":["https://www.abgeordnetenwatch.de/api/v2/politicians/79464"],"abgeordnetenwatch_url":["https://www.abgeordnetenwatch.de/profile/norbert-barthle"]},"start_date":{},"end_date":{},"info":{},"electoral_data":{"id":[44482],"entity_type":["electoral_data"],"label":["Norbert Barthle (Bundestag 2017 - 2021)"],"electoral_list":{},"list_position":[1],"constituency":{"id":[4393],"entity_type":["constituency"],"label":["269 - Backnang - Schwäbisch Gmünd (Bundestag 2017 - 2021)"],"api_url":["https://www.abgeordnetenwatch.de/api/v2/constituencies/4393"]},"constituency_result":[41.2],"constituency_result_count":{},"mandate_won":["constituency"]},"fraction_membership":[{"id":6727,"entity_type":"fraction_membership","label":"CDU/CSU","fraction":{"id":81,"entity_type":"fraction","label":"CDU/CSU (Bundestag 2017 - 2021)","api_url":"https://www.abgeordnetenwatch.de/api/v2/fractions/81"}}]}
