{"id":[44483],"entity_type":["candidacy_mandate"],"label":["Matthias Bartke (Bundestag 2017 - 2021)"],"api_url":["https://www.abgeordnetenwatch.de/api/v2/candidacies-mandates/44483"],"id_external_administration":["1778"],"id_external_administration_description":["mdbID - ID der Bundestagsverwaltung"],"type":["mandate"],"parliament_period":{"id":[111],"entity_type":["parliament_period"],"label":["Bundestag 2017 - 2021"],"api_url":["https://www.abgeordnetenwatch.de/api/v2/parliament-periods/111"],"abgeordnetenwatch_url":["https://www.abgeordnetenwatch.de/bundestag/19"]},"politician":{"id":[78885],"entity_type":["politician"],"label":["Matthias Bartke"],"api_url":["https://www.abgeordnetenwatch.de/api/v2/politicians/78885"],"abgeordnetenwatch_url":["https://www.abgeordnetenwatch.de/profile/matthias-bartke"]},"start_date":{},"end_date":{},"info":{},"electoral_data":{"id":[44483],"entity_type":["electoral_data"],"label":["Matthias Bartke (Bundestag 2017 - 2021)"],"electoral_list":{"id":[111],"entity_type":["electoral_list"],"label":["Landesliste Hamburg (Bundestag 2017 - 2021)"],"api_url":["https://www.abgeordnetenwatch.de/api/v2/electoral-lists/111"]},"list_position":[6],"constituency":{"id":[4143],"entity_type":["constituency"],"label":["19 - Hamburg-Altona (Bundestag 2017 - 2021)"],"api_url":["https://www.abgeordnetenwatch.de/api/v2/constituencies/4143"]},"constituency_result":[28.9],"constituency_result_count":{},"mandate_won":["constituency"]},"fraction_membership":[{"id":6728,"entity_type":"fraction_membership","label":"SPD","fraction":{"id":22,"entity_type":"fraction","label":"SPD (Bundestag 2017 - 2021)","api_url":"https://www.abgeordnetenwatch.de/api/v2/fractions/22"}}]}
