{"id":[44498],"entity_type":["candidacy_mandate"],"label":["Heike Brehmer (Bundestag 2017 - 2021)"],"api_url":["https://www.abgeordnetenwatch.de/api/v2/candidacies-mandates/44498"],"id_external_administration":["1619"],"id_external_administration_description":["mdbID - ID der Bundestagsverwaltung"],"type":["mandate"],"parliament_period":{"id":[111],"entity_type":["parliament_period"],"label":["Bundestag 2017 - 2021"],"api_url":["https://www.abgeordnetenwatch.de/api/v2/parliament-periods/111"],"abgeordnetenwatch_url":["https://www.abgeordnetenwatch.de/bundestag/19"]},"politician":{"id":[79433],"entity_type":["politician"],"label":["Heike Brehmer"],"api_url":["https://www.abgeordnetenwatch.de/api/v2/politicians/79433"],"abgeordnetenwatch_url":["https://www.abgeordnetenwatch.de/profile/heike-brehmer"]},"start_date":{},"end_date":{},"info":{},"electoral_data":{"id":[44498],"entity_type":["electoral_data"],"label":["Heike Brehmer (Bundestag 2017 - 2021)"],"electoral_list":{"id":[119],"entity_type":["electoral_list"],"label":["Landesliste Sachsen-Anhalt (Bundestag 2017 - 2021)"],"api_url":["https://www.abgeordnetenwatch.de/api/v2/electoral-lists/119"]},"list_position":[1],"constituency":{"id":[4192],"entity_type":["constituency"],"label":["68 - Harz (Bundestag 2017 - 2021)"],"api_url":["https://www.abgeordnetenwatch.de/api/v2/constituencies/4192"]},"constituency_result":[36.4],"constituency_result_count":{},"mandate_won":["constituency"]},"fraction_membership":[{"id":6743,"entity_type":"fraction_membership","label":"CDU/CSU","fraction":{"id":81,"entity_type":"fraction","label":"CDU/CSU (Bundestag 2017 - 2021)","api_url":"https://www.abgeordnetenwatch.de/api/v2/fractions/81"}}]}
