{"id":[44497],"entity_type":["candidacy_mandate"],"label":["Helge Braun (Bundestag 2017 - 2021)"],"api_url":["https://www.abgeordnetenwatch.de/api/v2/candidacies-mandates/44497"],"id_external_administration":["1175"],"id_external_administration_description":["mdbID - ID der Bundestagsverwaltung"],"type":["mandate"],"parliament_period":{"id":[111],"entity_type":["parliament_period"],"label":["Bundestag 2017 - 2021"],"api_url":["https://www.abgeordnetenwatch.de/api/v2/parliament-periods/111"],"abgeordnetenwatch_url":["https://www.abgeordnetenwatch.de/bundestag/19"]},"politician":{"id":[79432],"entity_type":["politician"],"label":["Helge Braun"],"api_url":["https://www.abgeordnetenwatch.de/api/v2/politicians/79432"],"abgeordnetenwatch_url":["https://www.abgeordnetenwatch.de/profile/helge-braun"]},"start_date":{},"end_date":{},"info":{},"electoral_data":{"id":[44497],"entity_type":["electoral_data"],"label":["Helge Braun (Bundestag 2017 - 2021)"],"electoral_list":{"id":[112],"entity_type":["electoral_list"],"label":["Landesliste Hessen (Bundestag 2017 - 2021)"],"api_url":["https://www.abgeordnetenwatch.de/api/v2/electoral-lists/112"]},"list_position":[1],"constituency":{"id":[4297],"entity_type":["constituency"],"label":["173 - Gießen (Bundestag 2017 - 2021)"],"api_url":["https://www.abgeordnetenwatch.de/api/v2/constituencies/4297"]},"constituency_result":[35.1],"constituency_result_count":{},"mandate_won":["constituency"]},"fraction_membership":[{"id":6742,"entity_type":"fraction_membership","label":"CDU/CSU","fraction":{"id":81,"entity_type":"fraction","label":"CDU/CSU (Bundestag 2017 - 2021)","api_url":"https://www.abgeordnetenwatch.de/api/v2/fractions/81"}}]}
