{"id":[44499],"entity_type":["candidacy_mandate"],"label":["Christine Buchholz (Bundestag 2017 - 2021)"],"api_url":["https://www.abgeordnetenwatch.de/api/v2/candidacies-mandates/44499"],"id_external_administration":["1660"],"id_external_administration_description":["mdbID - ID der Bundestagsverwaltung"],"type":["mandate"],"parliament_period":{"id":[111],"entity_type":["parliament_period"],"label":["Bundestag 2017 - 2021"],"api_url":["https://www.abgeordnetenwatch.de/api/v2/parliament-periods/111"],"abgeordnetenwatch_url":["https://www.abgeordnetenwatch.de/bundestag/19"]},"politician":{"id":[78879],"entity_type":["politician"],"label":["Christine Buchholz"],"api_url":["https://www.abgeordnetenwatch.de/api/v2/politicians/78879"],"abgeordnetenwatch_url":["https://www.abgeordnetenwatch.de/profile/christine-buchholz"]},"start_date":{},"end_date":{},"info":{},"electoral_data":{"id":[44499],"entity_type":["electoral_data"],"label":["Christine Buchholz (Bundestag 2017 - 2021)"],"electoral_list":{"id":[112],"entity_type":["electoral_list"],"label":["Landesliste Hessen (Bundestag 2017 - 2021)"],"api_url":["https://www.abgeordnetenwatch.de/api/v2/electoral-lists/112"]},"list_position":[3],"constituency":{"id":[4309],"entity_type":["constituency"],"label":["185 - Offenbach (Bundestag 2017 - 2021)"],"api_url":["https://www.abgeordnetenwatch.de/api/v2/constituencies/4309"]},"constituency_result":[7.7],"constituency_result_count":{},"mandate_won":["list"]},"fraction_membership":[{"id":6744,"entity_type":"fraction_membership","label":"DIE LINKE","fraction":{"id":41,"entity_type":"fraction","label":"DIE LINKE (Bundestag 2017 - 2021)","api_url":"https://www.abgeordnetenwatch.de/api/v2/fractions/41"}}]}
