{"id":[44496],"entity_type":["candidacy_mandate"],"label":["Franziska Brantner (Bundestag 2017 - 2021)"],"api_url":["https://www.abgeordnetenwatch.de/api/v2/candidacies-mandates/44496"],"id_external_administration":["1785"],"id_external_administration_description":["mdbID - ID der Bundestagsverwaltung"],"type":["mandate"],"parliament_period":{"id":[111],"entity_type":["parliament_period"],"label":["Bundestag 2017 - 2021"],"api_url":["https://www.abgeordnetenwatch.de/api/v2/parliament-periods/111"],"abgeordnetenwatch_url":["https://www.abgeordnetenwatch.de/bundestag/19"]},"politician":{"id":[79429],"entity_type":["politician"],"label":["Franziska Brantner"],"api_url":["https://www.abgeordnetenwatch.de/api/v2/politicians/79429"],"abgeordnetenwatch_url":["https://www.abgeordnetenwatch.de/profile/franziska-brantner"]},"start_date":{},"end_date":{},"info":{},"electoral_data":{"id":[44496],"entity_type":["electoral_data"],"label":["Franziska Brantner (Bundestag 2017 - 2021)"],"electoral_list":{"id":[106],"entity_type":["electoral_list"],"label":["Landesliste Baden-Württemberg (Bundestag 2017 - 2021)"],"api_url":["https://www.abgeordnetenwatch.de/api/v2/electoral-lists/106"]},"list_position":[9],"constituency":{"id":[4398],"entity_type":["constituency"],"label":["274 - Heidelberg (Bundestag 2017 - 2021)"],"api_url":["https://www.abgeordnetenwatch.de/api/v2/constituencies/4398"]},"constituency_result":[16.7],"constituency_result_count":{},"mandate_won":["list"]},"fraction_membership":[{"id":6741,"entity_type":"fraction_membership","label":"DIE GRÜNEN","fraction":{"id":153,"entity_type":"fraction","label":"DIE GRÜNEN (Bundestag 2017 - 2021)","api_url":"https://www.abgeordnetenwatch.de/api/v2/fractions/153"}}]}
