{"id":[44491],"entity_type":["candidacy_mandate"],"label":["Lothar Binding (Bundestag 2017 - 2021)"],"api_url":["https://www.abgeordnetenwatch.de/api/v2/candidacies-mandates/44491"],"id_external_administration":["978"],"id_external_administration_description":["mdbID - ID der Bundestagsverwaltung"],"type":["mandate"],"parliament_period":{"id":[111],"entity_type":["parliament_period"],"label":["Bundestag 2017 - 2021"],"api_url":["https://www.abgeordnetenwatch.de/api/v2/parliament-periods/111"],"abgeordnetenwatch_url":["https://www.abgeordnetenwatch.de/bundestag/19"]},"politician":{"id":[79443],"entity_type":["politician"],"label":["Lothar Binding"],"api_url":["https://www.abgeordnetenwatch.de/api/v2/politicians/79443"],"abgeordnetenwatch_url":["https://www.abgeordnetenwatch.de/profile/lothar-binding"]},"start_date":{},"end_date":{},"info":{},"electoral_data":{"id":[44491],"entity_type":["electoral_data"],"label":["Lothar Binding (Bundestag 2017 - 2021)"],"electoral_list":{"id":[106],"entity_type":["electoral_list"],"label":["Landesliste Baden-Württemberg (Bundestag 2017 - 2021)"],"api_url":["https://www.abgeordnetenwatch.de/api/v2/electoral-lists/106"]},"list_position":[4],"constituency":{"id":[4398],"entity_type":["constituency"],"label":["274 - Heidelberg (Bundestag 2017 - 2021)"],"api_url":["https://www.abgeordnetenwatch.de/api/v2/constituencies/4398"]},"constituency_result":[26],"constituency_result_count":{},"mandate_won":["list"]},"fraction_membership":[{"id":6736,"entity_type":"fraction_membership","label":"SPD","fraction":{"id":22,"entity_type":"fraction","label":"SPD (Bundestag 2017 - 2021)","api_url":"https://www.abgeordnetenwatch.de/api/v2/fractions/22"}}]}
