{"id":[44490],"entity_type":["candidacy_mandate"],"label":["Steffen Bilger (Bundestag 2017 - 2021)"],"api_url":["https://www.abgeordnetenwatch.de/api/v2/candidacies-mandates/44490"],"id_external_administration":["1566"],"id_external_administration_description":["mdbID - ID der Bundestagsverwaltung"],"type":["mandate"],"parliament_period":{"id":[111],"entity_type":["parliament_period"],"label":["Bundestag 2017 - 2021"],"api_url":["https://www.abgeordnetenwatch.de/api/v2/parliament-periods/111"],"abgeordnetenwatch_url":["https://www.abgeordnetenwatch.de/bundestag/19"]},"politician":{"id":[79444],"entity_type":["politician"],"label":["Steffen Bilger"],"api_url":["https://www.abgeordnetenwatch.de/api/v2/politicians/79444"],"abgeordnetenwatch_url":["https://www.abgeordnetenwatch.de/profile/steffen-bilger"]},"start_date":{},"end_date":{},"info":{},"electoral_data":{"id":[44490],"entity_type":["electoral_data"],"label":["Steffen Bilger (Bundestag 2017 - 2021)"],"electoral_list":{"id":[106],"entity_type":["electoral_list"],"label":["Landesliste Baden-Württemberg (Bundestag 2017 - 2021)"],"api_url":["https://www.abgeordnetenwatch.de/api/v2/electoral-lists/106"]},"list_position":[6],"constituency":{"id":[4389],"entity_type":["constituency"],"label":["265 - Ludwigsburg (Bundestag 2017 - 2021)"],"api_url":["https://www.abgeordnetenwatch.de/api/v2/constituencies/4389"]},"constituency_result":[38.3],"constituency_result_count":{},"mandate_won":["constituency"]},"fraction_membership":[{"id":6735,"entity_type":"fraction_membership","label":"CDU/CSU","fraction":{"id":81,"entity_type":"fraction","label":"CDU/CSU (Bundestag 2017 - 2021)","api_url":"https://www.abgeordnetenwatch.de/api/v2/fractions/81"}}]}
