{"id":[44501],"entity_type":["candidacy_mandate"],"label":["Sevim Dağdelen (Bundestag 2017 - 2021)"],"api_url":["https://www.abgeordnetenwatch.de/api/v2/candidacies-mandates/44501"],"id_external_administration":["1398"],"id_external_administration_description":["mdbID - ID der Bundestagsverwaltung"],"type":["mandate"],"parliament_period":{"id":[111],"entity_type":["parliament_period"],"label":["Bundestag 2017 - 2021"],"api_url":["https://www.abgeordnetenwatch.de/api/v2/parliament-periods/111"],"abgeordnetenwatch_url":["https://www.abgeordnetenwatch.de/bundestag/19"]},"politician":{"id":[79420],"entity_type":["politician"],"label":["Sevim Dağdelen"],"api_url":["https://www.abgeordnetenwatch.de/api/v2/politicians/79420"],"abgeordnetenwatch_url":["https://www.abgeordnetenwatch.de/profile/sevim-dagdelen"]},"start_date":{},"end_date":{},"info":{},"electoral_data":{"id":[44501],"entity_type":["electoral_data"],"label":["Sevim Dağdelen (Bundestag 2017 - 2021)"],"electoral_list":{"id":[115],"entity_type":["electoral_list"],"label":["Landesliste Nordrhein-Westfalen (Bundestag 2017 - 2021)"],"api_url":["https://www.abgeordnetenwatch.de/api/v2/electoral-lists/115"]},"list_position":[3],"constituency":{"id":[4264],"entity_type":["constituency"],"label":["140 - Bochum I (Bundestag 2017 - 2021)"],"api_url":["https://www.abgeordnetenwatch.de/api/v2/constituencies/4264"]},"constituency_result":[10],"constituency_result_count":{},"mandate_won":["list"]},"fraction_membership":[{"id":6746,"entity_type":"fraction_membership","label":"DIE LINKE","fraction":{"id":41,"entity_type":"fraction","label":"DIE LINKE (Bundestag 2017 - 2021)","api_url":"https://www.abgeordnetenwatch.de/api/v2/fractions/41"}}]}
