{"id":[44508],"entity_type":["candidacy_mandate"],"label":["Michael Donth (Bundestag 2017 - 2021)"],"api_url":["https://www.abgeordnetenwatch.de/api/v2/candidacies-mandates/44508"],"id_external_administration":["1792"],"id_external_administration_description":["mdbID - ID der Bundestagsverwaltung"],"type":["mandate"],"parliament_period":{"id":[111],"entity_type":["parliament_period"],"label":["Bundestag 2017 - 2021"],"api_url":["https://www.abgeordnetenwatch.de/api/v2/parliament-periods/111"],"abgeordnetenwatch_url":["https://www.abgeordnetenwatch.de/bundestag/19"]},"politician":{"id":[79397],"entity_type":["politician"],"label":["Michael Donth"],"api_url":["https://www.abgeordnetenwatch.de/api/v2/politicians/79397"],"abgeordnetenwatch_url":["https://www.abgeordnetenwatch.de/profile/michael-donth"]},"start_date":{},"end_date":{},"info":{},"electoral_data":{"id":[44508],"entity_type":["electoral_data"],"label":["Michael Donth (Bundestag 2017 - 2021)"],"electoral_list":{},"list_position":[1],"constituency":{"id":[4413],"entity_type":["constituency"],"label":["289 - Reutlingen (Bundestag 2017 - 2021)"],"api_url":["https://www.abgeordnetenwatch.de/api/v2/constituencies/4413"]},"constituency_result":[40.8],"constituency_result_count":{},"mandate_won":["constituency"]},"fraction_membership":[{"id":6753,"entity_type":"fraction_membership","label":"CDU/CSU","fraction":{"id":81,"entity_type":"fraction","label":"CDU/CSU (Bundestag 2017 - 2021)","api_url":"https://www.abgeordnetenwatch.de/api/v2/fractions/81"}}]}
