{"id":[44509],"entity_type":["candidacy_mandate"],"label":["Katja Dörner (Bundestag 2017 - 2021)"],"api_url":["https://www.abgeordnetenwatch.de/api/v2/candidacies-mandates/44509"],"id_external_administration":["1664"],"id_external_administration_description":["mdbID aus der info-xml-Datei der Bundestagsverwaltung"],"type":["mandate"],"parliament_period":{"id":[111],"entity_type":["parliament_period"],"label":["Bundestag 2017 - 2021"],"api_url":["https://www.abgeordnetenwatch.de/api/v2/parliament-periods/111"],"abgeordnetenwatch_url":["https://www.abgeordnetenwatch.de/bundestag/19"]},"politician":{"id":[79400],"entity_type":["politician"],"label":["Katja Dörner"],"api_url":["https://www.abgeordnetenwatch.de/api/v2/politicians/79400"],"abgeordnetenwatch_url":["https://www.abgeordnetenwatch.de/profile/katja-doerner"]},"start_date":{},"end_date":["2020-10-31"],"info":{},"electoral_data":{"id":[44509],"entity_type":["electoral_data"],"label":["Katja Dörner (Bundestag 2017 - 2021)"],"electoral_list":{"id":[115],"entity_type":["electoral_list"],"label":["Landesliste Nordrhein-Westfalen (Bundestag 2017 - 2021)"],"api_url":["https://www.abgeordnetenwatch.de/api/v2/electoral-lists/115"]},"list_position":[3],"constituency":{"id":[4220],"entity_type":["constituency"],"label":["96 - Bonn (Bundestag 2017 - 2021)"],"api_url":["https://www.abgeordnetenwatch.de/api/v2/constituencies/4220"]},"constituency_result":[8.4],"constituency_result_count":{},"mandate_won":["list"]},"fraction_membership":[{"id":6754,"entity_type":"fraction_membership","label":"DIE GRÜNEN","fraction":{"id":153,"entity_type":"fraction","label":"DIE GRÜNEN (Bundestag 2017 - 2021)","api_url":"https://www.abgeordnetenwatch.de/api/v2/fractions/153"}}]}
