{"id":[44500],"entity_type":["candidacy_mandate"],"label":["Gitta Connemann (Bundestag 2017 - 2021)"],"api_url":["https://www.abgeordnetenwatch.de/api/v2/candidacies-mandates/44500"],"id_external_administration":["1264"],"id_external_administration_description":["mdbID - ID der Bundestagsverwaltung"],"type":["mandate"],"parliament_period":{"id":[111],"entity_type":["parliament_period"],"label":["Bundestag 2017 - 2021"],"api_url":["https://www.abgeordnetenwatch.de/api/v2/parliament-periods/111"],"abgeordnetenwatch_url":["https://www.abgeordnetenwatch.de/bundestag/19"]},"politician":{"id":[79418],"entity_type":["politician"],"label":["Gitta Connemann"],"api_url":["https://www.abgeordnetenwatch.de/api/v2/politicians/79418"],"abgeordnetenwatch_url":["https://www.abgeordnetenwatch.de/profile/gitta-connemann"]},"start_date":{},"end_date":{},"info":{},"electoral_data":{"id":[44500],"entity_type":["electoral_data"],"label":["Gitta Connemann (Bundestag 2017 - 2021)"],"electoral_list":{"id":[114],"entity_type":["electoral_list"],"label":["Landesliste Niedersachsen (Bundestag 2017 - 2021)"],"api_url":["https://www.abgeordnetenwatch.de/api/v2/electoral-lists/114"]},"list_position":[7],"constituency":{"id":[4149],"entity_type":["constituency"],"label":["25 - Unterems (Bundestag 2017 - 2021)"],"api_url":["https://www.abgeordnetenwatch.de/api/v2/constituencies/4149"]},"constituency_result":[50],"constituency_result_count":{},"mandate_won":["constituency"]},"fraction_membership":[{"id":6745,"entity_type":"fraction_membership","label":"CDU/CSU","fraction":{"id":81,"entity_type":"fraction","label":"CDU/CSU (Bundestag 2017 - 2021)","api_url":"https://www.abgeordnetenwatch.de/api/v2/fractions/81"}}]}
