{"id":[44507],"entity_type":["candidacy_mandate"],"label":["Alexander Dobrindt (Bundestag 2017 - 2021)"],"api_url":["https://www.abgeordnetenwatch.de/api/v2/candidacies-mandates/44507"],"id_external_administration":["1288"],"id_external_administration_description":["mdbID - ID der Bundestagsverwaltung"],"type":["mandate"],"parliament_period":{"id":[111],"entity_type":["parliament_period"],"label":["Bundestag 2017 - 2021"],"api_url":["https://www.abgeordnetenwatch.de/api/v2/parliament-periods/111"],"abgeordnetenwatch_url":["https://www.abgeordnetenwatch.de/bundestag/19"]},"politician":{"id":[79412],"entity_type":["politician"],"label":["Alexander Dobrindt"],"api_url":["https://www.abgeordnetenwatch.de/api/v2/politicians/79412"],"abgeordnetenwatch_url":["https://www.abgeordnetenwatch.de/profile/alexander-dobrindt"]},"start_date":{},"end_date":{},"info":{},"electoral_data":{"id":[44507],"entity_type":["electoral_data"],"label":["Alexander Dobrindt (Bundestag 2017 - 2021)"],"electoral_list":{"id":[107],"entity_type":["electoral_list"],"label":["Landesliste Bayern (Bundestag 2017 - 2021)"],"api_url":["https://www.abgeordnetenwatch.de/api/v2/electoral-lists/107"]},"list_position":[2],"constituency":{"id":[4350],"entity_type":["constituency"],"label":["226 - Weilheim (Bundestag 2017 - 2021)"],"api_url":["https://www.abgeordnetenwatch.de/api/v2/constituencies/4350"]},"constituency_result":[47.9],"constituency_result_count":{},"mandate_won":["constituency"]},"fraction_membership":[{"id":6752,"entity_type":"fraction_membership","label":"CDU/CSU","fraction":{"id":81,"entity_type":"fraction","label":"CDU/CSU (Bundestag 2017 - 2021)","api_url":"https://www.abgeordnetenwatch.de/api/v2/fractions/81"}}]}
