{"id":[44515],"entity_type":["candidacy_mandate"],"label":["Thorsten Frei (Bundestag 2017 - 2021)"],"api_url":["https://www.abgeordnetenwatch.de/api/v2/candidacies-mandates/44515"],"id_external_administration":["1806"],"id_external_administration_description":["mdbID - ID der Bundestagsverwaltung"],"type":["mandate"],"parliament_period":{"id":[111],"entity_type":["parliament_period"],"label":["Bundestag 2017 - 2021"],"api_url":["https://www.abgeordnetenwatch.de/api/v2/parliament-periods/111"],"abgeordnetenwatch_url":["https://www.abgeordnetenwatch.de/bundestag/19"]},"politician":{"id":[79378],"entity_type":["politician"],"label":["Thorsten Frei"],"api_url":["https://www.abgeordnetenwatch.de/api/v2/politicians/79378"],"abgeordnetenwatch_url":["https://www.abgeordnetenwatch.de/profile/thorsten-frei"]},"start_date":{},"end_date":{},"info":{},"electoral_data":{"id":[44515],"entity_type":["electoral_data"],"label":["Thorsten Frei (Bundestag 2017 - 2021)"],"electoral_list":{},"list_position":[1],"constituency":{"id":[4410],"entity_type":["constituency"],"label":["286 - Schwarzwald-Baar (Bundestag 2017 - 2021)"],"api_url":["https://www.abgeordnetenwatch.de/api/v2/constituencies/4410"]},"constituency_result":[47],"constituency_result_count":{},"mandate_won":["constituency"]},"fraction_membership":[{"id":6760,"entity_type":"fraction_membership","label":"CDU/CSU","fraction":{"id":81,"entity_type":"fraction","label":"CDU/CSU (Bundestag 2017 - 2021)","api_url":"https://www.abgeordnetenwatch.de/api/v2/fractions/81"}}]}
