{"id":[44514],"entity_type":["candidacy_mandate"],"label":["Ulrich Freese (Bundestag 2017 - 2021)"],"api_url":["https://www.abgeordnetenwatch.de/api/v2/candidacies-mandates/44514"],"id_external_administration":["1805"],"id_external_administration_description":["mdbID - ID der Bundestagsverwaltung"],"type":["mandate"],"parliament_period":{"id":[111],"entity_type":["parliament_period"],"label":["Bundestag 2017 - 2021"],"api_url":["https://www.abgeordnetenwatch.de/api/v2/parliament-periods/111"],"abgeordnetenwatch_url":["https://www.abgeordnetenwatch.de/bundestag/19"]},"politician":{"id":[79377],"entity_type":["politician"],"label":["Ulrich Freese"],"api_url":["https://www.abgeordnetenwatch.de/api/v2/politicians/79377"],"abgeordnetenwatch_url":["https://www.abgeordnetenwatch.de/profile/ulrich-freese"]},"start_date":{},"end_date":{},"info":{},"electoral_data":{"id":[44514],"entity_type":["electoral_data"],"label":["Ulrich Freese (Bundestag 2017 - 2021)"],"electoral_list":{"id":[109],"entity_type":["electoral_list"],"label":["Landesliste Brandenburg (Bundestag 2017 - 2021)"],"api_url":["https://www.abgeordnetenwatch.de/api/v2/electoral-lists/109"]},"list_position":[2],"constituency":{"id":[4188],"entity_type":["constituency"],"label":["64 - Cottbus - Spree-Neiße (Bundestag 2017 - 2021)"],"api_url":["https://www.abgeordnetenwatch.de/api/v2/constituencies/4188"]},"constituency_result":[17],"constituency_result_count":{},"mandate_won":["list"]},"fraction_membership":[{"id":6759,"entity_type":"fraction_membership","label":"SPD","fraction":{"id":22,"entity_type":"fraction","label":"SPD (Bundestag 2017 - 2021)","api_url":"https://www.abgeordnetenwatch.de/api/v2/fractions/22"}}]}
