{"id":[44512],"entity_type":["candidacy_mandate"],"label":["Maria Flachsbarth (Bundestag 2017 - 2021)"],"api_url":["https://www.abgeordnetenwatch.de/api/v2/candidacies-mandates/44512"],"id_external_administration":["1216"],"id_external_administration_description":["mdbID - ID der Bundestagsverwaltung"],"type":["mandate"],"parliament_period":{"id":[111],"entity_type":["parliament_period"],"label":["Bundestag 2017 - 2021"],"api_url":["https://www.abgeordnetenwatch.de/api/v2/parliament-periods/111"],"abgeordnetenwatch_url":["https://www.abgeordnetenwatch.de/bundestag/19"]},"politician":{"id":[79382],"entity_type":["politician"],"label":["Maria Flachsbarth"],"api_url":["https://www.abgeordnetenwatch.de/api/v2/politicians/79382"],"abgeordnetenwatch_url":["https://www.abgeordnetenwatch.de/profile/maria-flachsbarth"]},"start_date":{},"end_date":{},"info":{},"electoral_data":{"id":[44512],"entity_type":["electoral_data"],"label":["Maria Flachsbarth (Bundestag 2017 - 2021)"],"electoral_list":{"id":[114],"entity_type":["electoral_list"],"label":["Landesliste Niedersachsen (Bundestag 2017 - 2021)"],"api_url":["https://www.abgeordnetenwatch.de/api/v2/electoral-lists/114"]},"list_position":[4],"constituency":{"id":[4171],"entity_type":["constituency"],"label":["47 - Hannover-Land II (Bundestag 2017 - 2021)"],"api_url":["https://www.abgeordnetenwatch.de/api/v2/constituencies/4171"]},"constituency_result":[35.2],"constituency_result_count":{},"mandate_won":["list"]},"fraction_membership":[{"id":6757,"entity_type":"fraction_membership","label":"CDU/CSU","fraction":{"id":81,"entity_type":"fraction","label":"CDU/CSU (Bundestag 2017 - 2021)","api_url":"https://www.abgeordnetenwatch.de/api/v2/fractions/81"}}]}
