{"id":[44563],"entity_type":["candidacy_mandate"],"label":["Carsten Linnemann (Bundestag 2017 - 2021)"],"api_url":["https://www.abgeordnetenwatch.de/api/v2/candidacies-mandates/44563"],"id_external_administration":["1631"],"id_external_administration_description":["mdbID - ID der Bundestagsverwaltung"],"type":["mandate"],"parliament_period":{"id":[111],"entity_type":["parliament_period"],"label":["Bundestag 2017 - 2021"],"api_url":["https://www.abgeordnetenwatch.de/api/v2/parliament-periods/111"],"abgeordnetenwatch_url":["https://www.abgeordnetenwatch.de/bundestag/19"]},"politician":{"id":[79149],"entity_type":["politician"],"label":["Carsten Linnemann"],"api_url":["https://www.abgeordnetenwatch.de/api/v2/politicians/79149"],"abgeordnetenwatch_url":["https://www.abgeordnetenwatch.de/profile/carsten-linnemann"]},"start_date":{},"end_date":{},"info":{},"electoral_data":{"id":[44563],"entity_type":["electoral_data"],"label":["Carsten Linnemann (Bundestag 2017 - 2021)"],"electoral_list":{},"list_position":[1],"constituency":{"id":[4261],"entity_type":["constituency"],"label":["137 - Paderborn - Gütersloh III (Bundestag 2017 - 2021)"],"api_url":["https://www.abgeordnetenwatch.de/api/v2/constituencies/4261"]},"constituency_result":[53.3],"constituency_result_count":{},"mandate_won":["constituency"]},"fraction_membership":[{"id":6808,"entity_type":"fraction_membership","label":"CDU/CSU","fraction":{"id":81,"entity_type":"fraction","label":"CDU/CSU (Bundestag 2017 - 2021)","api_url":"https://www.abgeordnetenwatch.de/api/v2/fractions/81"}}]}
