{"id":[44565],"entity_type":["candidacy_mandate"],"label":["Claudia Tausend (Bundestag 2017 - 2021)"],"api_url":["https://www.abgeordnetenwatch.de/api/v2/candidacies-mandates/44565"],"id_external_administration":["1954"],"id_external_administration_description":["mdbID - ID der Bundestagsverwaltung"],"type":["mandate"],"parliament_period":{"id":[111],"entity_type":["parliament_period"],"label":["Bundestag 2017 - 2021"],"api_url":["https://www.abgeordnetenwatch.de/api/v2/parliament-periods/111"],"abgeordnetenwatch_url":["https://www.abgeordnetenwatch.de/bundestag/19"]},"politician":{"id":[78970],"entity_type":["politician"],"label":["Claudia Tausend"],"api_url":["https://www.abgeordnetenwatch.de/api/v2/politicians/78970"],"abgeordnetenwatch_url":["https://www.abgeordnetenwatch.de/profile/claudia-tausend"]},"start_date":{},"end_date":{},"info":{},"electoral_data":{"id":[44565],"entity_type":["electoral_data"],"label":["Claudia Tausend (Bundestag 2017 - 2021)"],"electoral_list":{"id":[107],"entity_type":["electoral_list"],"label":["Landesliste Bayern (Bundestag 2017 - 2021)"],"api_url":["https://www.abgeordnetenwatch.de/api/v2/electoral-lists/107"]},"list_position":[12],"constituency":{"id":[4342],"entity_type":["constituency"],"label":["218 - München-Ost (Bundestag 2017 - 2021)"],"api_url":["https://www.abgeordnetenwatch.de/api/v2/constituencies/4342"]},"constituency_result":[21.3],"constituency_result_count":{},"mandate_won":["list"]},"fraction_membership":[{"id":6810,"entity_type":"fraction_membership","label":"SPD","fraction":{"id":22,"entity_type":"fraction","label":"SPD (Bundestag 2017 - 2021)","api_url":"https://www.abgeordnetenwatch.de/api/v2/fractions/22"}}]}
