{"id":[44564],"entity_type":["candidacy_mandate"],"label":["Carsten Müller (Bundestag 2017 - 2021)"],"api_url":["https://www.abgeordnetenwatch.de/api/v2/candidacies-mandates/44564"],"id_external_administration":["1469"],"id_external_administration_description":["mdbID - ID der Bundestagsverwaltung"],"type":["mandate"],"parliament_period":{"id":[111],"entity_type":["parliament_period"],"label":["Bundestag 2017 - 2021"],"api_url":["https://www.abgeordnetenwatch.de/api/v2/parliament-periods/111"],"abgeordnetenwatch_url":["https://www.abgeordnetenwatch.de/bundestag/19"]},"politician":{"id":[79116],"entity_type":["politician"],"label":["Carsten Müller"],"api_url":["https://www.abgeordnetenwatch.de/api/v2/politicians/79116"],"abgeordnetenwatch_url":["https://www.abgeordnetenwatch.de/profile/carsten-mueller"]},"start_date":{},"end_date":{},"info":{},"electoral_data":{"id":[44564],"entity_type":["electoral_data"],"label":["Carsten Müller (Bundestag 2017 - 2021)"],"electoral_list":{"id":[114],"entity_type":["electoral_list"],"label":["Landesliste Niedersachsen (Bundestag 2017 - 2021)"],"api_url":["https://www.abgeordnetenwatch.de/api/v2/electoral-lists/114"]},"list_position":[8],"constituency":{"id":[4174],"entity_type":["constituency"],"label":["50 - Braunschweig (Bundestag 2017 - 2021)"],"api_url":["https://www.abgeordnetenwatch.de/api/v2/constituencies/4174"]},"constituency_result":[31.4],"constituency_result_count":{},"mandate_won":["list"]},"fraction_membership":[{"id":6809,"entity_type":"fraction_membership","label":"CDU/CSU","fraction":{"id":81,"entity_type":"fraction","label":"CDU/CSU (Bundestag 2017 - 2021)","api_url":"https://www.abgeordnetenwatch.de/api/v2/fractions/81"}}]}
