{"id":[44578],"entity_type":["candidacy_mandate"],"label":["Kirsten Tackmann (Bundestag 2017 - 2021)"],"api_url":["https://www.abgeordnetenwatch.de/api/v2/candidacies-mandates/44578"],"id_external_administration":["1507"],"id_external_administration_description":["mdbID - ID der Bundestagsverwaltung"],"type":["mandate"],"parliament_period":{"id":[111],"entity_type":["parliament_period"],"label":["Bundestag 2017 - 2021"],"api_url":["https://www.abgeordnetenwatch.de/api/v2/parliament-periods/111"],"abgeordnetenwatch_url":["https://www.abgeordnetenwatch.de/bundestag/19"]},"politician":{"id":[78967],"entity_type":["politician"],"label":["Kirsten Tackmann"],"api_url":["https://www.abgeordnetenwatch.de/api/v2/politicians/78967"],"abgeordnetenwatch_url":["https://www.abgeordnetenwatch.de/profile/kirsten-tackmann"]},"start_date":{},"end_date":{},"info":{},"electoral_data":{"id":[44578],"entity_type":["electoral_data"],"label":["Kirsten Tackmann (Bundestag 2017 - 2021)"],"electoral_list":{"id":[109],"entity_type":["electoral_list"],"label":["Landesliste Brandenburg (Bundestag 2017 - 2021)"],"api_url":["https://www.abgeordnetenwatch.de/api/v2/electoral-lists/109"]},"list_position":[1],"constituency":{"id":[4180],"entity_type":["constituency"],"label":["56 - Prignitz - Ostprignitz-Ruppin - Havelland I (Bundestag 2017 - 2021)"],"api_url":["https://www.abgeordnetenwatch.de/api/v2/constituencies/4180"]},"constituency_result":[17.6],"constituency_result_count":{},"mandate_won":["list"]},"fraction_membership":[{"id":6823,"entity_type":"fraction_membership","label":"DIE LINKE","fraction":{"id":41,"entity_type":"fraction","label":"DIE LINKE (Bundestag 2017 - 2021)","api_url":"https://www.abgeordnetenwatch.de/api/v2/fractions/41"}}]}
