{"id":[44571],"entity_type":["candidacy_mandate"],"label":["Alexander S. Neu (Bundestag 2017 - 2021)"],"api_url":["https://www.abgeordnetenwatch.de/api/v2/candidacies-mandates/44571"],"id_external_administration":["1891"],"id_external_administration_description":["mdbID - ID der Bundestagsverwaltung"],"type":["mandate"],"parliament_period":{"id":[111],"entity_type":["parliament_period"],"label":["Bundestag 2017 - 2021"],"api_url":["https://www.abgeordnetenwatch.de/api/v2/parliament-periods/111"],"abgeordnetenwatch_url":["https://www.abgeordnetenwatch.de/bundestag/19"]},"politician":{"id":[79109],"entity_type":["politician"],"label":["Alexander S. Neu"],"api_url":["https://www.abgeordnetenwatch.de/api/v2/politicians/79109"],"abgeordnetenwatch_url":["https://www.abgeordnetenwatch.de/profile/alexander-s-neu"]},"start_date":{},"end_date":{},"info":{},"electoral_data":{"id":[44571],"entity_type":["electoral_data"],"label":["Alexander S. Neu (Bundestag 2017 - 2021)"],"electoral_list":{"id":[115],"entity_type":["electoral_list"],"label":["Landesliste Nordrhein-Westfalen (Bundestag 2017 - 2021)"],"api_url":["https://www.abgeordnetenwatch.de/api/v2/electoral-lists/115"]},"list_position":[10],"constituency":{"id":[4221],"entity_type":["constituency"],"label":["97 - Rhein-Sieg-Kreis I (Bundestag 2017 - 2021)"],"api_url":["https://www.abgeordnetenwatch.de/api/v2/constituencies/4221"]},"constituency_result":[8.1],"constituency_result_count":{},"mandate_won":["list"]},"fraction_membership":[{"id":6816,"entity_type":"fraction_membership","label":"DIE LINKE","fraction":{"id":41,"entity_type":"fraction","label":"DIE LINKE (Bundestag 2017 - 2021)","api_url":"https://www.abgeordnetenwatch.de/api/v2/fractions/41"}}]}
