{"id":[44570],"entity_type":["candidacy_mandate"],"label":["Dirk Wiese (Bundestag 2017 - 2021)"],"api_url":["https://www.abgeordnetenwatch.de/api/v2/candidacies-mandates/44570"],"id_external_administration":["1975"],"id_external_administration_description":["mdbID - ID der Bundestagsverwaltung"],"type":["mandate"],"parliament_period":{"id":[111],"entity_type":["parliament_period"],"label":["Bundestag 2017 - 2021"],"api_url":["https://www.abgeordnetenwatch.de/api/v2/parliament-periods/111"],"abgeordnetenwatch_url":["https://www.abgeordnetenwatch.de/bundestag/19"]},"politician":{"id":[78913],"entity_type":["politician"],"label":["Dirk Wiese"],"api_url":["https://www.abgeordnetenwatch.de/api/v2/politicians/78913"],"abgeordnetenwatch_url":["https://www.abgeordnetenwatch.de/profile/dirk-wiese"]},"start_date":{},"end_date":{},"info":{},"electoral_data":{"id":[44570],"entity_type":["electoral_data"],"label":["Dirk Wiese (Bundestag 2017 - 2021)"],"electoral_list":{"id":[115],"entity_type":["electoral_list"],"label":["Landesliste Nordrhein-Westfalen (Bundestag 2017 - 2021)"],"api_url":["https://www.abgeordnetenwatch.de/api/v2/electoral-lists/115"]},"list_position":[13],"constituency":{"id":[4271],"entity_type":["constituency"],"label":["147 - Hochsauerlandkreis (Bundestag 2017 - 2021)"],"api_url":["https://www.abgeordnetenwatch.de/api/v2/constituencies/4271"]},"constituency_result":[26.9],"constituency_result_count":{},"mandate_won":["list"]},"fraction_membership":[{"id":6815,"entity_type":"fraction_membership","label":"SPD","fraction":{"id":22,"entity_type":"fraction","label":"SPD (Bundestag 2017 - 2021)","api_url":"https://www.abgeordnetenwatch.de/api/v2/fractions/22"}}]}
