{"id":[44579],"entity_type":["candidacy_mandate"],"label":["Konstantin von Notz (Bundestag 2017 - 2021)"],"api_url":["https://www.abgeordnetenwatch.de/api/v2/candidacies-mandates/44579"],"id_external_administration":["1622"],"id_external_administration_description":["mdbID - ID der Bundestagsverwaltung"],"type":["mandate"],"parliament_period":{"id":[111],"entity_type":["parliament_period"],"label":["Bundestag 2017 - 2021"],"api_url":["https://www.abgeordnetenwatch.de/api/v2/parliament-periods/111"],"abgeordnetenwatch_url":["https://www.abgeordnetenwatch.de/bundestag/19"]},"politician":{"id":[78819],"entity_type":["politician"],"label":["Konstantin von Notz"],"api_url":["https://www.abgeordnetenwatch.de/api/v2/politicians/78819"],"abgeordnetenwatch_url":["https://www.abgeordnetenwatch.de/profile/konstantin-von-notz"]},"start_date":{},"end_date":{},"info":{},"electoral_data":{"id":[44579],"entity_type":["electoral_data"],"label":["Konstantin von Notz (Bundestag 2017 - 2021)"],"electoral_list":{"id":[120],"entity_type":["electoral_list"],"label":["Landesliste Schleswig-Holstein (Bundestag 2017 - 2021)"],"api_url":["https://www.abgeordnetenwatch.de/api/v2/electoral-lists/120"]},"list_position":[2],"constituency":{"id":[4134],"entity_type":["constituency"],"label":["10 - Herzogtum Lauenburg - Stormarn-Süd (Bundestag 2017 - 2021)"],"api_url":["https://www.abgeordnetenwatch.de/api/v2/constituencies/4134"]},"constituency_result":[9.7],"constituency_result_count":{},"mandate_won":["list"]},"fraction_membership":[{"id":6824,"entity_type":"fraction_membership","label":"DIE GRÜNEN","fraction":{"id":153,"entity_type":"fraction","label":"DIE GRÜNEN (Bundestag 2017 - 2021)","api_url":"https://www.abgeordnetenwatch.de/api/v2/fractions/153"}}]}
