{"id":[44581],"entity_type":["candidacy_mandate"],"label":["Matthias Miersch (Bundestag 2017 - 2021)"],"api_url":["https://www.abgeordnetenwatch.de/api/v2/candidacies-mandates/44581"],"id_external_administration":["1463"],"id_external_administration_description":["mdbID - ID der Bundestagsverwaltung"],"type":["mandate"],"parliament_period":{"id":[111],"entity_type":["parliament_period"],"label":["Bundestag 2017 - 2021"],"api_url":["https://www.abgeordnetenwatch.de/api/v2/parliament-periods/111"],"abgeordnetenwatch_url":["https://www.abgeordnetenwatch.de/bundestag/19"]},"politician":{"id":[79133],"entity_type":["politician"],"label":["Matthias Miersch"],"api_url":["https://www.abgeordnetenwatch.de/api/v2/politicians/79133"],"abgeordnetenwatch_url":["https://www.abgeordnetenwatch.de/profile/matthias-miersch"]},"start_date":{},"end_date":{},"info":{},"electoral_data":{"id":[44581],"entity_type":["electoral_data"],"label":["Matthias Miersch (Bundestag 2017 - 2021)"],"electoral_list":{"id":[114],"entity_type":["electoral_list"],"label":["Landesliste Niedersachsen (Bundestag 2017 - 2021)"],"api_url":["https://www.abgeordnetenwatch.de/api/v2/electoral-lists/114"]},"list_position":[3],"constituency":{"id":[4171],"entity_type":["constituency"],"label":["47 - Hannover-Land II (Bundestag 2017 - 2021)"],"api_url":["https://www.abgeordnetenwatch.de/api/v2/constituencies/4171"]},"constituency_result":[37],"constituency_result_count":{},"mandate_won":["constituency"]},"fraction_membership":[{"id":6826,"entity_type":"fraction_membership","label":"SPD","fraction":{"id":22,"entity_type":"fraction","label":"SPD (Bundestag 2017 - 2021)","api_url":"https://www.abgeordnetenwatch.de/api/v2/fractions/22"}}]}
