{"id":[44589],"entity_type":["candidacy_mandate"],"label":["Eva Högl (Bundestag 2017 - 2021)"],"api_url":["https://www.abgeordnetenwatch.de/api/v2/candidacies-mandates/44589"],"id_external_administration":["1542"],"id_external_administration_description":["mdbID - ID der Bundestagsverwaltung"],"type":["mandate"],"parliament_period":{"id":[111],"entity_type":["parliament_period"],"label":["Bundestag 2017 - 2021"],"api_url":["https://www.abgeordnetenwatch.de/api/v2/parliament-periods/111"],"abgeordnetenwatch_url":["https://www.abgeordnetenwatch.de/bundestag/19"]},"politician":{"id":[79284],"entity_type":["politician"],"label":["Eva Högl"],"api_url":["https://www.abgeordnetenwatch.de/api/v2/politicians/79284"],"abgeordnetenwatch_url":["https://www.abgeordnetenwatch.de/profile/eva-hoegl"]},"start_date":{},"end_date":["2020-05-25"],"info":{},"electoral_data":{"id":[44589],"entity_type":["electoral_data"],"label":["Eva Högl (Bundestag 2017 - 2021)"],"electoral_list":{"id":[108],"entity_type":["electoral_list"],"label":["Landesliste Berlin (Bundestag 2017 - 2021)"],"api_url":["https://www.abgeordnetenwatch.de/api/v2/electoral-lists/108"]},"list_position":[1],"constituency":{"id":[4199],"entity_type":["constituency"],"label":["75 - Berlin-Mitte (Bundestag 2017 - 2021)"],"api_url":["https://www.abgeordnetenwatch.de/api/v2/constituencies/4199"]},"constituency_result":[23.5],"constituency_result_count":{},"mandate_won":["constituency"]},"fraction_membership":[{"id":6834,"entity_type":"fraction_membership","label":"SPD","fraction":{"id":22,"entity_type":"fraction","label":"SPD (Bundestag 2017 - 2021)","api_url":"https://www.abgeordnetenwatch.de/api/v2/fractions/22"}}]}
