{"id":[44586],"entity_type":["candidacy_mandate"],"label":["Emmi Zeulner (Bundestag 2017 - 2021)"],"api_url":["https://www.abgeordnetenwatch.de/api/v2/candidacies-mandates/44586"],"id_external_administration":["1984"],"id_external_administration_description":["mdbID - ID der Bundestagsverwaltung"],"type":["mandate"],"parliament_period":{"id":[111],"entity_type":["parliament_period"],"label":["Bundestag 2017 - 2021"],"api_url":["https://www.abgeordnetenwatch.de/api/v2/parliament-periods/111"],"abgeordnetenwatch_url":["https://www.abgeordnetenwatch.de/bundestag/19"]},"politician":{"id":[78904],"entity_type":["politician"],"label":["Emmi Zeulner"],"api_url":["https://www.abgeordnetenwatch.de/api/v2/politicians/78904"],"abgeordnetenwatch_url":["https://www.abgeordnetenwatch.de/profile/emmi-zeulner"]},"start_date":{},"end_date":{},"info":{},"electoral_data":{"id":[44586],"entity_type":["electoral_data"],"label":["Emmi Zeulner (Bundestag 2017 - 2021)"],"electoral_list":{"id":[107],"entity_type":["electoral_list"],"label":["Landesliste Bayern (Bundestag 2017 - 2021)"],"api_url":["https://www.abgeordnetenwatch.de/api/v2/electoral-lists/107"]},"list_position":[16],"constituency":{"id":[4364],"entity_type":["constituency"],"label":["240 - Kulmbach (Bundestag 2017 - 2021)"],"api_url":["https://www.abgeordnetenwatch.de/api/v2/constituencies/4364"]},"constituency_result":[55.4],"constituency_result_count":{},"mandate_won":["constituency"]},"fraction_membership":[{"id":6831,"entity_type":"fraction_membership","label":"CDU/CSU","fraction":{"id":81,"entity_type":"fraction","label":"CDU/CSU (Bundestag 2017 - 2021)","api_url":"https://www.abgeordnetenwatch.de/api/v2/fractions/81"}}]}
