{"id":[44580],"entity_type":["candidacy_mandate"],"label":["Martin Rosemann (Bundestag 2017 - 2021)"],"api_url":["https://www.abgeordnetenwatch.de/api/v2/candidacies-mandates/44580"],"id_external_administration":["1920"],"id_external_administration_description":["mdbID - ID der Bundestagsverwaltung"],"type":["mandate"],"parliament_period":{"id":[111],"entity_type":["parliament_period"],"label":["Bundestag 2017 - 2021"],"api_url":["https://www.abgeordnetenwatch.de/api/v2/parliament-periods/111"],"abgeordnetenwatch_url":["https://www.abgeordnetenwatch.de/bundestag/19"]},"politician":{"id":[79053],"entity_type":["politician"],"label":["Martin Rosemann"],"api_url":["https://www.abgeordnetenwatch.de/api/v2/politicians/79053"],"abgeordnetenwatch_url":["https://www.abgeordnetenwatch.de/profile/martin-rosemann"]},"start_date":{},"end_date":{},"info":{},"electoral_data":{"id":[44580],"entity_type":["electoral_data"],"label":["Martin Rosemann (Bundestag 2017 - 2021)"],"electoral_list":{"id":[106],"entity_type":["electoral_list"],"label":["Landesliste Baden-Württemberg (Bundestag 2017 - 2021)"],"api_url":["https://www.abgeordnetenwatch.de/api/v2/electoral-lists/106"]},"list_position":[14],"constituency":{"id":[4414],"entity_type":["constituency"],"label":["290 - Tübingen (Bundestag 2017 - 2021)"],"api_url":["https://www.abgeordnetenwatch.de/api/v2/constituencies/4414"]},"constituency_result":[17.3],"constituency_result_count":{},"mandate_won":["list"]},"fraction_membership":[{"id":6825,"entity_type":"fraction_membership","label":"SPD","fraction":{"id":22,"entity_type":"fraction","label":"SPD (Bundestag 2017 - 2021)","api_url":"https://www.abgeordnetenwatch.de/api/v2/fractions/22"}}]}
