{"id":[44587],"entity_type":["candidacy_mandate"],"label":["Erich Irlstorfer (Bundestag 2017 - 2021)"],"api_url":["https://www.abgeordnetenwatch.de/api/v2/candidacies-mandates/44587"],"id_external_administration":["1839"],"id_external_administration_description":["mdbID - ID der Bundestagsverwaltung"],"type":["mandate"],"parliament_period":{"id":[111],"entity_type":["parliament_period"],"label":["Bundestag 2017 - 2021"],"api_url":["https://www.abgeordnetenwatch.de/api/v2/parliament-periods/111"],"abgeordnetenwatch_url":["https://www.abgeordnetenwatch.de/bundestag/19"]},"politician":{"id":[79274],"entity_type":["politician"],"label":["Erich Irlstorfer"],"api_url":["https://www.abgeordnetenwatch.de/api/v2/politicians/79274"],"abgeordnetenwatch_url":["https://www.abgeordnetenwatch.de/profile/erich-irlstorfer"]},"start_date":{},"end_date":{},"info":{},"electoral_data":{"id":[44587],"entity_type":["electoral_data"],"label":["Erich Irlstorfer (Bundestag 2017 - 2021)"],"electoral_list":{},"list_position":[1],"constituency":{"id":[4338],"entity_type":["constituency"],"label":["214 - Freising (Bundestag 2017 - 2021)"],"api_url":["https://www.abgeordnetenwatch.de/api/v2/constituencies/4338"]},"constituency_result":[43],"constituency_result_count":{},"mandate_won":["constituency"]},"fraction_membership":[{"id":6832,"entity_type":"fraction_membership","label":"CDU/CSU","fraction":{"id":81,"entity_type":"fraction","label":"CDU/CSU (Bundestag 2017 - 2021)","api_url":"https://www.abgeordnetenwatch.de/api/v2/fractions/81"}}]}
