{"id":[44595],"entity_type":["candidacy_mandate"],"label":["Florian Post (Bundestag 2017 - 2021)"],"api_url":["https://www.abgeordnetenwatch.de/api/v2/candidacies-mandates/44595"],"id_external_administration":["1910"],"id_external_administration_description":["mdbID - ID der Bundestagsverwaltung"],"type":["mandate"],"parliament_period":{"id":[111],"entity_type":["parliament_period"],"label":["Bundestag 2017 - 2021"],"api_url":["https://www.abgeordnetenwatch.de/api/v2/parliament-periods/111"],"abgeordnetenwatch_url":["https://www.abgeordnetenwatch.de/bundestag/19"]},"politician":{"id":[79079],"entity_type":["politician"],"label":["Florian Post"],"api_url":["https://www.abgeordnetenwatch.de/api/v2/politicians/79079"],"abgeordnetenwatch_url":["https://www.abgeordnetenwatch.de/profile/florian-post"]},"start_date":{},"end_date":{},"info":{},"electoral_data":{"id":[44595],"entity_type":["electoral_data"],"label":["Florian Post (Bundestag 2017 - 2021)"],"electoral_list":{"id":[107],"entity_type":["electoral_list"],"label":["Landesliste Bayern (Bundestag 2017 - 2021)"],"api_url":["https://www.abgeordnetenwatch.de/api/v2/electoral-lists/107"]},"list_position":[9],"constituency":{"id":[4341],"entity_type":["constituency"],"label":["217 - München-Nord (Bundestag 2017 - 2021)"],"api_url":["https://www.abgeordnetenwatch.de/api/v2/constituencies/4341"]},"constituency_result":[26],"constituency_result_count":{},"mandate_won":["list"]},"fraction_membership":[{"id":6840,"entity_type":"fraction_membership","label":"SPD","fraction":{"id":22,"entity_type":"fraction","label":"SPD (Bundestag 2017 - 2021)","api_url":"https://www.abgeordnetenwatch.de/api/v2/fractions/22"}}]}
