{"id":[44593],"entity_type":["candidacy_mandate"],"label":["Ewald Schurer (Bundestag 2017 - 2021)"],"api_url":["https://www.abgeordnetenwatch.de/api/v2/candidacies-mandates/44593"],"id_external_administration":["1104"],"id_external_administration_description":["mdbID - ID der Bundestagsverwaltung"],"type":["mandate"],"parliament_period":{"id":[111],"entity_type":["parliament_period"],"label":["Bundestag 2017 - 2021"],"api_url":["https://www.abgeordnetenwatch.de/api/v2/parliament-periods/111"],"abgeordnetenwatch_url":["https://www.abgeordnetenwatch.de/bundestag/19"]},"politician":{"id":[79003],"entity_type":["politician"],"label":["Ewald Schurer"],"api_url":["https://www.abgeordnetenwatch.de/api/v2/politicians/79003"],"abgeordnetenwatch_url":["https://www.abgeordnetenwatch.de/profile/ewald-schurer"]},"start_date":{},"end_date":["2017-12-03"],"info":{},"electoral_data":{"id":[44593],"entity_type":["electoral_data"],"label":["Ewald Schurer (Bundestag 2017 - 2021)"],"electoral_list":{"id":[107],"entity_type":["electoral_list"],"label":["Landesliste Bayern (Bundestag 2017 - 2021)"],"api_url":["https://www.abgeordnetenwatch.de/api/v2/electoral-lists/107"]},"list_position":[5],"constituency":{"id":[4337],"entity_type":["constituency"],"label":["213 - Erding - Ebersberg (Bundestag 2017 - 2021)"],"api_url":["https://www.abgeordnetenwatch.de/api/v2/constituencies/4337"]},"constituency_result":[14.9],"constituency_result_count":{},"mandate_won":["list"]},"fraction_membership":[{"id":6838,"entity_type":"fraction_membership","label":"SPD","fraction":{"id":22,"entity_type":"fraction","label":"SPD (Bundestag 2017 - 2021)","api_url":"https://www.abgeordnetenwatch.de/api/v2/fractions/22"}}]}
