{"id":[44594],"entity_type":["candidacy_mandate"],"label":["Florian Oßner (Bundestag 2017 - 2021)"],"api_url":["https://www.abgeordnetenwatch.de/api/v2/candidacies-mandates/44594"],"id_external_administration":["1896"],"id_external_administration_description":["mdbID - ID der Bundestagsverwaltung"],"type":["mandate"],"parliament_period":{"id":[111],"entity_type":["parliament_period"],"label":["Bundestag 2017 - 2021"],"api_url":["https://www.abgeordnetenwatch.de/api/v2/parliament-periods/111"],"abgeordnetenwatch_url":["https://www.abgeordnetenwatch.de/bundestag/19"]},"politician":{"id":[79108],"entity_type":["politician"],"label":["Florian Oßner"],"api_url":["https://www.abgeordnetenwatch.de/api/v2/politicians/79108"],"abgeordnetenwatch_url":["https://www.abgeordnetenwatch.de/profile/florian-ossner"]},"start_date":{},"end_date":{},"info":{},"electoral_data":{"id":[44594],"entity_type":["electoral_data"],"label":["Florian Oßner (Bundestag 2017 - 2021)"],"electoral_list":{},"list_position":[1],"constituency":{"id":[4352],"entity_type":["constituency"],"label":["228 - Landshut (Bundestag 2017 - 2021)"],"api_url":["https://www.abgeordnetenwatch.de/api/v2/constituencies/4352"]},"constituency_result":[39.6],"constituency_result_count":{},"mandate_won":["constituency"]},"fraction_membership":[{"id":6839,"entity_type":"fraction_membership","label":"CDU/CSU","fraction":{"id":81,"entity_type":"fraction","label":"CDU/CSU (Bundestag 2017 - 2021)","api_url":"https://www.abgeordnetenwatch.de/api/v2/fractions/81"}}]}
