{"id":[44620],"entity_type":["candidacy_mandate"],"label":["Karin Maag (Bundestag 2017 - 2021)"],"api_url":["https://www.abgeordnetenwatch.de/api/v2/candidacies-mandates/44620"],"id_external_administration":["1594"],"id_external_administration_description":["mdbID - ID der Bundestagsverwaltung"],"type":["mandate"],"parliament_period":{"id":[111],"entity_type":["parliament_period"],"label":["Bundestag 2017 - 2021"],"api_url":["https://www.abgeordnetenwatch.de/api/v2/parliament-periods/111"],"abgeordnetenwatch_url":["https://www.abgeordnetenwatch.de/bundestag/19"]},"politician":{"id":[79144],"entity_type":["politician"],"label":["Karin Maag"],"api_url":["https://www.abgeordnetenwatch.de/api/v2/politicians/79144"],"abgeordnetenwatch_url":["https://www.abgeordnetenwatch.de/profile/karin-maag"]},"start_date":{},"end_date":["2021-07-01"],"info":{},"electoral_data":{"id":[44620],"entity_type":["electoral_data"],"label":["Karin Maag (Bundestag 2017 - 2021)"],"electoral_list":{},"list_position":[1],"constituency":{"id":[4383],"entity_type":["constituency"],"label":["259 - Stuttgart II (Bundestag 2017 - 2021)"],"api_url":["https://www.abgeordnetenwatch.de/api/v2/constituencies/4383"]},"constituency_result":[33.5],"constituency_result_count":{},"mandate_won":["constituency"]},"fraction_membership":[{"id":6865,"entity_type":"fraction_membership","label":"CDU/CSU","fraction":{"id":81,"entity_type":"fraction","label":"CDU/CSU (Bundestag 2017 - 2021)","api_url":"https://www.abgeordnetenwatch.de/api/v2/fractions/81"}}]}
