{"id":[44621],"entity_type":["candidacy_mandate"],"label":["Jürgen Trittin (Bundestag 2017 - 2021)"],"api_url":["https://www.abgeordnetenwatch.de/api/v2/candidacies-mandates/44621"],"id_external_administration":["1117"],"id_external_administration_description":["mdbID - ID der Bundestagsverwaltung"],"type":["mandate"],"parliament_period":{"id":[111],"entity_type":["parliament_period"],"label":["Bundestag 2017 - 2021"],"api_url":["https://www.abgeordnetenwatch.de/api/v2/parliament-periods/111"],"abgeordnetenwatch_url":["https://www.abgeordnetenwatch.de/bundestag/19"]},"politician":{"id":[78955],"entity_type":["politician"],"label":["Jürgen Trittin"],"api_url":["https://www.abgeordnetenwatch.de/api/v2/politicians/78955"],"abgeordnetenwatch_url":["https://www.abgeordnetenwatch.de/profile/juergen-trittin"]},"start_date":{},"end_date":{},"info":{},"electoral_data":{"id":[44621],"entity_type":["electoral_data"],"label":["Jürgen Trittin (Bundestag 2017 - 2021)"],"electoral_list":{"id":[114],"entity_type":["electoral_list"],"label":["Landesliste Niedersachsen (Bundestag 2017 - 2021)"],"api_url":["https://www.abgeordnetenwatch.de/api/v2/electoral-lists/114"]},"list_position":[2],"constituency":{"id":[4177],"entity_type":["constituency"],"label":["53 - Göttingen (Bundestag 2017 - 2021)"],"api_url":["https://www.abgeordnetenwatch.de/api/v2/constituencies/4177"]},"constituency_result":[11.3],"constituency_result_count":{},"mandate_won":["list"]},"fraction_membership":[{"id":6866,"entity_type":"fraction_membership","label":"DIE GRÜNEN","fraction":{"id":153,"entity_type":"fraction","label":"DIE GRÜNEN (Bundestag 2017 - 2021)","api_url":"https://www.abgeordnetenwatch.de/api/v2/fractions/153"}}]}
