{"id":[44645],"entity_type":["candidacy_mandate"],"label":["Katarina Barley (Bundestag 2017 - 2021)"],"api_url":["https://www.abgeordnetenwatch.de/api/v2/candidacies-mandates/44645"],"id_external_administration":["1777"],"id_external_administration_description":["mdbID - ID der Bundestagsverwaltung"],"type":["mandate"],"parliament_period":{"id":[111],"entity_type":["parliament_period"],"label":["Bundestag 2017 - 2021"],"api_url":["https://www.abgeordnetenwatch.de/api/v2/parliament-periods/111"],"abgeordnetenwatch_url":["https://www.abgeordnetenwatch.de/bundestag/19"]},"politician":{"id":[79466],"entity_type":["politician"],"label":["Katarina Barley"],"api_url":["https://www.abgeordnetenwatch.de/api/v2/politicians/79466"],"abgeordnetenwatch_url":["https://www.abgeordnetenwatch.de/profile/katarina-barley"]},"start_date":{},"end_date":["2019-07-01"],"info":{},"electoral_data":{"id":[44645],"entity_type":["electoral_data"],"label":["Katarina Barley (Bundestag 2017 - 2021)"],"electoral_list":{"id":[116],"entity_type":["electoral_list"],"label":["Landesliste Rheinland-Pfalz (Bundestag 2017 - 2021)"],"api_url":["https://www.abgeordnetenwatch.de/api/v2/electoral-lists/116"]},"list_position":[3],"constituency":{"id":[4327],"entity_type":["constituency"],"label":["203 - Trier (Bundestag 2017 - 2021)"],"api_url":["https://www.abgeordnetenwatch.de/api/v2/constituencies/4327"]},"constituency_result":[33.7],"constituency_result_count":{},"mandate_won":["list"]},"fraction_membership":[{"id":6890,"entity_type":"fraction_membership","label":"SPD","fraction":{"id":22,"entity_type":"fraction","label":"SPD (Bundestag 2017 - 2021)","api_url":"https://www.abgeordnetenwatch.de/api/v2/fractions/22"}}]}
