{"id":[45234],"entity_type":["candidacy_mandate"],"label":["Bernd Baumann (Bundestag 2017 - 2021)"],"api_url":["https://www.abgeordnetenwatch.de/api/v2/candidacies-mandates/45234"],"id_external_administration":["2026"],"id_external_administration_description":["mdbID - ID der Bundestagsverwaltung"],"type":["mandate"],"parliament_period":{"id":[111],"entity_type":["parliament_period"],"label":["Bundestag 2017 - 2021"],"api_url":["https://www.abgeordnetenwatch.de/api/v2/parliament-periods/111"],"abgeordnetenwatch_url":["https://www.abgeordnetenwatch.de/bundestag/19"]},"politician":{"id":[66273],"entity_type":["politician"],"label":["Bernd Baumann"],"api_url":["https://www.abgeordnetenwatch.de/api/v2/politicians/66273"],"abgeordnetenwatch_url":["https://www.abgeordnetenwatch.de/profile/bernd-baumann"]},"start_date":{},"end_date":{},"info":{},"electoral_data":{"id":[45234],"entity_type":["electoral_data"],"label":["Bernd Baumann (Bundestag 2017 - 2021)"],"electoral_list":{"id":[111],"entity_type":["electoral_list"],"label":["Landesliste Hamburg (Bundestag 2017 - 2021)"],"api_url":["https://www.abgeordnetenwatch.de/api/v2/electoral-lists/111"]},"list_position":[1],"constituency":{"id":[4143],"entity_type":["constituency"],"label":["19 - Hamburg-Altona (Bundestag 2017 - 2021)"],"api_url":["https://www.abgeordnetenwatch.de/api/v2/constituencies/4143"]},"constituency_result":[5.1],"constituency_result_count":{},"mandate_won":["list"]},"fraction_membership":[{"id":7486,"entity_type":"fraction_membership","label":"AfD","fraction":{"id":56,"entity_type":"fraction","label":"AfD (Bundestag 2017 - 2021)","api_url":"https://www.abgeordnetenwatch.de/api/v2/fractions/56"}}]}
