{"id":[45232],"entity_type":["candidacy_mandate"],"label":["Marie-Agnes Strack-Zimmermann (Bundestag 2017 - 2021)"],"api_url":["https://www.abgeordnetenwatch.de/api/v2/candidacies-mandates/45232"],"id_external_administration":["2257"],"id_external_administration_description":["mdbID - ID der Bundestagsverwaltung"],"type":["mandate"],"parliament_period":{"id":[111],"entity_type":["parliament_period"],"label":["Bundestag 2017 - 2021"],"api_url":["https://www.abgeordnetenwatch.de/api/v2/parliament-periods/111"],"abgeordnetenwatch_url":["https://www.abgeordnetenwatch.de/bundestag/19"]},"politician":{"id":[137564],"entity_type":["politician"],"label":["Marie-Agnes Strack-Zimmermann"],"api_url":["https://www.abgeordnetenwatch.de/api/v2/politicians/137564"],"abgeordnetenwatch_url":["https://www.abgeordnetenwatch.de/profile/marie-agnes-strack-zimmermann"]},"start_date":{},"end_date":{},"info":{},"electoral_data":{"id":[45232],"entity_type":["electoral_data"],"label":["Marie-Agnes Strack-Zimmermann (Bundestag 2017 - 2021)"],"electoral_list":{"id":[115],"entity_type":["electoral_list"],"label":["Landesliste Nordrhein-Westfalen (Bundestag 2017 - 2021)"],"api_url":["https://www.abgeordnetenwatch.de/api/v2/electoral-lists/115"]},"list_position":[2],"constituency":{"id":[4230],"entity_type":["constituency"],"label":["106 - Düsseldorf I (Bundestag 2017 - 2021)"],"api_url":["https://www.abgeordnetenwatch.de/api/v2/constituencies/4230"]},"constituency_result":[12.8],"constituency_result_count":{},"mandate_won":["list"]},"fraction_membership":[{"id":7484,"entity_type":"fraction_membership","label":"FDP","fraction":{"id":14,"entity_type":"fraction","label":"FDP (Bundestag 2017 - 2021)","api_url":"https://www.abgeordnetenwatch.de/api/v2/fractions/14"}}]}
