{"id":[45235],"entity_type":["candidacy_mandate"],"label":["Leni Breymaier (Bundestag 2017 - 2021)"],"api_url":["https://www.abgeordnetenwatch.de/api/v2/candidacies-mandates/45235"],"id_external_administration":["2046"],"id_external_administration_description":["mdbID - ID der Bundestagsverwaltung"],"type":["mandate"],"parliament_period":{"id":[111],"entity_type":["parliament_period"],"label":["Bundestag 2017 - 2021"],"api_url":["https://www.abgeordnetenwatch.de/api/v2/parliament-periods/111"],"abgeordnetenwatch_url":["https://www.abgeordnetenwatch.de/bundestag/19"]},"politician":{"id":[146860],"entity_type":["politician"],"label":["Leni Breymaier"],"api_url":["https://www.abgeordnetenwatch.de/api/v2/politicians/146860"],"abgeordnetenwatch_url":["https://www.abgeordnetenwatch.de/profile/leni-breymaier"]},"start_date":{},"end_date":{},"info":{},"electoral_data":{"id":[45235],"entity_type":["electoral_data"],"label":["Leni Breymaier (Bundestag 2017 - 2021)"],"electoral_list":{"id":[106],"entity_type":["electoral_list"],"label":["Landesliste Baden-Württemberg (Bundestag 2017 - 2021)"],"api_url":["https://www.abgeordnetenwatch.de/api/v2/electoral-lists/106"]},"list_position":[1],"constituency":{"id":[4394],"entity_type":["constituency"],"label":["270 - Aalen - Heidenheim (Bundestag 2017 - 2021)"],"api_url":["https://www.abgeordnetenwatch.de/api/v2/constituencies/4394"]},"constituency_result":[21],"constituency_result_count":{},"mandate_won":["list"]},"fraction_membership":[{"id":7487,"entity_type":"fraction_membership","label":"SPD","fraction":{"id":22,"entity_type":"fraction","label":"SPD (Bundestag 2017 - 2021)","api_url":"https://www.abgeordnetenwatch.de/api/v2/fractions/22"}}]}
