{"id":[45258],"entity_type":["candidacy_mandate"],"label":["Manfred Grund (Bundestag 2017 - 2021)"],"api_url":["https://www.abgeordnetenwatch.de/api/v2/candidacies-mandates/45258"],"id_external_administration":["764"],"id_external_administration_description":["mdbID - ID der Bundestagsverwaltung"],"type":["mandate"],"parliament_period":{"id":[111],"entity_type":["parliament_period"],"label":["Bundestag 2017 - 2021"],"api_url":["https://www.abgeordnetenwatch.de/api/v2/parliament-periods/111"],"abgeordnetenwatch_url":["https://www.abgeordnetenwatch.de/bundestag/19"]},"politician":{"id":[79344],"entity_type":["politician"],"label":["Manfred Grund"],"api_url":["https://www.abgeordnetenwatch.de/api/v2/politicians/79344"],"abgeordnetenwatch_url":["https://www.abgeordnetenwatch.de/profile/manfred-grund"]},"start_date":{},"end_date":{},"info":{},"electoral_data":{"id":[45258],"entity_type":["electoral_data"],"label":["Manfred Grund (Bundestag 2017 - 2021)"],"electoral_list":{"id":[121],"entity_type":["electoral_list"],"label":["Landesliste Thüringen (Bundestag 2017 - 2021)"],"api_url":["https://www.abgeordnetenwatch.de/api/v2/electoral-lists/121"]},"list_position":[1],"constituency":{"id":[4313],"entity_type":["constituency"],"label":["189 - Eichsfeld – Nordhausen – Kyffhäuserkreis (Bundestag 2017 - 2021)"],"api_url":["https://www.abgeordnetenwatch.de/api/v2/constituencies/4313"]},"constituency_result":[38],"constituency_result_count":{},"mandate_won":["constituency"]},"fraction_membership":[{"id":7510,"entity_type":"fraction_membership","label":"CDU/CSU","fraction":{"id":81,"entity_type":"fraction","label":"CDU/CSU (Bundestag 2017 - 2021)","api_url":"https://www.abgeordnetenwatch.de/api/v2/fractions/81"}}]}
