{"id":[45259],"entity_type":["candidacy_mandate"],"label":["Monika Grütters (Bundestag 2017 - 2021)"],"api_url":["https://www.abgeordnetenwatch.de/api/v2/candidacies-mandates/45259"],"id_external_administration":["1412"],"id_external_administration_description":["mdbID - ID der Bundestagsverwaltung"],"type":["mandate"],"parliament_period":{"id":[111],"entity_type":["parliament_period"],"label":["Bundestag 2017 - 2021"],"api_url":["https://www.abgeordnetenwatch.de/api/v2/parliament-periods/111"],"abgeordnetenwatch_url":["https://www.abgeordnetenwatch.de/bundestag/19"]},"politician":{"id":[79346],"entity_type":["politician"],"label":["Monika Grütters"],"api_url":["https://www.abgeordnetenwatch.de/api/v2/politicians/79346"],"abgeordnetenwatch_url":["https://www.abgeordnetenwatch.de/profile/monika-gruetters"]},"start_date":{},"end_date":{},"info":{},"electoral_data":{"id":[45259],"entity_type":["electoral_data"],"label":["Monika Grütters (Bundestag 2017 - 2021)"],"electoral_list":{"id":[108],"entity_type":["electoral_list"],"label":["Landesliste Berlin (Bundestag 2017 - 2021)"],"api_url":["https://www.abgeordnetenwatch.de/api/v2/electoral-lists/108"]},"list_position":[1],"constituency":{"id":[4209],"entity_type":["constituency"],"label":["85 - Berlin-Marzahn-Hellersdorf (Bundestag 2017 - 2021)"],"api_url":["https://www.abgeordnetenwatch.de/api/v2/constituencies/4209"]},"constituency_result":[22.3],"constituency_result_count":{},"mandate_won":["list"]},"fraction_membership":[{"id":7511,"entity_type":"fraction_membership","label":"CDU/CSU","fraction":{"id":81,"entity_type":"fraction","label":"CDU/CSU (Bundestag 2017 - 2021)","api_url":"https://www.abgeordnetenwatch.de/api/v2/fractions/81"}}]}
