{"id":[45256],"entity_type":["candidacy_mandate"],"label":["Astrid Grotelüschen (Bundestag 2017 - 2021)"],"api_url":["https://www.abgeordnetenwatch.de/api/v2/candidacies-mandates/45256"],"id_external_administration":["1669"],"id_external_administration_description":["mdbID - ID der Bundestagsverwaltung"],"type":["mandate"],"parliament_period":{"id":[111],"entity_type":["parliament_period"],"label":["Bundestag 2017 - 2021"],"api_url":["https://www.abgeordnetenwatch.de/api/v2/parliament-periods/111"],"abgeordnetenwatch_url":["https://www.abgeordnetenwatch.de/bundestag/19"]},"politician":{"id":[79339],"entity_type":["politician"],"label":["Astrid Grotelüschen"],"api_url":["https://www.abgeordnetenwatch.de/api/v2/politicians/79339"],"abgeordnetenwatch_url":["https://www.abgeordnetenwatch.de/profile/astrid-grotelueschen"]},"start_date":{},"end_date":{},"info":{},"electoral_data":{"id":[45256],"entity_type":["electoral_data"],"label":["Astrid Grotelüschen (Bundestag 2017 - 2021)"],"electoral_list":{"id":[114],"entity_type":["electoral_list"],"label":["Landesliste Niedersachsen (Bundestag 2017 - 2021)"],"api_url":["https://www.abgeordnetenwatch.de/api/v2/electoral-lists/114"]},"list_position":[10],"constituency":{"id":[4152],"entity_type":["constituency"],"label":["28 - Delmenhorst - Wesermarsch - Oldenburg-Land (Bundestag 2017 - 2021)"],"api_url":["https://www.abgeordnetenwatch.de/api/v2/constituencies/4152"]},"constituency_result":[34.1],"constituency_result_count":{},"mandate_won":["constituency"]},"fraction_membership":[{"id":7508,"entity_type":"fraction_membership","label":"CDU/CSU","fraction":{"id":81,"entity_type":"fraction","label":"CDU/CSU (Bundestag 2017 - 2021)","api_url":"https://www.abgeordnetenwatch.de/api/v2/fractions/81"}}]}
