{"id":[45251],"entity_type":["candidacy_mandate"],"label":["Matthias Gastel (Bundestag 2017 - 2021)"],"api_url":["https://www.abgeordnetenwatch.de/api/v2/candidacies-mandates/45251"],"id_external_administration":["1808"],"id_external_administration_description":["mdbID - ID der Bundestagsverwaltung"],"type":["mandate"],"parliament_period":{"id":[111],"entity_type":["parliament_period"],"label":["Bundestag 2017 - 2021"],"api_url":["https://www.abgeordnetenwatch.de/api/v2/parliament-periods/111"],"abgeordnetenwatch_url":["https://www.abgeordnetenwatch.de/bundestag/19"]},"politician":{"id":[79364],"entity_type":["politician"],"label":["Matthias Gastel"],"api_url":["https://www.abgeordnetenwatch.de/api/v2/politicians/79364"],"abgeordnetenwatch_url":["https://www.abgeordnetenwatch.de/profile/matthias-gastel"]},"start_date":{},"end_date":{},"info":{},"electoral_data":{"id":[45251],"entity_type":["electoral_data"],"label":["Matthias Gastel (Bundestag 2017 - 2021)"],"electoral_list":{"id":[106],"entity_type":["electoral_list"],"label":["Landesliste Baden-Württemberg (Bundestag 2017 - 2021)"],"api_url":["https://www.abgeordnetenwatch.de/api/v2/electoral-lists/106"]},"list_position":[10],"constituency":{"id":[4386],"entity_type":["constituency"],"label":["262 - Nürtingen (Bundestag 2017 - 2021)"],"api_url":["https://www.abgeordnetenwatch.de/api/v2/constituencies/4386"]},"constituency_result":[14.8],"constituency_result_count":{},"mandate_won":["list"]},"fraction_membership":[{"id":7503,"entity_type":"fraction_membership","label":"DIE GRÜNEN","fraction":{"id":153,"entity_type":"fraction","label":"DIE GRÜNEN (Bundestag 2017 - 2021)","api_url":"https://www.abgeordnetenwatch.de/api/v2/fractions/153"}}]}
