{"id":[45250],"entity_type":["candidacy_mandate"],"label":["Uwe Feiler (Bundestag 2017 - 2021)"],"api_url":["https://www.abgeordnetenwatch.de/api/v2/candidacies-mandates/45250"],"id_external_administration":["1801"],"id_external_administration_description":["mdbID - ID der Bundestagsverwaltung"],"type":["mandate"],"parliament_period":{"id":[111],"entity_type":["parliament_period"],"label":["Bundestag 2017 - 2021"],"api_url":["https://www.abgeordnetenwatch.de/api/v2/parliament-periods/111"],"abgeordnetenwatch_url":["https://www.abgeordnetenwatch.de/bundestag/19"]},"politician":{"id":[79391],"entity_type":["politician"],"label":["Uwe Feiler"],"api_url":["https://www.abgeordnetenwatch.de/api/v2/politicians/79391"],"abgeordnetenwatch_url":["https://www.abgeordnetenwatch.de/profile/uwe-feiler"]},"start_date":{},"end_date":{},"info":{},"electoral_data":{"id":[45250],"entity_type":["electoral_data"],"label":["Uwe Feiler (Bundestag 2017 - 2021)"],"electoral_list":{"id":[109],"entity_type":["electoral_list"],"label":["Landesliste Brandenburg (Bundestag 2017 - 2021)"],"api_url":["https://www.abgeordnetenwatch.de/api/v2/electoral-lists/109"]},"list_position":[5],"constituency":{"id":[4182],"entity_type":["constituency"],"label":["58 - Oberhavel - Havelland II (Bundestag 2017 - 2021)"],"api_url":["https://www.abgeordnetenwatch.de/api/v2/constituencies/4182"]},"constituency_result":{},"constituency_result_count":{},"mandate_won":["constituency"]},"fraction_membership":[{"id":7502,"entity_type":"fraction_membership","label":"CDU/CSU","fraction":{"id":81,"entity_type":"fraction","label":"CDU/CSU (Bundestag 2017 - 2021)","api_url":"https://www.abgeordnetenwatch.de/api/v2/fractions/81"}}]}
