{"id":[45324],"entity_type":["candidacy_mandate"],"label":["Patricia Lips (Bundestag 2017 - 2021)"],"api_url":["https://www.abgeordnetenwatch.de/api/v2/candidacies-mandates/45324"],"id_external_administration":["1196"],"id_external_administration_description":["mdbID - ID der Bundestagsverwaltung"],"type":["mandate"],"parliament_period":{"id":[111],"entity_type":["parliament_period"],"label":["Bundestag 2017 - 2021"],"api_url":["https://www.abgeordnetenwatch.de/api/v2/parliament-periods/111"],"abgeordnetenwatch_url":["https://www.abgeordnetenwatch.de/bundestag/19"]},"politician":{"id":[79150],"entity_type":["politician"],"label":["Patricia Lips"],"api_url":["https://www.abgeordnetenwatch.de/api/v2/politicians/79150"],"abgeordnetenwatch_url":["https://www.abgeordnetenwatch.de/profile/patricia-lips"]},"start_date":{},"end_date":{},"info":{},"electoral_data":{"id":[45324],"entity_type":["electoral_data"],"label":["Patricia Lips (Bundestag 2017 - 2021)"],"electoral_list":{"id":[112],"entity_type":["electoral_list"],"label":["Landesliste Hessen (Bundestag 2017 - 2021)"],"api_url":["https://www.abgeordnetenwatch.de/api/v2/electoral-lists/112"]},"list_position":[3],"constituency":{"id":[4311],"entity_type":["constituency"],"label":["187 - Odenwald (Bundestag 2017 - 2021)"],"api_url":["https://www.abgeordnetenwatch.de/api/v2/constituencies/4311"]},"constituency_result":[36.1],"constituency_result_count":{},"mandate_won":["constituency"]},"fraction_membership":[{"id":7576,"entity_type":"fraction_membership","label":"CDU/CSU","fraction":{"id":81,"entity_type":"fraction","label":"CDU/CSU (Bundestag 2017 - 2021)","api_url":"https://www.abgeordnetenwatch.de/api/v2/fractions/81"}}]}
