{"id":[45323],"entity_type":["candidacy_mandate"],"label":["Tobias Lindner (Bundestag 2017 - 2021)"],"api_url":["https://www.abgeordnetenwatch.de/api/v2/candidacies-mandates/45323"],"id_external_administration":["1752"],"id_external_administration_description":["mdbID - ID der Bundestagsverwaltung"],"type":["mandate"],"parliament_period":{"id":[111],"entity_type":["parliament_period"],"label":["Bundestag 2017 - 2021"],"api_url":["https://www.abgeordnetenwatch.de/api/v2/parliament-periods/111"],"abgeordnetenwatch_url":["https://www.abgeordnetenwatch.de/bundestag/19"]},"politician":{"id":[79193],"entity_type":["politician"],"label":["Tobias Lindner"],"api_url":["https://www.abgeordnetenwatch.de/api/v2/politicians/79193"],"abgeordnetenwatch_url":["https://www.abgeordnetenwatch.de/profile/tobias-lindner"]},"start_date":{},"end_date":{},"info":{},"electoral_data":{"id":[45323],"entity_type":["electoral_data"],"label":["Tobias Lindner (Bundestag 2017 - 2021)"],"electoral_list":{"id":[116],"entity_type":["electoral_list"],"label":["Landesliste Rheinland-Pfalz (Bundestag 2017 - 2021)"],"api_url":["https://www.abgeordnetenwatch.de/api/v2/electoral-lists/116"]},"list_position":[2],"constituency":{"id":[4335],"entity_type":["constituency"],"label":["211 - Südpfalz (Bundestag 2017 - 2021)"],"api_url":["https://www.abgeordnetenwatch.de/api/v2/constituencies/4335"]},"constituency_result":[7.9],"constituency_result_count":{},"mandate_won":["list"]},"fraction_membership":[{"id":7575,"entity_type":"fraction_membership","label":"DIE GRÜNEN","fraction":{"id":153,"entity_type":"fraction","label":"DIE GRÜNEN (Bundestag 2017 - 2021)","api_url":"https://www.abgeordnetenwatch.de/api/v2/fractions/153"}}]}
