{"id":[45322],"entity_type":["candidacy_mandate"],"label":["Andrea Lindholz (Bundestag 2017 - 2021)"],"api_url":["https://www.abgeordnetenwatch.de/api/v2/candidacies-mandates/45322"],"id_external_administration":["1872"],"id_external_administration_description":["mdbID - ID der Bundestagsverwaltung"],"type":["mandate"],"parliament_period":{"id":[111],"entity_type":["parliament_period"],"label":["Bundestag 2017 - 2021"],"api_url":["https://www.abgeordnetenwatch.de/api/v2/parliament-periods/111"],"abgeordnetenwatch_url":["https://www.abgeordnetenwatch.de/bundestag/19"]},"politician":{"id":[79192],"entity_type":["politician"],"label":["Andrea Lindholz"],"api_url":["https://www.abgeordnetenwatch.de/api/v2/politicians/79192"],"abgeordnetenwatch_url":["https://www.abgeordnetenwatch.de/profile/andrea-lindholz"]},"start_date":{},"end_date":{},"info":{},"electoral_data":{"id":[45322],"entity_type":["electoral_data"],"label":["Andrea Lindholz (Bundestag 2017 - 2021)"],"electoral_list":{"id":[107],"entity_type":["electoral_list"],"label":["Landesliste Bayern (Bundestag 2017 - 2021)"],"api_url":["https://www.abgeordnetenwatch.de/api/v2/electoral-lists/107"]},"list_position":[14],"constituency":{"id":[4371],"entity_type":["constituency"],"label":["247 - Aschaffenburg (Bundestag 2017 - 2021)"],"api_url":["https://www.abgeordnetenwatch.de/api/v2/constituencies/4371"]},"constituency_result":[48.1],"constituency_result_count":{},"mandate_won":["constituency"]},"fraction_membership":[{"id":7574,"entity_type":"fraction_membership","label":"CDU/CSU","fraction":{"id":81,"entity_type":"fraction","label":"CDU/CSU (Bundestag 2017 - 2021)","api_url":"https://www.abgeordnetenwatch.de/api/v2/fractions/81"}}]}
