{"id":[45337],"entity_type":["candidacy_mandate"],"label":["Niema Movassat (Bundestag 2017 - 2021)"],"api_url":["https://www.abgeordnetenwatch.de/api/v2/candidacies-mandates/45337"],"id_external_administration":["1582"],"id_external_administration_description":["mdbID - ID der Bundestagsverwaltung"],"type":["mandate"],"parliament_period":{"id":[111],"entity_type":["parliament_period"],"label":["Bundestag 2017 - 2021"],"api_url":["https://www.abgeordnetenwatch.de/api/v2/parliament-periods/111"],"abgeordnetenwatch_url":["https://www.abgeordnetenwatch.de/bundestag/19"]},"politician":{"id":[79122],"entity_type":["politician"],"label":["Niema Movassat"],"api_url":["https://www.abgeordnetenwatch.de/api/v2/politicians/79122"],"abgeordnetenwatch_url":["https://www.abgeordnetenwatch.de/profile/niema-movassat"]},"start_date":{},"end_date":{},"info":{},"electoral_data":{"id":[45337],"entity_type":["electoral_data"],"label":["Niema Movassat (Bundestag 2017 - 2021)"],"electoral_list":{"id":[115],"entity_type":["electoral_list"],"label":["Landesliste Nordrhein-Westfalen (Bundestag 2017 - 2021)"],"api_url":["https://www.abgeordnetenwatch.de/api/v2/electoral-lists/115"]},"list_position":[6],"constituency":{"id":[4241],"entity_type":["constituency"],"label":["117 - Oberhausen - Wesel III (Bundestag 2017 - 2021)"],"api_url":["https://www.abgeordnetenwatch.de/api/v2/constituencies/4241"]},"constituency_result":[7.6],"constituency_result_count":{},"mandate_won":["list"]},"fraction_membership":[{"id":7589,"entity_type":"fraction_membership","label":"DIE LINKE","fraction":{"id":41,"entity_type":"fraction","label":"DIE LINKE (Bundestag 2017 - 2021)","api_url":"https://www.abgeordnetenwatch.de/api/v2/fractions/41"}}]}
