{"id":[45331],"entity_type":["candidacy_mandate"],"label":["Stephan Mayer (Bundestag 2017 - 2021)"],"api_url":["https://www.abgeordnetenwatch.de/api/v2/candidacies-mandates/45331"],"id_external_administration":["1347"],"id_external_administration_description":["mdbID - ID der Bundestagsverwaltung"],"type":["mandate"],"parliament_period":{"id":[111],"entity_type":["parliament_period"],"label":["Bundestag 2017 - 2021"],"api_url":["https://www.abgeordnetenwatch.de/api/v2/parliament-periods/111"],"abgeordnetenwatch_url":["https://www.abgeordnetenwatch.de/bundestag/19"]},"politician":{"id":[79134],"entity_type":["politician"],"label":["Stephan Mayer"],"api_url":["https://www.abgeordnetenwatch.de/api/v2/politicians/79134"],"abgeordnetenwatch_url":["https://www.abgeordnetenwatch.de/profile/stephan-mayer"]},"start_date":{},"end_date":{},"info":{},"electoral_data":{"id":[45331],"entity_type":["electoral_data"],"label":["Stephan Mayer (Bundestag 2017 - 2021)"],"electoral_list":{},"list_position":[1],"constituency":{"id":[4336],"entity_type":["constituency"],"label":["212 - Altötting (Bundestag 2017 - 2021)"],"api_url":["https://www.abgeordnetenwatch.de/api/v2/constituencies/4336"]},"constituency_result":[54.5],"constituency_result_count":{},"mandate_won":["constituency"]},"fraction_membership":[{"id":7583,"entity_type":"fraction_membership","label":"CDU/CSU","fraction":{"id":81,"entity_type":"fraction","label":"CDU/CSU (Bundestag 2017 - 2021)","api_url":"https://www.abgeordnetenwatch.de/api/v2/fractions/81"}}]}
