{"id":[45336],"entity_type":["candidacy_mandate"],"label":["Karsten Möring (Bundestag 2017 - 2021)"],"api_url":["https://www.abgeordnetenwatch.de/api/v2/candidacies-mandates/45336"],"id_external_administration":["1886"],"id_external_administration_description":["mdbID - ID der Bundestagsverwaltung"],"type":["mandate"],"parliament_period":{"id":[111],"entity_type":["parliament_period"],"label":["Bundestag 2017 - 2021"],"api_url":["https://www.abgeordnetenwatch.de/api/v2/parliament-periods/111"],"abgeordnetenwatch_url":["https://www.abgeordnetenwatch.de/bundestag/19"]},"politician":{"id":[79124],"entity_type":["politician"],"label":["Karsten Möring"],"api_url":["https://www.abgeordnetenwatch.de/api/v2/politicians/79124"],"abgeordnetenwatch_url":["https://www.abgeordnetenwatch.de/profile/karsten-moering"]},"start_date":{},"end_date":{},"info":{},"electoral_data":{"id":[45336],"entity_type":["electoral_data"],"label":["Karsten Möring (Bundestag 2017 - 2021)"],"electoral_list":{"id":[115],"entity_type":["electoral_list"],"label":["Landesliste Nordrhein-Westfalen (Bundestag 2017 - 2021)"],"api_url":["https://www.abgeordnetenwatch.de/api/v2/electoral-lists/115"]},"list_position":[43],"constituency":{"id":[4217],"entity_type":["constituency"],"label":["93 - Köln I (Bundestag 2017 - 2021)"],"api_url":["https://www.abgeordnetenwatch.de/api/v2/constituencies/4217"]},"constituency_result":[31.6],"constituency_result_count":{},"mandate_won":["constituency"]},"fraction_membership":[{"id":7588,"entity_type":"fraction_membership","label":"CDU/CSU","fraction":{"id":81,"entity_type":"fraction","label":"CDU/CSU (Bundestag 2017 - 2021)","api_url":"https://www.abgeordnetenwatch.de/api/v2/fractions/81"}}]}
