{"id":[45339],"entity_type":["candidacy_mandate"],"label":["Detlef Müller (Bundestag 2017 - 2021)"],"api_url":["https://www.abgeordnetenwatch.de/api/v2/candidacies-mandates/45339"],"id_external_administration":["1470"],"id_external_administration_description":["mdbID - ID der Bundestagsverwaltung"],"type":["mandate"],"parliament_period":{"id":[111],"entity_type":["parliament_period"],"label":["Bundestag 2017 - 2021"],"api_url":["https://www.abgeordnetenwatch.de/api/v2/parliament-periods/111"],"abgeordnetenwatch_url":["https://www.abgeordnetenwatch.de/bundestag/19"]},"politician":{"id":[79483],"entity_type":["politician"],"label":["Detlef Müller"],"api_url":["https://www.abgeordnetenwatch.de/api/v2/politicians/79483"],"abgeordnetenwatch_url":["https://www.abgeordnetenwatch.de/profile/detlef-mueller"]},"start_date":{},"end_date":{},"info":{},"electoral_data":{"id":[45339],"entity_type":["electoral_data"],"label":["Detlef Müller (Bundestag 2017 - 2021)"],"electoral_list":{"id":[118],"entity_type":["electoral_list"],"label":["Landesliste Sachsen (Bundestag 2017 - 2021)"],"api_url":["https://www.abgeordnetenwatch.de/api/v2/electoral-lists/118"]},"list_position":[4],"constituency":{"id":[4286],"entity_type":["constituency"],"label":["162 - Chemnitz (Bundestag 2017 - 2021)"],"api_url":["https://www.abgeordnetenwatch.de/api/v2/constituencies/4286"]},"constituency_result":[15.4],"constituency_result_count":{},"mandate_won":["list"]},"fraction_membership":[{"id":7591,"entity_type":"fraction_membership","label":"SPD","fraction":{"id":22,"entity_type":"fraction","label":"SPD (Bundestag 2017 - 2021)","api_url":"https://www.abgeordnetenwatch.de/api/v2/fractions/22"}}]}
