{"id":[45338],"entity_type":["candidacy_mandate"],"label":["Norbert Müller (Bundestag 2017 - 2021)"],"api_url":["https://www.abgeordnetenwatch.de/api/v2/candidacies-mandates/45338"],"id_external_administration":["1993"],"id_external_administration_description":["mdbID - ID der Bundestagsverwaltung"],"type":["mandate"],"parliament_period":{"id":[111],"entity_type":["parliament_period"],"label":["Bundestag 2017 - 2021"],"api_url":["https://www.abgeordnetenwatch.de/api/v2/parliament-periods/111"],"abgeordnetenwatch_url":["https://www.abgeordnetenwatch.de/bundestag/19"]},"politician":{"id":[30839],"entity_type":["politician"],"label":["Norbert Müller"],"api_url":["https://www.abgeordnetenwatch.de/api/v2/politicians/30839"],"abgeordnetenwatch_url":["https://www.abgeordnetenwatch.de/profile/norbert-mueller"]},"start_date":{},"end_date":{},"info":{},"electoral_data":{"id":[45338],"entity_type":["electoral_data"],"label":["Norbert Müller (Bundestag 2017 - 2021)"],"electoral_list":{"id":[109],"entity_type":["electoral_list"],"label":["Landesliste Brandenburg (Bundestag 2017 - 2021)"],"api_url":["https://www.abgeordnetenwatch.de/api/v2/electoral-lists/109"]},"list_position":[4],"constituency":{"id":[4185],"entity_type":["constituency"],"label":["61 - Potsdam - Potsdam-Mittelmark II - Teltow-Fläming II (Bundestag 2017 - 2021)"],"api_url":["https://www.abgeordnetenwatch.de/api/v2/constituencies/4185"]},"constituency_result":[16.5],"constituency_result_count":{},"mandate_won":["list"]},"fraction_membership":[{"id":7590,"entity_type":"fraction_membership","label":"DIE LINKE","fraction":{"id":41,"entity_type":"fraction","label":"DIE LINKE (Bundestag 2017 - 2021)","api_url":"https://www.abgeordnetenwatch.de/api/v2/fractions/41"}}]}
