{"id":[45340],"entity_type":["candidacy_mandate"],"label":["Bettina Müller (Bundestag 2017 - 2021)"],"api_url":["https://www.abgeordnetenwatch.de/api/v2/candidacies-mandates/45340"],"id_external_administration":["1888"],"id_external_administration_description":["mdbID - ID der Bundestagsverwaltung"],"type":["mandate"],"parliament_period":{"id":[111],"entity_type":["parliament_period"],"label":["Bundestag 2017 - 2021"],"api_url":["https://www.abgeordnetenwatch.de/api/v2/parliament-periods/111"],"abgeordnetenwatch_url":["https://www.abgeordnetenwatch.de/bundestag/19"]},"politician":{"id":[78840],"entity_type":["politician"],"label":["Bettina Müller"],"api_url":["https://www.abgeordnetenwatch.de/api/v2/politicians/78840"],"abgeordnetenwatch_url":["https://www.abgeordnetenwatch.de/profile/bettina-mueller"]},"start_date":{},"end_date":{},"info":{},"electoral_data":{"id":[45340],"entity_type":["electoral_data"],"label":["Bettina Müller (Bundestag 2017 - 2021)"],"electoral_list":{"id":[112],"entity_type":["electoral_list"],"label":["Landesliste Hessen (Bundestag 2017 - 2021)"],"api_url":["https://www.abgeordnetenwatch.de/api/v2/electoral-lists/112"]},"list_position":[8],"constituency":{"id":[4299],"entity_type":["constituency"],"label":["175 - Main-Kinzig - Wetterau II - Schotten (Bundestag 2017 - 2021)"],"api_url":["https://www.abgeordnetenwatch.de/api/v2/constituencies/4299"]},"constituency_result":[28.3],"constituency_result_count":{},"mandate_won":["list"]},"fraction_membership":[{"id":7592,"entity_type":"fraction_membership","label":"SPD","fraction":{"id":22,"entity_type":"fraction","label":"SPD (Bundestag 2017 - 2021)","api_url":"https://www.abgeordnetenwatch.de/api/v2/fractions/22"}}]}
