{"id":[45346],"entity_type":["candidacy_mandate"],"label":["Thomas Nord (Bundestag 2017 - 2021)"],"api_url":["https://www.abgeordnetenwatch.de/api/v2/candidacies-mandates/45346"],"id_external_administration":["1579"],"id_external_administration_description":["mdbID - ID der Bundestagsverwaltung"],"type":["mandate"],"parliament_period":{"id":[111],"entity_type":["parliament_period"],"label":["Bundestag 2017 - 2021"],"api_url":["https://www.abgeordnetenwatch.de/api/v2/parliament-periods/111"],"abgeordnetenwatch_url":["https://www.abgeordnetenwatch.de/bundestag/19"]},"politician":{"id":[79114],"entity_type":["politician"],"label":["Thomas Nord"],"api_url":["https://www.abgeordnetenwatch.de/api/v2/politicians/79114"],"abgeordnetenwatch_url":["https://www.abgeordnetenwatch.de/profile/thomas-nord"]},"start_date":{},"end_date":{},"info":{},"electoral_data":{"id":[45346],"entity_type":["electoral_data"],"label":["Thomas Nord (Bundestag 2017 - 2021)"],"electoral_list":{"id":[109],"entity_type":["electoral_list"],"label":["Landesliste Brandenburg (Bundestag 2017 - 2021)"],"api_url":["https://www.abgeordnetenwatch.de/api/v2/electoral-lists/109"]},"list_position":[2],"constituency":{"id":[4187],"entity_type":["constituency"],"label":["63 - Frankfurt (Oder) - Oder-Spree (Bundestag 2017 - 2021)"],"api_url":["https://www.abgeordnetenwatch.de/api/v2/constituencies/4187"]},"constituency_result":[19.1],"constituency_result_count":{},"mandate_won":["list"]},"fraction_membership":[{"id":7598,"entity_type":"fraction_membership","label":"DIE LINKE","fraction":{"id":41,"entity_type":"fraction","label":"DIE LINKE (Bundestag 2017 - 2021)","api_url":"https://www.abgeordnetenwatch.de/api/v2/fractions/41"}}]}
