{"id":[45347],"entity_type":["candidacy_mandate"],"label":["Omid Nouripour (Bundestag 2017 - 2021)"],"api_url":["https://www.abgeordnetenwatch.de/api/v2/candidacies-mandates/45347"],"id_external_administration":["1529"],"id_external_administration_description":["mdbID - ID der Bundestagsverwaltung"],"type":["mandate"],"parliament_period":{"id":[111],"entity_type":["parliament_period"],"label":["Bundestag 2017 - 2021"],"api_url":["https://www.abgeordnetenwatch.de/api/v2/parliament-periods/111"],"abgeordnetenwatch_url":["https://www.abgeordnetenwatch.de/bundestag/19"]},"politician":{"id":[79103],"entity_type":["politician"],"label":["Omid Nouripour"],"api_url":["https://www.abgeordnetenwatch.de/api/v2/politicians/79103"],"abgeordnetenwatch_url":["https://www.abgeordnetenwatch.de/profile/omid-nouripour"]},"start_date":{},"end_date":{},"info":{},"electoral_data":{"id":[45347],"entity_type":["electoral_data"],"label":["Omid Nouripour (Bundestag 2017 - 2021)"],"electoral_list":{"id":[112],"entity_type":["electoral_list"],"label":["Landesliste Hessen (Bundestag 2017 - 2021)"],"api_url":["https://www.abgeordnetenwatch.de/api/v2/electoral-lists/112"]},"list_position":[2],"constituency":{"id":[4307],"entity_type":["constituency"],"label":["183 - Frankfurt am Main II (Bundestag 2017 - 2021)"],"api_url":["https://www.abgeordnetenwatch.de/api/v2/constituencies/4307"]},"constituency_result":[13.5],"constituency_result_count":{},"mandate_won":["list"]},"fraction_membership":[{"id":7599,"entity_type":"fraction_membership","label":"DIE GRÜNEN","fraction":{"id":153,"entity_type":"fraction","label":"DIE GRÜNEN (Bundestag 2017 - 2021)","api_url":"https://www.abgeordnetenwatch.de/api/v2/fractions/153"}}]}
