{"id":[45348],"entity_type":["candidacy_mandate"],"label":["Georg Nüßlein (Bundestag 2017 - 2021)"],"api_url":["https://www.abgeordnetenwatch.de/api/v2/candidacies-mandates/45348"],"id_external_administration":["1301"],"id_external_administration_description":["mdbID - ID der Bundestagsverwaltung"],"type":["mandate"],"parliament_period":{"id":[111],"entity_type":["parliament_period"],"label":["Bundestag 2017 - 2021"],"api_url":["https://www.abgeordnetenwatch.de/api/v2/parliament-periods/111"],"abgeordnetenwatch_url":["https://www.abgeordnetenwatch.de/bundestag/19"]},"politician":{"id":[79105],"entity_type":["politician"],"label":["Georg Nüßlein"],"api_url":["https://www.abgeordnetenwatch.de/api/v2/politicians/79105"],"abgeordnetenwatch_url":["https://www.abgeordnetenwatch.de/profile/georg-nuesslein"]},"start_date":{},"end_date":{},"info":{},"electoral_data":{"id":[45348],"entity_type":["electoral_data"],"label":["Georg Nüßlein (Bundestag 2017 - 2021)"],"electoral_list":{},"list_position":[1],"constituency":{"id":[4379],"entity_type":["constituency"],"label":["255 - Neu-Ulm (Bundestag 2017 - 2021)"],"api_url":["https://www.abgeordnetenwatch.de/api/v2/constituencies/4379"]},"constituency_result":[44.6],"constituency_result_count":{},"mandate_won":["constituency"]},"fraction_membership":[{"id":9121,"entity_type":"fraction_membership","label":"fraktionslos seit 08.03.2021","fraction":{"id":231,"entity_type":"fraction","label":"fraktionslos (Bundestag 2017 - 2021)","api_url":"https://www.abgeordnetenwatch.de/api/v2/fractions/231"},"valid_from":"2021-03-08"}]}
