{"id":[45353],"entity_type":["candidacy_mandate"],"label":["Mahmut Özdemir (Bundestag 2017 - 2021)"],"api_url":["https://www.abgeordnetenwatch.de/api/v2/candidacies-mandates/45353"],"id_external_administration":["1899"],"id_external_administration_description":["mdbID - ID der Bundestagsverwaltung"],"type":["mandate"],"parliament_period":{"id":[111],"entity_type":["parliament_period"],"label":["Bundestag 2017 - 2021"],"api_url":["https://www.abgeordnetenwatch.de/api/v2/parliament-periods/111"],"abgeordnetenwatch_url":["https://www.abgeordnetenwatch.de/bundestag/19"]},"politician":{"id":[78834],"entity_type":["politician"],"label":["Mahmut Özdemir"],"api_url":["https://www.abgeordnetenwatch.de/api/v2/politicians/78834"],"abgeordnetenwatch_url":["https://www.abgeordnetenwatch.de/profile/mahmut-oezdemir"]},"start_date":{},"end_date":{},"info":{},"electoral_data":{"id":[45353],"entity_type":["electoral_data"],"label":["Mahmut Özdemir (Bundestag 2017 - 2021)"],"electoral_list":{"id":[115],"entity_type":["electoral_list"],"label":["Landesliste Nordrhein-Westfalen (Bundestag 2017 - 2021)"],"api_url":["https://www.abgeordnetenwatch.de/api/v2/electoral-lists/115"]},"list_position":[63],"constituency":{"id":[4240],"entity_type":["constituency"],"label":["116 - Duisburg II (Bundestag 2017 - 2021)"],"api_url":["https://www.abgeordnetenwatch.de/api/v2/constituencies/4240"]},"constituency_result":[34.7],"constituency_result_count":{},"mandate_won":["constituency"]},"fraction_membership":[{"id":7605,"entity_type":"fraction_membership","label":"SPD","fraction":{"id":22,"entity_type":"fraction","label":"SPD (Bundestag 2017 - 2021)","api_url":"https://www.abgeordnetenwatch.de/api/v2/fractions/22"}}]}
