{"id":[45355],"entity_type":["candidacy_mandate"],"label":["Sylvia Pantel (Bundestag 2017 - 2021)"],"api_url":["https://www.abgeordnetenwatch.de/api/v2/candidacies-mandates/45355"],"id_external_administration":["1901"],"id_external_administration_description":["mdbID - ID der Bundestagsverwaltung"],"type":["mandate"],"parliament_period":{"id":[111],"entity_type":["parliament_period"],"label":["Bundestag 2017 - 2021"],"api_url":["https://www.abgeordnetenwatch.de/api/v2/parliament-periods/111"],"abgeordnetenwatch_url":["https://www.abgeordnetenwatch.de/bundestag/19"]},"politician":{"id":[79096],"entity_type":["politician"],"label":["Sylvia Pantel"],"api_url":["https://www.abgeordnetenwatch.de/api/v2/politicians/79096"],"abgeordnetenwatch_url":["https://www.abgeordnetenwatch.de/profile/sylvia-pantel"]},"start_date":{},"end_date":{},"info":{},"electoral_data":{"id":[45355],"entity_type":["electoral_data"],"label":["Sylvia Pantel (Bundestag 2017 - 2021)"],"electoral_list":{"id":[115],"entity_type":["electoral_list"],"label":["Landesliste Nordrhein-Westfalen (Bundestag 2017 - 2021)"],"api_url":["https://www.abgeordnetenwatch.de/api/v2/electoral-lists/115"]},"list_position":[45],"constituency":{"id":[4231],"entity_type":["constituency"],"label":["107 - Düsseldorf II (Bundestag 2017 - 2021)"],"api_url":["https://www.abgeordnetenwatch.de/api/v2/constituencies/4231"]},"constituency_result":[33.8],"constituency_result_count":{},"mandate_won":["constituency"]},"fraction_membership":[{"id":7607,"entity_type":"fraction_membership","label":"CDU/CSU","fraction":{"id":81,"entity_type":"fraction","label":"CDU/CSU (Bundestag 2017 - 2021)","api_url":"https://www.abgeordnetenwatch.de/api/v2/fractions/81"}}]}
