{"id":[45352],"entity_type":["candidacy_mandate"],"label":["Cem Özdemir (Bundestag 2017 - 2021)"],"api_url":["https://www.abgeordnetenwatch.de/api/v2/candidacies-mandates/45352"],"id_external_administration":["1898"],"id_external_administration_description":["mdbID - ID der Bundestagsverwaltung"],"type":["mandate"],"parliament_period":{"id":[111],"entity_type":["parliament_period"],"label":["Bundestag 2017 - 2021"],"api_url":["https://www.abgeordnetenwatch.de/api/v2/parliament-periods/111"],"abgeordnetenwatch_url":["https://www.abgeordnetenwatch.de/bundestag/19"]},"politician":{"id":[79102],"entity_type":["politician"],"label":["Cem Özdemir"],"api_url":["https://www.abgeordnetenwatch.de/api/v2/politicians/79102"],"abgeordnetenwatch_url":["https://www.abgeordnetenwatch.de/profile/cem-oezdemir"]},"start_date":{},"end_date":{},"info":{},"electoral_data":{"id":[45352],"entity_type":["electoral_data"],"label":["Cem Özdemir (Bundestag 2017 - 2021)"],"electoral_list":{"id":[106],"entity_type":["electoral_list"],"label":["Landesliste Baden-Württemberg (Bundestag 2017 - 2021)"],"api_url":["https://www.abgeordnetenwatch.de/api/v2/electoral-lists/106"]},"list_position":[2],"constituency":{"id":[4382],"entity_type":["constituency"],"label":["258 - Stuttgart I (Bundestag 2017 - 2021)"],"api_url":["https://www.abgeordnetenwatch.de/api/v2/constituencies/4382"]},"constituency_result":[29.7],"constituency_result_count":{},"mandate_won":["list"]},"fraction_membership":[{"id":7604,"entity_type":"fraction_membership","label":"DIE GRÜNEN","fraction":{"id":153,"entity_type":"fraction","label":"DIE GRÜNEN (Bundestag 2017 - 2021)","api_url":"https://www.abgeordnetenwatch.de/api/v2/fractions/153"}}]}
