{"id":[45404],"entity_type":["candidacy_mandate"],"label":["Johannes Selle (Bundestag 2017 - 2021)"],"api_url":["https://www.abgeordnetenwatch.de/api/v2/candidacies-mandates/45404"],"id_external_administration":["1728"],"id_external_administration_description":["mdbID - ID der Bundestagsverwaltung"],"type":["mandate"],"parliament_period":{"id":[111],"entity_type":["parliament_period"],"label":["Bundestag 2017 - 2021"],"api_url":["https://www.abgeordnetenwatch.de/api/v2/parliament-periods/111"],"abgeordnetenwatch_url":["https://www.abgeordnetenwatch.de/bundestag/19"]},"politician":{"id":[78826],"entity_type":["politician"],"label":["Johannes Selle"],"api_url":["https://www.abgeordnetenwatch.de/api/v2/politicians/78826"],"abgeordnetenwatch_url":["https://www.abgeordnetenwatch.de/profile/johannes-selle"]},"start_date":{},"end_date":{},"info":{},"electoral_data":{"id":[45404],"entity_type":["electoral_data"],"label":["Johannes Selle (Bundestag 2017 - 2021)"],"electoral_list":{"id":[121],"entity_type":["electoral_list"],"label":["Landesliste Thüringen (Bundestag 2017 - 2021)"],"api_url":["https://www.abgeordnetenwatch.de/api/v2/electoral-lists/121"]},"list_position":[7],"constituency":{"id":[4315],"entity_type":["constituency"],"label":["191 - Jena – Sömmerda – Weimarer Land I (Bundestag 2017 - 2021)"],"api_url":["https://www.abgeordnetenwatch.de/api/v2/constituencies/4315"]},"constituency_result":[29.2],"constituency_result_count":{},"mandate_won":["constituency"]},"fraction_membership":[{"id":7656,"entity_type":"fraction_membership","label":"CDU/CSU","fraction":{"id":81,"entity_type":"fraction","label":"CDU/CSU (Bundestag 2017 - 2021)","api_url":"https://www.abgeordnetenwatch.de/api/v2/fractions/81"}}]}
