{"id":[45405],"entity_type":["candidacy_mandate"],"label":["Patrick Sensburg (Bundestag 2017 - 2021)"],"api_url":["https://www.abgeordnetenwatch.de/api/v2/candidacies-mandates/45405"],"id_external_administration":["1699"],"id_external_administration_description":["mdbID - ID der Bundestagsverwaltung"],"type":["mandate"],"parliament_period":{"id":[111],"entity_type":["parliament_period"],"label":["Bundestag 2017 - 2021"],"api_url":["https://www.abgeordnetenwatch.de/api/v2/parliament-periods/111"],"abgeordnetenwatch_url":["https://www.abgeordnetenwatch.de/bundestag/19"]},"politician":{"id":[78828],"entity_type":["politician"],"label":["Patrick Sensburg"],"api_url":["https://www.abgeordnetenwatch.de/api/v2/politicians/78828"],"abgeordnetenwatch_url":["https://www.abgeordnetenwatch.de/profile/patrick-sensburg"]},"start_date":{},"end_date":{},"info":{},"electoral_data":{"id":[45405],"entity_type":["electoral_data"],"label":["Patrick Sensburg (Bundestag 2017 - 2021)"],"electoral_list":{},"list_position":[1],"constituency":{"id":[4271],"entity_type":["constituency"],"label":["147 - Hochsauerlandkreis (Bundestag 2017 - 2021)"],"api_url":["https://www.abgeordnetenwatch.de/api/v2/constituencies/4271"]},"constituency_result":[48],"constituency_result_count":{},"mandate_won":["constituency"]},"fraction_membership":[{"id":7657,"entity_type":"fraction_membership","label":"CDU/CSU","fraction":{"id":81,"entity_type":"fraction","label":"CDU/CSU (Bundestag 2017 - 2021)","api_url":"https://www.abgeordnetenwatch.de/api/v2/fractions/81"}}]}
