{"id":[45402],"entity_type":["candidacy_mandate"],"label":["Rita Schwarzelühr-Sutter (Bundestag 2017 - 2021)"],"api_url":["https://www.abgeordnetenwatch.de/api/v2/candidacies-mandates/45402"],"id_external_administration":["1501"],"id_external_administration_description":["mdbID - ID der Bundestagsverwaltung"],"type":["mandate"],"parliament_period":{"id":[111],"entity_type":["parliament_period"],"label":["Bundestag 2017 - 2021"],"api_url":["https://www.abgeordnetenwatch.de/api/v2/parliament-periods/111"],"abgeordnetenwatch_url":["https://www.abgeordnetenwatch.de/bundestag/19"]},"politician":{"id":[79001],"entity_type":["politician"],"label":["Rita Schwarzelühr-Sutter"],"api_url":["https://www.abgeordnetenwatch.de/api/v2/politicians/79001"],"abgeordnetenwatch_url":["https://www.abgeordnetenwatch.de/profile/rita-schwarzeluehr-sutter"]},"start_date":{},"end_date":{},"info":{},"electoral_data":{"id":[45402],"entity_type":["electoral_data"],"label":["Rita Schwarzelühr-Sutter (Bundestag 2017 - 2021)"],"electoral_list":{"id":[106],"entity_type":["electoral_list"],"label":["Landesliste Baden-Württemberg (Bundestag 2017 - 2021)"],"api_url":["https://www.abgeordnetenwatch.de/api/v2/electoral-lists/106"]},"list_position":[3],"constituency":{"id":[4412],"entity_type":["constituency"],"label":["288 - Waldshut (Bundestag 2017 - 2021)"],"api_url":["https://www.abgeordnetenwatch.de/api/v2/constituencies/4412"]},"constituency_result":[24.1],"constituency_result_count":{},"mandate_won":["list"]},"fraction_membership":[{"id":7654,"entity_type":"fraction_membership","label":"SPD","fraction":{"id":22,"entity_type":"fraction","label":"SPD (Bundestag 2017 - 2021)","api_url":"https://www.abgeordnetenwatch.de/api/v2/fractions/22"}}]}
