{"id":[45419],"entity_type":["candidacy_mandate"],"label":["Dieter Stier (Bundestag 2017 - 2021)"],"api_url":["https://www.abgeordnetenwatch.de/api/v2/candidacies-mandates/45419"],"id_external_administration":["1632"],"id_external_administration_description":["mdbID - ID der Bundestagsverwaltung"],"type":["mandate"],"parliament_period":{"id":[111],"entity_type":["parliament_period"],"label":["Bundestag 2017 - 2021"],"api_url":["https://www.abgeordnetenwatch.de/api/v2/parliament-periods/111"],"abgeordnetenwatch_url":["https://www.abgeordnetenwatch.de/bundestag/19"]},"politician":{"id":[78979],"entity_type":["politician"],"label":["Dieter Stier"],"api_url":["https://www.abgeordnetenwatch.de/api/v2/politicians/78979"],"abgeordnetenwatch_url":["https://www.abgeordnetenwatch.de/profile/dieter-stier"]},"start_date":{},"end_date":{},"info":{},"electoral_data":{"id":[45419],"entity_type":["electoral_data"],"label":["Dieter Stier (Bundestag 2017 - 2021)"],"electoral_list":{"id":[119],"entity_type":["electoral_list"],"label":["Landesliste Sachsen-Anhalt (Bundestag 2017 - 2021)"],"api_url":["https://www.abgeordnetenwatch.de/api/v2/electoral-lists/119"]},"list_position":[4],"constituency":{"id":[4197],"entity_type":["constituency"],"label":["73 - Burgenland - Saalekreis (Bundestag 2017 - 2021)"],"api_url":["https://www.abgeordnetenwatch.de/api/v2/constituencies/4197"]},"constituency_result":[33.6],"constituency_result_count":{},"mandate_won":["constituency"]},"fraction_membership":[{"id":7672,"entity_type":"fraction_membership","label":"CDU/CSU","fraction":{"id":81,"entity_type":"fraction","label":"CDU/CSU (Bundestag 2017 - 2021)","api_url":"https://www.abgeordnetenwatch.de/api/v2/fractions/81"}}]}
