{"id":[45418],"entity_type":["candidacy_mandate"],"label":["Kersten Steinke (Bundestag 2017 - 2021)"],"api_url":["https://www.abgeordnetenwatch.de/api/v2/candidacies-mandates/45418"],"id_external_administration":["1075"],"id_external_administration_description":["mdbID - ID der Bundestagsverwaltung"],"type":["mandate"],"parliament_period":{"id":[111],"entity_type":["parliament_period"],"label":["Bundestag 2017 - 2021"],"api_url":["https://www.abgeordnetenwatch.de/api/v2/parliament-periods/111"],"abgeordnetenwatch_url":["https://www.abgeordnetenwatch.de/bundestag/19"]},"politician":{"id":[78986],"entity_type":["politician"],"label":["Kersten Steinke"],"api_url":["https://www.abgeordnetenwatch.de/api/v2/politicians/78986"],"abgeordnetenwatch_url":["https://www.abgeordnetenwatch.de/profile/kersten-steinke"]},"start_date":{},"end_date":{},"info":{},"electoral_data":{"id":[45418],"entity_type":["electoral_data"],"label":["Kersten Steinke (Bundestag 2017 - 2021)"],"electoral_list":{"id":[121],"entity_type":["electoral_list"],"label":["Landesliste Thüringen (Bundestag 2017 - 2021)"],"api_url":["https://www.abgeordnetenwatch.de/api/v2/electoral-lists/121"]},"list_position":[3],"constituency":{"id":[4313],"entity_type":["constituency"],"label":["189 - Eichsfeld – Nordhausen – Kyffhäuserkreis (Bundestag 2017 - 2021)"],"api_url":["https://www.abgeordnetenwatch.de/api/v2/constituencies/4313"]},"constituency_result":[15.3],"constituency_result_count":{},"mandate_won":["list"]},"fraction_membership":[{"id":7671,"entity_type":"fraction_membership","label":"DIE LINKE","fraction":{"id":41,"entity_type":"fraction","label":"DIE LINKE (Bundestag 2017 - 2021)","api_url":"https://www.abgeordnetenwatch.de/api/v2/fractions/41"}}]}
