{"id":[45417],"entity_type":["candidacy_mandate"],"label":["Johannes Steiniger (Bundestag 2017 - 2021)"],"api_url":["https://www.abgeordnetenwatch.de/api/v2/candidacies-mandates/45417"],"id_external_administration":["1949"],"id_external_administration_description":["mdbID - ID der Bundestagsverwaltung"],"type":["mandate"],"parliament_period":{"id":[111],"entity_type":["parliament_period"],"label":["Bundestag 2017 - 2021"],"api_url":["https://www.abgeordnetenwatch.de/api/v2/parliament-periods/111"],"abgeordnetenwatch_url":["https://www.abgeordnetenwatch.de/bundestag/19"]},"politician":{"id":[78797],"entity_type":["politician"],"label":["Johannes Steiniger"],"api_url":["https://www.abgeordnetenwatch.de/api/v2/politicians/78797"],"abgeordnetenwatch_url":["https://www.abgeordnetenwatch.de/profile/johannes-steiniger"]},"start_date":{},"end_date":{},"info":{},"electoral_data":{"id":[45417],"entity_type":["electoral_data"],"label":["Johannes Steiniger (Bundestag 2017 - 2021)"],"electoral_list":{},"list_position":[1],"constituency":{"id":[4332],"entity_type":["constituency"],"label":["208 - Neustadt - Speyer (Bundestag 2017 - 2021)"],"api_url":["https://www.abgeordnetenwatch.de/api/v2/constituencies/4332"]},"constituency_result":[40],"constituency_result_count":{},"mandate_won":["constituency"]},"fraction_membership":[{"id":7670,"entity_type":"fraction_membership","label":"CDU/CSU","fraction":{"id":81,"entity_type":"fraction","label":"CDU/CSU (Bundestag 2017 - 2021)","api_url":"https://www.abgeordnetenwatch.de/api/v2/fractions/81"}}]}
