{"id":[45410],"entity_type":["candidacy_mandate"],"label":["Rainer Spiering (Bundestag 2017 - 2021)"],"api_url":["https://www.abgeordnetenwatch.de/api/v2/candidacies-mandates/45410"],"id_external_administration":["1941"],"id_external_administration_description":["mdbID - ID der Bundestagsverwaltung"],"type":["mandate"],"parliament_period":{"id":[111],"entity_type":["parliament_period"],"label":["Bundestag 2017 - 2021"],"api_url":["https://www.abgeordnetenwatch.de/api/v2/parliament-periods/111"],"abgeordnetenwatch_url":["https://www.abgeordnetenwatch.de/bundestag/19"]},"politician":{"id":[78994],"entity_type":["politician"],"label":["Rainer Spiering"],"api_url":["https://www.abgeordnetenwatch.de/api/v2/politicians/78994"],"abgeordnetenwatch_url":["https://www.abgeordnetenwatch.de/profile/rainer-spiering"]},"start_date":{},"end_date":{},"info":{},"electoral_data":{"id":[45410],"entity_type":["electoral_data"],"label":["Rainer Spiering (Bundestag 2017 - 2021)"],"electoral_list":{"id":[114],"entity_type":["electoral_list"],"label":["Landesliste Niedersachsen (Bundestag 2017 - 2021)"],"api_url":["https://www.abgeordnetenwatch.de/api/v2/electoral-lists/114"]},"list_position":[9],"constituency":{"id":[4162],"entity_type":["constituency"],"label":["38 - Osnabrück-Land (Bundestag 2017 - 2021)"],"api_url":["https://www.abgeordnetenwatch.de/api/v2/constituencies/4162"]},"constituency_result":[28.3],"constituency_result_count":{},"mandate_won":["list"]},"fraction_membership":[{"id":7663,"entity_type":"fraction_membership","label":"SPD","fraction":{"id":22,"entity_type":"fraction","label":"SPD (Bundestag 2017 - 2021)","api_url":"https://www.abgeordnetenwatch.de/api/v2/fractions/22"}}]}
