{"id":[45411],"entity_type":["candidacy_mandate"],"label":["Svenja Stadler (Bundestag 2017 - 2021)"],"api_url":["https://www.abgeordnetenwatch.de/api/v2/candidacies-mandates/45411"],"id_external_administration":["1943"],"id_external_administration_description":["mdbID - ID der Bundestagsverwaltung"],"type":["mandate"],"parliament_period":{"id":[111],"entity_type":["parliament_period"],"label":["Bundestag 2017 - 2021"],"api_url":["https://www.abgeordnetenwatch.de/api/v2/parliament-periods/111"],"abgeordnetenwatch_url":["https://www.abgeordnetenwatch.de/bundestag/19"]},"politician":{"id":[78996],"entity_type":["politician"],"label":["Svenja Stadler"],"api_url":["https://www.abgeordnetenwatch.de/api/v2/politicians/78996"],"abgeordnetenwatch_url":["https://www.abgeordnetenwatch.de/profile/svenja-stadler"]},"start_date":{},"end_date":{},"info":{},"electoral_data":{"id":[45411],"entity_type":["electoral_data"],"label":["Svenja Stadler (Bundestag 2017 - 2021)"],"electoral_list":{"id":[114],"entity_type":["electoral_list"],"label":["Landesliste Niedersachsen (Bundestag 2017 - 2021)"],"api_url":["https://www.abgeordnetenwatch.de/api/v2/electoral-lists/114"]},"list_position":[8],"constituency":{"id":[4160],"entity_type":["constituency"],"label":["36 - Harburg (Bundestag 2017 - 2021)"],"api_url":["https://www.abgeordnetenwatch.de/api/v2/constituencies/4160"]},"constituency_result":[27.4],"constituency_result_count":{},"mandate_won":["list"]},"fraction_membership":[{"id":7664,"entity_type":"fraction_membership","label":"SPD","fraction":{"id":22,"entity_type":"fraction","label":"SPD (Bundestag 2017 - 2021)","api_url":"https://www.abgeordnetenwatch.de/api/v2/fractions/22"}}]}
