{"id":[45466],"entity_type":["candidacy_mandate"],"label":["Daniela De Ridder (Bundestag 2017 - 2021)"],"api_url":["https://www.abgeordnetenwatch.de/api/v2/candidacies-mandates/45466"],"id_external_administration":["1917"],"id_external_administration_description":["mdbID - ID der Bundestagsverwaltung"],"type":["mandate"],"parliament_period":{"id":[111],"entity_type":["parliament_period"],"label":["Bundestag 2017 - 2021"],"api_url":["https://www.abgeordnetenwatch.de/api/v2/parliament-periods/111"],"abgeordnetenwatch_url":["https://www.abgeordnetenwatch.de/bundestag/19"]},"politician":{"id":[79415],"entity_type":["politician"],"label":["Daniela De Ridder"],"api_url":["https://www.abgeordnetenwatch.de/api/v2/politicians/79415"],"abgeordnetenwatch_url":["https://www.abgeordnetenwatch.de/profile/daniela-de-ridder"]},"start_date":{},"end_date":{},"info":{},"electoral_data":{"id":[45466],"entity_type":["electoral_data"],"label":["Daniela De Ridder (Bundestag 2017 - 2021)"],"electoral_list":{"id":[114],"entity_type":["electoral_list"],"label":["Landesliste Niedersachsen (Bundestag 2017 - 2021)"],"api_url":["https://www.abgeordnetenwatch.de/api/v2/electoral-lists/114"]},"list_position":[4],"constituency":{"id":[4155],"entity_type":["constituency"],"label":["31 - Mittelems (Bundestag 2017 - 2021)"],"api_url":["https://www.abgeordnetenwatch.de/api/v2/constituencies/4155"]},"constituency_result":[26.4],"constituency_result_count":{},"mandate_won":["list"]},"fraction_membership":[{"id":7719,"entity_type":"fraction_membership","label":"SPD","fraction":{"id":22,"entity_type":"fraction","label":"SPD (Bundestag 2017 - 2021)","api_url":"https://www.abgeordnetenwatch.de/api/v2/fractions/22"}}]}
