{"id":[45467],"entity_type":["candidacy_mandate"],"label":["Michael von Abercron (Bundestag 2017 - 2021)"],"api_url":["https://www.abgeordnetenwatch.de/api/v2/candidacies-mandates/45467"],"id_external_administration":["2016"],"id_external_administration_description":["mdbID - ID der Bundestagsverwaltung"],"type":["mandate"],"parliament_period":{"id":[111],"entity_type":["parliament_period"],"label":["Bundestag 2017 - 2021"],"api_url":["https://www.abgeordnetenwatch.de/api/v2/parliament-periods/111"],"abgeordnetenwatch_url":["https://www.abgeordnetenwatch.de/bundestag/19"]},"politician":{"id":[139060],"entity_type":["politician"],"label":["Michael von Abercron"],"api_url":["https://www.abgeordnetenwatch.de/api/v2/politicians/139060"],"abgeordnetenwatch_url":["https://www.abgeordnetenwatch.de/profile/michael-von-abercron"]},"start_date":{},"end_date":{},"info":{},"electoral_data":{"id":[45467],"entity_type":["electoral_data"],"label":["Michael von Abercron (Bundestag 2017 - 2021)"],"electoral_list":{"id":[120],"entity_type":["electoral_list"],"label":["Landesliste Schleswig-Holstein (Bundestag 2017 - 2021)"],"api_url":["https://www.abgeordnetenwatch.de/api/v2/electoral-lists/120"]},"list_position":[11],"constituency":{"id":[4131],"entity_type":["constituency"],"label":["7 - Pinneberg (Bundestag 2017 - 2021)"],"api_url":["https://www.abgeordnetenwatch.de/api/v2/constituencies/4131"]},"constituency_result":[39.7],"constituency_result_count":{},"mandate_won":["constituency"]},"fraction_membership":[{"id":7720,"entity_type":"fraction_membership","label":"CDU/CSU","fraction":{"id":81,"entity_type":"fraction","label":"CDU/CSU (Bundestag 2017 - 2021)","api_url":"https://www.abgeordnetenwatch.de/api/v2/fractions/81"}}]}
