{"id":[45473],"entity_type":["candidacy_mandate"],"label":["Astrid Mannes (Bundestag 2017 - 2021)"],"api_url":["https://www.abgeordnetenwatch.de/api/v2/candidacies-mandates/45473"],"id_external_administration":["2173"],"id_external_administration_description":["mdbID - ID der Bundestagsverwaltung"],"type":["mandate"],"parliament_period":{"id":[111],"entity_type":["parliament_period"],"label":["Bundestag 2017 - 2021"],"api_url":["https://www.abgeordnetenwatch.de/api/v2/parliament-periods/111"],"abgeordnetenwatch_url":["https://www.abgeordnetenwatch.de/bundestag/19"]},"politician":{"id":[145889],"entity_type":["politician"],"label":["Astrid Mannes"],"api_url":["https://www.abgeordnetenwatch.de/api/v2/politicians/145889"],"abgeordnetenwatch_url":["https://www.abgeordnetenwatch.de/profile/astrid-mannes"]},"start_date":{},"end_date":{},"info":{},"electoral_data":{"id":[45473],"entity_type":["electoral_data"],"label":["Astrid Mannes (Bundestag 2017 - 2021)"],"electoral_list":{"id":[112],"entity_type":["electoral_list"],"label":["Landesliste Hessen (Bundestag 2017 - 2021)"],"api_url":["https://www.abgeordnetenwatch.de/api/v2/electoral-lists/112"]},"list_position":[12],"constituency":{"id":[4310],"entity_type":["constituency"],"label":["186 - Darmstadt (Bundestag 2017 - 2021)"],"api_url":["https://www.abgeordnetenwatch.de/api/v2/constituencies/4310"]},"constituency_result":[30.7],"constituency_result_count":{},"mandate_won":["constituency"]},"fraction_membership":[{"id":7726,"entity_type":"fraction_membership","label":"CDU/CSU","fraction":{"id":81,"entity_type":"fraction","label":"CDU/CSU (Bundestag 2017 - 2021)","api_url":"https://www.abgeordnetenwatch.de/api/v2/fractions/81"}}]}
