{"id":[45472],"entity_type":["candidacy_mandate"],"label":["Ursula Groden-Kranich (Bundestag 2017 - 2021)"],"api_url":["https://www.abgeordnetenwatch.de/api/v2/candidacies-mandates/45472"],"id_external_administration":["1810"],"id_external_administration_description":["mdbID - ID der Bundestagsverwaltung"],"type":["mandate"],"parliament_period":{"id":[111],"entity_type":["parliament_period"],"label":["Bundestag 2017 - 2021"],"api_url":["https://www.abgeordnetenwatch.de/api/v2/parliament-periods/111"],"abgeordnetenwatch_url":["https://www.abgeordnetenwatch.de/bundestag/19"]},"politician":{"id":[78869],"entity_type":["politician"],"label":["Ursula Groden-Kranich"],"api_url":["https://www.abgeordnetenwatch.de/api/v2/politicians/78869"],"abgeordnetenwatch_url":["https://www.abgeordnetenwatch.de/profile/ursula-groden-kranich"]},"start_date":{},"end_date":{},"info":{},"electoral_data":{"id":[45472],"entity_type":["electoral_data"],"label":["Ursula Groden-Kranich (Bundestag 2017 - 2021)"],"electoral_list":{"id":[116],"entity_type":["electoral_list"],"label":["Landesliste Rheinland-Pfalz (Bundestag 2017 - 2021)"],"api_url":["https://www.abgeordnetenwatch.de/api/v2/electoral-lists/116"]},"list_position":[11],"constituency":{"id":[4329],"entity_type":["constituency"],"label":["205 - Mainz (Bundestag 2017 - 2021)"],"api_url":["https://www.abgeordnetenwatch.de/api/v2/constituencies/4329"]},"constituency_result":[35.7],"constituency_result_count":{},"mandate_won":["constituency"]},"fraction_membership":[{"id":7725,"entity_type":"fraction_membership","label":"CDU/CSU","fraction":{"id":81,"entity_type":"fraction","label":"CDU/CSU (Bundestag 2017 - 2021)","api_url":"https://www.abgeordnetenwatch.de/api/v2/fractions/81"}}]}
