{"id":[45474],"entity_type":["candidacy_mandate"],"label":["Axel Schäfer (Bundestag 2017 - 2021)"],"api_url":["https://www.abgeordnetenwatch.de/api/v2/candidacies-mandates/45474"],"id_external_administration":["1270"],"id_external_administration_description":["mdbID - ID der Bundestagsverwaltung"],"type":["mandate"],"parliament_period":{"id":[111],"entity_type":["parliament_period"],"label":["Bundestag 2017 - 2021"],"api_url":["https://www.abgeordnetenwatch.de/api/v2/parliament-periods/111"],"abgeordnetenwatch_url":["https://www.abgeordnetenwatch.de/bundestag/19"]},"politician":{"id":[79018],"entity_type":["politician"],"label":["Axel Schäfer"],"api_url":["https://www.abgeordnetenwatch.de/api/v2/politicians/79018"],"abgeordnetenwatch_url":["https://www.abgeordnetenwatch.de/profile/axel-schaefer"]},"start_date":{},"end_date":{},"info":{},"electoral_data":{"id":[45474],"entity_type":["electoral_data"],"label":["Axel Schäfer (Bundestag 2017 - 2021)"],"electoral_list":{"id":[115],"entity_type":["electoral_list"],"label":["Landesliste Nordrhein-Westfalen (Bundestag 2017 - 2021)"],"api_url":["https://www.abgeordnetenwatch.de/api/v2/electoral-lists/115"]},"list_position":[59],"constituency":{"id":[4264],"entity_type":["constituency"],"label":["140 - Bochum I (Bundestag 2017 - 2021)"],"api_url":["https://www.abgeordnetenwatch.de/api/v2/constituencies/4264"]},"constituency_result":[37.2],"constituency_result_count":{},"mandate_won":["constituency"]},"fraction_membership":[{"id":7727,"entity_type":"fraction_membership","label":"SPD","fraction":{"id":22,"entity_type":"fraction","label":"SPD (Bundestag 2017 - 2021)","api_url":"https://www.abgeordnetenwatch.de/api/v2/fractions/22"}}]}
