{"id":[45496],"entity_type":["candidacy_mandate"],"label":["Achim Kessler (Bundestag 2017 - 2021)"],"api_url":["https://www.abgeordnetenwatch.de/api/v2/candidacies-mandates/45496"],"id_external_administration":["2137"],"id_external_administration_description":["mdbID - ID der Bundestagsverwaltung"],"type":["mandate"],"parliament_period":{"id":[111],"entity_type":["parliament_period"],"label":["Bundestag 2017 - 2021"],"api_url":["https://www.abgeordnetenwatch.de/api/v2/parliament-periods/111"],"abgeordnetenwatch_url":["https://www.abgeordnetenwatch.de/bundestag/19"]},"politician":{"id":[135503],"entity_type":["politician"],"label":["Achim Kessler"],"api_url":["https://www.abgeordnetenwatch.de/api/v2/politicians/135503"],"abgeordnetenwatch_url":["https://www.abgeordnetenwatch.de/profile/achim-kessler"]},"start_date":{},"end_date":{},"info":{},"electoral_data":{"id":[45496],"entity_type":["electoral_data"],"label":["Achim Kessler (Bundestag 2017 - 2021)"],"electoral_list":{"id":[112],"entity_type":["electoral_list"],"label":["Landesliste Hessen (Bundestag 2017 - 2021)"],"api_url":["https://www.abgeordnetenwatch.de/api/v2/electoral-lists/112"]},"list_position":[2],"constituency":{"id":[4306],"entity_type":["constituency"],"label":["182 - Frankfurt am Main I (Bundestag 2017 - 2021)"],"api_url":["https://www.abgeordnetenwatch.de/api/v2/constituencies/4306"]},"constituency_result":[9.7],"constituency_result_count":{},"mandate_won":["list"]},"fraction_membership":[{"id":7751,"entity_type":"fraction_membership","label":"DIE LINKE","fraction":{"id":41,"entity_type":"fraction","label":"DIE LINKE (Bundestag 2017 - 2021)","api_url":"https://www.abgeordnetenwatch.de/api/v2/fractions/41"}}]}
