{"id":[45491],"entity_type":["candidacy_mandate"],"label":["Klaus Ernst (Bundestag 2017 - 2021)"],"api_url":["https://www.abgeordnetenwatch.de/api/v2/candidacies-mandates/45491"],"id_external_administration":["1406"],"id_external_administration_description":["mdbID - ID der Bundestagsverwaltung"],"type":["mandate"],"parliament_period":{"id":[111],"entity_type":["parliament_period"],"label":["Bundestag 2017 - 2021"],"api_url":["https://www.abgeordnetenwatch.de/api/v2/parliament-periods/111"],"abgeordnetenwatch_url":["https://www.abgeordnetenwatch.de/bundestag/19"]},"politician":{"id":[79385],"entity_type":["politician"],"label":["Klaus Ernst"],"api_url":["https://www.abgeordnetenwatch.de/api/v2/politicians/79385"],"abgeordnetenwatch_url":["https://www.abgeordnetenwatch.de/profile/klaus-ernst"]},"start_date":{},"end_date":{},"info":{},"electoral_data":{"id":[45491],"entity_type":["electoral_data"],"label":["Klaus Ernst (Bundestag 2017 - 2021)"],"electoral_list":{"id":[107],"entity_type":["electoral_list"],"label":["Landesliste Bayern (Bundestag 2017 - 2021)"],"api_url":["https://www.abgeordnetenwatch.de/api/v2/electoral-lists/107"]},"list_position":[1],"constituency":{"id":[4374],"entity_type":["constituency"],"label":["250 - Schweinfurt (Bundestag 2017 - 2021)"],"api_url":["https://www.abgeordnetenwatch.de/api/v2/constituencies/4374"]},"constituency_result":{},"constituency_result_count":{},"mandate_won":["list"]},"fraction_membership":[{"id":7746,"entity_type":"fraction_membership","label":"DIE LINKE","fraction":{"id":41,"entity_type":"fraction","label":"DIE LINKE (Bundestag 2017 - 2021)","api_url":"https://www.abgeordnetenwatch.de/api/v2/fractions/41"}}]}
