{"id":[45497],"entity_type":["candidacy_mandate"],"label":["Corinna Rüffer (Bundestag 2017 - 2021)"],"api_url":["https://www.abgeordnetenwatch.de/api/v2/candidacies-mandates/45497"],"id_external_administration":["1921"],"id_external_administration_description":["mdbID - ID der Bundestagsverwaltung"],"type":["mandate"],"parliament_period":{"id":[111],"entity_type":["parliament_period"],"label":["Bundestag 2017 - 2021"],"api_url":["https://www.abgeordnetenwatch.de/api/v2/parliament-periods/111"],"abgeordnetenwatch_url":["https://www.abgeordnetenwatch.de/bundestag/19"]},"politician":{"id":[79046],"entity_type":["politician"],"label":["Corinna Rüffer"],"api_url":["https://www.abgeordnetenwatch.de/api/v2/politicians/79046"],"abgeordnetenwatch_url":["https://www.abgeordnetenwatch.de/profile/corinna-rueffer"]},"start_date":{},"end_date":{},"info":{},"electoral_data":{"id":[45497],"entity_type":["electoral_data"],"label":["Corinna Rüffer (Bundestag 2017 - 2021)"],"electoral_list":{"id":[116],"entity_type":["electoral_list"],"label":["Landesliste Rheinland-Pfalz (Bundestag 2017 - 2021)"],"api_url":["https://www.abgeordnetenwatch.de/api/v2/electoral-lists/116"]},"list_position":[3],"constituency":{"id":[4327],"entity_type":["constituency"],"label":["203 - Trier (Bundestag 2017 - 2021)"],"api_url":["https://www.abgeordnetenwatch.de/api/v2/constituencies/4327"]},"constituency_result":[6.5],"constituency_result_count":{},"mandate_won":["list"]},"fraction_membership":[{"id":7752,"entity_type":"fraction_membership","label":"DIE GRÜNEN","fraction":{"id":153,"entity_type":"fraction","label":"DIE GRÜNEN (Bundestag 2017 - 2021)","api_url":"https://www.abgeordnetenwatch.de/api/v2/fractions/153"}}]}
