{"id":[45509],"entity_type":["candidacy_mandate"],"label":["Martin Neumann (Bundestag 2017 - 2021)"],"api_url":["https://www.abgeordnetenwatch.de/api/v2/candidacies-mandates/45509"],"id_external_administration":["1724"],"id_external_administration_description":["mdbID - ID der Bundestagsverwaltung"],"type":["mandate"],"parliament_period":{"id":[111],"entity_type":["parliament_period"],"label":["Bundestag 2017 - 2021"],"api_url":["https://www.abgeordnetenwatch.de/api/v2/parliament-periods/111"],"abgeordnetenwatch_url":["https://www.abgeordnetenwatch.de/bundestag/19"]},"politician":{"id":[119216],"entity_type":["politician"],"label":["Martin Neumann"],"api_url":["https://www.abgeordnetenwatch.de/api/v2/politicians/119216"],"abgeordnetenwatch_url":["https://www.abgeordnetenwatch.de/profile/martin-neumann"]},"start_date":{},"end_date":{},"info":{},"electoral_data":{"id":[45509],"entity_type":["electoral_data"],"label":["Martin Neumann (Bundestag 2017 - 2021)"],"electoral_list":{"id":[109],"entity_type":["electoral_list"],"label":["Landesliste Brandenburg (Bundestag 2017 - 2021)"],"api_url":["https://www.abgeordnetenwatch.de/api/v2/electoral-lists/109"]},"list_position":[2],"constituency":{"id":[4189],"entity_type":["constituency"],"label":["65 - Elbe-Elster - Oberspreewald-Lausitz II (Bundestag 2017 - 2021)"],"api_url":["https://www.abgeordnetenwatch.de/api/v2/constituencies/4189"]},"constituency_result":[5.4],"constituency_result_count":{},"mandate_won":["list"]},"fraction_membership":[{"id":7764,"entity_type":"fraction_membership","label":"FDP","fraction":{"id":14,"entity_type":"fraction","label":"FDP (Bundestag 2017 - 2021)","api_url":"https://www.abgeordnetenwatch.de/api/v2/fractions/14"}}]}
