{"id":[45564],"entity_type":["candidacy_mandate"],"label":["Sybille Benning (Bundestag 2017 - 2021)"],"api_url":["https://www.abgeordnetenwatch.de/api/v2/candidacies-mandates/45564"],"id_external_administration":["1781"],"id_external_administration_description":["mdbID - ID der Bundestagsverwaltung"],"type":["mandate"],"parliament_period":{"id":[111],"entity_type":["parliament_period"],"label":["Bundestag 2017 - 2021"],"api_url":["https://www.abgeordnetenwatch.de/api/v2/parliament-periods/111"],"abgeordnetenwatch_url":["https://www.abgeordnetenwatch.de/bundestag/19"]},"politician":{"id":[79449],"entity_type":["politician"],"label":["Sybille Benning"],"api_url":["https://www.abgeordnetenwatch.de/api/v2/politicians/79449"],"abgeordnetenwatch_url":["https://www.abgeordnetenwatch.de/profile/sybille-benning"]},"start_date":{},"end_date":{},"info":{},"electoral_data":{"id":[45564],"entity_type":["electoral_data"],"label":["Sybille Benning (Bundestag 2017 - 2021)"],"electoral_list":{"id":[115],"entity_type":["electoral_list"],"label":["Landesliste Nordrhein-Westfalen (Bundestag 2017 - 2021)"],"api_url":["https://www.abgeordnetenwatch.de/api/v2/electoral-lists/115"]},"list_position":[29],"constituency":{"id":[4253],"entity_type":["constituency"],"label":["129 - Münster (Bundestag 2017 - 2021)"],"api_url":["https://www.abgeordnetenwatch.de/api/v2/constituencies/4253"]},"constituency_result":[37.2],"constituency_result_count":{},"mandate_won":["constituency"]},"fraction_membership":[{"id":7819,"entity_type":"fraction_membership","label":"CDU/CSU","fraction":{"id":81,"entity_type":"fraction","label":"CDU/CSU (Bundestag 2017 - 2021)","api_url":"https://www.abgeordnetenwatch.de/api/v2/fractions/81"}}]}
