{"id":[45562],"entity_type":["candidacy_mandate"],"label":["Tabea Rößner (Bundestag 2017 - 2021)"],"api_url":["https://www.abgeordnetenwatch.de/api/v2/candidacies-mandates/45562"],"id_external_administration":["1677"],"id_external_administration_description":["mdbID - ID der Bundestagsverwaltung"],"type":["mandate"],"parliament_period":{"id":[111],"entity_type":["parliament_period"],"label":["Bundestag 2017 - 2021"],"api_url":["https://www.abgeordnetenwatch.de/api/v2/parliament-periods/111"],"abgeordnetenwatch_url":["https://www.abgeordnetenwatch.de/bundestag/19"]},"politician":{"id":[79040],"entity_type":["politician"],"label":["Tabea Rößner"],"api_url":["https://www.abgeordnetenwatch.de/api/v2/politicians/79040"],"abgeordnetenwatch_url":["https://www.abgeordnetenwatch.de/profile/tabea-roessner"]},"start_date":{},"end_date":{},"info":{},"electoral_data":{"id":[45562],"entity_type":["electoral_data"],"label":["Tabea Rößner (Bundestag 2017 - 2021)"],"electoral_list":{"id":[116],"entity_type":["electoral_list"],"label":["Landesliste Rheinland-Pfalz (Bundestag 2017 - 2021)"],"api_url":["https://www.abgeordnetenwatch.de/api/v2/electoral-lists/116"]},"list_position":[1],"constituency":{"id":[4329],"entity_type":["constituency"],"label":["205 - Mainz (Bundestag 2017 - 2021)"],"api_url":["https://www.abgeordnetenwatch.de/api/v2/constituencies/4329"]},"constituency_result":[10.8],"constituency_result_count":{},"mandate_won":["list"]},"fraction_membership":[{"id":7817,"entity_type":"fraction_membership","label":"DIE GRÜNEN","fraction":{"id":153,"entity_type":"fraction","label":"DIE GRÜNEN (Bundestag 2017 - 2021)","api_url":"https://www.abgeordnetenwatch.de/api/v2/fractions/153"}}]}
