{"id":[45587],"entity_type":["candidacy_mandate"],"label":["Gyde Jensen (Bundestag 2017 - 2021)"],"api_url":["https://www.abgeordnetenwatch.de/api/v2/candidacies-mandates/45587"],"id_external_administration":["2128"],"id_external_administration_description":["mdbID - ID der Bundestagsverwaltung"],"type":["mandate"],"parliament_period":{"id":[111],"entity_type":["parliament_period"],"label":["Bundestag 2017 - 2021"],"api_url":["https://www.abgeordnetenwatch.de/api/v2/parliament-periods/111"],"abgeordnetenwatch_url":["https://www.abgeordnetenwatch.de/bundestag/19"]},"politician":{"id":[151468],"entity_type":["politician"],"label":["Gyde Jensen"],"api_url":["https://www.abgeordnetenwatch.de/api/v2/politicians/151468"],"abgeordnetenwatch_url":["https://www.abgeordnetenwatch.de/profile/gyde-jensen"]},"start_date":["2017-09-24"],"end_date":{},"info":{},"electoral_data":{"id":[45587],"entity_type":["electoral_data"],"label":["Gyde Jensen (Bundestag 2017 - 2021)"],"electoral_list":{"id":[120],"entity_type":["electoral_list"],"label":["Landesliste Schleswig-Holstein (Bundestag 2017 - 2021)"],"api_url":["https://www.abgeordnetenwatch.de/api/v2/electoral-lists/120"]},"list_position":[4],"constituency":{},"constituency_result":{},"constituency_result_count":{},"mandate_won":{}},"fraction_membership":[{"id":7843,"entity_type":"fraction_membership","label":"FDP","fraction":{"id":14,"entity_type":"fraction","label":"FDP (Bundestag 2017 - 2021)","api_url":"https://www.abgeordnetenwatch.de/api/v2/fractions/14"}}]}
