{"id":[45580],"entity_type":["candidacy_mandate"],"label":["Sarah Ryglewski (Bundestag 2017 - 2021)"],"api_url":["https://www.abgeordnetenwatch.de/api/v2/candidacies-mandates/45580"],"id_external_administration":["2000"],"id_external_administration_description":["mdbID - ID der Bundestagsverwaltung"],"type":["mandate"],"parliament_period":{"id":[111],"entity_type":["parliament_period"],"label":["Bundestag 2017 - 2021"],"api_url":["https://www.abgeordnetenwatch.de/api/v2/parliament-periods/111"],"abgeordnetenwatch_url":["https://www.abgeordnetenwatch.de/bundestag/19"]},"politician":{"id":[29176],"entity_type":["politician"],"label":["Sarah Ryglewski"],"api_url":["https://www.abgeordnetenwatch.de/api/v2/politicians/29176"],"abgeordnetenwatch_url":["https://www.abgeordnetenwatch.de/profile/sarah-ryglewski"]},"start_date":{},"end_date":{},"info":{},"electoral_data":{"id":[45580],"entity_type":["electoral_data"],"label":["Sarah Ryglewski (Bundestag 2017 - 2021)"],"electoral_list":{"id":[110],"entity_type":["electoral_list"],"label":["Landesliste Bremen (Bundestag 2017 - 2021)"],"api_url":["https://www.abgeordnetenwatch.de/api/v2/electoral-lists/110"]},"list_position":[1],"constituency":{"id":[4178],"entity_type":["constituency"],"label":["54 - Bremen I (Bundestag 2017 - 2021)"],"api_url":["https://www.abgeordnetenwatch.de/api/v2/constituencies/4178"]},"constituency_result":[30],"constituency_result_count":{},"mandate_won":["constituency"]},"fraction_membership":[{"id":7836,"entity_type":"fraction_membership","label":"SPD","fraction":{"id":22,"entity_type":"fraction","label":"SPD (Bundestag 2017 - 2021)","api_url":"https://www.abgeordnetenwatch.de/api/v2/fractions/22"}}]}
