{"id":[45581],"entity_type":["candidacy_mandate"],"label":["Oliver Grundmann (Bundestag 2017 - 2021)"],"api_url":["https://www.abgeordnetenwatch.de/api/v2/candidacies-mandates/45581"],"id_external_administration":["1813"],"id_external_administration_description":["mdbID - ID der Bundestagsverwaltung"],"type":["mandate"],"parliament_period":{"id":[111],"entity_type":["parliament_period"],"label":["Bundestag 2017 - 2021"],"api_url":["https://www.abgeordnetenwatch.de/api/v2/parliament-periods/111"],"abgeordnetenwatch_url":["https://www.abgeordnetenwatch.de/bundestag/19"]},"politician":{"id":[79345],"entity_type":["politician"],"label":["Oliver Grundmann"],"api_url":["https://www.abgeordnetenwatch.de/api/v2/politicians/79345"],"abgeordnetenwatch_url":["https://www.abgeordnetenwatch.de/profile/oliver-grundmann"]},"start_date":{},"end_date":{},"info":{},"electoral_data":{"id":[45581],"entity_type":["electoral_data"],"label":["Oliver Grundmann (Bundestag 2017 - 2021)"],"electoral_list":{"id":[114],"entity_type":["electoral_list"],"label":["Landesliste Niedersachsen (Bundestag 2017 - 2021)"],"api_url":["https://www.abgeordnetenwatch.de/api/v2/electoral-lists/114"]},"list_position":[21],"constituency":{"id":[4154],"entity_type":["constituency"],"label":["30 - Stade I - Rotenburg II (Bundestag 2017 - 2021)"],"api_url":["https://www.abgeordnetenwatch.de/api/v2/constituencies/4154"]},"constituency_result":[44.4],"constituency_result_count":{},"mandate_won":["constituency"]},"fraction_membership":[{"id":7837,"entity_type":"fraction_membership","label":"CDU/CSU","fraction":{"id":81,"entity_type":"fraction","label":"CDU/CSU (Bundestag 2017 - 2021)","api_url":"https://www.abgeordnetenwatch.de/api/v2/fractions/81"}}]}
