{"id":[45592],"entity_type":["candidacy_mandate"],"label":["Corinna Miazga (Bundestag 2017 - 2021)"],"api_url":["https://www.abgeordnetenwatch.de/api/v2/candidacies-mandates/45592"],"id_external_administration":["2179"],"id_external_administration_description":["mdbID - ID der Bundestagsverwaltung"],"type":["mandate"],"parliament_period":{"id":[111],"entity_type":["parliament_period"],"label":["Bundestag 2017 - 2021"],"api_url":["https://www.abgeordnetenwatch.de/api/v2/parliament-periods/111"],"abgeordnetenwatch_url":["https://www.abgeordnetenwatch.de/bundestag/19"]},"politician":{"id":[150287],"entity_type":["politician"],"label":["Corinna Miazga"],"api_url":["https://www.abgeordnetenwatch.de/api/v2/politicians/150287"],"abgeordnetenwatch_url":["https://www.abgeordnetenwatch.de/profile/corinna-miazga"]},"start_date":{},"end_date":{},"info":{},"electoral_data":{"id":[45592],"entity_type":["electoral_data"],"label":["Corinna Miazga (Bundestag 2017 - 2021)"],"electoral_list":{"id":[107],"entity_type":["electoral_list"],"label":["Landesliste Bayern (Bundestag 2017 - 2021)"],"api_url":["https://www.abgeordnetenwatch.de/api/v2/electoral-lists/107"]},"list_position":[3],"constituency":{},"constituency_result":{},"constituency_result_count":{},"mandate_won":["list"]},"fraction_membership":[{"id":7848,"entity_type":"fraction_membership","label":"AfD","fraction":{"id":56,"entity_type":"fraction","label":"AfD (Bundestag 2017 - 2021)","api_url":"https://www.abgeordnetenwatch.de/api/v2/fractions/56"}}]}
