{"id":[45830],"entity_type":["candidacy_mandate"],"label":["Tobias Matthias Peterka (Bundestag 2017 - 2021)"],"api_url":["https://www.abgeordnetenwatch.de/api/v2/candidacies-mandates/45830"],"id_external_administration":["2207"],"id_external_administration_description":["mdbID - ID der Bundestagsverwaltung"],"type":["mandate"],"parliament_period":{"id":[111],"entity_type":["parliament_period"],"label":["Bundestag 2017 - 2021"],"api_url":["https://www.abgeordnetenwatch.de/api/v2/parliament-periods/111"],"abgeordnetenwatch_url":["https://www.abgeordnetenwatch.de/bundestag/19"]},"politician":{"id":[122063],"entity_type":["politician"],"label":["Tobias Matthias Peterka"],"api_url":["https://www.abgeordnetenwatch.de/api/v2/politicians/122063"],"abgeordnetenwatch_url":["https://www.abgeordnetenwatch.de/profile/tobias-matthias-peterka"]},"start_date":{},"end_date":{},"info":{},"electoral_data":{"id":[45830],"entity_type":["electoral_data"],"label":["Tobias Matthias Peterka (Bundestag 2017 - 2021)"],"electoral_list":{"id":[107],"entity_type":["electoral_list"],"label":["Landesliste Bayern (Bundestag 2017 - 2021)"],"api_url":["https://www.abgeordnetenwatch.de/api/v2/electoral-lists/107"]},"list_position":[1],"constituency":{"id":[4361],"entity_type":["constituency"],"label":["237 - Bayreuth (Bundestag 2017 - 2021)"],"api_url":["https://www.abgeordnetenwatch.de/api/v2/constituencies/4361"]},"constituency_result":[9.4],"constituency_result_count":{},"mandate_won":["list"]},"fraction_membership":[{"id":8088,"entity_type":"fraction_membership","label":"AfD","fraction":{"id":56,"entity_type":"fraction","label":"AfD (Bundestag 2017 - 2021)","api_url":"https://www.abgeordnetenwatch.de/api/v2/fractions/56"}}]}
