{"id":[45854],"entity_type":["candidacy_mandate"],"label":["Erhard Grundl (Bundestag 2017 - 2021)"],"api_url":["https://www.abgeordnetenwatch.de/api/v2/candidacies-mandates/45854"],"id_external_administration":["2093"],"id_external_administration_description":["mdbID - ID der Bundestagsverwaltung"],"type":["mandate"],"parliament_period":{"id":[111],"entity_type":["parliament_period"],"label":["Bundestag 2017 - 2021"],"api_url":["https://www.abgeordnetenwatch.de/api/v2/parliament-periods/111"],"abgeordnetenwatch_url":["https://www.abgeordnetenwatch.de/bundestag/19"]},"politician":{"id":[118494],"entity_type":["politician"],"label":["Erhard Grundl"],"api_url":["https://www.abgeordnetenwatch.de/api/v2/politicians/118494"],"abgeordnetenwatch_url":["https://www.abgeordnetenwatch.de/profile/erhard-grundl"]},"start_date":{},"end_date":{},"info":{},"electoral_data":{"id":[45854],"entity_type":["electoral_data"],"label":["Erhard Grundl (Bundestag 2017 - 2021)"],"electoral_list":{"id":[107],"entity_type":["electoral_list"],"label":["Landesliste Bayern (Bundestag 2017 - 2021)"],"api_url":["https://www.abgeordnetenwatch.de/api/v2/electoral-lists/107"]},"list_position":[8],"constituency":{"id":[4355],"entity_type":["constituency"],"label":["231 - Straubing (Bundestag 2017 - 2021)"],"api_url":["https://www.abgeordnetenwatch.de/api/v2/constituencies/4355"]},"constituency_result":[3.6],"constituency_result_count":{},"mandate_won":["list"]},"fraction_membership":[{"id":8115,"entity_type":"fraction_membership","label":"DIE GRÜNEN","fraction":{"id":153,"entity_type":"fraction","label":"DIE GRÜNEN (Bundestag 2017 - 2021)","api_url":"https://www.abgeordnetenwatch.de/api/v2/fractions/153"}}]}
