{"id":[46009],"entity_type":["candidacy_mandate"],"label":["Lisa Paus (Bundestag 2017 - 2021)"],"api_url":["https://www.abgeordnetenwatch.de/api/v2/candidacies-mandates/46009"],"id_external_administration":["1571"],"id_external_administration_description":["mdbID - ID der Bundestagsverwaltung"],"type":["mandate"],"parliament_period":{"id":[111],"entity_type":["parliament_period"],"label":["Bundestag 2017 - 2021"],"api_url":["https://www.abgeordnetenwatch.de/api/v2/parliament-periods/111"],"abgeordnetenwatch_url":["https://www.abgeordnetenwatch.de/bundestag/19"]},"politician":{"id":[79090],"entity_type":["politician"],"label":["Lisa Paus"],"api_url":["https://www.abgeordnetenwatch.de/api/v2/politicians/79090"],"abgeordnetenwatch_url":["https://www.abgeordnetenwatch.de/profile/lisa-paus"]},"start_date":{},"end_date":{},"info":{},"electoral_data":{"id":[46009],"entity_type":["electoral_data"],"label":["Lisa Paus (Bundestag 2017 - 2021)"],"electoral_list":{"id":[108],"entity_type":["electoral_list"],"label":["Landesliste Berlin (Bundestag 2017 - 2021)"],"api_url":["https://www.abgeordnetenwatch.de/api/v2/electoral-lists/108"]},"list_position":[1],"constituency":{"id":[4204],"entity_type":["constituency"],"label":["80 - Berlin-Charlottenburg-Wilmersdorf (Bundestag 2017 - 2021)"],"api_url":["https://www.abgeordnetenwatch.de/api/v2/constituencies/4204"]},"constituency_result":[13.6],"constituency_result_count":{},"mandate_won":["list"]},"fraction_membership":[{"id":8274,"entity_type":"fraction_membership","label":"DIE GRÜNEN","fraction":{"id":153,"entity_type":"fraction","label":"DIE GRÜNEN (Bundestag 2017 - 2021)","api_url":"https://www.abgeordnetenwatch.de/api/v2/fractions/153"}}]}
