{"id":[46015],"entity_type":["candidacy_mandate"],"label":["Dirk Spaniel (Bundestag 2017 - 2021)"],"api_url":["https://www.abgeordnetenwatch.de/api/v2/candidacies-mandates/46015"],"id_external_administration":["2250"],"id_external_administration_description":["mdbID - ID der Bundestagsverwaltung"],"type":["mandate"],"parliament_period":{"id":[111],"entity_type":["parliament_period"],"label":["Bundestag 2017 - 2021"],"api_url":["https://www.abgeordnetenwatch.de/api/v2/parliament-periods/111"],"abgeordnetenwatch_url":["https://www.abgeordnetenwatch.de/bundestag/19"]},"politician":{"id":[145835],"entity_type":["politician"],"label":["Dirk Spaniel"],"api_url":["https://www.abgeordnetenwatch.de/api/v2/politicians/145835"],"abgeordnetenwatch_url":["https://www.abgeordnetenwatch.de/profile/dirk-spaniel"]},"start_date":{},"end_date":{},"info":{},"electoral_data":{"id":[46015],"entity_type":["electoral_data"],"label":["Dirk Spaniel (Bundestag 2017 - 2021)"],"electoral_list":{"id":[106],"entity_type":["electoral_list"],"label":["Landesliste Baden-Württemberg (Bundestag 2017 - 2021)"],"api_url":["https://www.abgeordnetenwatch.de/api/v2/electoral-lists/106"]},"list_position":[10],"constituency":{"id":[4382],"entity_type":["constituency"],"label":["258 - Stuttgart I (Bundestag 2017 - 2021)"],"api_url":["https://www.abgeordnetenwatch.de/api/v2/constituencies/4382"]},"constituency_result":[6.7],"constituency_result_count":{},"mandate_won":["list"]},"fraction_membership":[{"id":8280,"entity_type":"fraction_membership","label":"AfD","fraction":{"id":56,"entity_type":"fraction","label":"AfD (Bundestag 2017 - 2021)","api_url":"https://www.abgeordnetenwatch.de/api/v2/fractions/56"}}]}
