{"id":[46012],"entity_type":["candidacy_mandate"],"label":["Jimmy Schulz (Bundestag 2017 - 2021)"],"api_url":["https://www.abgeordnetenwatch.de/api/v2/candidacies-mandates/46012"],"id_external_administration":["1732"],"id_external_administration_description":["mdbID - ID der Bundestagsverwaltung"],"type":["mandate"],"parliament_period":{"id":[111],"entity_type":["parliament_period"],"label":["Bundestag 2017 - 2021"],"api_url":["https://www.abgeordnetenwatch.de/api/v2/parliament-periods/111"],"abgeordnetenwatch_url":["https://www.abgeordnetenwatch.de/bundestag/19"]},"politician":{"id":[120125],"entity_type":["politician"],"label":["Jimmy Schulz"],"api_url":["https://www.abgeordnetenwatch.de/api/v2/politicians/120125"],"abgeordnetenwatch_url":["https://www.abgeordnetenwatch.de/profile/jimmy-schulz"]},"start_date":{},"end_date":["2019-11-25"],"info":{},"electoral_data":{"id":[46012],"entity_type":["electoral_data"],"label":["Jimmy Schulz (Bundestag 2017 - 2021)"],"electoral_list":{"id":[107],"entity_type":["electoral_list"],"label":["Landesliste Bayern (Bundestag 2017 - 2021)"],"api_url":["https://www.abgeordnetenwatch.de/api/v2/electoral-lists/107"]},"list_position":[4],"constituency":{"id":[4345],"entity_type":["constituency"],"label":["221 - München-Land (Bundestag 2017 - 2021)"],"api_url":["https://www.abgeordnetenwatch.de/api/v2/constituencies/4345"]},"constituency_result":[9.3],"constituency_result_count":{},"mandate_won":["list"]},"fraction_membership":[{"id":8277,"entity_type":"fraction_membership","label":"FDP","fraction":{"id":14,"entity_type":"fraction","label":"FDP (Bundestag 2017 - 2021)","api_url":"https://www.abgeordnetenwatch.de/api/v2/fractions/14"}}]}
