{"id":[46014],"entity_type":["candidacy_mandate"],"label":["Susanne Ferschl (Bundestag 2017 - 2021)"],"api_url":["https://www.abgeordnetenwatch.de/api/v2/candidacies-mandates/46014"],"id_external_administration":["2076"],"id_external_administration_description":["mdbID - ID der Bundestagsverwaltung"],"type":["mandate"],"parliament_period":{"id":[111],"entity_type":["parliament_period"],"label":["Bundestag 2017 - 2021"],"api_url":["https://www.abgeordnetenwatch.de/api/v2/parliament-periods/111"],"abgeordnetenwatch_url":["https://www.abgeordnetenwatch.de/bundestag/19"]},"politician":{"id":[146166],"entity_type":["politician"],"label":["Susanne Ferschl"],"api_url":["https://www.abgeordnetenwatch.de/api/v2/politicians/146166"],"abgeordnetenwatch_url":["https://www.abgeordnetenwatch.de/profile/susanne-ferschl"]},"start_date":{},"end_date":{},"info":{},"electoral_data":{"id":[46014],"entity_type":["electoral_data"],"label":["Susanne Ferschl (Bundestag 2017 - 2021)"],"electoral_list":{"id":[107],"entity_type":["electoral_list"],"label":["Landesliste Bayern (Bundestag 2017 - 2021)"],"api_url":["https://www.abgeordnetenwatch.de/api/v2/electoral-lists/107"]},"list_position":[3],"constituency":{"id":[4381],"entity_type":["constituency"],"label":["257 - Ostallgäu (Bundestag 2017 - 2021)"],"api_url":["https://www.abgeordnetenwatch.de/api/v2/constituencies/4381"]},"constituency_result":[5.3],"constituency_result_count":{},"mandate_won":["list"]},"fraction_membership":[{"id":8279,"entity_type":"fraction_membership","label":"DIE LINKE","fraction":{"id":41,"entity_type":"fraction","label":"DIE LINKE (Bundestag 2017 - 2021)","api_url":"https://www.abgeordnetenwatch.de/api/v2/fractions/41"}}]}
