{"id":[46185],"entity_type":["candidacy_mandate"],"label":["Verena Hartmann (Bundestag 2017 - 2021)"],"api_url":["https://www.abgeordnetenwatch.de/api/v2/candidacies-mandates/46185"],"id_external_administration":["2097"],"id_external_administration_description":["mdbID - ID der Bundestagsverwaltung"],"type":["mandate"],"parliament_period":{"id":[111],"entity_type":["parliament_period"],"label":["Bundestag 2017 - 2021"],"api_url":["https://www.abgeordnetenwatch.de/api/v2/parliament-periods/111"],"abgeordnetenwatch_url":["https://www.abgeordnetenwatch.de/bundestag/19"]},"politician":{"id":[150297],"entity_type":["politician"],"label":["Verena Hartmann"],"api_url":["https://www.abgeordnetenwatch.de/api/v2/politicians/150297"],"abgeordnetenwatch_url":["https://www.abgeordnetenwatch.de/profile/verena-hartmann"]},"start_date":{},"end_date":{},"info":{},"electoral_data":{"id":[46185],"entity_type":["electoral_data"],"label":["Verena Hartmann (Bundestag 2017 - 2021)"],"electoral_list":{"id":[118],"entity_type":["electoral_list"],"label":["Landesliste Sachsen (Bundestag 2017 - 2021)"],"api_url":["https://www.abgeordnetenwatch.de/api/v2/electoral-lists/118"]},"list_position":[1],"constituency":{},"constituency_result":{},"constituency_result_count":{},"mandate_won":["list"]},"fraction_membership":[{"id":8483,"entity_type":"fraction_membership","label":"fraktionslos seit 27.01.2020","fraction":{"id":231,"entity_type":"fraction","label":"fraktionslos (Bundestag 2017 - 2021)","api_url":"https://www.abgeordnetenwatch.de/api/v2/fractions/231"},"valid_from":"2020-01-27"}]}
