{"id":[46196],"entity_type":["candidacy_mandate"],"label":["Artur Auernhammer (Bundestag 2017 - 2021)"],"api_url":["https://www.abgeordnetenwatch.de/api/v2/candidacies-mandates/46196"],"id_external_administration":["1773"],"id_external_administration_description":["mdbID - ID der Bundestagsverwaltung"],"type":["mandate"],"parliament_period":{"id":[111],"entity_type":["parliament_period"],"label":["Bundestag 2017 - 2021"],"api_url":["https://www.abgeordnetenwatch.de/api/v2/parliament-periods/111"],"abgeordnetenwatch_url":["https://www.abgeordnetenwatch.de/bundestag/19"]},"politician":{"id":[78810],"entity_type":["politician"],"label":["Artur Auernhammer"],"api_url":["https://www.abgeordnetenwatch.de/api/v2/politicians/78810"],"abgeordnetenwatch_url":["https://www.abgeordnetenwatch.de/profile/artur-auernhammer"]},"start_date":{},"end_date":{},"info":{},"electoral_data":{"id":[46196],"entity_type":["electoral_data"],"label":["Artur Auernhammer (Bundestag 2017 - 2021)"],"electoral_list":{"id":[107],"entity_type":["electoral_list"],"label":["Landesliste Bayern (Bundestag 2017 - 2021)"],"api_url":["https://www.abgeordnetenwatch.de/api/v2/electoral-lists/107"]},"list_position":[38],"constituency":{"id":[4365],"entity_type":["constituency"],"label":["241 - Ansbach (Bundestag 2017 - 2021)"],"api_url":["https://www.abgeordnetenwatch.de/api/v2/constituencies/4365"]},"constituency_result":[44.3],"constituency_result_count":{},"mandate_won":["constituency"]},"fraction_membership":[{"id":8494,"entity_type":"fraction_membership","label":"CDU/CSU","fraction":{"id":81,"entity_type":"fraction","label":"CDU/CSU (Bundestag 2017 - 2021)","api_url":"https://www.abgeordnetenwatch.de/api/v2/fractions/81"}}]}
