{"id":[46199],"entity_type":["candidacy_mandate"],"label":["Ingrid Pahlmann (Bundestag 2017 - 2021)"],"api_url":["https://www.abgeordnetenwatch.de/api/v2/candidacies-mandates/46199"],"id_external_administration":["1900"],"id_external_administration_description":["mdbID - ID der Bundestagsverwaltung"],"type":["mandate"],"parliament_period":{"id":[111],"entity_type":["parliament_period"],"label":["Bundestag 2017 - 2021"],"api_url":["https://www.abgeordnetenwatch.de/api/v2/parliament-periods/111"],"abgeordnetenwatch_url":["https://www.abgeordnetenwatch.de/bundestag/19"]},"politician":{"id":[79095],"entity_type":["politician"],"label":["Ingrid Pahlmann"],"api_url":["https://www.abgeordnetenwatch.de/api/v2/politicians/79095"],"abgeordnetenwatch_url":["https://www.abgeordnetenwatch.de/profile/ingrid-pahlmann"]},"start_date":["2019-08-01"],"end_date":{},"info":{},"electoral_data":{"id":[46199],"entity_type":["electoral_data"],"label":["Ingrid Pahlmann (Bundestag 2017 - 2021)"],"electoral_list":{"id":[114],"entity_type":["electoral_list"],"label":["Landesliste Niedersachsen (Bundestag 2017 - 2021)"],"api_url":["https://www.abgeordnetenwatch.de/api/v2/electoral-lists/114"]},"list_position":[13],"constituency":{"id":[4169],"entity_type":["constituency"],"label":["45 - Gifhorn - Peine (Bundestag 2017 - 2021)"],"api_url":["https://www.abgeordnetenwatch.de/api/v2/constituencies/4169"]},"constituency_result":[36.1],"constituency_result_count":{},"mandate_won":["moved_up"]},"fraction_membership":[{"id":8497,"entity_type":"fraction_membership","label":"CDU/CSU","fraction":{"id":81,"entity_type":"fraction","label":"CDU/CSU (Bundestag 2017 - 2021)","api_url":"https://www.abgeordnetenwatch.de/api/v2/fractions/81"}}]}
