{"id":[46198],"entity_type":["candidacy_mandate"],"label":["Antje Tillmann (Bundestag 2017 - 2021)"],"api_url":["https://www.abgeordnetenwatch.de/api/v2/candidacies-mandates/46198"],"id_external_administration":["1271"],"id_external_administration_description":["mdbID - ID der Bundestagsverwaltung"],"type":["mandate"],"parliament_period":{"id":[111],"entity_type":["parliament_period"],"label":["Bundestag 2017 - 2021"],"api_url":["https://www.abgeordnetenwatch.de/api/v2/parliament-periods/111"],"abgeordnetenwatch_url":["https://www.abgeordnetenwatch.de/bundestag/19"]},"politician":{"id":[78957],"entity_type":["politician"],"label":["Antje Tillmann"],"api_url":["https://www.abgeordnetenwatch.de/api/v2/politicians/78957"],"abgeordnetenwatch_url":["https://www.abgeordnetenwatch.de/profile/antje-tillmann"]},"start_date":{},"end_date":{},"info":{},"electoral_data":{"id":[46198],"entity_type":["electoral_data"],"label":["Antje Tillmann (Bundestag 2017 - 2021)"],"electoral_list":{"id":[121],"entity_type":["electoral_list"],"label":["Landesliste Thüringen (Bundestag 2017 - 2021)"],"api_url":["https://www.abgeordnetenwatch.de/api/v2/electoral-lists/121"]},"list_position":[2],"constituency":{"id":[4317],"entity_type":["constituency"],"label":["193 - Erfurt - Weimar - Weimarer Land II (Bundestag 2017 - 2021)"],"api_url":["https://www.abgeordnetenwatch.de/api/v2/constituencies/4317"]},"constituency_result":[27.3],"constituency_result_count":{},"mandate_won":["constituency"]},"fraction_membership":[{"id":8496,"entity_type":"fraction_membership","label":"CDU/CSU","fraction":{"id":81,"entity_type":"fraction","label":"CDU/CSU (Bundestag 2017 - 2021)","api_url":"https://www.abgeordnetenwatch.de/api/v2/fractions/81"}}]}
