{"id":[46230],"entity_type":["candidacy_mandate"],"label":["Margarete Bause (Bundestag 2017 - 2021)"],"api_url":["https://www.abgeordnetenwatch.de/api/v2/candidacies-mandates/46230"],"id_external_administration":["2027"],"id_external_administration_description":["mdbID - ID der Bundestagsverwaltung"],"type":["mandate"],"parliament_period":{"id":[111],"entity_type":["parliament_period"],"label":["Bundestag 2017 - 2021"],"api_url":["https://www.abgeordnetenwatch.de/api/v2/parliament-periods/111"],"abgeordnetenwatch_url":["https://www.abgeordnetenwatch.de/bundestag/19"]},"politician":{"id":[133670],"entity_type":["politician"],"label":["Margarete Bause"],"api_url":["https://www.abgeordnetenwatch.de/api/v2/politicians/133670"],"abgeordnetenwatch_url":["https://www.abgeordnetenwatch.de/profile/margarete-bause"]},"start_date":{},"end_date":{},"info":{},"electoral_data":{"id":[46230],"entity_type":["electoral_data"],"label":["Margarete Bause (Bundestag 2017 - 2021)"],"electoral_list":{"id":[107],"entity_type":["electoral_list"],"label":["Landesliste Bayern (Bundestag 2017 - 2021)"],"api_url":["https://www.abgeordnetenwatch.de/api/v2/electoral-lists/107"]},"list_position":[9],"constituency":{"id":[4342],"entity_type":["constituency"],"label":["218 - München-Ost (Bundestag 2017 - 2021)"],"api_url":["https://www.abgeordnetenwatch.de/api/v2/constituencies/4342"]},"constituency_result":[15.2],"constituency_result_count":{},"mandate_won":["list"]},"fraction_membership":[{"id":8529,"entity_type":"fraction_membership","label":"DIE GRÜNEN","fraction":{"id":153,"entity_type":"fraction","label":"DIE GRÜNEN (Bundestag 2017 - 2021)","api_url":"https://www.abgeordnetenwatch.de/api/v2/fractions/153"}}]}
