{"id":[46240],"entity_type":["candidacy_mandate"],"label":["Marcus Weinberg (Bundestag 2017 - 2021)"],"api_url":["https://www.abgeordnetenwatch.de/api/v2/candidacies-mandates/46240"],"id_external_administration":["1515"],"id_external_administration_description":["mdbID - ID der Bundestagsverwaltung"],"type":["mandate"],"parliament_period":{"id":[111],"entity_type":["parliament_period"],"label":["Bundestag 2017 - 2021"],"api_url":["https://www.abgeordnetenwatch.de/api/v2/parliament-periods/111"],"abgeordnetenwatch_url":["https://www.abgeordnetenwatch.de/bundestag/19"]},"politician":{"id":[78931],"entity_type":["politician"],"label":["Marcus Weinberg"],"api_url":["https://www.abgeordnetenwatch.de/api/v2/politicians/78931"],"abgeordnetenwatch_url":["https://www.abgeordnetenwatch.de/profile/marcus-weinberg"]},"start_date":{},"end_date":{},"info":{},"electoral_data":{"id":[46240],"entity_type":["electoral_data"],"label":["Marcus Weinberg (Bundestag 2017 - 2021)"],"electoral_list":{"id":[111],"entity_type":["electoral_list"],"label":["Landesliste Hamburg (Bundestag 2017 - 2021)"],"api_url":["https://www.abgeordnetenwatch.de/api/v2/electoral-lists/111"]},"list_position":[1],"constituency":{"id":[4143],"entity_type":["constituency"],"label":["19 - Hamburg-Altona (Bundestag 2017 - 2021)"],"api_url":["https://www.abgeordnetenwatch.de/api/v2/constituencies/4143"]},"constituency_result":[25.9],"constituency_result_count":{},"mandate_won":["list"]},"fraction_membership":[{"id":8540,"entity_type":"fraction_membership","label":"CDU/CSU","fraction":{"id":81,"entity_type":"fraction","label":"CDU/CSU (Bundestag 2017 - 2021)","api_url":"https://www.abgeordnetenwatch.de/api/v2/fractions/81"}}]}
