{"id":[46255],"entity_type":["candidacy_mandate"],"label":["Kirsten Kappert-Gonther (Bundestag 2017 - 2021)"],"api_url":["https://www.abgeordnetenwatch.de/api/v2/candidacies-mandates/46255"],"id_external_administration":["2134"],"id_external_administration_description":["mdbID - ID der Bundestagsverwaltung"],"type":["mandate"],"parliament_period":{"id":[111],"entity_type":["parliament_period"],"label":["Bundestag 2017 - 2021"],"api_url":["https://www.abgeordnetenwatch.de/api/v2/parliament-periods/111"],"abgeordnetenwatch_url":["https://www.abgeordnetenwatch.de/bundestag/19"]},"politician":{"id":[73426],"entity_type":["politician"],"label":["Kirsten Kappert-Gonther"],"api_url":["https://www.abgeordnetenwatch.de/api/v2/politicians/73426"],"abgeordnetenwatch_url":["https://www.abgeordnetenwatch.de/profile/kirsten-kappert-gonther"]},"start_date":{},"end_date":{},"info":{},"electoral_data":{"id":[46255],"entity_type":["electoral_data"],"label":["Kirsten Kappert-Gonther (Bundestag 2017 - 2021)"],"electoral_list":{"id":[110],"entity_type":["electoral_list"],"label":["Landesliste Bremen (Bundestag 2017 - 2021)"],"api_url":["https://www.abgeordnetenwatch.de/api/v2/electoral-lists/110"]},"list_position":[1],"constituency":{"id":[4178],"entity_type":["constituency"],"label":["54 - Bremen I (Bundestag 2017 - 2021)"],"api_url":["https://www.abgeordnetenwatch.de/api/v2/constituencies/4178"]},"constituency_result":[11.9],"constituency_result_count":{},"mandate_won":["list"]},"fraction_membership":[{"id":8555,"entity_type":"fraction_membership","label":"DIE GRÜNEN","fraction":{"id":153,"entity_type":"fraction","label":"DIE GRÜNEN (Bundestag 2017 - 2021)","api_url":"https://www.abgeordnetenwatch.de/api/v2/fractions/153"}}]}
