{"id":[46567],"entity_type":["candidacy_mandate"],"label":["Christian Natterer (Bundestag 2017 - 2021)"],"api_url":["https://www.abgeordnetenwatch.de/api/v2/candidacies-mandates/46567"],"id_external_administration":["2304"],"id_external_administration_description":["mdbID - ID der Bundestagsverwaltung"],"type":["mandate"],"parliament_period":{"id":[111],"entity_type":["parliament_period"],"label":["Bundestag 2017 - 2021"],"api_url":["https://www.abgeordnetenwatch.de/api/v2/parliament-periods/111"],"abgeordnetenwatch_url":["https://www.abgeordnetenwatch.de/bundestag/19"]},"politician":{"id":[174063],"entity_type":["politician"],"label":["Christian Natterer"],"api_url":["https://www.abgeordnetenwatch.de/api/v2/politicians/174063"],"abgeordnetenwatch_url":["https://www.abgeordnetenwatch.de/profile/christian-natterer"]},"start_date":["2020-11-11"],"end_date":{},"info":{},"electoral_data":{"id":[47488],"entity_type":["electoral_data"],"label":["Christian Natterer (Bundestag 2017 - 2021)"],"electoral_list":{"id":[106],"entity_type":["electoral_list"],"label":["Landesliste Baden-Württemberg (Bundestag 2017 - 2021)"],"api_url":["https://www.abgeordnetenwatch.de/api/v2/electoral-lists/106"]},"list_position":{},"constituency":{},"constituency_result":{},"constituency_result_count":{},"mandate_won":["moved_up"]},"fraction_membership":[{"id":8835,"entity_type":"fraction_membership","label":"CDU/CSU seit 11.11.2020","fraction":{"id":81,"entity_type":"fraction","label":"CDU/CSU (Bundestag 2017 - 2021)","api_url":"https://www.abgeordnetenwatch.de/api/v2/fractions/81"},"valid_from":"2020-11-11"}]}
