{"id":[46568],"entity_type":["candidacy_mandate"],"label":["Hiltrud Lotze (Bundestag 2017 - 2021)"],"api_url":["https://www.abgeordnetenwatch.de/api/v2/candidacies-mandates/46568"],"id_external_administration":["1874"],"id_external_administration_description":["mdbID - ID der Bundestagsverwaltung"],"type":["mandate"],"parliament_period":{"id":[111],"entity_type":["parliament_period"],"label":["Bundestag 2017 - 2021"],"api_url":["https://www.abgeordnetenwatch.de/api/v2/parliament-periods/111"],"abgeordnetenwatch_url":["https://www.abgeordnetenwatch.de/bundestag/19"]},"politician":{"id":[79189],"entity_type":["politician"],"label":["Hiltrud Lotze"],"api_url":["https://www.abgeordnetenwatch.de/api/v2/politicians/79189"],"abgeordnetenwatch_url":["https://www.abgeordnetenwatch.de/profile/hiltrud-lotze"]},"start_date":["2020-11-24"],"end_date":{},"info":{},"electoral_data":{"id":[47489],"entity_type":["electoral_data"],"label":["Hiltrud Lotze (Bundestag 2017 - 2021)"],"electoral_list":{},"list_position":{},"constituency":{},"constituency_result":{},"constituency_result_count":{},"mandate_won":["moved_up"]},"fraction_membership":[{"id":8837,"entity_type":"fraction_membership","label":"SPD seit 24.11.2020","fraction":{"id":22,"entity_type":"fraction","label":"SPD (Bundestag 2017 - 2021)","api_url":"https://www.abgeordnetenwatch.de/api/v2/fractions/22"},"valid_from":"2020-11-24"}]}
