{"id":[46566],"entity_type":["candidacy_mandate"],"label":["Janosch Dahmen (Bundestag 2017 - 2021)"],"api_url":["https://www.abgeordnetenwatch.de/api/v2/candidacies-mandates/46566"],"id_external_administration":["2305"],"id_external_administration_description":["mdbID - ID der Bundestagsverwaltung"],"type":["mandate"],"parliament_period":{"id":[111],"entity_type":["parliament_period"],"label":["Bundestag 2017 - 2021"],"api_url":["https://www.abgeordnetenwatch.de/api/v2/parliament-periods/111"],"abgeordnetenwatch_url":["https://www.abgeordnetenwatch.de/bundestag/19"]},"politician":{"id":[119861],"entity_type":["politician"],"label":["Janosch Dahmen"],"api_url":["https://www.abgeordnetenwatch.de/api/v2/politicians/119861"],"abgeordnetenwatch_url":["https://www.abgeordnetenwatch.de/profile/janosch-dahmen"]},"start_date":["2020-11-12"],"end_date":{},"info":{},"electoral_data":{"id":[47487],"entity_type":["electoral_data"],"label":["Janosch Dahmen (Bundestag 2017 - 2021)"],"electoral_list":{"id":[115],"entity_type":["electoral_list"],"label":["Landesliste Nordrhein-Westfalen (Bundestag 2017 - 2021)"],"api_url":["https://www.abgeordnetenwatch.de/api/v2/electoral-lists/115"]},"list_position":{},"constituency":{"id":[4263],"entity_type":["constituency"],"label":["139 - Ennepe-Ruhr-Kreis II (Bundestag 2017 - 2021)"],"api_url":["https://www.abgeordnetenwatch.de/api/v2/constituencies/4263"]},"constituency_result":{},"constituency_result_count":{},"mandate_won":["moved_up"]},"fraction_membership":[{"id":8834,"entity_type":"fraction_membership","label":"DIE GRÜNEN seit 12.11.2020","fraction":{"id":153,"entity_type":"fraction","label":"DIE GRÜNEN (Bundestag 2017 - 2021)","api_url":"https://www.abgeordnetenwatch.de/api/v2/fractions/153"},"valid_from":"2020-11-12"}]}
