{"id":[48532],"entity_type":["candidacy_mandate"],"label":["Marcel Emmerich (Bundestag 2017 - 2021)"],"api_url":["https://www.abgeordnetenwatch.de/api/v2/candidacies-mandates/48532"],"id_external_administration":["2309"],"id_external_administration_description":["mdbID - ID der Bundestagsverwaltung"],"type":["mandate"],"parliament_period":{"id":[111],"entity_type":["parliament_period"],"label":["Bundestag 2017 - 2021"],"api_url":["https://www.abgeordnetenwatch.de/api/v2/parliament-periods/111"],"abgeordnetenwatch_url":["https://www.abgeordnetenwatch.de/bundestag/19"]},"politician":{"id":[146042],"entity_type":["politician"],"label":["Marcel Emmerich"],"api_url":["https://www.abgeordnetenwatch.de/api/v2/politicians/146042"],"abgeordnetenwatch_url":["https://www.abgeordnetenwatch.de/profile/marcel-emmerich"]},"start_date":["2021-06-01"],"end_date":{},"info":{},"electoral_data":{"id":[49454],"entity_type":["electoral_data"],"label":["Marcel Emmerich (Bundestag 2017 - 2021)"],"electoral_list":{"id":[106],"entity_type":["electoral_list"],"label":["Landesliste Baden-Württemberg (Bundestag 2017 - 2021)"],"api_url":["https://www.abgeordnetenwatch.de/api/v2/electoral-lists/106"]},"list_position":{},"constituency":{"id":[4415],"entity_type":["constituency"],"label":["291 - Ulm (Bundestag 2017 - 2021)"],"api_url":["https://www.abgeordnetenwatch.de/api/v2/constituencies/4415"]},"constituency_result":{},"constituency_result_count":{},"mandate_won":["moved_up"]},"fraction_membership":[{"id":9119,"entity_type":"fraction_membership","label":"DIE GRÜNEN seit 01.06.2021","fraction":{"id":153,"entity_type":"fraction","label":"DIE GRÜNEN (Bundestag 2017 - 2021)","api_url":"https://www.abgeordnetenwatch.de/api/v2/fractions/153"},"valid_from":"2021-06-01"}]}
