[{"id":15311,"entity_type":"committee_membership","label":"Frank Pasemann - Auswärtiger Ausschuss","api_url":"https://www.abgeordnetenwatch.de/api/v2/committee-memberships/15311","committee":{"id":509,"entity_type":"node","label":"Auswärtiger Ausschuss","api_url":"https://www.abgeordnetenwatch.de/api/v2/committees/509"},"candidacy_mandate":{"id":45481,"entity_type":"candidacy_mandate","label":"Frank Pasemann (Bundestag 2017 - 2021)","api_url":"https://www.abgeordnetenwatch.de/api/v2/candidacies-mandates/45481"},"committee_role":"advisory_member"},{"id":15310,"entity_type":"committee_membership","label":"Frank Schwabe - Auswärtiger Ausschuss","api_url":"https://www.abgeordnetenwatch.de/api/v2/committee-memberships/15310","committee":{"id":509,"entity_type":"node","label":"Auswärtiger Ausschuss","api_url":"https://www.abgeordnetenwatch.de/api/v2/committees/509"},"candidacy_mandate":{"id":45399,"entity_type":"candidacy_mandate","label":"Frank Schwabe (Bundestag 2017 - 2021)","api_url":"https://www.abgeordnetenwatch.de/api/v2/candidacies-mandates/45399"},"committee_role":"alternate_member"},{"id":15309,"entity_type":"committee_membership","label":"Matern von Marschall - Auswärtiger Ausschuss","api_url":"https://www.abgeordnetenwatch.de/api/v2/committee-memberships/15309","committee":{"id":509,"entity_type":"node","label":"Auswärtiger Ausschuss","api_url":"https://www.abgeordnetenwatch.de/api/v2/committees/509"},"candidacy_mandate":{"id":38887,"entity_type":"candidacy_mandate","label":"Matern von Marschall (Bundestag 2017 - 2021)","api_url":"https://www.abgeordnetenwatch.de/api/v2/candidacies-mandates/38887"},"committee_role":"member"},{"id":13498,"entity_type":"committee_membership","label":"Johann Saathoff - Auswärtiger Ausschuss","api_url":"https://www.abgeordnetenwatch.de/api/v2/committee-memberships/13498","committee":{"id":509,"entity_type":"node","label":"Auswärtiger Ausschuss","api_url":"https://www.abgeordnetenwatch.de/api/v2/committees/509"},"candidacy_mandate":{"id":45383,"entity_type":"candidacy_mandate","label":"Johann Saathoff (Bundestag 2017 - 2021)","api_url":"https://www.abgeordnetenwatch.de/api/v2/candidacies-mandates/45383"},"committee_role":"member"},{"id":13497,"entity_type":"committee_membership","label":"Gregor Gysi - Auswärtiger Ausschuss","api_url":"https://www.abgeordnetenwatch.de/api/v2/committee-memberships/13497","committee":{"id":509,"entity_type":"node","label":"Auswärtiger Ausschuss","api_url":"https://www.abgeordnetenwatch.de/api/v2/committees/509"},"candidacy_mandate":{"id":44524,"entity_type":"candidacy_mandate","label":"Gregor Gysi (Bundestag 2017 - 2021)","api_url":"https://www.abgeordnetenwatch.de/api/v2/candidacies-mandates/44524"},"committee_role":"member"},{"id":8609,"entity_type":"committee_membership","label":"Claudia Roth - Auswärtiger Ausschuss","api_url":"https://www.abgeordnetenwatch.de/api/v2/committee-memberships/8609","committee":{"id":509,"entity_type":"node","label":"Auswärtiger Ausschuss","api_url":"https://www.abgeordnetenwatch.de/api/v2/committees/509"},"candidacy_mandate":{"id":45378,"entity_type":"candidacy_mandate","label":"Claudia Roth (Bundestag 2017 - 2021)","api_url":"https://www.abgeordnetenwatch.de/api/v2/candidacies-mandates/45378"},"committee_role":"alternate_member"},{"id":8608,"entity_type":"committee_membership","label":"Cem Özdemir - Auswärtiger Ausschuss","api_url":"https://www.abgeordnetenwatch.de/api/v2/committee-memberships/8608","committee":{"id":509,"entity_type":"node","label":"Auswärtiger Ausschuss","api_url":"https://www.abgeordnetenwatch.de/api/v2/committees/509"},"candidacy_mandate":{"id":45352,"entity_type":"candidacy_mandate","label":"Cem Özdemir (Bundestag 2017 - 2021)","api_url":"https://www.abgeordnetenwatch.de/api/v2/candidacies-mandates/45352"},"committee_role":"alternate_member"},{"id":8607,"entity_type":"committee_membership","label":"Agnieszka Brugger - Auswärtiger Ausschuss","api_url":"https://www.abgeordnetenwatch.de/api/v2/committee-memberships/8607","committee":{"id":509,"entity_type":"node","label":"Auswärtiger Ausschuss","api_url":"https://www.abgeordnetenwatch.de/api/v2/committees/509"},"candidacy_mandate":{"id":44076,"entity_type":"candidacy_mandate","label":"Agnieszka Brugger (Bundestag 2017 - 2021)","api_url":"https://www.abgeordnetenwatch.de/api/v2/candidacies-mandates/44076"},"committee_role":"alternate_member"},{"id":8606,"entity_type":"committee_membership","label":"Franziska Brantner - Auswärtiger Ausschuss","api_url":"https://www.abgeordnetenwatch.de/api/v2/committee-memberships/8606","committee":{"id":509,"entity_type":"node","label":"Auswärtiger Ausschuss","api_url":"https://www.abgeordnetenwatch.de/api/v2/committees/509"},"candidacy_mandate":{"id":44496,"entity_type":"candidacy_mandate","label":"Franziska Brantner (Bundestag 2017 - 2021)","api_url":"https://www.abgeordnetenwatch.de/api/v2/candidacies-mandates/44496"},"committee_role":"alternate_member"},{"id":8605,"entity_type":"committee_membership","label":"Tobias Pflüger - Auswärtiger Ausschuss","api_url":"https://www.abgeordnetenwatch.de/api/v2/committee-memberships/8605","committee":{"id":509,"entity_type":"node","label":"Auswärtiger Ausschuss","api_url":"https://www.abgeordnetenwatch.de/api/v2/committees/509"},"candidacy_mandate":{"id":41222,"entity_type":"candidacy_mandate","label":"Tobias Pflüger (Bundestag 2017 - 2021)","api_url":"https://www.abgeordnetenwatch.de/api/v2/candidacies-mandates/41222"},"committee_role":"alternate_member"},{"id":8604,"entity_type":"committee_membership","label":"Alexander S. Neu - Auswärtiger Ausschuss","api_url":"https://www.abgeordnetenwatch.de/api/v2/committee-memberships/8604","committee":{"id":509,"entity_type":"node","label":"Auswärtiger Ausschuss","api_url":"https://www.abgeordnetenwatch.de/api/v2/committees/509"},"candidacy_mandate":{"id":44571,"entity_type":"candidacy_mandate","label":"Alexander S. Neu (Bundestag 2017 - 2021)","api_url":"https://www.abgeordnetenwatch.de/api/v2/candidacies-mandates/44571"},"committee_role":"alternate_member"},{"id":8603,"entity_type":"committee_membership","label":"Andrej Hunko - Auswärtiger Ausschuss","api_url":"https://www.abgeordnetenwatch.de/api/v2/committee-memberships/8603","committee":{"id":509,"entity_type":"node","label":"Auswärtiger Ausschuss","api_url":"https://www.abgeordnetenwatch.de/api/v2/committees/509"},"candidacy_mandate":{"id":45273,"entity_type":"candidacy_mandate","label":"Andrej Hunko (Bundestag 2017 - 2021)","api_url":"https://www.abgeordnetenwatch.de/api/v2/candidacies-mandates/45273"},"committee_role":"alternate_member"},{"id":8601,"entity_type":"committee_membership","label":"Sandra Weeser - Auswärtiger Ausschuss","api_url":"https://www.abgeordnetenwatch.de/api/v2/committee-memberships/8601","committee":{"id":509,"entity_type":"node","label":"Auswärtiger Ausschuss","api_url":"https://www.abgeordnetenwatch.de/api/v2/committees/509"},"candidacy_mandate":{"id":45551,"entity_type":"candidacy_mandate","label":"Sandra Weeser (Bundestag 2017 - 2021)","api_url":"https://www.abgeordnetenwatch.de/api/v2/candidacies-mandates/45551"},"committee_role":"alternate_member"},{"id":8600,"entity_type":"committee_membership","label":"Johannes Vogel - Auswärtiger Ausschuss","api_url":"https://www.abgeordnetenwatch.de/api/v2/committee-memberships/8600","committee":{"id":509,"entity_type":"node","label":"Auswärtiger Ausschuss","api_url":"https://www.abgeordnetenwatch.de/api/v2/committees/509"},"candidacy_mandate":{"id":41138,"entity_type":"candidacy_mandate","label":"Johannes Vogel (Bundestag 2017 - 2021)","api_url":"https://www.abgeordnetenwatch.de/api/v2/candidacies-mandates/41138"},"committee_role":"alternate_member"},{"id":8599,"entity_type":"committee_membership","label":"Michael Link - Auswärtiger Ausschuss","api_url":"https://www.abgeordnetenwatch.de/api/v2/committee-memberships/8599","committee":{"id":509,"entity_type":"node","label":"Auswärtiger Ausschuss","api_url":"https://www.abgeordnetenwatch.de/api/v2/committees/509"},"candidacy_mandate":{"id":46202,"entity_type":"candidacy_mandate","label":"Michael Link (Bundestag 2017 - 2021)","api_url":"https://www.abgeordnetenwatch.de/api/v2/candidacies-mandates/46202"},"committee_role":"alternate_member"},{"id":8598,"entity_type":"committee_membership","label":"Alexander Graf Lambsdorff - Auswärtiger Ausschuss","api_url":"https://www.abgeordnetenwatch.de/api/v2/committee-memberships/8598","committee":{"id":509,"entity_type":"node","label":"Auswärtiger Ausschuss","api_url":"https://www.abgeordnetenwatch.de/api/v2/committees/509"},"candidacy_mandate":{"id":37798,"entity_type":"candidacy_mandate","label":"Alexander Graf Lambsdorff (Bundestag 2017 - 2021)","api_url":"https://www.abgeordnetenwatch.de/api/v2/candidacies-mandates/37798"},"committee_role":"alternate_member"},{"id":8597,"entity_type":"committee_membership","label":"Olaf in der Beek - Auswärtiger Ausschuss","api_url":"https://www.abgeordnetenwatch.de/api/v2/committee-memberships/8597","committee":{"id":509,"entity_type":"node","label":"Auswärtiger Ausschuss","api_url":"https://www.abgeordnetenwatch.de/api/v2/committees/509"},"candidacy_mandate":{"id":43893,"entity_type":"candidacy_mandate","label":"Olaf in der Beek (Bundestag 2017 - 2021)","api_url":"https://www.abgeordnetenwatch.de/api/v2/candidacies-mandates/43893"},"committee_role":"alternate_member"},{"id":8596,"entity_type":"committee_membership","label":"René Springer - Auswärtiger Ausschuss","api_url":"https://www.abgeordnetenwatch.de/api/v2/committee-memberships/8596","committee":{"id":509,"entity_type":"node","label":"Auswärtiger Ausschuss","api_url":"https://www.abgeordnetenwatch.de/api/v2/committees/509"},"candidacy_mandate":{"id":43824,"entity_type":"candidacy_mandate","label":"René Springer (Bundestag 2017 - 2021)","api_url":"https://www.abgeordnetenwatch.de/api/v2/candidacies-mandates/43824"},"committee_role":"alternate_member"},{"id":8595,"entity_type":"committee_membership","label":"Robby Schlund - Auswärtiger Ausschuss","api_url":"https://www.abgeordnetenwatch.de/api/v2/committee-memberships/8595","committee":{"id":509,"entity_type":"node","label":"Auswärtiger Ausschuss","api_url":"https://www.abgeordnetenwatch.de/api/v2/committees/509"},"candidacy_mandate":{"id":43833,"entity_type":"candidacy_mandate","label":"Robby Schlund (Bundestag 2017 - 2021)","api_url":"https://www.abgeordnetenwatch.de/api/v2/candidacies-mandates/43833"},"committee_role":"alternate_member"},{"id":8594,"entity_type":"committee_membership","label":"Lothar Maier - Auswärtiger Ausschuss","api_url":"https://www.abgeordnetenwatch.de/api/v2/committee-memberships/8594","committee":{"id":509,"entity_type":"node","label":"Auswärtiger Ausschuss","api_url":"https://www.abgeordnetenwatch.de/api/v2/committees/509"},"candidacy_mandate":{"id":43841,"entity_type":"candidacy_mandate","label":"Lothar Maier (Bundestag 2017 - 2021)","api_url":"https://www.abgeordnetenwatch.de/api/v2/candidacies-mandates/43841"},"committee_role":"alternate_member"},{"id":8593,"entity_type":"committee_membership","label":"Udo Hemmelgarn - Auswärtiger Ausschuss","api_url":"https://www.abgeordnetenwatch.de/api/v2/committee-memberships/8593","committee":{"id":509,"entity_type":"node","label":"Auswärtiger Ausschuss","api_url":"https://www.abgeordnetenwatch.de/api/v2/committees/509"},"candidacy_mandate":{"id":43826,"entity_type":"candidacy_mandate","label":"Udo Hemmelgarn (Bundestag 2017 - 2021)","api_url":"https://www.abgeordnetenwatch.de/api/v2/candidacies-mandates/43826"},"committee_role":"alternate_member"},{"id":8592,"entity_type":"committee_membership","label":"Alexander Gauland - Auswärtiger Ausschuss","api_url":"https://www.abgeordnetenwatch.de/api/v2/committee-memberships/8592","committee":{"id":509,"entity_type":"node","label":"Auswärtiger Ausschuss","api_url":"https://www.abgeordnetenwatch.de/api/v2/committees/509"},"candidacy_mandate":{"id":46027,"entity_type":"candidacy_mandate","label":"Alexander Gauland (Bundestag 2017 - 2021)","api_url":"https://www.abgeordnetenwatch.de/api/v2/candidacies-mandates/46027"},"committee_role":"alternate_member"},{"id":8591,"entity_type":"committee_membership","label":"Tino Chrupalla - Auswärtiger Ausschuss","api_url":"https://www.abgeordnetenwatch.de/api/v2/committee-memberships/8591","committee":{"id":509,"entity_type":"node","label":"Auswärtiger Ausschuss","api_url":"https://www.abgeordnetenwatch.de/api/v2/committees/509"},"candidacy_mandate":{"id":43828,"entity_type":"candidacy_mandate","label":"Tino Chrupalla (Bundestag 2017 - 2021)","api_url":"https://www.abgeordnetenwatch.de/api/v2/candidacies-mandates/43828"},"committee_role":"alternate_member"},{"id":8589,"entity_type":"committee_membership","label":"Martin Schulz - Auswärtiger Ausschuss","api_url":"https://www.abgeordnetenwatch.de/api/v2/committee-memberships/8589","committee":{"id":509,"entity_type":"node","label":"Auswärtiger Ausschuss","api_url":"https://www.abgeordnetenwatch.de/api/v2/committees/509"},"candidacy_mandate":{"id":37851,"entity_type":"candidacy_mandate","label":"Martin Schulz (Bundestag 2017 - 2021)","api_url":"https://www.abgeordnetenwatch.de/api/v2/candidacies-mandates/37851"},"committee_role":"alternate_member"},{"id":8588,"entity_type":"committee_membership","label":"Johannes Schraps - Auswärtiger Ausschuss","api_url":"https://www.abgeordnetenwatch.de/api/v2/committee-memberships/8588","committee":{"id":509,"entity_type":"node","label":"Auswärtiger Ausschuss","api_url":"https://www.abgeordnetenwatch.de/api/v2/committees/509"},"candidacy_mandate":{"id":37960,"entity_type":"candidacy_mandate","label":"Johannes Schraps (Bundestag 2017 - 2021)","api_url":"https://www.abgeordnetenwatch.de/api/v2/candidacies-mandates/37960"},"committee_role":"alternate_member"},{"id":8587,"entity_type":"committee_membership","label":"Ulla Schmidt - Auswärtiger Ausschuss","api_url":"https://www.abgeordnetenwatch.de/api/v2/committee-memberships/8587","committee":{"id":509,"entity_type":"node","label":"Auswärtiger Ausschuss","api_url":"https://www.abgeordnetenwatch.de/api/v2/committees/509"},"candidacy_mandate":{"id":44069,"entity_type":"candidacy_mandate","label":"Ulla Schmidt (Bundestag 2017 - 2021)","api_url":"https://www.abgeordnetenwatch.de/api/v2/candidacies-mandates/44069"},"committee_role":"alternate_member"},{"id":8586,"entity_type":"committee_membership","label":"Dagmar Schmidt - Auswärtiger Ausschuss","api_url":"https://www.abgeordnetenwatch.de/api/v2/committee-memberships/8586","committee":{"id":509,"entity_type":"node","label":"Auswärtiger Ausschuss","api_url":"https://www.abgeordnetenwatch.de/api/v2/committees/509"},"candidacy_mandate":{"id":44567,"entity_type":"candidacy_mandate","label":"Dagmar Schmidt (Bundestag 2017 - 2021)","api_url":"https://www.abgeordnetenwatch.de/api/v2/candidacies-mandates/44567"},"committee_role":"alternate_member"},{"id":8585,"entity_type":"committee_membership","label":"Siemtje Möller - Auswärtiger Ausschuss","api_url":"https://www.abgeordnetenwatch.de/api/v2/committee-memberships/8585","committee":{"id":509,"entity_type":"node","label":"Auswärtiger Ausschuss","api_url":"https://www.abgeordnetenwatch.de/api/v2/committees/509"},"candidacy_mandate":{"id":43904,"entity_type":"candidacy_mandate","label":"Siemtje Möller (Bundestag 2017 - 2021)","api_url":"https://www.abgeordnetenwatch.de/api/v2/candidacies-mandates/43904"},"committee_role":"alternate_member"},{"id":8584,"entity_type":"committee_membership","label":"Gabriela Heinrich - Auswärtiger Ausschuss","api_url":"https://www.abgeordnetenwatch.de/api/v2/committee-memberships/8584","committee":{"id":509,"entity_type":"node","label":"Auswärtiger Ausschuss","api_url":"https://www.abgeordnetenwatch.de/api/v2/committees/509"},"candidacy_mandate":{"id":44534,"entity_type":"candidacy_mandate","label":"Gabriela Heinrich (Bundestag 2017 - 2021)","api_url":"https://www.abgeordnetenwatch.de/api/v2/candidacies-mandates/44534"},"committee_role":"alternate_member"},{"id":8583,"entity_type":"committee_membership","label":"Yasmin Fahimi - Auswärtiger Ausschuss","api_url":"https://www.abgeordnetenwatch.de/api/v2/committee-memberships/8583","committee":{"id":509,"entity_type":"node","label":"Auswärtiger Ausschuss","api_url":"https://www.abgeordnetenwatch.de/api/v2/committees/509"},"candidacy_mandate":{"id":43917,"entity_type":"candidacy_mandate","label":"Yasmin Fahimi (Bundestag 2017 - 2021)","api_url":"https://www.abgeordnetenwatch.de/api/v2/candidacies-mandates/43917"},"committee_role":"alternate_member"},{"id":8582,"entity_type":"committee_membership","label":"Karl-Heinz Brunner - Auswärtiger Ausschuss","api_url":"https://www.abgeordnetenwatch.de/api/v2/committee-memberships/8582","committee":{"id":509,"entity_type":"node","label":"Auswärtiger Ausschuss","api_url":"https://www.abgeordnetenwatch.de/api/v2/committees/509"},"candidacy_mandate":{"id":44065,"entity_type":"candidacy_mandate","label":"Karl-Heinz Brunner (Bundestag 2017 - 2021)","api_url":"https://www.abgeordnetenwatch.de/api/v2/candidacies-mandates/44065"},"committee_role":"alternate_member"},{"id":8581,"entity_type":"committee_membership","label":"Doris Barnett - Auswärtiger Ausschuss","api_url":"https://www.abgeordnetenwatch.de/api/v2/committee-memberships/8581","committee":{"id":509,"entity_type":"node","label":"Auswärtiger Ausschuss","api_url":"https://www.abgeordnetenwatch.de/api/v2/committees/509"},"candidacy_mandate":{"id":44481,"entity_type":"candidacy_mandate","label":"Doris Barnett (Bundestag 2017 - 2021)","api_url":"https://www.abgeordnetenwatch.de/api/v2/candidacies-mandates/44481"},"committee_role":"alternate_member"},{"id":8580,"entity_type":"committee_membership","label":"Paul Ziemiak - Auswärtiger Ausschuss","api_url":"https://www.abgeordnetenwatch.de/api/v2/committee-memberships/8580","committee":{"id":509,"entity_type":"node","label":"Auswärtiger Ausschuss","api_url":"https://www.abgeordnetenwatch.de/api/v2/committees/509"},"candidacy_mandate":{"id":44037,"entity_type":"candidacy_mandate","label":"Paul Ziemiak (Bundestag 2017 - 2021)","api_url":"https://www.abgeordnetenwatch.de/api/v2/candidacies-mandates/44037"},"committee_role":"alternate_member"},{"id":8579,"entity_type":"committee_membership","label":"Johann Wadephul - Auswärtiger Ausschuss","api_url":"https://www.abgeordnetenwatch.de/api/v2/committee-memberships/8579","committee":{"id":509,"entity_type":"node","label":"Auswärtiger Ausschuss","api_url":"https://www.abgeordnetenwatch.de/api/v2/committees/509"},"candidacy_mandate":{"id":44070,"entity_type":"candidacy_mandate","label":"Johann Wadephul (Bundestag 2017 - 2021)","api_url":"https://www.abgeordnetenwatch.de/api/v2/candidacies-mandates/44070"},"committee_role":"alternate_member"},{"id":8578,"entity_type":"committee_membership","label":"Volker Ullrich - Auswärtiger Ausschuss","api_url":"https://www.abgeordnetenwatch.de/api/v2/committee-memberships/8578","committee":{"id":509,"entity_type":"node","label":"Auswärtiger Ausschuss","api_url":"https://www.abgeordnetenwatch.de/api/v2/committees/509"},"candidacy_mandate":{"id":45428,"entity_type":"candidacy_mandate","label":"Volker Ullrich (Bundestag 2017 - 2021)","api_url":"https://www.abgeordnetenwatch.de/api/v2/candidacies-mandates/45428"},"committee_role":"alternate_member"},{"id":8577,"entity_type":"committee_membership","label":"Johannes Selle - Auswärtiger Ausschuss","api_url":"https://www.abgeordnetenwatch.de/api/v2/committee-memberships/8577","committee":{"id":509,"entity_type":"node","label":"Auswärtiger Ausschuss","api_url":"https://www.abgeordnetenwatch.de/api/v2/committees/509"},"candidacy_mandate":{"id":45404,"entity_type":"candidacy_mandate","label":"Johannes Selle (Bundestag 2017 - 2021)","api_url":"https://www.abgeordnetenwatch.de/api/v2/candidacies-mandates/45404"},"committee_role":"alternate_member"},{"id":8576,"entity_type":"committee_membership","label":"Peter Ramsauer - Auswärtiger Ausschuss","api_url":"https://www.abgeordnetenwatch.de/api/v2/committee-memberships/8576","committee":{"id":509,"entity_type":"node","label":"Auswärtiger Ausschuss","api_url":"https://www.abgeordnetenwatch.de/api/v2/committees/509"},"candidacy_mandate":{"id":45367,"entity_type":"candidacy_mandate","label":"Peter Ramsauer (Bundestag 2017 - 2021)","api_url":"https://www.abgeordnetenwatch.de/api/v2/candidacies-mandates/45367"},"committee_role":"alternate_member"},{"id":8575,"entity_type":"committee_membership","label":"Henning Otte - Auswärtiger Ausschuss","api_url":"https://www.abgeordnetenwatch.de/api/v2/committee-memberships/8575","committee":{"id":509,"entity_type":"node","label":"Auswärtiger Ausschuss","api_url":"https://www.abgeordnetenwatch.de/api/v2/committees/509"},"candidacy_mandate":{"id":45837,"entity_type":"candidacy_mandate","label":"Henning Otte (Bundestag 2017 - 2021)","api_url":"https://www.abgeordnetenwatch.de/api/v2/candidacies-mandates/45837"},"committee_role":"alternate_member"},{"id":8574,"entity_type":"committee_membership","label":"Jan Metzler - Auswärtiger Ausschuss","api_url":"https://www.abgeordnetenwatch.de/api/v2/committee-memberships/8574","committee":{"id":509,"entity_type":"node","label":"Auswärtiger Ausschuss","api_url":"https://www.abgeordnetenwatch.de/api/v2/committees/509"},"candidacy_mandate":{"id":44612,"entity_type":"candidacy_mandate","label":"Jan Metzler (Bundestag 2017 - 2021)","api_url":"https://www.abgeordnetenwatch.de/api/v2/candidacies-mandates/44612"},"committee_role":"alternate_member"},{"id":8573,"entity_type":"committee_membership","label":"Katja Leikert - Auswärtiger Ausschuss","api_url":"https://www.abgeordnetenwatch.de/api/v2/committee-memberships/8573","committee":{"id":509,"entity_type":"node","label":"Auswärtiger Ausschuss","api_url":"https://www.abgeordnetenwatch.de/api/v2/committees/509"},"candidacy_mandate":{"id":45317,"entity_type":"candidacy_mandate","label":"Katja Leikert (Bundestag 2017 - 2021)","api_url":"https://www.abgeordnetenwatch.de/api/v2/candidacies-mandates/45317"},"committee_role":"alternate_member"},{"id":8572,"entity_type":"committee_membership","label":"Andreas Lämmel - Auswärtiger Ausschuss","api_url":"https://www.abgeordnetenwatch.de/api/v2/committee-memberships/8572","committee":{"id":509,"entity_type":"node","label":"Auswärtiger Ausschuss","api_url":"https://www.abgeordnetenwatch.de/api/v2/committees/509"},"candidacy_mandate":{"id":45308,"entity_type":"candidacy_mandate","label":"Andreas Lämmel (Bundestag 2017 - 2021)","api_url":"https://www.abgeordnetenwatch.de/api/v2/candidacies-mandates/45308"},"committee_role":"alternate_member"},{"id":8571,"entity_type":"committee_membership","label":"Karl A. Lamers - Auswärtiger Ausschuss","api_url":"https://www.abgeordnetenwatch.de/api/v2/committee-memberships/8571","committee":{"id":509,"entity_type":"node","label":"Auswärtiger Ausschuss","api_url":"https://www.abgeordnetenwatch.de/api/v2/committees/509"},"candidacy_mandate":{"id":44055,"entity_type":"candidacy_mandate","label":"Karl A. Lamers (Bundestag 2017 - 2021)","api_url":"https://www.abgeordnetenwatch.de/api/v2/candidacies-mandates/44055"},"committee_role":"alternate_member"},{"id":8570,"entity_type":"committee_membership","label":"Roy Kühne - Auswärtiger Ausschuss","api_url":"https://www.abgeordnetenwatch.de/api/v2/committee-memberships/8570","committee":{"id":509,"entity_type":"node","label":"Auswärtiger Ausschuss","api_url":"https://www.abgeordnetenwatch.de/api/v2/committees/509"},"candidacy_mandate":{"id":45305,"entity_type":"candidacy_mandate","label":"Roy Kühne (Bundestag 2017 - 2021)","api_url":"https://www.abgeordnetenwatch.de/api/v2/candidacies-mandates/45305"},"committee_role":"alternate_member"},{"id":8569,"entity_type":"committee_membership","label":"Michael Kuffer - Auswärtiger Ausschuss","api_url":"https://www.abgeordnetenwatch.de/api/v2/committee-memberships/8569","committee":{"id":509,"entity_type":"node","label":"Auswärtiger Ausschuss","api_url":"https://www.abgeordnetenwatch.de/api/v2/committees/509"},"candidacy_mandate":{"id":43877,"entity_type":"candidacy_mandate","label":"Michael Kuffer (Bundestag 2017 - 2021)","api_url":"https://www.abgeordnetenwatch.de/api/v2/candidacies-mandates/43877"},"committee_role":"alternate_member"},{"id":8568,"entity_type":"committee_membership","label":"Volkmar Klein - Auswärtiger Ausschuss","api_url":"https://www.abgeordnetenwatch.de/api/v2/committee-memberships/8568","committee":{"id":509,"entity_type":"node","label":"Auswärtiger Ausschuss","api_url":"https://www.abgeordnetenwatch.de/api/v2/committees/509"},"candidacy_mandate":{"id":45294,"entity_type":"candidacy_mandate","label":"Volkmar Klein (Bundestag 2017 - 2021)","api_url":"https://www.abgeordnetenwatch.de/api/v2/candidacies-mandates/45294"},"committee_role":"alternate_member"},{"id":8567,"entity_type":"committee_membership","label":"Frank Heinrich - Auswärtiger Ausschuss","api_url":"https://www.abgeordnetenwatch.de/api/v2/committee-memberships/8567","committee":{"id":509,"entity_type":"node","label":"Auswärtiger Ausschuss","api_url":"https://www.abgeordnetenwatch.de/api/v2/committees/509"},"candidacy_mandate":{"id":45858,"entity_type":"candidacy_mandate","label":"Frank Heinrich (Bundestag 2017 - 2021)","api_url":"https://www.abgeordnetenwatch.de/api/v2/candidacies-mandates/45858"},"committee_role":"alternate_member"},{"id":8566,"entity_type":"committee_membership","label":"Mark Hauptmann - Auswärtiger Ausschuss","api_url":"https://www.abgeordnetenwatch.de/api/v2/committee-memberships/8566","committee":{"id":509,"entity_type":"node","label":"Auswärtiger Ausschuss","api_url":"https://www.abgeordnetenwatch.de/api/v2/committees/509"},"candidacy_mandate":{"id":45782,"entity_type":"candidacy_mandate","label":"Mark Hauptmann (Bundestag 2017 - 2021)","api_url":"https://www.abgeordnetenwatch.de/api/v2/candidacies-mandates/45782"},"committee_role":"alternate_member"},{"id":8565,"entity_type":"committee_membership","label":"Axel Eduard Fischer - Auswärtiger Ausschuss","api_url":"https://www.abgeordnetenwatch.de/api/v2/committee-memberships/8565","committee":{"id":509,"entity_type":"node","label":"Auswärtiger Ausschuss","api_url":"https://www.abgeordnetenwatch.de/api/v2/committees/509"},"candidacy_mandate":{"id":43873,"entity_type":"candidacy_mandate","label":"Axel Eduard Fischer (Bundestag 2017 - 2021)","api_url":"https://www.abgeordnetenwatch.de/api/v2/candidacies-mandates/43873"},"committee_role":"alternate_member"},{"id":8564,"entity_type":"committee_membership","label":"Christian Schmidt - Auswärtiger Ausschuss","api_url":"https://www.abgeordnetenwatch.de/api/v2/committee-memberships/8564","committee":{"id":509,"entity_type":"node","label":"Auswärtiger Ausschuss","api_url":"https://www.abgeordnetenwatch.de/api/v2/committees/509"},"candidacy_mandate":{"id":45392,"entity_type":"candidacy_mandate","label":"Christian Schmidt (Bundestag 2017 - 2021)","api_url":"https://www.abgeordnetenwatch.de/api/v2/candidacies-mandates/45392"},"committee_role":"member"},{"id":8563,"entity_type":"committee_membership","label":"Jürgen Trittin - Auswärtiger Ausschuss","api_url":"https://www.abgeordnetenwatch.de/api/v2/committee-memberships/8563","committee":{"id":509,"entity_type":"node","label":"Auswärtiger Ausschuss","api_url":"https://www.abgeordnetenwatch.de/api/v2/committees/509"},"candidacy_mandate":{"id":44621,"entity_type":"candidacy_mandate","label":"Jürgen Trittin (Bundestag 2017 - 2021)","api_url":"https://www.abgeordnetenwatch.de/api/v2/candidacies-mandates/44621"},"committee_role":"member"},{"id":8562,"entity_type":"committee_membership","label":"Frithjof Schmidt - Auswärtiger Ausschuss","api_url":"https://www.abgeordnetenwatch.de/api/v2/committee-memberships/8562","committee":{"id":509,"entity_type":"node","label":"Auswärtiger Ausschuss","api_url":"https://www.abgeordnetenwatch.de/api/v2/committees/509"},"candidacy_mandate":{"id":45391,"entity_type":"candidacy_mandate","label":"Frithjof Schmidt (Bundestag 2017 - 2021)","api_url":"https://www.abgeordnetenwatch.de/api/v2/candidacies-mandates/45391"},"committee_role":"member"},{"id":8561,"entity_type":"committee_membership","label":"Manuel Sarrazin - Auswärtiger Ausschuss","api_url":"https://www.abgeordnetenwatch.de/api/v2/committee-memberships/8561","committee":{"id":509,"entity_type":"node","label":"Auswärtiger Ausschuss","api_url":"https://www.abgeordnetenwatch.de/api/v2/committees/509"},"candidacy_mandate":{"id":45384,"entity_type":"candidacy_mandate","label":"Manuel Sarrazin (Bundestag 2017 - 2021)","api_url":"https://www.abgeordnetenwatch.de/api/v2/candidacies-mandates/45384"},"committee_role":"member"},{"id":8560,"entity_type":"committee_membership","label":"Kathrin Vogler - Auswärtiger Ausschuss","api_url":"https://www.abgeordnetenwatch.de/api/v2/committee-memberships/8560","committee":{"id":509,"entity_type":"node","label":"Auswärtiger Ausschuss","api_url":"https://www.abgeordnetenwatch.de/api/v2/committees/509"},"candidacy_mandate":{"id":46197,"entity_type":"candidacy_mandate","label":"Kathrin Vogler (Bundestag 2017 - 2021)","api_url":"https://www.abgeordnetenwatch.de/api/v2/candidacies-mandates/46197"},"committee_role":"member"},{"id":8559,"entity_type":"committee_membership","label":"Heike Hänsel - Auswärtiger Ausschuss","api_url":"https://www.abgeordnetenwatch.de/api/v2/committee-memberships/8559","committee":{"id":509,"entity_type":"node","label":"Auswärtiger Ausschuss","api_url":"https://www.abgeordnetenwatch.de/api/v2/committees/509"},"candidacy_mandate":{"id":44531,"entity_type":"candidacy_mandate","label":"Heike Hänsel (Bundestag 2017 - 2021)","api_url":"https://www.abgeordnetenwatch.de/api/v2/candidacies-mandates/44531"},"committee_role":"member"},{"id":8558,"entity_type":"committee_membership","label":"Sevim Dağdelen - Auswärtiger Ausschuss","api_url":"https://www.abgeordnetenwatch.de/api/v2/committee-memberships/8558","committee":{"id":509,"entity_type":"node","label":"Auswärtiger Ausschuss","api_url":"https://www.abgeordnetenwatch.de/api/v2/committees/509"},"candidacy_mandate":{"id":44501,"entity_type":"candidacy_mandate","label":"Sevim Dağdelen (Bundestag 2017 - 2021)","api_url":"https://www.abgeordnetenwatch.de/api/v2/candidacies-mandates/44501"},"committee_role":"foreperson"},{"id":8557,"entity_type":"committee_membership","label":"Frank Müller-Rosentritt - Auswärtiger Ausschuss","api_url":"https://www.abgeordnetenwatch.de/api/v2/committee-memberships/8557","committee":{"id":509,"entity_type":"node","label":"Auswärtiger Ausschuss","api_url":"https://www.abgeordnetenwatch.de/api/v2/committees/509"},"candidacy_mandate":{"id":43895,"entity_type":"candidacy_mandate","label":"Frank Müller-Rosentritt (Bundestag 2017 - 2021)","api_url":"https://www.abgeordnetenwatch.de/api/v2/candidacies-mandates/43895"},"committee_role":"member"},{"id":8556,"entity_type":"committee_membership","label":"Ulrich Lechte - Auswärtiger Ausschuss","api_url":"https://www.abgeordnetenwatch.de/api/v2/committee-memberships/8556","committee":{"id":509,"entity_type":"node","label":"Auswärtiger Ausschuss","api_url":"https://www.abgeordnetenwatch.de/api/v2/committees/509"},"candidacy_mandate":{"id":43821,"entity_type":"candidacy_mandate","label":"Ulrich Lechte (Bundestag 2017 - 2021)","api_url":"https://www.abgeordnetenwatch.de/api/v2/candidacies-mandates/43821"},"committee_role":"member"},{"id":8555,"entity_type":"committee_membership","label":"Alexander Kulitz - Auswärtiger Ausschuss","api_url":"https://www.abgeordnetenwatch.de/api/v2/committee-memberships/8555","committee":{"id":509,"entity_type":"node","label":"Auswärtiger Ausschuss","api_url":"https://www.abgeordnetenwatch.de/api/v2/committees/509"},"candidacy_mandate":{"id":39936,"entity_type":"candidacy_mandate","label":"Alexander Kulitz (Bundestag 2017 - 2021)","api_url":"https://www.abgeordnetenwatch.de/api/v2/candidacies-mandates/39936"},"committee_role":"member"},{"id":8554,"entity_type":"committee_membership","label":"Renata Alt - Auswärtiger Ausschuss","api_url":"https://www.abgeordnetenwatch.de/api/v2/committee-memberships/8554","committee":{"id":509,"entity_type":"node","label":"Auswärtiger Ausschuss","api_url":"https://www.abgeordnetenwatch.de/api/v2/committees/509"},"candidacy_mandate":{"id":41217,"entity_type":"candidacy_mandate","label":"Renata Alt (Bundestag 2017 - 2021)","api_url":"https://www.abgeordnetenwatch.de/api/v2/candidacies-mandates/41217"},"committee_role":"member"},{"id":8553,"entity_type":"committee_membership","label":"Paul Podolay - Auswärtiger Ausschuss","api_url":"https://www.abgeordnetenwatch.de/api/v2/committee-memberships/8553","committee":{"id":509,"entity_type":"node","label":"Auswärtiger Ausschuss","api_url":"https://www.abgeordnetenwatch.de/api/v2/committees/509"},"candidacy_mandate":{"id":43838,"entity_type":"candidacy_mandate","label":"Paul Podolay (Bundestag 2017 - 2021)","api_url":"https://www.abgeordnetenwatch.de/api/v2/candidacies-mandates/43838"},"committee_role":"member"},{"id":8552,"entity_type":"committee_membership","label":"Waldemar Herdt - Auswärtiger Ausschuss","api_url":"https://www.abgeordnetenwatch.de/api/v2/committee-memberships/8552","committee":{"id":509,"entity_type":"node","label":"Auswärtiger Ausschuss","api_url":"https://www.abgeordnetenwatch.de/api/v2/committees/509"},"candidacy_mandate":{"id":37970,"entity_type":"candidacy_mandate","label":"Waldemar Herdt (Bundestag 2017 - 2021)","api_url":"https://www.abgeordnetenwatch.de/api/v2/candidacies-mandates/37970"},"committee_role":"member"},{"id":8551,"entity_type":"committee_membership","label":"Roland Hartwig - Auswärtiger Ausschuss","api_url":"https://www.abgeordnetenwatch.de/api/v2/committee-memberships/8551","committee":{"id":509,"entity_type":"node","label":"Auswärtiger Ausschuss","api_url":"https://www.abgeordnetenwatch.de/api/v2/committees/509"},"candidacy_mandate":{"id":45263,"entity_type":"candidacy_mandate","label":"Roland Hartwig (Bundestag 2017 - 2021)","api_url":"https://www.abgeordnetenwatch.de/api/v2/candidacies-mandates/45263"},"committee_role":"member"},{"id":8550,"entity_type":"committee_membership","label":"Armin Paul Hampel - Auswärtiger Ausschuss","api_url":"https://www.abgeordnetenwatch.de/api/v2/committee-memberships/8550","committee":{"id":509,"entity_type":"node","label":"Auswärtiger Ausschuss","api_url":"https://www.abgeordnetenwatch.de/api/v2/committees/509"},"candidacy_mandate":{"id":37963,"entity_type":"candidacy_mandate","label":"Armin Paul Hampel (Bundestag 2017 - 2021)","api_url":"https://www.abgeordnetenwatch.de/api/v2/candidacies-mandates/37963"},"committee_role":"member"},{"id":8549,"entity_type":"committee_membership","label":"Anton Friesen - Auswärtiger Ausschuss","api_url":"https://www.abgeordnetenwatch.de/api/v2/committee-memberships/8549","committee":{"id":509,"entity_type":"node","label":"Auswärtiger Ausschuss","api_url":"https://www.abgeordnetenwatch.de/api/v2/committees/509"},"candidacy_mandate":{"id":43950,"entity_type":"candidacy_mandate","label":"Anton Friesen (Bundestag 2017 - 2021)","api_url":"https://www.abgeordnetenwatch.de/api/v2/candidacies-mandates/43950"},"committee_role":"member"},{"id":8548,"entity_type":"committee_membership","label":"Aydan Özoğuz - Auswärtiger Ausschuss","api_url":"https://www.abgeordnetenwatch.de/api/v2/committee-memberships/8548","committee":{"id":509,"entity_type":"node","label":"Auswärtiger Ausschuss","api_url":"https://www.abgeordnetenwatch.de/api/v2/committees/509"},"candidacy_mandate":{"id":45354,"entity_type":"candidacy_mandate","label":"Aydan Özoğuz (Bundestag 2017 - 2021)","api_url":"https://www.abgeordnetenwatch.de/api/v2/candidacies-mandates/45354"},"committee_role":"member"},{"id":8546,"entity_type":"committee_membership","label":"Dietmar Nietan - Auswärtiger Ausschuss","api_url":"https://www.abgeordnetenwatch.de/api/v2/committee-memberships/8546","committee":{"id":509,"entity_type":"node","label":"Auswärtiger Ausschuss","api_url":"https://www.abgeordnetenwatch.de/api/v2/committees/509"},"candidacy_mandate":{"id":45344,"entity_type":"candidacy_mandate","label":"Dietmar Nietan (Bundestag 2017 - 2021)","api_url":"https://www.abgeordnetenwatch.de/api/v2/candidacies-mandates/45344"},"committee_role":"member"},{"id":8545,"entity_type":"committee_membership","label":"Christoph Matschie - Auswärtiger Ausschuss","api_url":"https://www.abgeordnetenwatch.de/api/v2/committee-memberships/8545","committee":{"id":509,"entity_type":"node","label":"Auswärtiger Ausschuss","api_url":"https://www.abgeordnetenwatch.de/api/v2/committees/509"},"candidacy_mandate":{"id":43800,"entity_type":"candidacy_mandate","label":"Christoph Matschie (Bundestag 2017 - 2021)","api_url":"https://www.abgeordnetenwatch.de/api/v2/candidacies-mandates/43800"},"committee_role":"member"},{"id":8544,"entity_type":"committee_membership","label":"Bärbel Kofler - Auswärtiger Ausschuss","api_url":"https://www.abgeordnetenwatch.de/api/v2/committee-memberships/8544","committee":{"id":509,"entity_type":"node","label":"Auswärtiger Ausschuss","api_url":"https://www.abgeordnetenwatch.de/api/v2/committees/509"},"candidacy_mandate":{"id":44573,"entity_type":"candidacy_mandate","label":"Bärbel Kofler (Bundestag 2017 - 2021)","api_url":"https://www.abgeordnetenwatch.de/api/v2/candidacies-mandates/44573"},"committee_role":"member"},{"id":8543,"entity_type":"committee_membership","label":"Josip Juratovic - Auswärtiger Ausschuss","api_url":"https://www.abgeordnetenwatch.de/api/v2/committee-memberships/8543","committee":{"id":509,"entity_type":"node","label":"Auswärtiger Ausschuss","api_url":"https://www.abgeordnetenwatch.de/api/v2/committees/509"},"candidacy_mandate":{"id":44613,"entity_type":"candidacy_mandate","label":"Josip Juratovic (Bundestag 2017 - 2021)","api_url":"https://www.abgeordnetenwatch.de/api/v2/candidacies-mandates/44613"},"committee_role":"member"},{"id":8542,"entity_type":"committee_membership","label":"Barbara Hendricks - Auswärtiger Ausschuss","api_url":"https://www.abgeordnetenwatch.de/api/v2/committee-memberships/8542","committee":{"id":509,"entity_type":"node","label":"Auswärtiger Ausschuss","api_url":"https://www.abgeordnetenwatch.de/api/v2/committees/509"},"candidacy_mandate":{"id":44538,"entity_type":"candidacy_mandate","label":"Barbara Hendricks (Bundestag 2017 - 2021)","api_url":"https://www.abgeordnetenwatch.de/api/v2/candidacies-mandates/44538"},"committee_role":"member"},{"id":8541,"entity_type":"committee_membership","label":"Dagmar Freitag - Auswärtiger Ausschuss","api_url":"https://www.abgeordnetenwatch.de/api/v2/committee-memberships/8541","committee":{"id":509,"entity_type":"node","label":"Auswärtiger Ausschuss","api_url":"https://www.abgeordnetenwatch.de/api/v2/committees/509"},"candidacy_mandate":{"id":44516,"entity_type":"candidacy_mandate","label":"Dagmar Freitag (Bundestag 2017 - 2021)","api_url":"https://www.abgeordnetenwatch.de/api/v2/candidacies-mandates/44516"},"committee_role":"member"},{"id":8540,"entity_type":"committee_membership","label":"Frank Steffel - Auswärtiger Ausschuss","api_url":"https://www.abgeordnetenwatch.de/api/v2/committee-memberships/8540","committee":{"id":509,"entity_type":"node","label":"Auswärtiger Ausschuss","api_url":"https://www.abgeordnetenwatch.de/api/v2/committees/509"},"candidacy_mandate":{"id":45413,"entity_type":"candidacy_mandate","label":"Frank Steffel (Bundestag 2017 - 2021)","api_url":"https://www.abgeordnetenwatch.de/api/v2/candidacies-mandates/45413"},"committee_role":"member"},{"id":8539,"entity_type":"committee_membership","label":"Alexander Radwan - Auswärtiger Ausschuss","api_url":"https://www.abgeordnetenwatch.de/api/v2/committee-memberships/8539","committee":{"id":509,"entity_type":"node","label":"Auswärtiger Ausschuss","api_url":"https://www.abgeordnetenwatch.de/api/v2/committees/509"},"candidacy_mandate":{"id":44545,"entity_type":"candidacy_mandate","label":"Alexander Radwan (Bundestag 2017 - 2021)","api_url":"https://www.abgeordnetenwatch.de/api/v2/candidacies-mandates/44545"},"committee_role":"member"},{"id":8538,"entity_type":"committee_membership","label":"Andreas Nick - Auswärtiger Ausschuss","api_url":"https://www.abgeordnetenwatch.de/api/v2/committee-memberships/8538","committee":{"id":509,"entity_type":"node","label":"Auswärtiger Ausschuss","api_url":"https://www.abgeordnetenwatch.de/api/v2/committees/509"},"candidacy_mandate":{"id":44572,"entity_type":"candidacy_mandate","label":"Andreas Nick (Bundestag 2017 - 2021)","api_url":"https://www.abgeordnetenwatch.de/api/v2/candidacies-mandates/44572"},"committee_role":"member"},{"id":8537,"entity_type":"committee_membership","label":"Elisabeth Motschmann - Auswärtiger Ausschuss","api_url":"https://www.abgeordnetenwatch.de/api/v2/committee-memberships/8537","committee":{"id":509,"entity_type":"node","label":"Auswärtiger Ausschuss","api_url":"https://www.abgeordnetenwatch.de/api/v2/committees/509"},"candidacy_mandate":{"id":46188,"entity_type":"candidacy_mandate","label":"Elisabeth Motschmann (Bundestag 2017 - 2021)","api_url":"https://www.abgeordnetenwatch.de/api/v2/candidacies-mandates/46188"},"committee_role":"member"},{"id":8536,"entity_type":"committee_membership","label":"Gisela Manderla - Auswärtiger Ausschuss","api_url":"https://www.abgeordnetenwatch.de/api/v2/committee-memberships/8536","committee":{"id":509,"entity_type":"node","label":"Auswärtiger Ausschuss","api_url":"https://www.abgeordnetenwatch.de/api/v2/committees/509"},"candidacy_mandate":{"id":44601,"entity_type":"candidacy_mandate","label":"Gisela Manderla (Bundestag 2017 - 2021)","api_url":"https://www.abgeordnetenwatch.de/api/v2/candidacies-mandates/44601"},"committee_role":"member"},{"id":8535,"entity_type":"committee_membership","label":"Nikolas Löbel - Auswärtiger Ausschuss","api_url":"https://www.abgeordnetenwatch.de/api/v2/committee-memberships/8535","committee":{"id":509,"entity_type":"node","label":"Auswärtiger Ausschuss","api_url":"https://www.abgeordnetenwatch.de/api/v2/committees/509"},"candidacy_mandate":{"id":42032,"entity_type":"candidacy_mandate","label":"Nikolas Löbel (Bundestag 2017 - 2021)","api_url":"https://www.abgeordnetenwatch.de/api/v2/candidacies-mandates/42032"},"committee_role":"member"},{"id":8534,"entity_type":"committee_membership","label":"Markus Koob - Auswärtiger Ausschuss","api_url":"https://www.abgeordnetenwatch.de/api/v2/committee-memberships/8534","committee":{"id":509,"entity_type":"node","label":"Auswärtiger Ausschuss","api_url":"https://www.abgeordnetenwatch.de/api/v2/committees/509"},"candidacy_mandate":{"id":45299,"entity_type":"candidacy_mandate","label":"Markus Koob (Bundestag 2017 - 2021)","api_url":"https://www.abgeordnetenwatch.de/api/v2/candidacies-mandates/45299"},"committee_role":"member"},{"id":8533,"entity_type":"committee_membership","label":"Manfred Grund - Auswärtiger Ausschuss","api_url":"https://www.abgeordnetenwatch.de/api/v2/committee-memberships/8533","committee":{"id":509,"entity_type":"node","label":"Auswärtiger Ausschuss","api_url":"https://www.abgeordnetenwatch.de/api/v2/committees/509"},"candidacy_mandate":{"id":45258,"entity_type":"candidacy_mandate","label":"Manfred Grund (Bundestag 2017 - 2021)","api_url":"https://www.abgeordnetenwatch.de/api/v2/candidacies-mandates/45258"},"committee_role":"member"},{"id":8532,"entity_type":"committee_membership","label":"Markus Grübel - Auswärtiger Ausschuss","api_url":"https://www.abgeordnetenwatch.de/api/v2/committee-memberships/8532","committee":{"id":509,"entity_type":"node","label":"Auswärtiger Ausschuss","api_url":"https://www.abgeordnetenwatch.de/api/v2/committees/509"},"candidacy_mandate":{"id":46201,"entity_type":"candidacy_mandate","label":"Markus Grübel (Bundestag 2017 - 2021)","api_url":"https://www.abgeordnetenwatch.de/api/v2/candidacies-mandates/46201"},"committee_role":"member"},{"id":8531,"entity_type":"committee_membership","label":"Ursula Groden-Kranich - Auswärtiger Ausschuss","api_url":"https://www.abgeordnetenwatch.de/api/v2/committee-memberships/8531","committee":{"id":509,"entity_type":"node","label":"Auswärtiger Ausschuss","api_url":"https://www.abgeordnetenwatch.de/api/v2/committees/509"},"candidacy_mandate":{"id":45472,"entity_type":"candidacy_mandate","label":"Ursula Groden-Kranich (Bundestag 2017 - 2021)","api_url":"https://www.abgeordnetenwatch.de/api/v2/candidacies-mandates/45472"},"committee_role":"member"},{"id":8530,"entity_type":"committee_membership","label":"Thomas Erndl - Auswärtiger Ausschuss","api_url":"https://www.abgeordnetenwatch.de/api/v2/committee-memberships/8530","committee":{"id":509,"entity_type":"node","label":"Auswärtiger Ausschuss","api_url":"https://www.abgeordnetenwatch.de/api/v2/committees/509"},"candidacy_mandate":{"id":43880,"entity_type":"candidacy_mandate","label":"Thomas Erndl (Bundestag 2017 - 2021)","api_url":"https://www.abgeordnetenwatch.de/api/v2/candidacies-mandates/43880"},"committee_role":"member"},{"id":8529,"entity_type":"committee_membership","label":"Peter Beyer - Auswärtiger Ausschuss","api_url":"https://www.abgeordnetenwatch.de/api/v2/committee-memberships/8529","committee":{"id":509,"entity_type":"node","label":"Auswärtiger Ausschuss","api_url":"https://www.abgeordnetenwatch.de/api/v2/committees/509"},"candidacy_mandate":{"id":44489,"entity_type":"candidacy_mandate","label":"Peter Beyer (Bundestag 2017 - 2021)","api_url":"https://www.abgeordnetenwatch.de/api/v2/candidacies-mandates/44489"},"committee_role":"member"},{"id":8528,"entity_type":"committee_membership","label":"Jürgen Hardt - Auswärtiger Ausschuss","api_url":"https://www.abgeordnetenwatch.de/api/v2/committee-memberships/8528","committee":{"id":509,"entity_type":"node","label":"Auswärtiger Ausschuss","api_url":"https://www.abgeordnetenwatch.de/api/v2/committees/509"},"candidacy_mandate":{"id":44615,"entity_type":"candidacy_mandate","label":"Jürgen Hardt (Bundestag 2017 - 2021)","api_url":"https://www.abgeordnetenwatch.de/api/v2/candidacies-mandates/44615"},"committee_role":"spokesperson"},{"id":8527,"entity_type":"committee_membership","label":"Omid Nouripour - Auswärtiger Ausschuss","api_url":"https://www.abgeordnetenwatch.de/api/v2/committee-memberships/8527","committee":{"id":509,"entity_type":"node","label":"Auswärtiger Ausschuss","api_url":"https://www.abgeordnetenwatch.de/api/v2/committees/509"},"candidacy_mandate":{"id":45347,"entity_type":"candidacy_mandate","label":"Omid Nouripour (Bundestag 2017 - 2021)","api_url":"https://www.abgeordnetenwatch.de/api/v2/candidacies-mandates/45347"},"committee_role":"foreperson"},{"id":8525,"entity_type":"committee_membership","label":"Bijan Djir-Sarai - Auswärtiger Ausschuss","api_url":"https://www.abgeordnetenwatch.de/api/v2/committee-memberships/8525","committee":{"id":509,"entity_type":"node","label":"Auswärtiger Ausschuss","api_url":"https://www.abgeordnetenwatch.de/api/v2/committees/509"},"candidacy_mandate":{"id":40553,"entity_type":"candidacy_mandate","label":"Bijan Djir-Sarai (Bundestag 2017 - 2021)","api_url":"https://www.abgeordnetenwatch.de/api/v2/candidacies-mandates/40553"},"committee_role":"foreperson"},{"id":8524,"entity_type":"committee_membership","label":"Petr Bystron - Auswärtiger Ausschuss","api_url":"https://www.abgeordnetenwatch.de/api/v2/committee-memberships/8524","committee":{"id":509,"entity_type":"node","label":"Auswärtiger Ausschuss","api_url":"https://www.abgeordnetenwatch.de/api/v2/committees/509"},"candidacy_mandate":{"id":37965,"entity_type":"candidacy_mandate","label":"Petr Bystron (Bundestag 2017 - 2021)","api_url":"https://www.abgeordnetenwatch.de/api/v2/candidacies-mandates/37965"},"committee_role":"foreperson"},{"id":8523,"entity_type":"committee_membership","label":"Nils Schmid - Auswärtiger Ausschuss","api_url":"https://www.abgeordnetenwatch.de/api/v2/committee-memberships/8523","committee":{"id":509,"entity_type":"node","label":"Auswärtiger Ausschuss","api_url":"https://www.abgeordnetenwatch.de/api/v2/committees/509"},"candidacy_mandate":{"id":40161,"entity_type":"candidacy_mandate","label":"Nils Schmid (Bundestag 2017 - 2021)","api_url":"https://www.abgeordnetenwatch.de/api/v2/candidacies-mandates/40161"},"committee_role":"foreperson"},{"id":8522,"entity_type":"committee_membership","label":"Roderich Kiesewetter - Auswärtiger Ausschuss","api_url":"https://www.abgeordnetenwatch.de/api/v2/committee-memberships/8522","committee":{"id":509,"entity_type":"node","label":"Auswärtiger Ausschuss","api_url":"https://www.abgeordnetenwatch.de/api/v2/committees/509"},"candidacy_mandate":{"id":45289,"entity_type":"candidacy_mandate","label":"Roderich Kiesewetter (Bundestag 2017 - 2021)","api_url":"https://www.abgeordnetenwatch.de/api/v2/candidacies-mandates/45289"},"committee_role":"foreperson"},{"id":8521,"entity_type":"committee_membership","label":"Daniela De Ridder - Auswärtiger Ausschuss","api_url":"https://www.abgeordnetenwatch.de/api/v2/committee-memberships/8521","committee":{"id":509,"entity_type":"node","label":"Auswärtiger Ausschuss","api_url":"https://www.abgeordnetenwatch.de/api/v2/committees/509"},"candidacy_mandate":{"id":45466,"entity_type":"candidacy_mandate","label":"Daniela De Ridder (Bundestag 2017 - 2021)","api_url":"https://www.abgeordnetenwatch.de/api/v2/candidacies-mandates/45466"},"committee_role":"vice_chairperson"},{"id":8520,"entity_type":"committee_membership","label":"Norbert Röttgen - Auswärtiger Ausschuss","api_url":"https://www.abgeordnetenwatch.de/api/v2/committee-memberships/8520","committee":{"id":509,"entity_type":"node","label":"Auswärtiger Ausschuss","api_url":"https://www.abgeordnetenwatch.de/api/v2/committees/509"},"candidacy_mandate":{"id":45380,"entity_type":"candidacy_mandate","label":"Norbert Röttgen (Bundestag 2017 - 2021)","api_url":"https://www.abgeordnetenwatch.de/api/v2/candidacies-mandates/45380"},"committee_role":"chairperson"}]
