[{"id":15308,"entity_type":"committee_membership","label":"Axel Troost - Finanzausschuss","api_url":"https://www.abgeordnetenwatch.de/api/v2/committee-memberships/15308","committee":{"id":513,"entity_type":"node","label":"Finanzausschuss","api_url":"https://www.abgeordnetenwatch.de/api/v2/committees/513"},"candidacy_mandate":{"id":47869,"entity_type":"candidacy_mandate","label":"Axel Troost (Bundestag 2017 - 2021)","api_url":"https://www.abgeordnetenwatch.de/api/v2/candidacies-mandates/47869"},"committee_role":"member"},{"id":15307,"entity_type":"committee_membership","label":"Omid Nouripour - Finanzausschuss","api_url":"https://www.abgeordnetenwatch.de/api/v2/committee-memberships/15307","committee":{"id":513,"entity_type":"node","label":"Finanzausschuss","api_url":"https://www.abgeordnetenwatch.de/api/v2/committees/513"},"candidacy_mandate":{"id":45347,"entity_type":"candidacy_mandate","label":"Omid Nouripour (Bundestag 2017 - 2021)","api_url":"https://www.abgeordnetenwatch.de/api/v2/candidacies-mandates/45347"},"committee_role":"member"},{"id":13501,"entity_type":"committee_membership","label":"Metin Hakverdi - Finanzausschuss","api_url":"https://www.abgeordnetenwatch.de/api/v2/committee-memberships/13501","committee":{"id":513,"entity_type":"node","label":"Finanzausschuss","api_url":"https://www.abgeordnetenwatch.de/api/v2/committees/513"},"candidacy_mandate":{"id":46138,"entity_type":"candidacy_mandate","label":"Metin Hakverdi (Bundestag 2017 - 2021)","api_url":"https://www.abgeordnetenwatch.de/api/v2/candidacies-mandates/46138"},"committee_role":"alternate_member"},{"id":13500,"entity_type":"committee_membership","label":"Johannes Schraps - Finanzausschuss","api_url":"https://www.abgeordnetenwatch.de/api/v2/committee-memberships/13500","committee":{"id":513,"entity_type":"node","label":"Finanzausschuss","api_url":"https://www.abgeordnetenwatch.de/api/v2/committees/513"},"candidacy_mandate":{"id":37960,"entity_type":"candidacy_mandate","label":"Johannes Schraps (Bundestag 2017 - 2021)","api_url":"https://www.abgeordnetenwatch.de/api/v2/candidacies-mandates/37960"},"committee_role":"member"},{"id":13499,"entity_type":"committee_membership","label":"Dorothee Martin - Finanzausschuss","api_url":"https://www.abgeordnetenwatch.de/api/v2/committee-memberships/13499","committee":{"id":513,"entity_type":"node","label":"Finanzausschuss","api_url":"https://www.abgeordnetenwatch.de/api/v2/committees/513"},"candidacy_mandate":{"id":46541,"entity_type":"candidacy_mandate","label":"Dorothee Martin (Bundestag 2017 - 2021)","api_url":"https://www.abgeordnetenwatch.de/api/v2/candidacies-mandates/46541"},"committee_role":"member"},{"id":8898,"entity_type":"committee_membership","label":"Sven Lehmann - Finanzausschuss","api_url":"https://www.abgeordnetenwatch.de/api/v2/committee-memberships/8898","committee":{"id":513,"entity_type":"node","label":"Finanzausschuss","api_url":"https://www.abgeordnetenwatch.de/api/v2/committees/513"},"candidacy_mandate":{"id":43881,"entity_type":"candidacy_mandate","label":"Sven Lehmann (Bundestag 2017 - 2021)","api_url":"https://www.abgeordnetenwatch.de/api/v2/candidacies-mandates/43881"},"committee_role":"alternate_member"},{"id":8897,"entity_type":"committee_membership","label":"Sven-Christian Kindler - Finanzausschuss","api_url":"https://www.abgeordnetenwatch.de/api/v2/committee-memberships/8897","committee":{"id":513,"entity_type":"node","label":"Finanzausschuss","api_url":"https://www.abgeordnetenwatch.de/api/v2/committees/513"},"candidacy_mandate":{"id":45290,"entity_type":"candidacy_mandate","label":"Sven-Christian Kindler (Bundestag 2017 - 2021)","api_url":"https://www.abgeordnetenwatch.de/api/v2/candidacies-mandates/45290"},"committee_role":"alternate_member"},{"id":8896,"entity_type":"committee_membership","label":"Uwe Kekeritz - Finanzausschuss","api_url":"https://www.abgeordnetenwatch.de/api/v2/committee-memberships/8896","committee":{"id":513,"entity_type":"node","label":"Finanzausschuss","api_url":"https://www.abgeordnetenwatch.de/api/v2/committees/513"},"candidacy_mandate":{"id":45286,"entity_type":"candidacy_mandate","label":"Uwe Kekeritz (Bundestag 2017 - 2021)","api_url":"https://www.abgeordnetenwatch.de/api/v2/candidacies-mandates/45286"},"committee_role":"alternate_member"},{"id":8895,"entity_type":"committee_membership","label":"Katharina Dröge - Finanzausschuss","api_url":"https://www.abgeordnetenwatch.de/api/v2/committee-memberships/8895","committee":{"id":513,"entity_type":"node","label":"Finanzausschuss","api_url":"https://www.abgeordnetenwatch.de/api/v2/committees/513"},"candidacy_mandate":{"id":45246,"entity_type":"candidacy_mandate","label":"Katharina Dröge (Bundestag 2017 - 2021)","api_url":"https://www.abgeordnetenwatch.de/api/v2/candidacies-mandates/45246"},"committee_role":"alternate_member"},{"id":8894,"entity_type":"committee_membership","label":"Sahra Wagenknecht - Finanzausschuss","api_url":"https://www.abgeordnetenwatch.de/api/v2/committee-memberships/8894","committee":{"id":513,"entity_type":"node","label":"Finanzausschuss","api_url":"https://www.abgeordnetenwatch.de/api/v2/committees/513"},"candidacy_mandate":{"id":44584,"entity_type":"candidacy_mandate","label":"Sahra Wagenknecht (Bundestag 2017 - 2021)","api_url":"https://www.abgeordnetenwatch.de/api/v2/candidacies-mandates/44584"},"committee_role":"alternate_member"},{"id":8893,"entity_type":"committee_membership","label":"Bernd Riexinger - Finanzausschuss","api_url":"https://www.abgeordnetenwatch.de/api/v2/committee-memberships/8893","committee":{"id":513,"entity_type":"node","label":"Finanzausschuss","api_url":"https://www.abgeordnetenwatch.de/api/v2/committees/513"},"candidacy_mandate":{"id":45892,"entity_type":"candidacy_mandate","label":"Bernd Riexinger (Bundestag 2017 - 2021)","api_url":"https://www.abgeordnetenwatch.de/api/v2/candidacies-mandates/45892"},"committee_role":"alternate_member"},{"id":8892,"entity_type":"committee_membership","label":"Simone Barrientos - Finanzausschuss","api_url":"https://www.abgeordnetenwatch.de/api/v2/committee-memberships/8892","committee":{"id":513,"entity_type":"node","label":"Finanzausschuss","api_url":"https://www.abgeordnetenwatch.de/api/v2/committees/513"},"candidacy_mandate":{"id":43887,"entity_type":"candidacy_mandate","label":"Simone Barrientos (Bundestag 2017 - 2021)","api_url":"https://www.abgeordnetenwatch.de/api/v2/candidacies-mandates/43887"},"committee_role":"alternate_member"},{"id":8891,"entity_type":"committee_membership","label":"Hermann Otto Solms - Finanzausschuss","api_url":"https://www.abgeordnetenwatch.de/api/v2/committee-memberships/8891","committee":{"id":513,"entity_type":"node","label":"Finanzausschuss","api_url":"https://www.abgeordnetenwatch.de/api/v2/committees/513"},"candidacy_mandate":{"id":40635,"entity_type":"candidacy_mandate","label":"Hermann Otto Solms (Bundestag 2017 - 2021)","api_url":"https://www.abgeordnetenwatch.de/api/v2/candidacies-mandates/40635"},"committee_role":"alternate_member"},{"id":8890,"entity_type":"committee_membership","label":"Frank Müller-Rosentritt - Finanzausschuss","api_url":"https://www.abgeordnetenwatch.de/api/v2/committee-memberships/8890","committee":{"id":513,"entity_type":"node","label":"Finanzausschuss","api_url":"https://www.abgeordnetenwatch.de/api/v2/committees/513"},"candidacy_mandate":{"id":43895,"entity_type":"candidacy_mandate","label":"Frank Müller-Rosentritt (Bundestag 2017 - 2021)","api_url":"https://www.abgeordnetenwatch.de/api/v2/candidacies-mandates/43895"},"committee_role":"alternate_member"},{"id":8889,"entity_type":"committee_membership","label":"Bettina Stark-Watzinger - Finanzausschuss","api_url":"https://www.abgeordnetenwatch.de/api/v2/committee-memberships/8889","committee":{"id":513,"entity_type":"node","label":"Finanzausschuss","api_url":"https://www.abgeordnetenwatch.de/api/v2/committees/513"},"candidacy_mandate":{"id":41089,"entity_type":"candidacy_mandate","label":"Bettina Stark-Watzinger (Bundestag 2017 - 2021)","api_url":"https://www.abgeordnetenwatch.de/api/v2/candidacies-mandates/41089"},"committee_role":"alternate_member"},{"id":8888,"entity_type":"committee_membership","label":"Hartmut Ebbing - Finanzausschuss","api_url":"https://www.abgeordnetenwatch.de/api/v2/committee-memberships/8888","committee":{"id":513,"entity_type":"node","label":"Finanzausschuss","api_url":"https://www.abgeordnetenwatch.de/api/v2/committees/513"},"candidacy_mandate":{"id":40754,"entity_type":"candidacy_mandate","label":"Hartmut Ebbing (Bundestag 2017 - 2021)","api_url":"https://www.abgeordnetenwatch.de/api/v2/candidacies-mandates/40754"},"committee_role":"alternate_member"},{"id":8887,"entity_type":"committee_membership","label":"Christian Dürr - Finanzausschuss","api_url":"https://www.abgeordnetenwatch.de/api/v2/committee-memberships/8887","committee":{"id":513,"entity_type":"node","label":"Finanzausschuss","api_url":"https://www.abgeordnetenwatch.de/api/v2/committees/513"},"candidacy_mandate":{"id":45451,"entity_type":"candidacy_mandate","label":"Christian Dürr (Bundestag 2017 - 2021)","api_url":"https://www.abgeordnetenwatch.de/api/v2/candidacies-mandates/45451"},"committee_role":"alternate_member"},{"id":8886,"entity_type":"committee_membership","label":"Volker Münz - Finanzausschuss","api_url":"https://www.abgeordnetenwatch.de/api/v2/committee-memberships/8886","committee":{"id":513,"entity_type":"node","label":"Finanzausschuss","api_url":"https://www.abgeordnetenwatch.de/api/v2/committees/513"},"candidacy_mandate":{"id":41223,"entity_type":"candidacy_mandate","label":"Volker Münz (Bundestag 2017 - 2021)","api_url":"https://www.abgeordnetenwatch.de/api/v2/candidacies-mandates/41223"},"committee_role":"alternate_member"},{"id":8885,"entity_type":"committee_membership","label":"Birgit Malsack-Winkemann - Finanzausschuss","api_url":"https://www.abgeordnetenwatch.de/api/v2/committee-memberships/8885","committee":{"id":513,"entity_type":"node","label":"Finanzausschuss","api_url":"https://www.abgeordnetenwatch.de/api/v2/committees/513"},"candidacy_mandate":{"id":43945,"entity_type":"candidacy_mandate","label":"Birgit Malsack-Winkemann (Bundestag 2017 - 2021)","api_url":"https://www.abgeordnetenwatch.de/api/v2/candidacies-mandates/43945"},"committee_role":"alternate_member"},{"id":8884,"entity_type":"committee_membership","label":"Steffen Kotré - Finanzausschuss","api_url":"https://www.abgeordnetenwatch.de/api/v2/committee-memberships/8884","committee":{"id":513,"entity_type":"node","label":"Finanzausschuss","api_url":"https://www.abgeordnetenwatch.de/api/v2/committees/513"},"candidacy_mandate":{"id":38250,"entity_type":"candidacy_mandate","label":"Steffen Kotré (Bundestag 2017 - 2021)","api_url":"https://www.abgeordnetenwatch.de/api/v2/candidacies-mandates/38250"},"committee_role":"alternate_member"},{"id":8883,"entity_type":"committee_membership","label":"Jörn König - Finanzausschuss","api_url":"https://www.abgeordnetenwatch.de/api/v2/committee-memberships/8883","committee":{"id":513,"entity_type":"node","label":"Finanzausschuss","api_url":"https://www.abgeordnetenwatch.de/api/v2/committees/513"},"candidacy_mandate":{"id":41204,"entity_type":"candidacy_mandate","label":"Jörn König (Bundestag 2017 - 2021)","api_url":"https://www.abgeordnetenwatch.de/api/v2/candidacies-mandates/41204"},"committee_role":"alternate_member"},{"id":8882,"entity_type":"committee_membership","label":"Jürgen Braun - Finanzausschuss","api_url":"https://www.abgeordnetenwatch.de/api/v2/committee-memberships/8882","committee":{"id":513,"entity_type":"node","label":"Finanzausschuss","api_url":"https://www.abgeordnetenwatch.de/api/v2/committees/513"},"candidacy_mandate":{"id":43842,"entity_type":"candidacy_mandate","label":"Jürgen Braun (Bundestag 2017 - 2021)","api_url":"https://www.abgeordnetenwatch.de/api/v2/candidacies-mandates/43842"},"committee_role":"alternate_member"},{"id":8881,"entity_type":"committee_membership","label":"Dagmar Ziegler - Finanzausschuss","api_url":"https://www.abgeordnetenwatch.de/api/v2/committee-memberships/8881","committee":{"id":513,"entity_type":"node","label":"Finanzausschuss","api_url":"https://www.abgeordnetenwatch.de/api/v2/committees/513"},"candidacy_mandate":{"id":44568,"entity_type":"candidacy_mandate","label":"Dagmar Ziegler (Bundestag 2017 - 2021)","api_url":"https://www.abgeordnetenwatch.de/api/v2/candidacies-mandates/44568"},"committee_role":"alternate_member"},{"id":8880,"entity_type":"committee_membership","label":"Mathias Stein - Finanzausschuss","api_url":"https://www.abgeordnetenwatch.de/api/v2/committee-memberships/8880","committee":{"id":513,"entity_type":"node","label":"Finanzausschuss","api_url":"https://www.abgeordnetenwatch.de/api/v2/committees/513"},"candidacy_mandate":{"id":43903,"entity_type":"candidacy_mandate","label":"Mathias Stein (Bundestag 2017 - 2021)","api_url":"https://www.abgeordnetenwatch.de/api/v2/candidacies-mandates/43903"},"committee_role":"alternate_member"},{"id":8879,"entity_type":"committee_membership","label":"Andreas Schwarz - Finanzausschuss","api_url":"https://www.abgeordnetenwatch.de/api/v2/committee-memberships/8879","committee":{"id":513,"entity_type":"node","label":"Finanzausschuss","api_url":"https://www.abgeordnetenwatch.de/api/v2/committees/513"},"candidacy_mandate":{"id":45401,"entity_type":"candidacy_mandate","label":"Andreas Schwarz (Bundestag 2017 - 2021)","api_url":"https://www.abgeordnetenwatch.de/api/v2/candidacies-mandates/45401"},"committee_role":"alternate_member"},{"id":8878,"entity_type":"committee_membership","label":"Florian Post - Finanzausschuss","api_url":"https://www.abgeordnetenwatch.de/api/v2/committee-memberships/8878","committee":{"id":513,"entity_type":"node","label":"Finanzausschuss","api_url":"https://www.abgeordnetenwatch.de/api/v2/committees/513"},"candidacy_mandate":{"id":44595,"entity_type":"candidacy_mandate","label":"Florian Post (Bundestag 2017 - 2021)","api_url":"https://www.abgeordnetenwatch.de/api/v2/candidacies-mandates/44595"},"committee_role":"alternate_member"},{"id":8877,"entity_type":"committee_membership","label":"Achim Post - Finanzausschuss","api_url":"https://www.abgeordnetenwatch.de/api/v2/committee-memberships/8877","committee":{"id":513,"entity_type":"node","label":"Finanzausschuss","api_url":"https://www.abgeordnetenwatch.de/api/v2/committees/513"},"candidacy_mandate":{"id":44541,"entity_type":"candidacy_mandate","label":"Achim Post (Bundestag 2017 - 2021)","api_url":"https://www.abgeordnetenwatch.de/api/v2/candidacies-mandates/44541"},"committee_role":"alternate_member"},{"id":8876,"entity_type":"committee_membership","label":"Klaus Mindrup - Finanzausschuss","api_url":"https://www.abgeordnetenwatch.de/api/v2/committee-memberships/8876","committee":{"id":513,"entity_type":"node","label":"Finanzausschuss","api_url":"https://www.abgeordnetenwatch.de/api/v2/committees/513"},"candidacy_mandate":{"id":45334,"entity_type":"candidacy_mandate","label":"Klaus Mindrup (Bundestag 2017 - 2021)","api_url":"https://www.abgeordnetenwatch.de/api/v2/candidacies-mandates/45334"},"committee_role":"alternate_member"},{"id":8875,"entity_type":"committee_membership","label":"Karl Lauterbach - Finanzausschuss","api_url":"https://www.abgeordnetenwatch.de/api/v2/committee-memberships/8875","committee":{"id":513,"entity_type":"node","label":"Finanzausschuss","api_url":"https://www.abgeordnetenwatch.de/api/v2/committees/513"},"candidacy_mandate":{"id":45313,"entity_type":"candidacy_mandate","label":"Karl Lauterbach (Bundestag 2017 - 2021)","api_url":"https://www.abgeordnetenwatch.de/api/v2/candidacies-mandates/45313"},"committee_role":"alternate_member"},{"id":8874,"entity_type":"committee_membership","label":"Sebastian Hartmann - Finanzausschuss","api_url":"https://www.abgeordnetenwatch.de/api/v2/committee-memberships/8874","committee":{"id":513,"entity_type":"node","label":"Finanzausschuss","api_url":"https://www.abgeordnetenwatch.de/api/v2/committees/513"},"candidacy_mandate":{"id":45262,"entity_type":"candidacy_mandate","label":"Sebastian Hartmann (Bundestag 2017 - 2021)","api_url":"https://www.abgeordnetenwatch.de/api/v2/candidacies-mandates/45262"},"committee_role":"alternate_member"},{"id":8873,"entity_type":"committee_membership","label":"Bettina Wiesmann - Finanzausschuss","api_url":"https://www.abgeordnetenwatch.de/api/v2/committee-memberships/8873","committee":{"id":513,"entity_type":"node","label":"Finanzausschuss","api_url":"https://www.abgeordnetenwatch.de/api/v2/committees/513"},"candidacy_mandate":{"id":43864,"entity_type":"candidacy_mandate","label":"Bettina Wiesmann (Bundestag 2017 - 2021)","api_url":"https://www.abgeordnetenwatch.de/api/v2/candidacies-mandates/43864"},"committee_role":"alternate_member"},{"id":8872,"entity_type":"committee_membership","label":"Christoph de Vries - Finanzausschuss","api_url":"https://www.abgeordnetenwatch.de/api/v2/committee-memberships/8872","committee":{"id":513,"entity_type":"node","label":"Finanzausschuss","api_url":"https://www.abgeordnetenwatch.de/api/v2/committees/513"},"candidacy_mandate":{"id":38357,"entity_type":"candidacy_mandate","label":"Christoph de Vries (Bundestag 2017 - 2021)","api_url":"https://www.abgeordnetenwatch.de/api/v2/candidacies-mandates/38357"},"committee_role":"alternate_member"},{"id":8871,"entity_type":"committee_membership","label":"Frank Steffel - Finanzausschuss","api_url":"https://www.abgeordnetenwatch.de/api/v2/committee-memberships/8871","committee":{"id":513,"entity_type":"node","label":"Finanzausschuss","api_url":"https://www.abgeordnetenwatch.de/api/v2/committees/513"},"candidacy_mandate":{"id":45413,"entity_type":"candidacy_mandate","label":"Frank Steffel (Bundestag 2017 - 2021)","api_url":"https://www.abgeordnetenwatch.de/api/v2/candidacies-mandates/45413"},"committee_role":"alternate_member"},{"id":8870,"entity_type":"committee_membership","label":"Lothar Riebsamen - Finanzausschuss","api_url":"https://www.abgeordnetenwatch.de/api/v2/committee-memberships/8870","committee":{"id":513,"entity_type":"node","label":"Finanzausschuss","api_url":"https://www.abgeordnetenwatch.de/api/v2/committees/513"},"candidacy_mandate":{"id":45370,"entity_type":"candidacy_mandate","label":"Lothar Riebsamen (Bundestag 2017 - 2021)","api_url":"https://www.abgeordnetenwatch.de/api/v2/candidacies-mandates/45370"},"committee_role":"alternate_member"},{"id":8869,"entity_type":"committee_membership","label":"Andreas Nick - Finanzausschuss","api_url":"https://www.abgeordnetenwatch.de/api/v2/committee-memberships/8869","committee":{"id":513,"entity_type":"node","label":"Finanzausschuss","api_url":"https://www.abgeordnetenwatch.de/api/v2/committees/513"},"candidacy_mandate":{"id":44572,"entity_type":"candidacy_mandate","label":"Andreas Nick (Bundestag 2017 - 2021)","api_url":"https://www.abgeordnetenwatch.de/api/v2/candidacies-mandates/44572"},"committee_role":"alternate_member"},{"id":8868,"entity_type":"committee_membership","label":"Stefan Müller - Finanzausschuss","api_url":"https://www.abgeordnetenwatch.de/api/v2/committee-memberships/8868","committee":{"id":513,"entity_type":"node","label":"Finanzausschuss","api_url":"https://www.abgeordnetenwatch.de/api/v2/committees/513"},"candidacy_mandate":{"id":45341,"entity_type":"candidacy_mandate","label":"Stefan Müller (Bundestag 2017 - 2021)","api_url":"https://www.abgeordnetenwatch.de/api/v2/candidacies-mandates/45341"},"committee_role":"alternate_member"},{"id":8867,"entity_type":"committee_membership","label":"Mathias Middelberg - Finanzausschuss","api_url":"https://www.abgeordnetenwatch.de/api/v2/committee-memberships/8867","committee":{"id":513,"entity_type":"node","label":"Finanzausschuss","api_url":"https://www.abgeordnetenwatch.de/api/v2/committees/513"},"candidacy_mandate":{"id":45333,"entity_type":"candidacy_mandate","label":"Mathias Middelberg (Bundestag 2017 - 2021)","api_url":"https://www.abgeordnetenwatch.de/api/v2/candidacies-mandates/45333"},"committee_role":"alternate_member"},{"id":8866,"entity_type":"committee_membership","label":"Andreas Lenz - Finanzausschuss","api_url":"https://www.abgeordnetenwatch.de/api/v2/committee-memberships/8866","committee":{"id":513,"entity_type":"node","label":"Finanzausschuss","api_url":"https://www.abgeordnetenwatch.de/api/v2/committees/513"},"candidacy_mandate":{"id":45489,"entity_type":"candidacy_mandate","label":"Andreas Lenz (Bundestag 2017 - 2021)","api_url":"https://www.abgeordnetenwatch.de/api/v2/candidacies-mandates/45489"},"committee_role":"alternate_member"},{"id":8865,"entity_type":"committee_membership","label":"Andreas Jung - Finanzausschuss","api_url":"https://www.abgeordnetenwatch.de/api/v2/committee-memberships/8865","committee":{"id":513,"entity_type":"node","label":"Finanzausschuss","api_url":"https://www.abgeordnetenwatch.de/api/v2/committees/513"},"candidacy_mandate":{"id":45276,"entity_type":"candidacy_mandate","label":"Andreas Jung (Bundestag 2017 - 2021)","api_url":"https://www.abgeordnetenwatch.de/api/v2/candidacies-mandates/45276"},"committee_role":"alternate_member"},{"id":8864,"entity_type":"committee_membership","label":"Heribert Hirte - Finanzausschuss","api_url":"https://www.abgeordnetenwatch.de/api/v2/committee-memberships/8864","committee":{"id":513,"entity_type":"node","label":"Finanzausschuss","api_url":"https://www.abgeordnetenwatch.de/api/v2/committees/513"},"candidacy_mandate":{"id":45269,"entity_type":"candidacy_mandate","label":"Heribert Hirte (Bundestag 2017 - 2021)","api_url":"https://www.abgeordnetenwatch.de/api/v2/candidacies-mandates/45269"},"committee_role":"alternate_member"},{"id":8863,"entity_type":"committee_membership","label":"Mark Helfrich - Finanzausschuss","api_url":"https://www.abgeordnetenwatch.de/api/v2/committee-memberships/8863","committee":{"id":513,"entity_type":"node","label":"Finanzausschuss","api_url":"https://www.abgeordnetenwatch.de/api/v2/committees/513"},"candidacy_mandate":{"id":44536,"entity_type":"candidacy_mandate","label":"Mark Helfrich (Bundestag 2017 - 2021)","api_url":"https://www.abgeordnetenwatch.de/api/v2/candidacies-mandates/44536"},"committee_role":"alternate_member"},{"id":8862,"entity_type":"committee_membership","label":"Hansjörg Durz - Finanzausschuss","api_url":"https://www.abgeordnetenwatch.de/api/v2/committee-memberships/8862","committee":{"id":513,"entity_type":"node","label":"Finanzausschuss","api_url":"https://www.abgeordnetenwatch.de/api/v2/committees/513"},"candidacy_mandate":{"id":44056,"entity_type":"candidacy_mandate","label":"Hansjörg Durz (Bundestag 2017 - 2021)","api_url":"https://www.abgeordnetenwatch.de/api/v2/candidacies-mandates/44056"},"committee_role":"alternate_member"},{"id":8861,"entity_type":"committee_membership","label":"Marie-Luise Dött - Finanzausschuss","api_url":"https://www.abgeordnetenwatch.de/api/v2/committee-memberships/8861","committee":{"id":513,"entity_type":"node","label":"Finanzausschuss","api_url":"https://www.abgeordnetenwatch.de/api/v2/committees/513"},"candidacy_mandate":{"id":44510,"entity_type":"candidacy_mandate","label":"Marie-Luise Dött (Bundestag 2017 - 2021)","api_url":"https://www.abgeordnetenwatch.de/api/v2/candidacies-mandates/44510"},"committee_role":"alternate_member"},{"id":8860,"entity_type":"committee_membership","label":"Heike Brehmer - Finanzausschuss","api_url":"https://www.abgeordnetenwatch.de/api/v2/committee-memberships/8860","committee":{"id":513,"entity_type":"node","label":"Finanzausschuss","api_url":"https://www.abgeordnetenwatch.de/api/v2/committees/513"},"candidacy_mandate":{"id":44498,"entity_type":"candidacy_mandate","label":"Heike Brehmer (Bundestag 2017 - 2021)","api_url":"https://www.abgeordnetenwatch.de/api/v2/candidacies-mandates/44498"},"committee_role":"alternate_member"},{"id":8859,"entity_type":"committee_membership","label":"Dietlind Tiemann - Finanzausschuss","api_url":"https://www.abgeordnetenwatch.de/api/v2/committee-memberships/8859","committee":{"id":513,"entity_type":"node","label":"Finanzausschuss","api_url":"https://www.abgeordnetenwatch.de/api/v2/committees/513"},"candidacy_mandate":{"id":43848,"entity_type":"candidacy_mandate","label":"Dietlind Tiemann (Bundestag 2017 - 2021)","api_url":"https://www.abgeordnetenwatch.de/api/v2/candidacies-mandates/43848"},"committee_role":"member"},{"id":8858,"entity_type":"committee_membership","label":"Wolfgang Strengmann-Kuhn - Finanzausschuss","api_url":"https://www.abgeordnetenwatch.de/api/v2/committee-memberships/8858","committee":{"id":513,"entity_type":"node","label":"Finanzausschuss","api_url":"https://www.abgeordnetenwatch.de/api/v2/committees/513"},"candidacy_mandate":{"id":45422,"entity_type":"candidacy_mandate","label":"Wolfgang Strengmann-Kuhn (Bundestag 2017 - 2021)","api_url":"https://www.abgeordnetenwatch.de/api/v2/candidacies-mandates/45422"},"committee_role":"member"},{"id":8857,"entity_type":"committee_membership","label":"Stefan Schmidt - Finanzausschuss","api_url":"https://www.abgeordnetenwatch.de/api/v2/committee-memberships/8857","committee":{"id":513,"entity_type":"node","label":"Finanzausschuss","api_url":"https://www.abgeordnetenwatch.de/api/v2/committees/513"},"candidacy_mandate":{"id":41219,"entity_type":"candidacy_mandate","label":"Stefan Schmidt (Bundestag 2017 - 2021)","api_url":"https://www.abgeordnetenwatch.de/api/v2/candidacies-mandates/41219"},"committee_role":"member"},{"id":8855,"entity_type":"committee_membership","label":"Stefan Liebich - Finanzausschuss","api_url":"https://www.abgeordnetenwatch.de/api/v2/committee-memberships/8855","committee":{"id":513,"entity_type":"node","label":"Finanzausschuss","api_url":"https://www.abgeordnetenwatch.de/api/v2/committees/513"},"candidacy_mandate":{"id":45321,"entity_type":"candidacy_mandate","label":"Stefan Liebich (Bundestag 2017 - 2021)","api_url":"https://www.abgeordnetenwatch.de/api/v2/candidacies-mandates/45321"},"committee_role":"foreperson"},{"id":8854,"entity_type":"committee_membership","label":"Michael Leutert - Finanzausschuss","api_url":"https://www.abgeordnetenwatch.de/api/v2/committee-memberships/8854","committee":{"id":513,"entity_type":"node","label":"Finanzausschuss","api_url":"https://www.abgeordnetenwatch.de/api/v2/committees/513"},"candidacy_mandate":{"id":45320,"entity_type":"candidacy_mandate","label":"Michael Leutert (Bundestag 2017 - 2021)","api_url":"https://www.abgeordnetenwatch.de/api/v2/candidacies-mandates/45320"},"committee_role":"member"},{"id":8853,"entity_type":"committee_membership","label":"Jörg Cezanne - Finanzausschuss","api_url":"https://www.abgeordnetenwatch.de/api/v2/committee-memberships/8853","committee":{"id":513,"entity_type":"node","label":"Finanzausschuss","api_url":"https://www.abgeordnetenwatch.de/api/v2/committees/513"},"candidacy_mandate":{"id":43885,"entity_type":"candidacy_mandate","label":"Jörg Cezanne (Bundestag 2017 - 2021)","api_url":"https://www.abgeordnetenwatch.de/api/v2/candidacies-mandates/43885"},"committee_role":"member"},{"id":8852,"entity_type":"committee_membership","label":"Frank Schäffler - Finanzausschuss","api_url":"https://www.abgeordnetenwatch.de/api/v2/committee-memberships/8852","committee":{"id":513,"entity_type":"node","label":"Finanzausschuss","api_url":"https://www.abgeordnetenwatch.de/api/v2/committees/513"},"candidacy_mandate":{"id":40700,"entity_type":"candidacy_mandate","label":"Frank Schäffler (Bundestag 2017 - 2021)","api_url":"https://www.abgeordnetenwatch.de/api/v2/candidacies-mandates/40700"},"committee_role":"member"},{"id":8851,"entity_type":"committee_membership","label":"Till Mansmann - Finanzausschuss","api_url":"https://www.abgeordnetenwatch.de/api/v2/committee-memberships/8851","committee":{"id":513,"entity_type":"node","label":"Finanzausschuss","api_url":"https://www.abgeordnetenwatch.de/api/v2/committees/513"},"candidacy_mandate":{"id":41220,"entity_type":"candidacy_mandate","label":"Till Mansmann (Bundestag 2017 - 2021)","api_url":"https://www.abgeordnetenwatch.de/api/v2/candidacies-mandates/41220"},"committee_role":"member"},{"id":8850,"entity_type":"committee_membership","label":"Markus Herbrand - Finanzausschuss","api_url":"https://www.abgeordnetenwatch.de/api/v2/committee-memberships/8850","committee":{"id":513,"entity_type":"node","label":"Finanzausschuss","api_url":"https://www.abgeordnetenwatch.de/api/v2/committees/513"},"candidacy_mandate":{"id":43891,"entity_type":"candidacy_mandate","label":"Markus Herbrand (Bundestag 2017 - 2021)","api_url":"https://www.abgeordnetenwatch.de/api/v2/candidacies-mandates/43891"},"committee_role":"member"},{"id":8849,"entity_type":"committee_membership","label":"Stefan Keuter - Finanzausschuss","api_url":"https://www.abgeordnetenwatch.de/api/v2/committee-memberships/8849","committee":{"id":513,"entity_type":"node","label":"Finanzausschuss","api_url":"https://www.abgeordnetenwatch.de/api/v2/committees/513"},"candidacy_mandate":{"id":43918,"entity_type":"candidacy_mandate","label":"Stefan Keuter (Bundestag 2017 - 2021)","api_url":"https://www.abgeordnetenwatch.de/api/v2/candidacies-mandates/43918"},"committee_role":"member"},{"id":8847,"entity_type":"committee_membership","label":"Franziska Gminder - Finanzausschuss","api_url":"https://www.abgeordnetenwatch.de/api/v2/committee-memberships/8847","committee":{"id":513,"entity_type":"node","label":"Finanzausschuss","api_url":"https://www.abgeordnetenwatch.de/api/v2/committees/513"},"candidacy_mandate":{"id":43944,"entity_type":"candidacy_mandate","label":"Franziska Gminder (Bundestag 2017 - 2021)","api_url":"https://www.abgeordnetenwatch.de/api/v2/candidacies-mandates/43944"},"committee_role":"member"},{"id":8846,"entity_type":"committee_membership","label":"Jens Zimmermann - Finanzausschuss","api_url":"https://www.abgeordnetenwatch.de/api/v2/committee-memberships/8846","committee":{"id":513,"entity_type":"node","label":"Finanzausschuss","api_url":"https://www.abgeordnetenwatch.de/api/v2/committees/513"},"candidacy_mandate":{"id":45446,"entity_type":"candidacy_mandate","label":"Jens Zimmermann (Bundestag 2017 - 2021)","api_url":"https://www.abgeordnetenwatch.de/api/v2/candidacies-mandates/45446"},"committee_role":"member"},{"id":8845,"entity_type":"committee_membership","label":"Michael Schrodi - Finanzausschuss","api_url":"https://www.abgeordnetenwatch.de/api/v2/committee-memberships/8845","committee":{"id":513,"entity_type":"node","label":"Finanzausschuss","api_url":"https://www.abgeordnetenwatch.de/api/v2/committees/513"},"candidacy_mandate":{"id":41213,"entity_type":"candidacy_mandate","label":"Michael Schrodi (Bundestag 2017 - 2021)","api_url":"https://www.abgeordnetenwatch.de/api/v2/candidacies-mandates/41213"},"committee_role":"member"},{"id":8844,"entity_type":"committee_membership","label":"Cansel Kiziltepe - Finanzausschuss","api_url":"https://www.abgeordnetenwatch.de/api/v2/committee-memberships/8844","committee":{"id":513,"entity_type":"node","label":"Finanzausschuss","api_url":"https://www.abgeordnetenwatch.de/api/v2/committees/513"},"candidacy_mandate":{"id":44559,"entity_type":"candidacy_mandate","label":"Cansel Kiziltepe (Bundestag 2017 - 2021)","api_url":"https://www.abgeordnetenwatch.de/api/v2/candidacies-mandates/44559"},"committee_role":"member"},{"id":8842,"entity_type":"committee_membership","label":"Wiebke Esdar - Finanzausschuss","api_url":"https://www.abgeordnetenwatch.de/api/v2/committee-memberships/8842","committee":{"id":513,"entity_type":"node","label":"Finanzausschuss","api_url":"https://www.abgeordnetenwatch.de/api/v2/committees/513"},"candidacy_mandate":{"id":45459,"entity_type":"candidacy_mandate","label":"Wiebke Esdar (Bundestag 2017 - 2021)","api_url":"https://www.abgeordnetenwatch.de/api/v2/candidacies-mandates/45459"},"committee_role":"member"},{"id":8841,"entity_type":"committee_membership","label":"Bernhard Daldrup - Finanzausschuss","api_url":"https://www.abgeordnetenwatch.de/api/v2/committee-memberships/8841","committee":{"id":513,"entity_type":"node","label":"Finanzausschuss","api_url":"https://www.abgeordnetenwatch.de/api/v2/committees/513"},"candidacy_mandate":{"id":45859,"entity_type":"candidacy_mandate","label":"Bernhard Daldrup (Bundestag 2017 - 2021)","api_url":"https://www.abgeordnetenwatch.de/api/v2/candidacies-mandates/45859"},"committee_role":"member"},{"id":8840,"entity_type":"committee_membership","label":"Ingrid Arndt-Brauer - Finanzausschuss","api_url":"https://www.abgeordnetenwatch.de/api/v2/committee-memberships/8840","committee":{"id":513,"entity_type":"node","label":"Finanzausschuss","api_url":"https://www.abgeordnetenwatch.de/api/v2/committees/513"},"candidacy_mandate":{"id":44476,"entity_type":"candidacy_mandate","label":"Ingrid Arndt-Brauer (Bundestag 2017 - 2021)","api_url":"https://www.abgeordnetenwatch.de/api/v2/candidacies-mandates/44476"},"committee_role":"member"},{"id":8839,"entity_type":"committee_membership","label":"Hermann-Josef Tebroke - Finanzausschuss","api_url":"https://www.abgeordnetenwatch.de/api/v2/committee-memberships/8839","committee":{"id":513,"entity_type":"node","label":"Finanzausschuss","api_url":"https://www.abgeordnetenwatch.de/api/v2/committees/513"},"candidacy_mandate":{"id":43852,"entity_type":"candidacy_mandate","label":"Hermann-Josef Tebroke (Bundestag 2017 - 2021)","api_url":"https://www.abgeordnetenwatch.de/api/v2/candidacies-mandates/43852"},"committee_role":"member"},{"id":8838,"entity_type":"committee_membership","label":"Christian von Stetten - Finanzausschuss","api_url":"https://www.abgeordnetenwatch.de/api/v2/committee-memberships/8838","committee":{"id":513,"entity_type":"node","label":"Finanzausschuss","api_url":"https://www.abgeordnetenwatch.de/api/v2/committees/513"},"candidacy_mandate":{"id":45433,"entity_type":"candidacy_mandate","label":"Christian von Stetten (Bundestag 2017 - 2021)","api_url":"https://www.abgeordnetenwatch.de/api/v2/candidacies-mandates/45433"},"committee_role":"member"},{"id":8837,"entity_type":"committee_membership","label":"Johannes Steiniger - Finanzausschuss","api_url":"https://www.abgeordnetenwatch.de/api/v2/committee-memberships/8837","committee":{"id":513,"entity_type":"node","label":"Finanzausschuss","api_url":"https://www.abgeordnetenwatch.de/api/v2/committees/513"},"candidacy_mandate":{"id":45417,"entity_type":"candidacy_mandate","label":"Johannes Steiniger (Bundestag 2017 - 2021)","api_url":"https://www.abgeordnetenwatch.de/api/v2/candidacies-mandates/45417"},"committee_role":"member"},{"id":8836,"entity_type":"committee_membership","label":"Alexander Radwan - Finanzausschuss","api_url":"https://www.abgeordnetenwatch.de/api/v2/committee-memberships/8836","committee":{"id":513,"entity_type":"node","label":"Finanzausschuss","api_url":"https://www.abgeordnetenwatch.de/api/v2/committees/513"},"candidacy_mandate":{"id":44545,"entity_type":"candidacy_mandate","label":"Alexander Radwan (Bundestag 2017 - 2021)","api_url":"https://www.abgeordnetenwatch.de/api/v2/candidacies-mandates/44545"},"committee_role":"member"},{"id":8835,"entity_type":"committee_membership","label":"Sepp Müller - Finanzausschuss","api_url":"https://www.abgeordnetenwatch.de/api/v2/committee-memberships/8835","committee":{"id":513,"entity_type":"node","label":"Finanzausschuss","api_url":"https://www.abgeordnetenwatch.de/api/v2/committees/513"},"candidacy_mandate":{"id":46143,"entity_type":"candidacy_mandate","label":"Sepp Müller (Bundestag 2017 - 2021)","api_url":"https://www.abgeordnetenwatch.de/api/v2/candidacies-mandates/46143"},"committee_role":"member"},{"id":8834,"entity_type":"committee_membership","label":"Thomas de Maizière - Finanzausschuss","api_url":"https://www.abgeordnetenwatch.de/api/v2/committee-memberships/8834","committee":{"id":513,"entity_type":"node","label":"Finanzausschuss","api_url":"https://www.abgeordnetenwatch.de/api/v2/committees/513"},"candidacy_mandate":{"id":44504,"entity_type":"candidacy_mandate","label":"Thomas de Maizière (Bundestag 2017 - 2021)","api_url":"https://www.abgeordnetenwatch.de/api/v2/candidacies-mandates/44504"},"committee_role":"member"},{"id":8833,"entity_type":"committee_membership","label":"Matthias Hauer - Finanzausschuss","api_url":"https://www.abgeordnetenwatch.de/api/v2/committee-memberships/8833","committee":{"id":513,"entity_type":"node","label":"Finanzausschuss","api_url":"https://www.abgeordnetenwatch.de/api/v2/committees/513"},"candidacy_mandate":{"id":45264,"entity_type":"candidacy_mandate","label":"Matthias Hauer (Bundestag 2017 - 2021)","api_url":"https://www.abgeordnetenwatch.de/api/v2/candidacies-mandates/45264"},"committee_role":"member"},{"id":8832,"entity_type":"committee_membership","label":"Olav Gutting - Finanzausschuss","api_url":"https://www.abgeordnetenwatch.de/api/v2/committee-memberships/8832","committee":{"id":513,"entity_type":"node","label":"Finanzausschuss","api_url":"https://www.abgeordnetenwatch.de/api/v2/committees/513"},"candidacy_mandate":{"id":45261,"entity_type":"candidacy_mandate","label":"Olav Gutting (Bundestag 2017 - 2021)","api_url":"https://www.abgeordnetenwatch.de/api/v2/candidacies-mandates/45261"},"committee_role":"member"},{"id":8831,"entity_type":"committee_membership","label":"Fritz Güntzler - Finanzausschuss","api_url":"https://www.abgeordnetenwatch.de/api/v2/committee-memberships/8831","committee":{"id":513,"entity_type":"node","label":"Finanzausschuss","api_url":"https://www.abgeordnetenwatch.de/api/v2/committees/513"},"candidacy_mandate":{"id":45260,"entity_type":"candidacy_mandate","label":"Fritz Güntzler (Bundestag 2017 - 2021)","api_url":"https://www.abgeordnetenwatch.de/api/v2/candidacies-mandates/45260"},"committee_role":"member"},{"id":8830,"entity_type":"committee_membership","label":"Carsten Brodesser - Finanzausschuss","api_url":"https://www.abgeordnetenwatch.de/api/v2/committee-memberships/8830","committee":{"id":513,"entity_type":"node","label":"Finanzausschuss","api_url":"https://www.abgeordnetenwatch.de/api/v2/committees/513"},"candidacy_mandate":{"id":43851,"entity_type":"candidacy_mandate","label":"Carsten Brodesser (Bundestag 2017 - 2021)","api_url":"https://www.abgeordnetenwatch.de/api/v2/candidacies-mandates/43851"},"committee_role":"member"},{"id":8829,"entity_type":"committee_membership","label":"Sebastian Brehm - Finanzausschuss","api_url":"https://www.abgeordnetenwatch.de/api/v2/committee-memberships/8829","committee":{"id":513,"entity_type":"node","label":"Finanzausschuss","api_url":"https://www.abgeordnetenwatch.de/api/v2/committees/513"},"candidacy_mandate":{"id":44060,"entity_type":"candidacy_mandate","label":"Sebastian Brehm (Bundestag 2017 - 2021)","api_url":"https://www.abgeordnetenwatch.de/api/v2/candidacies-mandates/44060"},"committee_role":"member"},{"id":8828,"entity_type":"committee_membership","label":"Antje Tillmann - Finanzausschuss","api_url":"https://www.abgeordnetenwatch.de/api/v2/committee-memberships/8828","committee":{"id":513,"entity_type":"node","label":"Finanzausschuss","api_url":"https://www.abgeordnetenwatch.de/api/v2/committees/513"},"candidacy_mandate":{"id":46198,"entity_type":"candidacy_mandate","label":"Antje Tillmann (Bundestag 2017 - 2021)","api_url":"https://www.abgeordnetenwatch.de/api/v2/candidacies-mandates/46198"},"committee_role":"spokesperson"},{"id":8827,"entity_type":"committee_membership","label":"Kay Gottschalk - Finanzausschuss","api_url":"https://www.abgeordnetenwatch.de/api/v2/committee-memberships/8827","committee":{"id":513,"entity_type":"node","label":"Finanzausschuss","api_url":"https://www.abgeordnetenwatch.de/api/v2/committees/513"},"candidacy_mandate":{"id":44470,"entity_type":"candidacy_mandate","label":"Kay Gottschalk (Bundestag 2017 - 2021)","api_url":"https://www.abgeordnetenwatch.de/api/v2/candidacies-mandates/44470"},"committee_role":"member"},{"id":8826,"entity_type":"committee_membership","label":"Lisa Paus - Finanzausschuss","api_url":"https://www.abgeordnetenwatch.de/api/v2/committee-memberships/8826","committee":{"id":513,"entity_type":"node","label":"Finanzausschuss","api_url":"https://www.abgeordnetenwatch.de/api/v2/committees/513"},"candidacy_mandate":{"id":46009,"entity_type":"candidacy_mandate","label":"Lisa Paus (Bundestag 2017 - 2021)","api_url":"https://www.abgeordnetenwatch.de/api/v2/candidacies-mandates/46009"},"committee_role":"foreperson"},{"id":8825,"entity_type":"committee_membership","label":"Fabio De Masi - Finanzausschuss","api_url":"https://www.abgeordnetenwatch.de/api/v2/committee-memberships/8825","committee":{"id":513,"entity_type":"node","label":"Finanzausschuss","api_url":"https://www.abgeordnetenwatch.de/api/v2/committees/513"},"candidacy_mandate":{"id":37913,"entity_type":"candidacy_mandate","label":"Fabio De Masi (Bundestag 2017 - 2021)","api_url":"https://www.abgeordnetenwatch.de/api/v2/candidacies-mandates/37913"},"committee_role":"spokesperson"},{"id":8824,"entity_type":"committee_membership","label":"Florian Toncar - Finanzausschuss","api_url":"https://www.abgeordnetenwatch.de/api/v2/committee-memberships/8824","committee":{"id":513,"entity_type":"node","label":"Finanzausschuss","api_url":"https://www.abgeordnetenwatch.de/api/v2/committees/513"},"candidacy_mandate":{"id":40621,"entity_type":"candidacy_mandate","label":"Florian Toncar (Bundestag 2017 - 2021)","api_url":"https://www.abgeordnetenwatch.de/api/v2/candidacies-mandates/40621"},"committee_role":"foreperson"},{"id":8823,"entity_type":"committee_membership","label":"Lothar Binding - Finanzausschuss","api_url":"https://www.abgeordnetenwatch.de/api/v2/committee-memberships/8823","committee":{"id":513,"entity_type":"node","label":"Finanzausschuss","api_url":"https://www.abgeordnetenwatch.de/api/v2/committees/513"},"candidacy_mandate":{"id":44491,"entity_type":"candidacy_mandate","label":"Lothar Binding (Bundestag 2017 - 2021)","api_url":"https://www.abgeordnetenwatch.de/api/v2/candidacies-mandates/44491"},"committee_role":"foreperson"},{"id":8822,"entity_type":"committee_membership","label":"Hans Michelbach - Finanzausschuss","api_url":"https://www.abgeordnetenwatch.de/api/v2/committee-memberships/8822","committee":{"id":513,"entity_type":"node","label":"Finanzausschuss","api_url":"https://www.abgeordnetenwatch.de/api/v2/committees/513"},"candidacy_mandate":{"id":45332,"entity_type":"candidacy_mandate","label":"Hans Michelbach (Bundestag 2017 - 2021)","api_url":"https://www.abgeordnetenwatch.de/api/v2/candidacies-mandates/45332"},"committee_role":"foreperson"},{"id":8821,"entity_type":"committee_membership","label":"Albrecht Glaser - Finanzausschuss","api_url":"https://www.abgeordnetenwatch.de/api/v2/committee-memberships/8821","committee":{"id":513,"entity_type":"node","label":"Finanzausschuss","api_url":"https://www.abgeordnetenwatch.de/api/v2/committees/513"},"candidacy_mandate":{"id":45518,"entity_type":"candidacy_mandate","label":"Albrecht Glaser (Bundestag 2017 - 2021)","api_url":"https://www.abgeordnetenwatch.de/api/v2/candidacies-mandates/45518"},"committee_role":"vice_chairperson"},{"id":8820,"entity_type":"committee_membership","label":"Katja Hessel - Finanzausschuss","api_url":"https://www.abgeordnetenwatch.de/api/v2/committee-memberships/8820","committee":{"id":513,"entity_type":"node","label":"Finanzausschuss","api_url":"https://www.abgeordnetenwatch.de/api/v2/committees/513"},"candidacy_mandate":{"id":42593,"entity_type":"candidacy_mandate","label":"Katja Hessel (Bundestag 2017 - 2021)","api_url":"https://www.abgeordnetenwatch.de/api/v2/candidacies-mandates/42593"},"committee_role":"chairperson"}]
