[{"id":15327,"entity_type":"committee_membership","label":"Max Straubinger - Ausschuss für Gesundheit","api_url":"https://www.abgeordnetenwatch.de/api/v2/committee-memberships/15327","committee":{"id":520,"entity_type":"node","label":"Ausschuss für Gesundheit","api_url":"https://www.abgeordnetenwatch.de/api/v2/committees/520"},"candidacy_mandate":{"id":45421,"entity_type":"candidacy_mandate","label":"Max Straubinger (Bundestag 2017 - 2021)","api_url":"https://www.abgeordnetenwatch.de/api/v2/candidacies-mandates/45421"},"committee_role":"alternate_member"},{"id":13517,"entity_type":"committee_membership","label":"Janosch Dahmen - Ausschuss für Gesundheit","api_url":"https://www.abgeordnetenwatch.de/api/v2/committee-memberships/13517","committee":{"id":520,"entity_type":"node","label":"Ausschuss für Gesundheit","api_url":"https://www.abgeordnetenwatch.de/api/v2/committees/520"},"candidacy_mandate":{"id":46566,"entity_type":"candidacy_mandate","label":"Janosch Dahmen (Bundestag 2017 - 2021)","api_url":"https://www.abgeordnetenwatch.de/api/v2/candidacies-mandates/46566"},"committee_role":"member"},{"id":13476,"entity_type":"committee_membership","label":"Katja Dörner - Ausschuss für Gesundheit","api_url":"https://www.abgeordnetenwatch.de/api/v2/committee-memberships/13476","committee":{"id":520,"entity_type":"node","label":"Ausschuss für Gesundheit","api_url":"https://www.abgeordnetenwatch.de/api/v2/committees/520"},"candidacy_mandate":{"id":44509,"entity_type":"candidacy_mandate","label":"Katja Dörner (Bundestag 2017 - 2021)","api_url":"https://www.abgeordnetenwatch.de/api/v2/candidacies-mandates/44509"},"committee_role":"alternate_member"},{"id":13475,"entity_type":"committee_membership","label":"Katja Dörner - Ausschuss für Gesundheit","api_url":"https://www.abgeordnetenwatch.de/api/v2/committee-memberships/13475","committee":{"id":520,"entity_type":"node","label":"Ausschuss für Gesundheit","api_url":"https://www.abgeordnetenwatch.de/api/v2/committees/520"},"candidacy_mandate":{"id":44509,"entity_type":"candidacy_mandate","label":"Katja Dörner (Bundestag 2017 - 2021)","api_url":"https://www.abgeordnetenwatch.de/api/v2/candidacies-mandates/44509"},"committee_role":"member"},{"id":12629,"entity_type":"committee_membership","label":"Matthias Nölke - Ausschuss für Gesundheit","api_url":"https://www.abgeordnetenwatch.de/api/v2/committee-memberships/12629","committee":{"id":520,"entity_type":"node","label":"Ausschuss für Gesundheit","api_url":"https://www.abgeordnetenwatch.de/api/v2/committees/520"},"candidacy_mandate":{"id":46540,"entity_type":"candidacy_mandate","label":"Matthias Nölke (Bundestag 2017 - 2021)","api_url":"https://www.abgeordnetenwatch.de/api/v2/candidacies-mandates/46540"},"committee_role":"alternate_member"},{"id":9483,"entity_type":"committee_membership","label":"Maria Klein-Schmeink - Ausschuss für Gesundheit","api_url":"https://www.abgeordnetenwatch.de/api/v2/committee-memberships/9483","committee":{"id":520,"entity_type":"node","label":"Ausschuss für Gesundheit","api_url":"https://www.abgeordnetenwatch.de/api/v2/committees/520"},"candidacy_mandate":{"id":45295,"entity_type":"candidacy_mandate","label":"Maria Klein-Schmeink (Bundestag 2017 - 2021)","api_url":"https://www.abgeordnetenwatch.de/api/v2/candidacies-mandates/45295"},"committee_role":"spokesperson"},{"id":9482,"entity_type":"committee_membership","label":"Christine Aschenberg-Dugnus - Ausschuss für Gesundheit","api_url":"https://www.abgeordnetenwatch.de/api/v2/committee-memberships/9482","committee":{"id":520,"entity_type":"node","label":"Ausschuss für Gesundheit","api_url":"https://www.abgeordnetenwatch.de/api/v2/committees/520"},"candidacy_mandate":{"id":40573,"entity_type":"candidacy_mandate","label":"Christine Aschenberg-Dugnus (Bundestag 2017 - 2021)","api_url":"https://www.abgeordnetenwatch.de/api/v2/candidacies-mandates/40573"},"committee_role":"spokesperson"},{"id":9481,"entity_type":"committee_membership","label":"Karin Maag - Ausschuss für Gesundheit","api_url":"https://www.abgeordnetenwatch.de/api/v2/committee-memberships/9481","committee":{"id":520,"entity_type":"node","label":"Ausschuss für Gesundheit","api_url":"https://www.abgeordnetenwatch.de/api/v2/committees/520"},"candidacy_mandate":{"id":44620,"entity_type":"candidacy_mandate","label":"Karin Maag (Bundestag 2017 - 2021)","api_url":"https://www.abgeordnetenwatch.de/api/v2/candidacies-mandates/44620"},"committee_role":"spokesperson"},{"id":9480,"entity_type":"committee_membership","label":"Axel Gehrke - Ausschuss für Gesundheit","api_url":"https://www.abgeordnetenwatch.de/api/v2/committee-memberships/9480","committee":{"id":520,"entity_type":"node","label":"Ausschuss für Gesundheit","api_url":"https://www.abgeordnetenwatch.de/api/v2/committees/520"},"candidacy_mandate":{"id":41216,"entity_type":"candidacy_mandate","label":"Axel Gehrke (Bundestag 2017 - 2021)","api_url":"https://www.abgeordnetenwatch.de/api/v2/candidacies-mandates/41216"},"committee_role":"alternate_member"},{"id":9479,"entity_type":"committee_membership","label":"Andreas Wagner - Ausschuss für Gesundheit","api_url":"https://www.abgeordnetenwatch.de/api/v2/committee-memberships/9479","committee":{"id":520,"entity_type":"node","label":"Ausschuss für Gesundheit","api_url":"https://www.abgeordnetenwatch.de/api/v2/committees/520"},"candidacy_mandate":{"id":44701,"entity_type":"candidacy_mandate","label":"Andreas Wagner (Bundestag 2017 - 2021)","api_url":"https://www.abgeordnetenwatch.de/api/v2/candidacies-mandates/44701"},"committee_role":"alternate_member"},{"id":9478,"entity_type":"committee_membership","label":"Corinna Rüffer - Ausschuss für Gesundheit","api_url":"https://www.abgeordnetenwatch.de/api/v2/committee-memberships/9478","committee":{"id":520,"entity_type":"node","label":"Ausschuss für Gesundheit","api_url":"https://www.abgeordnetenwatch.de/api/v2/committees/520"},"candidacy_mandate":{"id":45497,"entity_type":"candidacy_mandate","label":"Corinna Rüffer (Bundestag 2017 - 2021)","api_url":"https://www.abgeordnetenwatch.de/api/v2/candidacies-mandates/45497"},"committee_role":"alternate_member"},{"id":9477,"entity_type":"committee_membership","label":"Manuela Rottmann - Ausschuss für Gesundheit","api_url":"https://www.abgeordnetenwatch.de/api/v2/committee-memberships/9477","committee":{"id":520,"entity_type":"node","label":"Ausschuss für Gesundheit","api_url":"https://www.abgeordnetenwatch.de/api/v2/committees/520"},"candidacy_mandate":{"id":43882,"entity_type":"candidacy_mandate","label":"Manuela Rottmann (Bundestag 2017 - 2021)","api_url":"https://www.abgeordnetenwatch.de/api/v2/candidacies-mandates/43882"},"committee_role":"alternate_member"},{"id":9476,"entity_type":"committee_membership","label":"Markus Kurth - Ausschuss für Gesundheit","api_url":"https://www.abgeordnetenwatch.de/api/v2/committee-memberships/9476","committee":{"id":520,"entity_type":"node","label":"Ausschuss für Gesundheit","api_url":"https://www.abgeordnetenwatch.de/api/v2/committees/520"},"candidacy_mandate":{"id":45307,"entity_type":"candidacy_mandate","label":"Markus Kurth (Bundestag 2017 - 2021)","api_url":"https://www.abgeordnetenwatch.de/api/v2/candidacies-mandates/45307"},"committee_role":"alternate_member"},{"id":9475,"entity_type":"committee_membership","label":"Jutta Krellmann - Ausschuss für Gesundheit","api_url":"https://www.abgeordnetenwatch.de/api/v2/committee-memberships/9475","committee":{"id":520,"entity_type":"node","label":"Ausschuss für Gesundheit","api_url":"https://www.abgeordnetenwatch.de/api/v2/committees/520"},"candidacy_mandate":{"id":44616,"entity_type":"candidacy_mandate","label":"Jutta Krellmann (Bundestag 2017 - 2021)","api_url":"https://www.abgeordnetenwatch.de/api/v2/candidacies-mandates/44616"},"committee_role":"alternate_member"},{"id":9474,"entity_type":"committee_membership","label":"Eva-Maria Schreiber - Ausschuss für Gesundheit","api_url":"https://www.abgeordnetenwatch.de/api/v2/committee-memberships/9474","committee":{"id":520,"entity_type":"node","label":"Ausschuss für Gesundheit","api_url":"https://www.abgeordnetenwatch.de/api/v2/committees/520"},"candidacy_mandate":{"id":43886,"entity_type":"candidacy_mandate","label":"Eva-Maria Schreiber (Bundestag 2017 - 2021)","api_url":"https://www.abgeordnetenwatch.de/api/v2/candidacies-mandates/43886"},"committee_role":"alternate_member"},{"id":9473,"entity_type":"committee_membership","label":"Niema Movassat - Ausschuss für Gesundheit","api_url":"https://www.abgeordnetenwatch.de/api/v2/committee-memberships/9473","committee":{"id":520,"entity_type":"node","label":"Ausschuss für Gesundheit","api_url":"https://www.abgeordnetenwatch.de/api/v2/committees/520"},"candidacy_mandate":{"id":45337,"entity_type":"candidacy_mandate","label":"Niema Movassat (Bundestag 2017 - 2021)","api_url":"https://www.abgeordnetenwatch.de/api/v2/candidacies-mandates/45337"},"committee_role":"alternate_member"},{"id":9471,"entity_type":"committee_membership","label":"Katharina Willkomm - Ausschuss für Gesundheit","api_url":"https://www.abgeordnetenwatch.de/api/v2/committee-memberships/9471","committee":{"id":520,"entity_type":"node","label":"Ausschuss für Gesundheit","api_url":"https://www.abgeordnetenwatch.de/api/v2/committees/520"},"candidacy_mandate":{"id":45591,"entity_type":"candidacy_mandate","label":"Katharina Willkomm (Bundestag 2017 - 2021)","api_url":"https://www.abgeordnetenwatch.de/api/v2/candidacies-mandates/45591"},"committee_role":"alternate_member"},{"id":9470,"entity_type":"committee_membership","label":"Michael Theurer - Ausschuss für Gesundheit","api_url":"https://www.abgeordnetenwatch.de/api/v2/committee-memberships/9470","committee":{"id":520,"entity_type":"node","label":"Ausschuss für Gesundheit","api_url":"https://www.abgeordnetenwatch.de/api/v2/committees/520"},"candidacy_mandate":{"id":37879,"entity_type":"candidacy_mandate","label":"Michael Theurer (Bundestag 2017 - 2021)","api_url":"https://www.abgeordnetenwatch.de/api/v2/candidacies-mandates/37879"},"committee_role":"alternate_member"},{"id":9469,"entity_type":"committee_membership","label":"Pascal Kober - Ausschuss für Gesundheit","api_url":"https://www.abgeordnetenwatch.de/api/v2/committee-memberships/9469","committee":{"id":520,"entity_type":"node","label":"Ausschuss für Gesundheit","api_url":"https://www.abgeordnetenwatch.de/api/v2/committees/520"},"candidacy_mandate":{"id":40934,"entity_type":"candidacy_mandate","label":"Pascal Kober (Bundestag 2017 - 2021)","api_url":"https://www.abgeordnetenwatch.de/api/v2/candidacies-mandates/40934"},"committee_role":"alternate_member"},{"id":9467,"entity_type":"committee_membership","label":"Renata Alt - Ausschuss für Gesundheit","api_url":"https://www.abgeordnetenwatch.de/api/v2/committee-memberships/9467","committee":{"id":520,"entity_type":"node","label":"Ausschuss für Gesundheit","api_url":"https://www.abgeordnetenwatch.de/api/v2/committees/520"},"candidacy_mandate":{"id":41217,"entity_type":"candidacy_mandate","label":"Renata Alt (Bundestag 2017 - 2021)","api_url":"https://www.abgeordnetenwatch.de/api/v2/candidacies-mandates/41217"},"committee_role":"alternate_member"},{"id":9466,"entity_type":"committee_membership","label":"Christian-Friedrich Wirth - Ausschuss für Gesundheit","api_url":"https://www.abgeordnetenwatch.de/api/v2/committee-memberships/9466","committee":{"id":520,"entity_type":"node","label":"Ausschuss für Gesundheit","api_url":"https://www.abgeordnetenwatch.de/api/v2/committees/520"},"candidacy_mandate":{"id":44646,"entity_type":"candidacy_mandate","label":"Christian-Friedrich Wirth (Bundestag 2017 - 2021)","api_url":"https://www.abgeordnetenwatch.de/api/v2/candidacies-mandates/44646"},"committee_role":"alternate_member"},{"id":9465,"entity_type":"committee_membership","label":"Heiko Wildberg - Ausschuss für Gesundheit","api_url":"https://www.abgeordnetenwatch.de/api/v2/committee-memberships/9465","committee":{"id":520,"entity_type":"node","label":"Ausschuss für Gesundheit","api_url":"https://www.abgeordnetenwatch.de/api/v2/committees/520"},"candidacy_mandate":{"id":43836,"entity_type":"candidacy_mandate","label":"Heiko Wildberg (Bundestag 2017 - 2021)","api_url":"https://www.abgeordnetenwatch.de/api/v2/candidacies-mandates/43836"},"committee_role":"alternate_member"},{"id":9464,"entity_type":"committee_membership","label":"Ulrich Oehme - Ausschuss für Gesundheit","api_url":"https://www.abgeordnetenwatch.de/api/v2/committee-memberships/9464","committee":{"id":520,"entity_type":"node","label":"Ausschuss für Gesundheit","api_url":"https://www.abgeordnetenwatch.de/api/v2/committees/520"},"candidacy_mandate":{"id":43831,"entity_type":"candidacy_mandate","label":"Ulrich Oehme (Bundestag 2017 - 2021)","api_url":"https://www.abgeordnetenwatch.de/api/v2/candidacies-mandates/43831"},"committee_role":"alternate_member"},{"id":9463,"entity_type":"committee_membership","label":"Jürgen Braun - Ausschuss für Gesundheit","api_url":"https://www.abgeordnetenwatch.de/api/v2/committee-memberships/9463","committee":{"id":520,"entity_type":"node","label":"Ausschuss für Gesundheit","api_url":"https://www.abgeordnetenwatch.de/api/v2/committees/520"},"candidacy_mandate":{"id":43842,"entity_type":"candidacy_mandate","label":"Jürgen Braun (Bundestag 2017 - 2021)","api_url":"https://www.abgeordnetenwatch.de/api/v2/candidacies-mandates/43842"},"committee_role":"alternate_member"},{"id":9462,"entity_type":"committee_membership","label":"Dagmar Ziegler - Ausschuss für Gesundheit","api_url":"https://www.abgeordnetenwatch.de/api/v2/committee-memberships/9462","committee":{"id":520,"entity_type":"node","label":"Ausschuss für Gesundheit","api_url":"https://www.abgeordnetenwatch.de/api/v2/committees/520"},"candidacy_mandate":{"id":44568,"entity_type":"candidacy_mandate","label":"Dagmar Ziegler (Bundestag 2017 - 2021)","api_url":"https://www.abgeordnetenwatch.de/api/v2/candidacies-mandates/44568"},"committee_role":"alternate_member"},{"id":9461,"entity_type":"committee_membership","label":"Bernd Westphal - Ausschuss für Gesundheit","api_url":"https://www.abgeordnetenwatch.de/api/v2/committee-memberships/9461","committee":{"id":520,"entity_type":"node","label":"Ausschuss für Gesundheit","api_url":"https://www.abgeordnetenwatch.de/api/v2/committees/520"},"candidacy_mandate":{"id":45442,"entity_type":"candidacy_mandate","label":"Bernd Westphal (Bundestag 2017 - 2021)","api_url":"https://www.abgeordnetenwatch.de/api/v2/candidacies-mandates/45442"},"committee_role":"alternate_member"},{"id":9460,"entity_type":"committee_membership","label":"Kerstin Tack - Ausschuss für Gesundheit","api_url":"https://www.abgeordnetenwatch.de/api/v2/committee-memberships/9460","committee":{"id":520,"entity_type":"node","label":"Ausschuss für Gesundheit","api_url":"https://www.abgeordnetenwatch.de/api/v2/committees/520"},"candidacy_mandate":{"id":46209,"entity_type":"candidacy_mandate","label":"Kerstin Tack (Bundestag 2017 - 2021)","api_url":"https://www.abgeordnetenwatch.de/api/v2/candidacies-mandates/46209"},"committee_role":"alternate_member"},{"id":9459,"entity_type":"committee_membership","label":"Sonja Steffen - Ausschuss für Gesundheit","api_url":"https://www.abgeordnetenwatch.de/api/v2/committee-memberships/9459","committee":{"id":520,"entity_type":"node","label":"Ausschuss für Gesundheit","api_url":"https://www.abgeordnetenwatch.de/api/v2/committees/520"},"candidacy_mandate":{"id":45414,"entity_type":"candidacy_mandate","label":"Sonja Steffen (Bundestag 2017 - 2021)","api_url":"https://www.abgeordnetenwatch.de/api/v2/candidacies-mandates/45414"},"committee_role":"alternate_member"},{"id":9458,"entity_type":"committee_membership","label":"Gabriele Katzmarek - Ausschuss für Gesundheit","api_url":"https://www.abgeordnetenwatch.de/api/v2/committee-memberships/9458","committee":{"id":520,"entity_type":"node","label":"Ausschuss für Gesundheit","api_url":"https://www.abgeordnetenwatch.de/api/v2/committees/520"},"candidacy_mandate":{"id":45283,"entity_type":"candidacy_mandate","label":"Gabriele Katzmarek (Bundestag 2017 - 2021)","api_url":"https://www.abgeordnetenwatch.de/api/v2/candidacies-mandates/45283"},"committee_role":"alternate_member"},{"id":9457,"entity_type":"committee_membership","label":"Ulrich Freese - Ausschuss für Gesundheit","api_url":"https://www.abgeordnetenwatch.de/api/v2/committee-memberships/9457","committee":{"id":520,"entity_type":"node","label":"Ausschuss für Gesundheit","api_url":"https://www.abgeordnetenwatch.de/api/v2/committees/520"},"candidacy_mandate":{"id":44514,"entity_type":"candidacy_mandate","label":"Ulrich Freese (Bundestag 2017 - 2021)","api_url":"https://www.abgeordnetenwatch.de/api/v2/candidacies-mandates/44514"},"committee_role":"alternate_member"},{"id":9456,"entity_type":"committee_membership","label":"Bärbel Bas - Ausschuss für Gesundheit","api_url":"https://www.abgeordnetenwatch.de/api/v2/committee-memberships/9456","committee":{"id":520,"entity_type":"node","label":"Ausschuss für Gesundheit","api_url":"https://www.abgeordnetenwatch.de/api/v2/committees/520"},"candidacy_mandate":{"id":44485,"entity_type":"candidacy_mandate","label":"Bärbel Bas (Bundestag 2017 - 2021)","api_url":"https://www.abgeordnetenwatch.de/api/v2/candidacies-mandates/44485"},"committee_role":"alternate_member"},{"id":9455,"entity_type":"committee_membership","label":"Nezahat Baradari - Ausschuss für Gesundheit","api_url":"https://www.abgeordnetenwatch.de/api/v2/committee-memberships/9455","committee":{"id":520,"entity_type":"node","label":"Ausschuss für Gesundheit","api_url":"https://www.abgeordnetenwatch.de/api/v2/committees/520"},"candidacy_mandate":{"id":45230,"entity_type":"candidacy_mandate","label":"Nezahat Baradari (Bundestag 2017 - 2021)","api_url":"https://www.abgeordnetenwatch.de/api/v2/candidacies-mandates/45230"},"committee_role":"alternate_member"},{"id":9454,"entity_type":"committee_membership","label":"Ulrike Bahr - Ausschuss für Gesundheit","api_url":"https://www.abgeordnetenwatch.de/api/v2/committee-memberships/9454","committee":{"id":520,"entity_type":"node","label":"Ausschuss für Gesundheit","api_url":"https://www.abgeordnetenwatch.de/api/v2/committees/520"},"candidacy_mandate":{"id":44479,"entity_type":"candidacy_mandate","label":"Ulrike Bahr (Bundestag 2017 - 2021)","api_url":"https://www.abgeordnetenwatch.de/api/v2/candidacies-mandates/44479"},"committee_role":"alternate_member"},{"id":9453,"entity_type":"committee_membership","label":"Matthias Zimmer - Ausschuss für Gesundheit","api_url":"https://www.abgeordnetenwatch.de/api/v2/committee-memberships/9453","committee":{"id":520,"entity_type":"node","label":"Ausschuss für Gesundheit","api_url":"https://www.abgeordnetenwatch.de/api/v2/committees/520"},"candidacy_mandate":{"id":46180,"entity_type":"candidacy_mandate","label":"Matthias Zimmer (Bundestag 2017 - 2021)","api_url":"https://www.abgeordnetenwatch.de/api/v2/candidacies-mandates/46180"},"committee_role":"alternate_member"},{"id":9452,"entity_type":"committee_membership","label":"Peter Weiß - Ausschuss für Gesundheit","api_url":"https://www.abgeordnetenwatch.de/api/v2/committee-memberships/9452","committee":{"id":520,"entity_type":"node","label":"Ausschuss für Gesundheit","api_url":"https://www.abgeordnetenwatch.de/api/v2/committees/520"},"candidacy_mandate":{"id":45439,"entity_type":"candidacy_mandate","label":"Peter Weiß (Bundestag 2017 - 2021)","api_url":"https://www.abgeordnetenwatch.de/api/v2/candidacies-mandates/45439"},"committee_role":"alternate_member"},{"id":9451,"entity_type":"committee_membership","label":"Dietlind Tiemann - Ausschuss für Gesundheit","api_url":"https://www.abgeordnetenwatch.de/api/v2/committee-memberships/9451","committee":{"id":520,"entity_type":"node","label":"Ausschuss für Gesundheit","api_url":"https://www.abgeordnetenwatch.de/api/v2/committees/520"},"candidacy_mandate":{"id":43848,"entity_type":"candidacy_mandate","label":"Dietlind Tiemann (Bundestag 2017 - 2021)","api_url":"https://www.abgeordnetenwatch.de/api/v2/candidacies-mandates/43848"},"committee_role":"alternate_member"},{"id":9450,"entity_type":"committee_membership","label":"Stephan Stracke - Ausschuss für Gesundheit","api_url":"https://www.abgeordnetenwatch.de/api/v2/committee-memberships/9450","committee":{"id":520,"entity_type":"node","label":"Ausschuss für Gesundheit","api_url":"https://www.abgeordnetenwatch.de/api/v2/committees/520"},"candidacy_mandate":{"id":45420,"entity_type":"candidacy_mandate","label":"Stephan Stracke (Bundestag 2017 - 2021)","api_url":"https://www.abgeordnetenwatch.de/api/v2/candidacies-mandates/45420"},"committee_role":"alternate_member"},{"id":9449,"entity_type":"committee_membership","label":"Uwe Schummer - Ausschuss für Gesundheit","api_url":"https://www.abgeordnetenwatch.de/api/v2/committee-memberships/9449","committee":{"id":520,"entity_type":"node","label":"Ausschuss für Gesundheit","api_url":"https://www.abgeordnetenwatch.de/api/v2/committees/520"},"candidacy_mandate":{"id":45398,"entity_type":"candidacy_mandate","label":"Uwe Schummer (Bundestag 2017 - 2021)","api_url":"https://www.abgeordnetenwatch.de/api/v2/candidacies-mandates/45398"},"committee_role":"alternate_member"},{"id":9448,"entity_type":"committee_membership","label":"Sylvia Pantel - Ausschuss für Gesundheit","api_url":"https://www.abgeordnetenwatch.de/api/v2/committee-memberships/9448","committee":{"id":520,"entity_type":"node","label":"Ausschuss für Gesundheit","api_url":"https://www.abgeordnetenwatch.de/api/v2/committees/520"},"candidacy_mandate":{"id":45355,"entity_type":"candidacy_mandate","label":"Sylvia Pantel (Bundestag 2017 - 2021)","api_url":"https://www.abgeordnetenwatch.de/api/v2/candidacies-mandates/45355"},"committee_role":"alternate_member"},{"id":9446,"entity_type":"committee_membership","label":"Antje Lezius - Ausschuss für Gesundheit","api_url":"https://www.abgeordnetenwatch.de/api/v2/committee-memberships/9446","committee":{"id":520,"entity_type":"node","label":"Ausschuss für Gesundheit","api_url":"https://www.abgeordnetenwatch.de/api/v2/committees/520"},"candidacy_mandate":{"id":44556,"entity_type":"candidacy_mandate","label":"Antje Lezius (Bundestag 2017 - 2021)","api_url":"https://www.abgeordnetenwatch.de/api/v2/candidacies-mandates/44556"},"committee_role":"alternate_member"},{"id":9445,"entity_type":"committee_membership","label":"Axel Knoerig - Ausschuss für Gesundheit","api_url":"https://www.abgeordnetenwatch.de/api/v2/committee-memberships/9445","committee":{"id":520,"entity_type":"node","label":"Ausschuss für Gesundheit","api_url":"https://www.abgeordnetenwatch.de/api/v2/committees/520"},"candidacy_mandate":{"id":45297,"entity_type":"candidacy_mandate","label":"Axel Knoerig (Bundestag 2017 - 2021)","api_url":"https://www.abgeordnetenwatch.de/api/v2/candidacies-mandates/45297"},"committee_role":"alternate_member"},{"id":9444,"entity_type":"committee_membership","label":"Mark Hauptmann - Ausschuss für Gesundheit","api_url":"https://www.abgeordnetenwatch.de/api/v2/committee-memberships/9444","committee":{"id":520,"entity_type":"node","label":"Ausschuss für Gesundheit","api_url":"https://www.abgeordnetenwatch.de/api/v2/committees/520"},"candidacy_mandate":{"id":45782,"entity_type":"candidacy_mandate","label":"Mark Hauptmann (Bundestag 2017 - 2021)","api_url":"https://www.abgeordnetenwatch.de/api/v2/candidacies-mandates/45782"},"committee_role":"alternate_member"},{"id":9442,"entity_type":"committee_membership","label":"Heike Brehmer - Ausschuss für Gesundheit","api_url":"https://www.abgeordnetenwatch.de/api/v2/committee-memberships/9442","committee":{"id":520,"entity_type":"node","label":"Ausschuss für Gesundheit","api_url":"https://www.abgeordnetenwatch.de/api/v2/committees/520"},"candidacy_mandate":{"id":44498,"entity_type":"candidacy_mandate","label":"Heike Brehmer (Bundestag 2017 - 2021)","api_url":"https://www.abgeordnetenwatch.de/api/v2/candidacies-mandates/44498"},"committee_role":"alternate_member"},{"id":9441,"entity_type":"committee_membership","label":"Stephan Albani - Ausschuss für Gesundheit","api_url":"https://www.abgeordnetenwatch.de/api/v2/committee-memberships/9441","committee":{"id":520,"entity_type":"node","label":"Ausschuss für Gesundheit","api_url":"https://www.abgeordnetenwatch.de/api/v2/committees/520"},"candidacy_mandate":{"id":44472,"entity_type":"candidacy_mandate","label":"Stephan Albani (Bundestag 2017 - 2021)","api_url":"https://www.abgeordnetenwatch.de/api/v2/candidacies-mandates/44472"},"committee_role":"alternate_member"},{"id":9440,"entity_type":"committee_membership","label":"Kordula Schulz-Asche - Ausschuss für Gesundheit","api_url":"https://www.abgeordnetenwatch.de/api/v2/committee-memberships/9440","committee":{"id":520,"entity_type":"node","label":"Ausschuss für Gesundheit","api_url":"https://www.abgeordnetenwatch.de/api/v2/committees/520"},"candidacy_mandate":{"id":45397,"entity_type":"candidacy_mandate","label":"Kordula Schulz-Asche (Bundestag 2017 - 2021)","api_url":"https://www.abgeordnetenwatch.de/api/v2/candidacies-mandates/45397"},"committee_role":"member"},{"id":9439,"entity_type":"committee_membership","label":"Bettina Hoffmann - Ausschuss für Gesundheit","api_url":"https://www.abgeordnetenwatch.de/api/v2/committee-memberships/9439","committee":{"id":520,"entity_type":"node","label":"Ausschuss für Gesundheit","api_url":"https://www.abgeordnetenwatch.de/api/v2/committees/520"},"candidacy_mandate":{"id":42696,"entity_type":"candidacy_mandate","label":"Bettina Hoffmann (Bundestag 2017 - 2021)","api_url":"https://www.abgeordnetenwatch.de/api/v2/candidacies-mandates/42696"},"committee_role":"alternate_member"},{"id":9438,"entity_type":"committee_membership","label":"Pia Zimmermann - Ausschuss für Gesundheit","api_url":"https://www.abgeordnetenwatch.de/api/v2/committee-memberships/9438","committee":{"id":520,"entity_type":"node","label":"Ausschuss für Gesundheit","api_url":"https://www.abgeordnetenwatch.de/api/v2/committees/520"},"candidacy_mandate":{"id":45448,"entity_type":"candidacy_mandate","label":"Pia Zimmermann (Bundestag 2017 - 2021)","api_url":"https://www.abgeordnetenwatch.de/api/v2/candidacies-mandates/45448"},"committee_role":"member"},{"id":9437,"entity_type":"committee_membership","label":"Sylvia Gabelmann - Ausschuss für Gesundheit","api_url":"https://www.abgeordnetenwatch.de/api/v2/committee-memberships/9437","committee":{"id":520,"entity_type":"node","label":"Ausschuss für Gesundheit","api_url":"https://www.abgeordnetenwatch.de/api/v2/committees/520"},"candidacy_mandate":{"id":46228,"entity_type":"candidacy_mandate","label":"Sylvia Gabelmann (Bundestag 2017 - 2021)","api_url":"https://www.abgeordnetenwatch.de/api/v2/candidacies-mandates/46228"},"committee_role":"member"},{"id":9436,"entity_type":"committee_membership","label":"Nicole Westig - Ausschuss für Gesundheit","api_url":"https://www.abgeordnetenwatch.de/api/v2/committee-memberships/9436","committee":{"id":520,"entity_type":"node","label":"Ausschuss für Gesundheit","api_url":"https://www.abgeordnetenwatch.de/api/v2/committees/520"},"candidacy_mandate":{"id":44777,"entity_type":"candidacy_mandate","label":"Nicole Westig (Bundestag 2017 - 2021)","api_url":"https://www.abgeordnetenwatch.de/api/v2/candidacies-mandates/44777"},"committee_role":"member"},{"id":9435,"entity_type":"committee_membership","label":"Wieland Schinnenburg - Ausschuss für Gesundheit","api_url":"https://www.abgeordnetenwatch.de/api/v2/committee-memberships/9435","committee":{"id":520,"entity_type":"node","label":"Ausschuss für Gesundheit","api_url":"https://www.abgeordnetenwatch.de/api/v2/committees/520"},"candidacy_mandate":{"id":38476,"entity_type":"candidacy_mandate","label":"Wieland Schinnenburg (Bundestag 2017 - 2021)","api_url":"https://www.abgeordnetenwatch.de/api/v2/candidacies-mandates/38476"},"committee_role":"member"},{"id":9434,"entity_type":"committee_membership","label":"Katrin Helling-Plahr - Ausschuss für Gesundheit","api_url":"https://www.abgeordnetenwatch.de/api/v2/committee-memberships/9434","committee":{"id":520,"entity_type":"node","label":"Ausschuss für Gesundheit","api_url":"https://www.abgeordnetenwatch.de/api/v2/committees/520"},"candidacy_mandate":{"id":44062,"entity_type":"candidacy_mandate","label":"Katrin Helling-Plahr (Bundestag 2017 - 2021)","api_url":"https://www.abgeordnetenwatch.de/api/v2/candidacies-mandates/44062"},"committee_role":"member"},{"id":9433,"entity_type":"committee_membership","label":"Uwe Witt - Ausschuss für Gesundheit","api_url":"https://www.abgeordnetenwatch.de/api/v2/committee-memberships/9433","committee":{"id":520,"entity_type":"node","label":"Ausschuss für Gesundheit","api_url":"https://www.abgeordnetenwatch.de/api/v2/committees/520"},"candidacy_mandate":{"id":44624,"entity_type":"candidacy_mandate","label":"Uwe Witt (Bundestag 2017 - 2021)","api_url":"https://www.abgeordnetenwatch.de/api/v2/candidacies-mandates/44624"},"committee_role":"member"},{"id":9432,"entity_type":"committee_membership","label":"Jörg Schneider - Ausschuss für Gesundheit","api_url":"https://www.abgeordnetenwatch.de/api/v2/committee-memberships/9432","committee":{"id":520,"entity_type":"node","label":"Ausschuss für Gesundheit","api_url":"https://www.abgeordnetenwatch.de/api/v2/committees/520"},"candidacy_mandate":{"id":44092,"entity_type":"candidacy_mandate","label":"Jörg Schneider (Bundestag 2017 - 2021)","api_url":"https://www.abgeordnetenwatch.de/api/v2/candidacies-mandates/44092"},"committee_role":"member"},{"id":9431,"entity_type":"committee_membership","label":"Robby Schlund - Ausschuss für Gesundheit","api_url":"https://www.abgeordnetenwatch.de/api/v2/committee-memberships/9431","committee":{"id":520,"entity_type":"node","label":"Ausschuss für Gesundheit","api_url":"https://www.abgeordnetenwatch.de/api/v2/committees/520"},"candidacy_mandate":{"id":43833,"entity_type":"candidacy_mandate","label":"Robby Schlund (Bundestag 2017 - 2021)","api_url":"https://www.abgeordnetenwatch.de/api/v2/candidacies-mandates/43833"},"committee_role":"member"},{"id":9430,"entity_type":"committee_membership","label":"Paul Podolay - Ausschuss für Gesundheit","api_url":"https://www.abgeordnetenwatch.de/api/v2/committee-memberships/9430","committee":{"id":520,"entity_type":"node","label":"Ausschuss für Gesundheit","api_url":"https://www.abgeordnetenwatch.de/api/v2/committees/520"},"candidacy_mandate":{"id":43838,"entity_type":"candidacy_mandate","label":"Paul Podolay (Bundestag 2017 - 2021)","api_url":"https://www.abgeordnetenwatch.de/api/v2/candidacies-mandates/43838"},"committee_role":"member"},{"id":9429,"entity_type":"committee_membership","label":"Marja-Liisa Völlers - Ausschuss für Gesundheit","api_url":"https://www.abgeordnetenwatch.de/api/v2/committee-memberships/9429","committee":{"id":520,"entity_type":"node","label":"Ausschuss für Gesundheit","api_url":"https://www.abgeordnetenwatch.de/api/v2/committees/520"},"candidacy_mandate":{"id":43905,"entity_type":"candidacy_mandate","label":"Marja-Liisa Völlers (Bundestag 2017 - 2021)","api_url":"https://www.abgeordnetenwatch.de/api/v2/candidacies-mandates/43905"},"committee_role":"member"},{"id":9428,"entity_type":"committee_membership","label":"Martina Stamm-Fibich - Ausschuss für Gesundheit","api_url":"https://www.abgeordnetenwatch.de/api/v2/committee-memberships/9428","committee":{"id":520,"entity_type":"node","label":"Ausschuss für Gesundheit","api_url":"https://www.abgeordnetenwatch.de/api/v2/committees/520"},"candidacy_mandate":{"id":45412,"entity_type":"candidacy_mandate","label":"Martina Stamm-Fibich (Bundestag 2017 - 2021)","api_url":"https://www.abgeordnetenwatch.de/api/v2/candidacies-mandates/45412"},"committee_role":"member"},{"id":9427,"entity_type":"committee_membership","label":"Bettina Müller - Ausschuss für Gesundheit","api_url":"https://www.abgeordnetenwatch.de/api/v2/committee-memberships/9427","committee":{"id":520,"entity_type":"node","label":"Ausschuss für Gesundheit","api_url":"https://www.abgeordnetenwatch.de/api/v2/committees/520"},"candidacy_mandate":{"id":45340,"entity_type":"candidacy_mandate","label":"Bettina Müller (Bundestag 2017 - 2021)","api_url":"https://www.abgeordnetenwatch.de/api/v2/candidacies-mandates/45340"},"committee_role":"member"},{"id":9426,"entity_type":"committee_membership","label":"Claudia Moll - Ausschuss für Gesundheit","api_url":"https://www.abgeordnetenwatch.de/api/v2/committee-memberships/9426","committee":{"id":520,"entity_type":"node","label":"Ausschuss für Gesundheit","api_url":"https://www.abgeordnetenwatch.de/api/v2/committees/520"},"candidacy_mandate":{"id":43907,"entity_type":"candidacy_mandate","label":"Claudia Moll (Bundestag 2017 - 2021)","api_url":"https://www.abgeordnetenwatch.de/api/v2/candidacies-mandates/43907"},"committee_role":"member"},{"id":9425,"entity_type":"committee_membership","label":"Hilde Mattheis - Ausschuss für Gesundheit","api_url":"https://www.abgeordnetenwatch.de/api/v2/committee-memberships/9425","committee":{"id":520,"entity_type":"node","label":"Ausschuss für Gesundheit","api_url":"https://www.abgeordnetenwatch.de/api/v2/committees/520"},"candidacy_mandate":{"id":44066,"entity_type":"candidacy_mandate","label":"Hilde Mattheis (Bundestag 2017 - 2021)","api_url":"https://www.abgeordnetenwatch.de/api/v2/candidacies-mandates/44066"},"committee_role":"member"},{"id":9424,"entity_type":"committee_membership","label":"Dirk Heidenblut - Ausschuss für Gesundheit","api_url":"https://www.abgeordnetenwatch.de/api/v2/committee-memberships/9424","committee":{"id":520,"entity_type":"node","label":"Ausschuss für Gesundheit","api_url":"https://www.abgeordnetenwatch.de/api/v2/committees/520"},"candidacy_mandate":{"id":45265,"entity_type":"candidacy_mandate","label":"Dirk Heidenblut (Bundestag 2017 - 2021)","api_url":"https://www.abgeordnetenwatch.de/api/v2/candidacies-mandates/45265"},"committee_role":"member"},{"id":9423,"entity_type":"committee_membership","label":"Edgar Franke - Ausschuss für Gesundheit","api_url":"https://www.abgeordnetenwatch.de/api/v2/committee-memberships/9423","committee":{"id":520,"entity_type":"node","label":"Ausschuss für Gesundheit","api_url":"https://www.abgeordnetenwatch.de/api/v2/committees/520"},"candidacy_mandate":{"id":44513,"entity_type":"candidacy_mandate","label":"Edgar Franke (Bundestag 2017 - 2021)","api_url":"https://www.abgeordnetenwatch.de/api/v2/candidacies-mandates/44513"},"committee_role":"member"},{"id":9422,"entity_type":"committee_membership","label":"Heike Baehrens - Ausschuss für Gesundheit","api_url":"https://www.abgeordnetenwatch.de/api/v2/committee-memberships/9422","committee":{"id":520,"entity_type":"node","label":"Ausschuss für Gesundheit","api_url":"https://www.abgeordnetenwatch.de/api/v2/committees/520"},"candidacy_mandate":{"id":44477,"entity_type":"candidacy_mandate","label":"Heike Baehrens (Bundestag 2017 - 2021)","api_url":"https://www.abgeordnetenwatch.de/api/v2/candidacies-mandates/44477"},"committee_role":"member"},{"id":9421,"entity_type":"committee_membership","label":"Emmi Zeulner - Ausschuss für Gesundheit","api_url":"https://www.abgeordnetenwatch.de/api/v2/committee-memberships/9421","committee":{"id":520,"entity_type":"node","label":"Ausschuss für Gesundheit","api_url":"https://www.abgeordnetenwatch.de/api/v2/committees/520"},"candidacy_mandate":{"id":44586,"entity_type":"candidacy_mandate","label":"Emmi Zeulner (Bundestag 2017 - 2021)","api_url":"https://www.abgeordnetenwatch.de/api/v2/candidacies-mandates/44586"},"committee_role":"member"},{"id":9420,"entity_type":"committee_membership","label":"Tino Sorge - Ausschuss für Gesundheit","api_url":"https://www.abgeordnetenwatch.de/api/v2/committee-memberships/9420","committee":{"id":520,"entity_type":"node","label":"Ausschuss für Gesundheit","api_url":"https://www.abgeordnetenwatch.de/api/v2/committees/520"},"candidacy_mandate":{"id":45408,"entity_type":"candidacy_mandate","label":"Tino Sorge (Bundestag 2017 - 2021)","api_url":"https://www.abgeordnetenwatch.de/api/v2/candidacies-mandates/45408"},"committee_role":"member"},{"id":9419,"entity_type":"committee_membership","label":"Claudia Schmidtke - Ausschuss für Gesundheit","api_url":"https://www.abgeordnetenwatch.de/api/v2/committee-memberships/9419","committee":{"id":520,"entity_type":"node","label":"Ausschuss für Gesundheit","api_url":"https://www.abgeordnetenwatch.de/api/v2/committees/520"},"candidacy_mandate":{"id":43845,"entity_type":"candidacy_mandate","label":"Claudia Schmidtke (Bundestag 2017 - 2021)","api_url":"https://www.abgeordnetenwatch.de/api/v2/candidacies-mandates/43845"},"committee_role":"member"},{"id":9418,"entity_type":"committee_membership","label":"Lothar Riebsamen - Ausschuss für Gesundheit","api_url":"https://www.abgeordnetenwatch.de/api/v2/committee-memberships/9418","committee":{"id":520,"entity_type":"node","label":"Ausschuss für Gesundheit","api_url":"https://www.abgeordnetenwatch.de/api/v2/committees/520"},"candidacy_mandate":{"id":45370,"entity_type":"candidacy_mandate","label":"Lothar Riebsamen (Bundestag 2017 - 2021)","api_url":"https://www.abgeordnetenwatch.de/api/v2/candidacies-mandates/45370"},"committee_role":"member"},{"id":9417,"entity_type":"committee_membership","label":"Stephan Pilsinger - Ausschuss für Gesundheit","api_url":"https://www.abgeordnetenwatch.de/api/v2/committee-memberships/9417","committee":{"id":520,"entity_type":"node","label":"Ausschuss für Gesundheit","api_url":"https://www.abgeordnetenwatch.de/api/v2/committees/520"},"candidacy_mandate":{"id":43878,"entity_type":"candidacy_mandate","label":"Stephan Pilsinger (Bundestag 2017 - 2021)","api_url":"https://www.abgeordnetenwatch.de/api/v2/candidacies-mandates/43878"},"committee_role":"member"},{"id":9416,"entity_type":"committee_membership","label":"Dietrich Monstadt - Ausschuss für Gesundheit","api_url":"https://www.abgeordnetenwatch.de/api/v2/committee-memberships/9416","committee":{"id":520,"entity_type":"node","label":"Ausschuss für Gesundheit","api_url":"https://www.abgeordnetenwatch.de/api/v2/committees/520"},"candidacy_mandate":{"id":45822,"entity_type":"candidacy_mandate","label":"Dietrich Monstadt (Bundestag 2017 - 2021)","api_url":"https://www.abgeordnetenwatch.de/api/v2/candidacies-mandates/45822"},"committee_role":"member"},{"id":9415,"entity_type":"committee_membership","label":"Roy Kühne - Ausschuss für Gesundheit","api_url":"https://www.abgeordnetenwatch.de/api/v2/committee-memberships/9415","committee":{"id":520,"entity_type":"node","label":"Ausschuss für Gesundheit","api_url":"https://www.abgeordnetenwatch.de/api/v2/committees/520"},"candidacy_mandate":{"id":45305,"entity_type":"candidacy_mandate","label":"Roy Kühne (Bundestag 2017 - 2021)","api_url":"https://www.abgeordnetenwatch.de/api/v2/candidacies-mandates/45305"},"committee_role":"member"},{"id":9414,"entity_type":"committee_membership","label":"Alexander Krauß - Ausschuss für Gesundheit","api_url":"https://www.abgeordnetenwatch.de/api/v2/committee-memberships/9414","committee":{"id":520,"entity_type":"node","label":"Ausschuss für Gesundheit","api_url":"https://www.abgeordnetenwatch.de/api/v2/committees/520"},"candidacy_mandate":{"id":38078,"entity_type":"candidacy_mandate","label":"Alexander Krauß (Bundestag 2017 - 2021)","api_url":"https://www.abgeordnetenwatch.de/api/v2/candidacies-mandates/38078"},"committee_role":"member"},{"id":9413,"entity_type":"committee_membership","label":"Georg Kippels - Ausschuss für Gesundheit","api_url":"https://www.abgeordnetenwatch.de/api/v2/committee-memberships/9413","committee":{"id":520,"entity_type":"node","label":"Ausschuss für Gesundheit","api_url":"https://www.abgeordnetenwatch.de/api/v2/committees/520"},"candidacy_mandate":{"id":45291,"entity_type":"candidacy_mandate","label":"Georg Kippels (Bundestag 2017 - 2021)","api_url":"https://www.abgeordnetenwatch.de/api/v2/candidacies-mandates/45291"},"committee_role":"member"},{"id":9412,"entity_type":"committee_membership","label":"Erich Irlstorfer - Ausschuss für Gesundheit","api_url":"https://www.abgeordnetenwatch.de/api/v2/committee-memberships/9412","committee":{"id":520,"entity_type":"node","label":"Ausschuss für Gesundheit","api_url":"https://www.abgeordnetenwatch.de/api/v2/committees/520"},"candidacy_mandate":{"id":44587,"entity_type":"candidacy_mandate","label":"Erich Irlstorfer (Bundestag 2017 - 2021)","api_url":"https://www.abgeordnetenwatch.de/api/v2/candidacies-mandates/44587"},"committee_role":"member"},{"id":9411,"entity_type":"committee_membership","label":"Rudolf Henke - Ausschuss für Gesundheit","api_url":"https://www.abgeordnetenwatch.de/api/v2/committee-memberships/9411","committee":{"id":520,"entity_type":"node","label":"Ausschuss für Gesundheit","api_url":"https://www.abgeordnetenwatch.de/api/v2/committees/520"},"candidacy_mandate":{"id":44539,"entity_type":"candidacy_mandate","label":"Rudolf Henke (Bundestag 2017 - 2021)","api_url":"https://www.abgeordnetenwatch.de/api/v2/candidacies-mandates/44539"},"committee_role":"member"},{"id":9410,"entity_type":"committee_membership","label":"Kirsten Kappert-Gonther - Ausschuss für Gesundheit","api_url":"https://www.abgeordnetenwatch.de/api/v2/committee-memberships/9410","committee":{"id":520,"entity_type":"node","label":"Ausschuss für Gesundheit","api_url":"https://www.abgeordnetenwatch.de/api/v2/committees/520"},"candidacy_mandate":{"id":46255,"entity_type":"candidacy_mandate","label":"Kirsten Kappert-Gonther (Bundestag 2017 - 2021)","api_url":"https://www.abgeordnetenwatch.de/api/v2/candidacies-mandates/46255"},"committee_role":"foreperson"},{"id":9409,"entity_type":"committee_membership","label":"Sabine Dittmar - Ausschuss für Gesundheit","api_url":"https://www.abgeordnetenwatch.de/api/v2/committee-memberships/9409","committee":{"id":520,"entity_type":"node","label":"Ausschuss für Gesundheit","api_url":"https://www.abgeordnetenwatch.de/api/v2/committees/520"},"candidacy_mandate":{"id":44506,"entity_type":"candidacy_mandate","label":"Sabine Dittmar (Bundestag 2017 - 2021)","api_url":"https://www.abgeordnetenwatch.de/api/v2/candidacies-mandates/44506"},"committee_role":"foreperson"},{"id":9408,"entity_type":"committee_membership","label":"Achim Kessler - Ausschuss für Gesundheit","api_url":"https://www.abgeordnetenwatch.de/api/v2/committee-memberships/9408","committee":{"id":520,"entity_type":"node","label":"Ausschuss für Gesundheit","api_url":"https://www.abgeordnetenwatch.de/api/v2/committees/520"},"candidacy_mandate":{"id":45496,"entity_type":"candidacy_mandate","label":"Achim Kessler (Bundestag 2017 - 2021)","api_url":"https://www.abgeordnetenwatch.de/api/v2/candidacies-mandates/45496"},"committee_role":"foreperson"},{"id":9407,"entity_type":"committee_membership","label":"Andrew Ullmann - Ausschuss für Gesundheit","api_url":"https://www.abgeordnetenwatch.de/api/v2/committee-memberships/9407","committee":{"id":520,"entity_type":"node","label":"Ausschuss für Gesundheit","api_url":"https://www.abgeordnetenwatch.de/api/v2/committees/520"},"candidacy_mandate":{"id":43900,"entity_type":"candidacy_mandate","label":"Andrew Ullmann (Bundestag 2017 - 2021)","api_url":"https://www.abgeordnetenwatch.de/api/v2/candidacies-mandates/43900"},"committee_role":"foreperson"},{"id":9406,"entity_type":"committee_membership","label":"Detlev Spangenberg - Ausschuss für Gesundheit","api_url":"https://www.abgeordnetenwatch.de/api/v2/committee-memberships/9406","committee":{"id":520,"entity_type":"node","label":"Ausschuss für Gesundheit","api_url":"https://www.abgeordnetenwatch.de/api/v2/committees/520"},"candidacy_mandate":{"id":44622,"entity_type":"candidacy_mandate","label":"Detlev Spangenberg (Bundestag 2017 - 2021)","api_url":"https://www.abgeordnetenwatch.de/api/v2/candidacies-mandates/44622"},"committee_role":"foreperson"},{"id":9405,"entity_type":"committee_membership","label":"Michael Hennrich - Ausschuss für Gesundheit","api_url":"https://www.abgeordnetenwatch.de/api/v2/committee-memberships/9405","committee":{"id":520,"entity_type":"node","label":"Ausschuss für Gesundheit","api_url":"https://www.abgeordnetenwatch.de/api/v2/committees/520"},"candidacy_mandate":{"id":44540,"entity_type":"candidacy_mandate","label":"Michael Hennrich (Bundestag 2017 - 2021)","api_url":"https://www.abgeordnetenwatch.de/api/v2/candidacies-mandates/44540"},"committee_role":"foreperson"},{"id":9404,"entity_type":"committee_membership","label":"Harald Weinberg - Ausschuss für Gesundheit","api_url":"https://www.abgeordnetenwatch.de/api/v2/committee-memberships/9404","committee":{"id":520,"entity_type":"node","label":"Ausschuss für Gesundheit","api_url":"https://www.abgeordnetenwatch.de/api/v2/committees/520"},"candidacy_mandate":{"id":45437,"entity_type":"candidacy_mandate","label":"Harald Weinberg (Bundestag 2017 - 2021)","api_url":"https://www.abgeordnetenwatch.de/api/v2/candidacies-mandates/45437"},"committee_role":"vice_chairperson"},{"id":9403,"entity_type":"committee_membership","label":"Erwin Rüddel - Ausschuss für Gesundheit","api_url":"https://www.abgeordnetenwatch.de/api/v2/committee-memberships/9403","committee":{"id":520,"entity_type":"node","label":"Ausschuss für Gesundheit","api_url":"https://www.abgeordnetenwatch.de/api/v2/committees/520"},"candidacy_mandate":{"id":44588,"entity_type":"candidacy_mandate","label":"Erwin Rüddel (Bundestag 2017 - 2021)","api_url":"https://www.abgeordnetenwatch.de/api/v2/candidacies-mandates/44588"},"committee_role":"chairperson"}]
