[{"id":15335,"entity_type":"committee_membership","label":"Heike Hänsel - Ausschuss für die Angelegenheiten der Europäischen Union","api_url":"https://www.abgeordnetenwatch.de/api/v2/committee-memberships/15335","committee":{"id":527,"entity_type":"node","label":"Ausschuss für die Angelegenheiten der Europäischen Union","api_url":"https://www.abgeordnetenwatch.de/api/v2/committees/527"},"candidacy_mandate":{"id":44531,"entity_type":"candidacy_mandate","label":"Heike Hänsel (Bundestag 2017 - 2021)","api_url":"https://www.abgeordnetenwatch.de/api/v2/candidacies-mandates/44531"},"committee_role":"alternate_member"},{"id":15334,"entity_type":"committee_membership","label":"Tim Ostermann - Ausschuss für die Angelegenheiten der Europäischen Union","api_url":"https://www.abgeordnetenwatch.de/api/v2/committee-memberships/15334","committee":{"id":527,"entity_type":"node","label":"Ausschuss für die Angelegenheiten der Europäischen Union","api_url":"https://www.abgeordnetenwatch.de/api/v2/committees/527"},"candidacy_mandate":{"id":48230,"entity_type":"candidacy_mandate","label":"Tim Ostermann (Bundestag 2017 - 2021)","api_url":"https://www.abgeordnetenwatch.de/api/v2/candidacies-mandates/48230"},"committee_role":"member"},{"id":14098,"entity_type":"committee_membership","label":"Leni Breymaier - Ausschuss für die Angelegenheiten der Europäischen Union","api_url":"https://www.abgeordnetenwatch.de/api/v2/committee-memberships/14098","committee":{"id":527,"entity_type":"node","label":"Ausschuss für die Angelegenheiten der Europäischen Union","api_url":"https://www.abgeordnetenwatch.de/api/v2/committees/527"},"candidacy_mandate":{"id":45235,"entity_type":"candidacy_mandate","label":"Leni Breymaier (Bundestag 2017 - 2021)","api_url":"https://www.abgeordnetenwatch.de/api/v2/candidacies-mandates/45235"},"committee_role":"alternate_member"},{"id":13515,"entity_type":"committee_membership","label":"Christian Natterer - Ausschuss für die Angelegenheiten der Europäischen Union","api_url":"https://www.abgeordnetenwatch.de/api/v2/committee-memberships/13515","committee":{"id":527,"entity_type":"node","label":"Ausschuss für die Angelegenheiten der Europäischen Union","api_url":"https://www.abgeordnetenwatch.de/api/v2/committees/527"},"candidacy_mandate":{"id":46567,"entity_type":"candidacy_mandate","label":"Christian Natterer (Bundestag 2017 - 2021)","api_url":"https://www.abgeordnetenwatch.de/api/v2/candidacies-mandates/46567"},"committee_role":"member"},{"id":9917,"entity_type":"committee_membership","label":"Petr Bystron - Ausschuss für die Angelegenheiten der Europäischen Union","api_url":"https://www.abgeordnetenwatch.de/api/v2/committee-memberships/9917","committee":{"id":527,"entity_type":"node","label":"Ausschuss für die Angelegenheiten der Europäischen Union","api_url":"https://www.abgeordnetenwatch.de/api/v2/committees/527"},"candidacy_mandate":{"id":37965,"entity_type":"candidacy_mandate","label":"Petr Bystron (Bundestag 2017 - 2021)","api_url":"https://www.abgeordnetenwatch.de/api/v2/candidacies-mandates/37965"},"committee_role":"alternate_member"},{"id":9916,"entity_type":"committee_membership","label":"Jürgen Trittin - Ausschuss für die Angelegenheiten der Europäischen Union","api_url":"https://www.abgeordnetenwatch.de/api/v2/committee-memberships/9916","committee":{"id":527,"entity_type":"node","label":"Ausschuss für die Angelegenheiten der Europäischen Union","api_url":"https://www.abgeordnetenwatch.de/api/v2/committees/527"},"candidacy_mandate":{"id":44621,"entity_type":"candidacy_mandate","label":"Jürgen Trittin (Bundestag 2017 - 2021)","api_url":"https://www.abgeordnetenwatch.de/api/v2/candidacies-mandates/44621"},"committee_role":"alternate_member"},{"id":9915,"entity_type":"committee_membership","label":"Wolfgang Strengmann-Kuhn - Ausschuss für die Angelegenheiten der Europäischen Union","api_url":"https://www.abgeordnetenwatch.de/api/v2/committee-memberships/9915","committee":{"id":527,"entity_type":"node","label":"Ausschuss für die Angelegenheiten der Europäischen Union","api_url":"https://www.abgeordnetenwatch.de/api/v2/committees/527"},"candidacy_mandate":{"id":45422,"entity_type":"candidacy_mandate","label":"Wolfgang Strengmann-Kuhn (Bundestag 2017 - 2021)","api_url":"https://www.abgeordnetenwatch.de/api/v2/candidacies-mandates/45422"},"committee_role":"alternate_member"},{"id":9914,"entity_type":"committee_membership","label":"Frithjof Schmidt - Ausschuss für die Angelegenheiten der Europäischen Union","api_url":"https://www.abgeordnetenwatch.de/api/v2/committee-memberships/9914","committee":{"id":527,"entity_type":"node","label":"Ausschuss für die Angelegenheiten der Europäischen Union","api_url":"https://www.abgeordnetenwatch.de/api/v2/committees/527"},"candidacy_mandate":{"id":45391,"entity_type":"candidacy_mandate","label":"Frithjof Schmidt (Bundestag 2017 - 2021)","api_url":"https://www.abgeordnetenwatch.de/api/v2/candidacies-mandates/45391"},"committee_role":"alternate_member"},{"id":9913,"entity_type":"committee_membership","label":"Sven-Christian Kindler - Ausschuss für die Angelegenheiten der Europäischen Union","api_url":"https://www.abgeordnetenwatch.de/api/v2/committee-memberships/9913","committee":{"id":527,"entity_type":"node","label":"Ausschuss für die Angelegenheiten der Europäischen Union","api_url":"https://www.abgeordnetenwatch.de/api/v2/committees/527"},"candidacy_mandate":{"id":45290,"entity_type":"candidacy_mandate","label":"Sven-Christian Kindler (Bundestag 2017 - 2021)","api_url":"https://www.abgeordnetenwatch.de/api/v2/candidacies-mandates/45290"},"committee_role":"alternate_member"},{"id":9912,"entity_type":"committee_membership","label":"Tobias Pflüger - Ausschuss für die Angelegenheiten der Europäischen Union","api_url":"https://www.abgeordnetenwatch.de/api/v2/committee-memberships/9912","committee":{"id":527,"entity_type":"node","label":"Ausschuss für die Angelegenheiten der Europäischen Union","api_url":"https://www.abgeordnetenwatch.de/api/v2/committees/527"},"candidacy_mandate":{"id":41222,"entity_type":"candidacy_mandate","label":"Tobias Pflüger (Bundestag 2017 - 2021)","api_url":"https://www.abgeordnetenwatch.de/api/v2/candidacies-mandates/41222"},"committee_role":"alternate_member"},{"id":9910,"entity_type":"committee_membership","label":"Matthias Höhn - Ausschuss für die Angelegenheiten der Europäischen Union","api_url":"https://www.abgeordnetenwatch.de/api/v2/committee-memberships/9910","committee":{"id":527,"entity_type":"node","label":"Ausschuss für die Angelegenheiten der Europäischen Union","api_url":"https://www.abgeordnetenwatch.de/api/v2/committees/527"},"candidacy_mandate":{"id":41313,"entity_type":"candidacy_mandate","label":"Matthias Höhn (Bundestag 2017 - 2021)","api_url":"https://www.abgeordnetenwatch.de/api/v2/candidacies-mandates/41313"},"committee_role":"alternate_member"},{"id":9909,"entity_type":"committee_membership","label":"Fabio De Masi - Ausschuss für die Angelegenheiten der Europäischen Union","api_url":"https://www.abgeordnetenwatch.de/api/v2/committee-memberships/9909","committee":{"id":527,"entity_type":"node","label":"Ausschuss für die Angelegenheiten der Europäischen Union","api_url":"https://www.abgeordnetenwatch.de/api/v2/committees/527"},"candidacy_mandate":{"id":37913,"entity_type":"candidacy_mandate","label":"Fabio De Masi (Bundestag 2017 - 2021)","api_url":"https://www.abgeordnetenwatch.de/api/v2/candidacies-mandates/37913"},"committee_role":"alternate_member"},{"id":9908,"entity_type":"committee_membership","label":"Bernd Reuther - Ausschuss für die Angelegenheiten der Europäischen Union","api_url":"https://www.abgeordnetenwatch.de/api/v2/committee-memberships/9908","committee":{"id":527,"entity_type":"node","label":"Ausschuss für die Angelegenheiten der Europäischen Union","api_url":"https://www.abgeordnetenwatch.de/api/v2/committees/527"},"candidacy_mandate":{"id":43549,"entity_type":"candidacy_mandate","label":"Bernd Reuther (Bundestag 2017 - 2021)","api_url":"https://www.abgeordnetenwatch.de/api/v2/candidacies-mandates/43549"},"committee_role":"alternate_member"},{"id":9907,"entity_type":"committee_membership","label":"Jürgen Martens - Ausschuss für die Angelegenheiten der Europäischen Union","api_url":"https://www.abgeordnetenwatch.de/api/v2/committee-memberships/9907","committee":{"id":527,"entity_type":"node","label":"Ausschuss für die Angelegenheiten der Europäischen Union","api_url":"https://www.abgeordnetenwatch.de/api/v2/committees/527"},"candidacy_mandate":{"id":38101,"entity_type":"candidacy_mandate","label":"Jürgen Martens (Bundestag 2017 - 2021)","api_url":"https://www.abgeordnetenwatch.de/api/v2/candidacies-mandates/38101"},"committee_role":"alternate_member"},{"id":9906,"entity_type":"committee_membership","label":"Alexander Graf Lambsdorff - Ausschuss für die Angelegenheiten der Europäischen Union","api_url":"https://www.abgeordnetenwatch.de/api/v2/committee-memberships/9906","committee":{"id":527,"entity_type":"node","label":"Ausschuss für die Angelegenheiten der Europäischen Union","api_url":"https://www.abgeordnetenwatch.de/api/v2/committees/527"},"candidacy_mandate":{"id":37798,"entity_type":"candidacy_mandate","label":"Alexander Graf Lambsdorff (Bundestag 2017 - 2021)","api_url":"https://www.abgeordnetenwatch.de/api/v2/candidacies-mandates/37798"},"committee_role":"alternate_member"},{"id":9905,"entity_type":"committee_membership","label":"Carl-Julius Cronenberg - Ausschuss für die Angelegenheiten der Europäischen Union","api_url":"https://www.abgeordnetenwatch.de/api/v2/committee-memberships/9905","committee":{"id":527,"entity_type":"node","label":"Ausschuss für die Angelegenheiten der Europäischen Union","api_url":"https://www.abgeordnetenwatch.de/api/v2/committees/527"},"candidacy_mandate":{"id":43894,"entity_type":"candidacy_mandate","label":"Carl-Julius Cronenberg (Bundestag 2017 - 2021)","api_url":"https://www.abgeordnetenwatch.de/api/v2/candidacies-mandates/43894"},"committee_role":"alternate_member"},{"id":9904,"entity_type":"committee_membership","label":"Martin Erwin Renner - Ausschuss für die Angelegenheiten der Europäischen Union","api_url":"https://www.abgeordnetenwatch.de/api/v2/committee-memberships/9904","committee":{"id":527,"entity_type":"node","label":"Ausschuss für die Angelegenheiten der Europäischen Union","api_url":"https://www.abgeordnetenwatch.de/api/v2/committees/527"},"candidacy_mandate":{"id":41211,"entity_type":"candidacy_mandate","label":"Martin Erwin Renner (Bundestag 2017 - 2021)","api_url":"https://www.abgeordnetenwatch.de/api/v2/candidacies-mandates/41211"},"committee_role":"alternate_member"},{"id":9903,"entity_type":"committee_membership","label":"Fabian Jacobi - Ausschuss für die Angelegenheiten der Europäischen Union","api_url":"https://www.abgeordnetenwatch.de/api/v2/committee-memberships/9903","committee":{"id":527,"entity_type":"node","label":"Ausschuss für die Angelegenheiten der Europäischen Union","api_url":"https://www.abgeordnetenwatch.de/api/v2/committees/527"},"candidacy_mandate":{"id":43912,"entity_type":"candidacy_mandate","label":"Fabian Jacobi (Bundestag 2017 - 2021)","api_url":"https://www.abgeordnetenwatch.de/api/v2/candidacies-mandates/43912"},"committee_role":"alternate_member"},{"id":9902,"entity_type":"committee_membership","label":"Joana Cotar - Ausschuss für die Angelegenheiten der Europäischen Union","api_url":"https://www.abgeordnetenwatch.de/api/v2/committee-memberships/9902","committee":{"id":527,"entity_type":"node","label":"Ausschuss für die Angelegenheiten der Europäischen Union","api_url":"https://www.abgeordnetenwatch.de/api/v2/committees/527"},"candidacy_mandate":{"id":45502,"entity_type":"candidacy_mandate","label":"Joana Cotar (Bundestag 2017 - 2021)","api_url":"https://www.abgeordnetenwatch.de/api/v2/candidacies-mandates/45502"},"committee_role":"alternate_member"},{"id":9901,"entity_type":"committee_membership","label":"Peter Boehringer - Ausschuss für die Angelegenheiten der Europäischen Union","api_url":"https://www.abgeordnetenwatch.de/api/v2/committee-memberships/9901","committee":{"id":527,"entity_type":"node","label":"Ausschuss für die Angelegenheiten der Europäischen Union","api_url":"https://www.abgeordnetenwatch.de/api/v2/committees/527"},"candidacy_mandate":{"id":44102,"entity_type":"candidacy_mandate","label":"Peter Boehringer (Bundestag 2017 - 2021)","api_url":"https://www.abgeordnetenwatch.de/api/v2/candidacies-mandates/44102"},"committee_role":"alternate_member"},{"id":9900,"entity_type":"committee_membership","label":"Sonja Steffen - Ausschuss für die Angelegenheiten der Europäischen Union","api_url":"https://www.abgeordnetenwatch.de/api/v2/committee-memberships/9900","committee":{"id":527,"entity_type":"node","label":"Ausschuss für die Angelegenheiten der Europäischen Union","api_url":"https://www.abgeordnetenwatch.de/api/v2/committees/527"},"candidacy_mandate":{"id":45414,"entity_type":"candidacy_mandate","label":"Sonja Steffen (Bundestag 2017 - 2021)","api_url":"https://www.abgeordnetenwatch.de/api/v2/candidacies-mandates/45414"},"committee_role":"alternate_member"},{"id":9899,"entity_type":"committee_membership","label":"Martin Schulz - Ausschuss für die Angelegenheiten der Europäischen Union","api_url":"https://www.abgeordnetenwatch.de/api/v2/committee-memberships/9899","committee":{"id":527,"entity_type":"node","label":"Ausschuss für die Angelegenheiten der Europäischen Union","api_url":"https://www.abgeordnetenwatch.de/api/v2/committees/527"},"candidacy_mandate":{"id":37851,"entity_type":"candidacy_mandate","label":"Martin Schulz (Bundestag 2017 - 2021)","api_url":"https://www.abgeordnetenwatch.de/api/v2/candidacies-mandates/37851"},"committee_role":"alternate_member"},{"id":9898,"entity_type":"committee_membership","label":"Carsten Schneider - Ausschuss für die Angelegenheiten der Europäischen Union","api_url":"https://www.abgeordnetenwatch.de/api/v2/committee-memberships/9898","committee":{"id":527,"entity_type":"node","label":"Ausschuss für die Angelegenheiten der Europäischen Union","api_url":"https://www.abgeordnetenwatch.de/api/v2/committees/527"},"candidacy_mandate":{"id":45806,"entity_type":"candidacy_mandate","label":"Carsten Schneider (Bundestag 2017 - 2021)","api_url":"https://www.abgeordnetenwatch.de/api/v2/candidacies-mandates/45806"},"committee_role":"alternate_member"},{"id":9897,"entity_type":"committee_membership","label":"Achim Post - Ausschuss für die Angelegenheiten der Europäischen Union","api_url":"https://www.abgeordnetenwatch.de/api/v2/committee-memberships/9897","committee":{"id":527,"entity_type":"node","label":"Ausschuss für die Angelegenheiten der Europäischen Union","api_url":"https://www.abgeordnetenwatch.de/api/v2/committees/527"},"candidacy_mandate":{"id":44541,"entity_type":"candidacy_mandate","label":"Achim Post (Bundestag 2017 - 2021)","api_url":"https://www.abgeordnetenwatch.de/api/v2/candidacies-mandates/44541"},"committee_role":"alternate_member"},{"id":9896,"entity_type":"committee_membership","label":"Detlef Müller - Ausschuss für die Angelegenheiten der Europäischen Union","api_url":"https://www.abgeordnetenwatch.de/api/v2/committee-memberships/9896","committee":{"id":527,"entity_type":"node","label":"Ausschuss für die Angelegenheiten der Europäischen Union","api_url":"https://www.abgeordnetenwatch.de/api/v2/committees/527"},"candidacy_mandate":{"id":45339,"entity_type":"candidacy_mandate","label":"Detlef Müller (Bundestag 2017 - 2021)","api_url":"https://www.abgeordnetenwatch.de/api/v2/candidacies-mandates/45339"},"committee_role":"alternate_member"},{"id":9895,"entity_type":"committee_membership","label":"Josip Juratovic - Ausschuss für die Angelegenheiten der Europäischen Union","api_url":"https://www.abgeordnetenwatch.de/api/v2/committee-memberships/9895","committee":{"id":527,"entity_type":"node","label":"Ausschuss für die Angelegenheiten der Europäischen Union","api_url":"https://www.abgeordnetenwatch.de/api/v2/committees/527"},"candidacy_mandate":{"id":44613,"entity_type":"candidacy_mandate","label":"Josip Juratovic (Bundestag 2017 - 2021)","api_url":"https://www.abgeordnetenwatch.de/api/v2/candidacies-mandates/44613"},"committee_role":"alternate_member"},{"id":9894,"entity_type":"committee_membership","label":"Doris Barnett - Ausschuss für die Angelegenheiten der Europäischen Union","api_url":"https://www.abgeordnetenwatch.de/api/v2/committee-memberships/9894","committee":{"id":527,"entity_type":"node","label":"Ausschuss für die Angelegenheiten der Europäischen Union","api_url":"https://www.abgeordnetenwatch.de/api/v2/committees/527"},"candidacy_mandate":{"id":44481,"entity_type":"candidacy_mandate","label":"Doris Barnett (Bundestag 2017 - 2021)","api_url":"https://www.abgeordnetenwatch.de/api/v2/candidacies-mandates/44481"},"committee_role":"alternate_member"},{"id":9893,"entity_type":"committee_membership","label":"Paul Ziemiak - Ausschuss für die Angelegenheiten der Europäischen Union","api_url":"https://www.abgeordnetenwatch.de/api/v2/committee-memberships/9893","committee":{"id":527,"entity_type":"node","label":"Ausschuss für die Angelegenheiten der Europäischen Union","api_url":"https://www.abgeordnetenwatch.de/api/v2/committees/527"},"candidacy_mandate":{"id":44037,"entity_type":"candidacy_mandate","label":"Paul Ziemiak (Bundestag 2017 - 2021)","api_url":"https://www.abgeordnetenwatch.de/api/v2/candidacies-mandates/44037"},"committee_role":"alternate_member"},{"id":9892,"entity_type":"committee_membership","label":"Johann Wadephul - Ausschuss für die Angelegenheiten der Europäischen Union","api_url":"https://www.abgeordnetenwatch.de/api/v2/committee-memberships/9892","committee":{"id":527,"entity_type":"node","label":"Ausschuss für die Angelegenheiten der Europäischen Union","api_url":"https://www.abgeordnetenwatch.de/api/v2/committees/527"},"candidacy_mandate":{"id":44070,"entity_type":"candidacy_mandate","label":"Johann Wadephul (Bundestag 2017 - 2021)","api_url":"https://www.abgeordnetenwatch.de/api/v2/candidacies-mandates/44070"},"committee_role":"alternate_member"},{"id":9891,"entity_type":"committee_membership","label":"Anita Schäfer - Ausschuss für die Angelegenheiten der Europäischen Union","api_url":"https://www.abgeordnetenwatch.de/api/v2/committee-memberships/9891","committee":{"id":527,"entity_type":"node","label":"Ausschuss für die Angelegenheiten der Europäischen Union","api_url":"https://www.abgeordnetenwatch.de/api/v2/committees/527"},"candidacy_mandate":{"id":44551,"entity_type":"candidacy_mandate","label":"Anita Schäfer (Bundestag 2017 - 2021)","api_url":"https://www.abgeordnetenwatch.de/api/v2/candidacies-mandates/44551"},"committee_role":"alternate_member"},{"id":9890,"entity_type":"committee_membership","label":"Stefan Rouenhoff - Ausschuss für die Angelegenheiten der Europäischen Union","api_url":"https://www.abgeordnetenwatch.de/api/v2/committee-memberships/9890","committee":{"id":527,"entity_type":"node","label":"Ausschuss für die Angelegenheiten der Europäischen Union","api_url":"https://www.abgeordnetenwatch.de/api/v2/committees/527"},"candidacy_mandate":{"id":43853,"entity_type":"candidacy_mandate","label":"Stefan Rouenhoff (Bundestag 2017 - 2021)","api_url":"https://www.abgeordnetenwatch.de/api/v2/candidacies-mandates/43853"},"committee_role":"alternate_member"},{"id":9889,"entity_type":"committee_membership","label":"Katja Leikert - Ausschuss für die Angelegenheiten der Europäischen Union","api_url":"https://www.abgeordnetenwatch.de/api/v2/committee-memberships/9889","committee":{"id":527,"entity_type":"node","label":"Ausschuss für die Angelegenheiten der Europäischen Union","api_url":"https://www.abgeordnetenwatch.de/api/v2/committees/527"},"candidacy_mandate":{"id":45317,"entity_type":"candidacy_mandate","label":"Katja Leikert (Bundestag 2017 - 2021)","api_url":"https://www.abgeordnetenwatch.de/api/v2/candidacies-mandates/45317"},"committee_role":"alternate_member"},{"id":9888,"entity_type":"committee_membership","label":"Alois Karl - Ausschuss für die Angelegenheiten der Europäischen Union","api_url":"https://www.abgeordnetenwatch.de/api/v2/committee-memberships/9888","committee":{"id":527,"entity_type":"node","label":"Ausschuss für die Angelegenheiten der Europäischen Union","api_url":"https://www.abgeordnetenwatch.de/api/v2/committees/527"},"candidacy_mandate":{"id":44548,"entity_type":"candidacy_mandate","label":"Alois Karl (Bundestag 2017 - 2021)","api_url":"https://www.abgeordnetenwatch.de/api/v2/candidacies-mandates/44548"},"committee_role":"alternate_member"},{"id":9887,"entity_type":"committee_membership","label":"Mechthild Heil - Ausschuss für die Angelegenheiten der Europäischen Union","api_url":"https://www.abgeordnetenwatch.de/api/v2/committee-memberships/9887","committee":{"id":527,"entity_type":"node","label":"Ausschuss für die Angelegenheiten der Europäischen Union","api_url":"https://www.abgeordnetenwatch.de/api/v2/committees/527"},"candidacy_mandate":{"id":44532,"entity_type":"candidacy_mandate","label":"Mechthild Heil (Bundestag 2017 - 2021)","api_url":"https://www.abgeordnetenwatch.de/api/v2/candidacies-mandates/44532"},"committee_role":"alternate_member"},{"id":9886,"entity_type":"committee_membership","label":"Matthias Heider - Ausschuss für die Angelegenheiten der Europäischen Union","api_url":"https://www.abgeordnetenwatch.de/api/v2/committee-memberships/9886","committee":{"id":527,"entity_type":"node","label":"Ausschuss für die Angelegenheiten der Europäischen Union","api_url":"https://www.abgeordnetenwatch.de/api/v2/committees/527"},"candidacy_mandate":{"id":45266,"entity_type":"candidacy_mandate","label":"Matthias Heider (Bundestag 2017 - 2021)","api_url":"https://www.abgeordnetenwatch.de/api/v2/candidacies-mandates/45266"},"committee_role":"alternate_member"},{"id":9885,"entity_type":"committee_membership","label":"Jürgen Hardt - Ausschuss für die Angelegenheiten der Europäischen Union","api_url":"https://www.abgeordnetenwatch.de/api/v2/committee-memberships/9885","committee":{"id":527,"entity_type":"node","label":"Ausschuss für die Angelegenheiten der Europäischen Union","api_url":"https://www.abgeordnetenwatch.de/api/v2/committees/527"},"candidacy_mandate":{"id":44615,"entity_type":"candidacy_mandate","label":"Jürgen Hardt (Bundestag 2017 - 2021)","api_url":"https://www.abgeordnetenwatch.de/api/v2/candidacies-mandates/44615"},"committee_role":"alternate_member"},{"id":9884,"entity_type":"committee_membership","label":"Axel Eduard Fischer - Ausschuss für die Angelegenheiten der Europäischen Union","api_url":"https://www.abgeordnetenwatch.de/api/v2/committee-memberships/9884","committee":{"id":527,"entity_type":"node","label":"Ausschuss für die Angelegenheiten der Europäischen Union","api_url":"https://www.abgeordnetenwatch.de/api/v2/committees/527"},"candidacy_mandate":{"id":43873,"entity_type":"candidacy_mandate","label":"Axel Eduard Fischer (Bundestag 2017 - 2021)","api_url":"https://www.abgeordnetenwatch.de/api/v2/candidacies-mandates/43873"},"committee_role":"alternate_member"},{"id":9883,"entity_type":"committee_membership","label":"Reinhard Brandl - Ausschuss für die Angelegenheiten der Europäischen Union","api_url":"https://www.abgeordnetenwatch.de/api/v2/committee-memberships/9883","committee":{"id":527,"entity_type":"node","label":"Ausschuss für die Angelegenheiten der Europäischen Union","api_url":"https://www.abgeordnetenwatch.de/api/v2/committees/527"},"candidacy_mandate":{"id":44495,"entity_type":"candidacy_mandate","label":"Reinhard Brandl (Bundestag 2017 - 2021)","api_url":"https://www.abgeordnetenwatch.de/api/v2/candidacies-mandates/44495"},"committee_role":"alternate_member"},{"id":9882,"entity_type":"committee_membership","label":"Peter Beyer - Ausschuss für die Angelegenheiten der Europäischen Union","api_url":"https://www.abgeordnetenwatch.de/api/v2/committee-memberships/9882","committee":{"id":527,"entity_type":"node","label":"Ausschuss für die Angelegenheiten der Europäischen Union","api_url":"https://www.abgeordnetenwatch.de/api/v2/committees/527"},"candidacy_mandate":{"id":44489,"entity_type":"candidacy_mandate","label":"Peter Beyer (Bundestag 2017 - 2021)","api_url":"https://www.abgeordnetenwatch.de/api/v2/candidacies-mandates/44489"},"committee_role":"alternate_member"},{"id":9881,"entity_type":"committee_membership","label":"Veronika Bellmann - Ausschuss für die Angelegenheiten der Europäischen Union","api_url":"https://www.abgeordnetenwatch.de/api/v2/committee-memberships/9881","committee":{"id":527,"entity_type":"node","label":"Ausschuss für die Angelegenheiten der Europäischen Union","api_url":"https://www.abgeordnetenwatch.de/api/v2/committees/527"},"candidacy_mandate":{"id":45241,"entity_type":"candidacy_mandate","label":"Veronika Bellmann (Bundestag 2017 - 2021)","api_url":"https://www.abgeordnetenwatch.de/api/v2/candidacies-mandates/45241"},"committee_role":"alternate_member"},{"id":9880,"entity_type":"committee_membership","label":"Peter Aumer - Ausschuss für die Angelegenheiten der Europäischen Union","api_url":"https://www.abgeordnetenwatch.de/api/v2/committee-memberships/9880","committee":{"id":527,"entity_type":"node","label":"Ausschuss für die Angelegenheiten der Europäischen Union","api_url":"https://www.abgeordnetenwatch.de/api/v2/committees/527"},"candidacy_mandate":{"id":41159,"entity_type":"candidacy_mandate","label":"Peter Aumer (Bundestag 2017 - 2021)","api_url":"https://www.abgeordnetenwatch.de/api/v2/candidacies-mandates/41159"},"committee_role":"alternate_member"},{"id":9878,"entity_type":"committee_membership","label":"Saskia Ludwig - Ausschuss für die Angelegenheiten der Europäischen Union","api_url":"https://www.abgeordnetenwatch.de/api/v2/committee-memberships/9878","committee":{"id":527,"entity_type":"node","label":"Ausschuss für die Angelegenheiten der Europäischen Union","api_url":"https://www.abgeordnetenwatch.de/api/v2/committees/527"},"candidacy_mandate":{"id":46261,"entity_type":"candidacy_mandate","label":"Saskia Ludwig (Bundestag 2017 - 2021)","api_url":"https://www.abgeordnetenwatch.de/api/v2/candidacies-mandates/46261"},"committee_role":"member"},{"id":9877,"entity_type":"committee_membership","label":"Gerhard Zickenheiner - Ausschuss für die Angelegenheiten der Europäischen Union","api_url":"https://www.abgeordnetenwatch.de/api/v2/committee-memberships/9877","committee":{"id":527,"entity_type":"node","label":"Ausschuss für die Angelegenheiten der Europäischen Union","api_url":"https://www.abgeordnetenwatch.de/api/v2/committees/527"},"candidacy_mandate":{"id":45452,"entity_type":"candidacy_mandate","label":"Gerhard Zickenheiner (Bundestag 2017 - 2021)","api_url":"https://www.abgeordnetenwatch.de/api/v2/candidacies-mandates/45452"},"committee_role":"member"},{"id":9876,"entity_type":"committee_membership","label":"Manuel Sarrazin - Ausschuss für die Angelegenheiten der Europäischen Union","api_url":"https://www.abgeordnetenwatch.de/api/v2/committee-memberships/9876","committee":{"id":527,"entity_type":"node","label":"Ausschuss für die Angelegenheiten der Europäischen Union","api_url":"https://www.abgeordnetenwatch.de/api/v2/committees/527"},"candidacy_mandate":{"id":45384,"entity_type":"candidacy_mandate","label":"Manuel Sarrazin (Bundestag 2017 - 2021)","api_url":"https://www.abgeordnetenwatch.de/api/v2/candidacies-mandates/45384"},"committee_role":"member"},{"id":9875,"entity_type":"committee_membership","label":"Claudia Müller - Ausschuss für die Angelegenheiten der Europäischen Union","api_url":"https://www.abgeordnetenwatch.de/api/v2/committee-memberships/9875","committee":{"id":527,"entity_type":"node","label":"Ausschuss für die Angelegenheiten der Europäischen Union","api_url":"https://www.abgeordnetenwatch.de/api/v2/committees/527"},"candidacy_mandate":{"id":41188,"entity_type":"candidacy_mandate","label":"Claudia Müller (Bundestag 2017 - 2021)","api_url":"https://www.abgeordnetenwatch.de/api/v2/candidacies-mandates/41188"},"committee_role":"member"},{"id":9874,"entity_type":"committee_membership","label":"Alexander Ulrich - Ausschuss für die Angelegenheiten der Europäischen Union","api_url":"https://www.abgeordnetenwatch.de/api/v2/committee-memberships/9874","committee":{"id":527,"entity_type":"node","label":"Ausschuss für die Angelegenheiten der Europäischen Union","api_url":"https://www.abgeordnetenwatch.de/api/v2/committees/527"},"candidacy_mandate":{"id":44546,"entity_type":"candidacy_mandate","label":"Alexander Ulrich (Bundestag 2017 - 2021)","api_url":"https://www.abgeordnetenwatch.de/api/v2/candidacies-mandates/44546"},"committee_role":"member"},{"id":9873,"entity_type":"committee_membership","label":"Thomas Nord - Ausschuss für die Angelegenheiten der Europäischen Union","api_url":"https://www.abgeordnetenwatch.de/api/v2/committee-memberships/9873","committee":{"id":527,"entity_type":"node","label":"Ausschuss für die Angelegenheiten der Europäischen Union","api_url":"https://www.abgeordnetenwatch.de/api/v2/committees/527"},"candidacy_mandate":{"id":45346,"entity_type":"candidacy_mandate","label":"Thomas Nord (Bundestag 2017 - 2021)","api_url":"https://www.abgeordnetenwatch.de/api/v2/candidacies-mandates/45346"},"committee_role":"member"},{"id":9872,"entity_type":"committee_membership","label":"Diether Dehm - Ausschuss für die Angelegenheiten der Europäischen Union","api_url":"https://www.abgeordnetenwatch.de/api/v2/committee-memberships/9872","committee":{"id":527,"entity_type":"node","label":"Ausschuss für die Angelegenheiten der Europäischen Union","api_url":"https://www.abgeordnetenwatch.de/api/v2/committees/527"},"candidacy_mandate":{"id":44502,"entity_type":"candidacy_mandate","label":"Diether Dehm (Bundestag 2017 - 2021)","api_url":"https://www.abgeordnetenwatch.de/api/v2/candidacies-mandates/44502"},"committee_role":"member"},{"id":9871,"entity_type":"committee_membership","label":"Michael Link - Ausschuss für die Angelegenheiten der Europäischen Union","api_url":"https://www.abgeordnetenwatch.de/api/v2/committee-memberships/9871","committee":{"id":527,"entity_type":"node","label":"Ausschuss für die Angelegenheiten der Europäischen Union","api_url":"https://www.abgeordnetenwatch.de/api/v2/committees/527"},"candidacy_mandate":{"id":46202,"entity_type":"candidacy_mandate","label":"Michael Link (Bundestag 2017 - 2021)","api_url":"https://www.abgeordnetenwatch.de/api/v2/candidacies-mandates/46202"},"committee_role":"member"},{"id":9870,"entity_type":"committee_membership","label":"Konstantin Kuhle - Ausschuss für die Angelegenheiten der Europäischen Union","api_url":"https://www.abgeordnetenwatch.de/api/v2/committee-memberships/9870","committee":{"id":527,"entity_type":"node","label":"Ausschuss für die Angelegenheiten der Europäischen Union","api_url":"https://www.abgeordnetenwatch.de/api/v2/committees/527"},"candidacy_mandate":{"id":37956,"entity_type":"candidacy_mandate","label":"Konstantin Kuhle (Bundestag 2017 - 2021)","api_url":"https://www.abgeordnetenwatch.de/api/v2/candidacies-mandates/37956"},"committee_role":"member"},{"id":9869,"entity_type":"committee_membership","label":"Thomas Hacker - Ausschuss für die Angelegenheiten der Europäischen Union","api_url":"https://www.abgeordnetenwatch.de/api/v2/committee-memberships/9869","committee":{"id":527,"entity_type":"node","label":"Ausschuss für die Angelegenheiten der Europäischen Union","api_url":"https://www.abgeordnetenwatch.de/api/v2/committees/527"},"candidacy_mandate":{"id":44041,"entity_type":"candidacy_mandate","label":"Thomas Hacker (Bundestag 2017 - 2021)","api_url":"https://www.abgeordnetenwatch.de/api/v2/candidacies-mandates/44041"},"committee_role":"member"},{"id":9868,"entity_type":"committee_membership","label":"Corinna Miazga - Ausschuss für die Angelegenheiten der Europäischen Union","api_url":"https://www.abgeordnetenwatch.de/api/v2/committee-memberships/9868","committee":{"id":527,"entity_type":"node","label":"Ausschuss für die Angelegenheiten der Europäischen Union","api_url":"https://www.abgeordnetenwatch.de/api/v2/committees/527"},"candidacy_mandate":{"id":45592,"entity_type":"candidacy_mandate","label":"Corinna Miazga (Bundestag 2017 - 2021)","api_url":"https://www.abgeordnetenwatch.de/api/v2/candidacies-mandates/45592"},"committee_role":"member"},{"id":9867,"entity_type":"committee_membership","label":"Norbert Kleinwächter - Ausschuss für die Angelegenheiten der Europäischen Union","api_url":"https://www.abgeordnetenwatch.de/api/v2/committee-memberships/9867","committee":{"id":527,"entity_type":"node","label":"Ausschuss für die Angelegenheiten der Europäischen Union","api_url":"https://www.abgeordnetenwatch.de/api/v2/committees/527"},"candidacy_mandate":{"id":45835,"entity_type":"candidacy_mandate","label":"Norbert Kleinwächter (Bundestag 2017 - 2021)","api_url":"https://www.abgeordnetenwatch.de/api/v2/candidacies-mandates/45835"},"committee_role":"member"},{"id":9866,"entity_type":"committee_membership","label":"Martin Hebner - Ausschuss für die Angelegenheiten der Europäischen Union","api_url":"https://www.abgeordnetenwatch.de/api/v2/committee-memberships/9866","committee":{"id":527,"entity_type":"node","label":"Ausschuss für die Angelegenheiten der Europäischen Union","api_url":"https://www.abgeordnetenwatch.de/api/v2/committees/527"},"candidacy_mandate":{"id":46204,"entity_type":"candidacy_mandate","label":"Martin Hebner (Bundestag 2017 - 2021)","api_url":"https://www.abgeordnetenwatch.de/api/v2/candidacies-mandates/46204"},"committee_role":"member"},{"id":9865,"entity_type":"committee_membership","label":"Siegbert Droese - Ausschuss für die Angelegenheiten der Europäischen Union","api_url":"https://www.abgeordnetenwatch.de/api/v2/committee-memberships/9865","committee":{"id":527,"entity_type":"node","label":"Ausschuss für die Angelegenheiten der Europäischen Union","api_url":"https://www.abgeordnetenwatch.de/api/v2/committees/527"},"candidacy_mandate":{"id":38269,"entity_type":"candidacy_mandate","label":"Siegbert Droese (Bundestag 2017 - 2021)","api_url":"https://www.abgeordnetenwatch.de/api/v2/candidacies-mandates/38269"},"committee_role":"member"},{"id":9864,"entity_type":"committee_membership","label":"Claudia Tausend - Ausschuss für die Angelegenheiten der Europäischen Union","api_url":"https://www.abgeordnetenwatch.de/api/v2/committee-memberships/9864","committee":{"id":527,"entity_type":"node","label":"Ausschuss für die Angelegenheiten der Europäischen Union","api_url":"https://www.abgeordnetenwatch.de/api/v2/committees/527"},"candidacy_mandate":{"id":44565,"entity_type":"candidacy_mandate","label":"Claudia Tausend (Bundestag 2017 - 2021)","api_url":"https://www.abgeordnetenwatch.de/api/v2/candidacies-mandates/44565"},"committee_role":"member"},{"id":9863,"entity_type":"committee_membership","label":"Johannes Schraps - Ausschuss für die Angelegenheiten der Europäischen Union","api_url":"https://www.abgeordnetenwatch.de/api/v2/committee-memberships/9863","committee":{"id":527,"entity_type":"node","label":"Ausschuss für die Angelegenheiten der Europäischen Union","api_url":"https://www.abgeordnetenwatch.de/api/v2/committees/527"},"candidacy_mandate":{"id":37960,"entity_type":"candidacy_mandate","label":"Johannes Schraps (Bundestag 2017 - 2021)","api_url":"https://www.abgeordnetenwatch.de/api/v2/candidacies-mandates/37960"},"committee_role":"member"},{"id":9862,"entity_type":"committee_membership","label":"Axel Schäfer - Ausschuss für die Angelegenheiten der Europäischen Union","api_url":"https://www.abgeordnetenwatch.de/api/v2/committee-memberships/9862","committee":{"id":527,"entity_type":"node","label":"Ausschuss für die Angelegenheiten der Europäischen Union","api_url":"https://www.abgeordnetenwatch.de/api/v2/committees/527"},"candidacy_mandate":{"id":45474,"entity_type":"candidacy_mandate","label":"Axel Schäfer (Bundestag 2017 - 2021)","api_url":"https://www.abgeordnetenwatch.de/api/v2/candidacies-mandates/45474"},"committee_role":"member"},{"id":9861,"entity_type":"committee_membership","label":"Metin Hakverdi - Ausschuss für die Angelegenheiten der Europäischen Union","api_url":"https://www.abgeordnetenwatch.de/api/v2/committee-memberships/9861","committee":{"id":527,"entity_type":"node","label":"Ausschuss für die Angelegenheiten der Europäischen Union","api_url":"https://www.abgeordnetenwatch.de/api/v2/committees/527"},"candidacy_mandate":{"id":46138,"entity_type":"candidacy_mandate","label":"Metin Hakverdi (Bundestag 2017 - 2021)","api_url":"https://www.abgeordnetenwatch.de/api/v2/candidacies-mandates/46138"},"committee_role":"member"},{"id":9860,"entity_type":"committee_membership","label":"Angelika Glöckner - Ausschuss für die Angelegenheiten der Europäischen Union","api_url":"https://www.abgeordnetenwatch.de/api/v2/committee-memberships/9860","committee":{"id":527,"entity_type":"node","label":"Ausschuss für die Angelegenheiten der Europäischen Union","api_url":"https://www.abgeordnetenwatch.de/api/v2/committees/527"},"candidacy_mandate":{"id":44519,"entity_type":"candidacy_mandate","label":"Angelika Glöckner (Bundestag 2017 - 2021)","api_url":"https://www.abgeordnetenwatch.de/api/v2/candidacies-mandates/44519"},"committee_role":"member"},{"id":9859,"entity_type":"committee_membership","label":"Nezahat Baradari - Ausschuss für die Angelegenheiten der Europäischen Union","api_url":"https://www.abgeordnetenwatch.de/api/v2/committee-memberships/9859","committee":{"id":527,"entity_type":"node","label":"Ausschuss für die Angelegenheiten der Europäischen Union","api_url":"https://www.abgeordnetenwatch.de/api/v2/committees/527"},"candidacy_mandate":{"id":45230,"entity_type":"candidacy_mandate","label":"Nezahat Baradari (Bundestag 2017 - 2021)","api_url":"https://www.abgeordnetenwatch.de/api/v2/candidacies-mandates/45230"},"committee_role":"member"},{"id":9858,"entity_type":"committee_membership","label":"Volker Ullrich - Ausschuss für die Angelegenheiten der Europäischen Union","api_url":"https://www.abgeordnetenwatch.de/api/v2/committee-memberships/9858","committee":{"id":527,"entity_type":"node","label":"Ausschuss für die Angelegenheiten der Europäischen Union","api_url":"https://www.abgeordnetenwatch.de/api/v2/committees/527"},"candidacy_mandate":{"id":45428,"entity_type":"candidacy_mandate","label":"Volker Ullrich (Bundestag 2017 - 2021)","api_url":"https://www.abgeordnetenwatch.de/api/v2/candidacies-mandates/45428"},"committee_role":"member"},{"id":9857,"entity_type":"committee_membership","label":"Katrin Staffler - Ausschuss für die Angelegenheiten der Europäischen Union","api_url":"https://www.abgeordnetenwatch.de/api/v2/committee-memberships/9857","committee":{"id":527,"entity_type":"node","label":"Ausschuss für die Angelegenheiten der Europäischen Union","api_url":"https://www.abgeordnetenwatch.de/api/v2/committees/527"},"candidacy_mandate":{"id":43875,"entity_type":"candidacy_mandate","label":"Katrin Staffler (Bundestag 2017 - 2021)","api_url":"https://www.abgeordnetenwatch.de/api/v2/candidacies-mandates/43875"},"committee_role":"member"},{"id":9856,"entity_type":"committee_membership","label":"Christoph Ploß - Ausschuss für die Angelegenheiten der Europäischen Union","api_url":"https://www.abgeordnetenwatch.de/api/v2/committee-memberships/9856","committee":{"id":527,"entity_type":"node","label":"Ausschuss für die Angelegenheiten der Europäischen Union","api_url":"https://www.abgeordnetenwatch.de/api/v2/committees/527"},"candidacy_mandate":{"id":38359,"entity_type":"candidacy_mandate","label":"Christoph Ploß (Bundestag 2017 - 2021)","api_url":"https://www.abgeordnetenwatch.de/api/v2/candidacies-mandates/38359"},"committee_role":"member"},{"id":9853,"entity_type":"committee_membership","label":"Heribert Hirte - Ausschuss für die Angelegenheiten der Europäischen Union","api_url":"https://www.abgeordnetenwatch.de/api/v2/committee-memberships/9853","committee":{"id":527,"entity_type":"node","label":"Ausschuss für die Angelegenheiten der Europäischen Union","api_url":"https://www.abgeordnetenwatch.de/api/v2/committees/527"},"candidacy_mandate":{"id":45269,"entity_type":"candidacy_mandate","label":"Heribert Hirte (Bundestag 2017 - 2021)","api_url":"https://www.abgeordnetenwatch.de/api/v2/candidacies-mandates/45269"},"committee_role":"member"},{"id":9852,"entity_type":"committee_membership","label":"Mark Helfrich - Ausschuss für die Angelegenheiten der Europäischen Union","api_url":"https://www.abgeordnetenwatch.de/api/v2/committee-memberships/9852","committee":{"id":527,"entity_type":"node","label":"Ausschuss für die Angelegenheiten der Europäischen Union","api_url":"https://www.abgeordnetenwatch.de/api/v2/committees/527"},"candidacy_mandate":{"id":44536,"entity_type":"candidacy_mandate","label":"Mark Helfrich (Bundestag 2017 - 2021)","api_url":"https://www.abgeordnetenwatch.de/api/v2/candidacies-mandates/44536"},"committee_role":"member"},{"id":9851,"entity_type":"committee_membership","label":"Ursula Groden-Kranich - Ausschuss für die Angelegenheiten der Europäischen Union","api_url":"https://www.abgeordnetenwatch.de/api/v2/committee-memberships/9851","committee":{"id":527,"entity_type":"node","label":"Ausschuss für die Angelegenheiten der Europäischen Union","api_url":"https://www.abgeordnetenwatch.de/api/v2/committees/527"},"candidacy_mandate":{"id":45472,"entity_type":"candidacy_mandate","label":"Ursula Groden-Kranich (Bundestag 2017 - 2021)","api_url":"https://www.abgeordnetenwatch.de/api/v2/candidacies-mandates/45472"},"committee_role":"member"},{"id":9850,"entity_type":"committee_membership","label":"Philipp Amthor - Ausschuss für die Angelegenheiten der Europäischen Union","api_url":"https://www.abgeordnetenwatch.de/api/v2/committee-memberships/9850","committee":{"id":527,"entity_type":"node","label":"Ausschuss für die Angelegenheiten der Europäischen Union","api_url":"https://www.abgeordnetenwatch.de/api/v2/committees/527"},"candidacy_mandate":{"id":43846,"entity_type":"candidacy_mandate","label":"Philipp Amthor (Bundestag 2017 - 2021)","api_url":"https://www.abgeordnetenwatch.de/api/v2/candidacies-mandates/43846"},"committee_role":"member"},{"id":9849,"entity_type":"committee_membership","label":"Franziska Brantner - Ausschuss für die Angelegenheiten der Europäischen Union","api_url":"https://www.abgeordnetenwatch.de/api/v2/committee-memberships/9849","committee":{"id":527,"entity_type":"node","label":"Ausschuss für die Angelegenheiten der Europäischen Union","api_url":"https://www.abgeordnetenwatch.de/api/v2/committees/527"},"candidacy_mandate":{"id":44496,"entity_type":"candidacy_mandate","label":"Franziska Brantner (Bundestag 2017 - 2021)","api_url":"https://www.abgeordnetenwatch.de/api/v2/candidacies-mandates/44496"},"committee_role":"foreperson"},{"id":9848,"entity_type":"committee_membership","label":"Andrej Hunko - Ausschuss für die Angelegenheiten der Europäischen Union","api_url":"https://www.abgeordnetenwatch.de/api/v2/committee-memberships/9848","committee":{"id":527,"entity_type":"node","label":"Ausschuss für die Angelegenheiten der Europäischen Union","api_url":"https://www.abgeordnetenwatch.de/api/v2/committees/527"},"candidacy_mandate":{"id":45273,"entity_type":"candidacy_mandate","label":"Andrej Hunko (Bundestag 2017 - 2021)","api_url":"https://www.abgeordnetenwatch.de/api/v2/candidacies-mandates/45273"},"committee_role":"foreperson"},{"id":9847,"entity_type":"committee_membership","label":"Gerald Ullrich - Ausschuss für die Angelegenheiten der Europäischen Union","api_url":"https://www.abgeordnetenwatch.de/api/v2/committee-memberships/9847","committee":{"id":527,"entity_type":"node","label":"Ausschuss für die Angelegenheiten der Europäischen Union","api_url":"https://www.abgeordnetenwatch.de/api/v2/committees/527"},"candidacy_mandate":{"id":45902,"entity_type":"candidacy_mandate","label":"Gerald Ullrich (Bundestag 2017 - 2021)","api_url":"https://www.abgeordnetenwatch.de/api/v2/candidacies-mandates/45902"},"committee_role":"foreperson"},{"id":9846,"entity_type":"committee_membership","label":"Harald Weyel - Ausschuss für die Angelegenheiten der Europäischen Union","api_url":"https://www.abgeordnetenwatch.de/api/v2/committee-memberships/9846","committee":{"id":527,"entity_type":"node","label":"Ausschuss für die Angelegenheiten der Europäischen Union","api_url":"https://www.abgeordnetenwatch.de/api/v2/committees/527"},"candidacy_mandate":{"id":43948,"entity_type":"candidacy_mandate","label":"Harald Weyel (Bundestag 2017 - 2021)","api_url":"https://www.abgeordnetenwatch.de/api/v2/candidacies-mandates/43948"},"committee_role":"foreperson"},{"id":9845,"entity_type":"committee_membership","label":"Christian Petry - Ausschuss für die Angelegenheiten der Europäischen Union","api_url":"https://www.abgeordnetenwatch.de/api/v2/committee-memberships/9845","committee":{"id":527,"entity_type":"node","label":"Ausschuss für die Angelegenheiten der Europäischen Union","api_url":"https://www.abgeordnetenwatch.de/api/v2/committees/527"},"candidacy_mandate":{"id":45358,"entity_type":"candidacy_mandate","label":"Christian Petry (Bundestag 2017 - 2021)","api_url":"https://www.abgeordnetenwatch.de/api/v2/candidacies-mandates/45358"},"committee_role":"foreperson"},{"id":9844,"entity_type":"committee_membership","label":"Detlef Seif - Ausschuss für die Angelegenheiten der Europäischen Union","api_url":"https://www.abgeordnetenwatch.de/api/v2/committee-memberships/9844","committee":{"id":527,"entity_type":"node","label":"Ausschuss für die Angelegenheiten der Europäischen Union","api_url":"https://www.abgeordnetenwatch.de/api/v2/committees/527"},"candidacy_mandate":{"id":45403,"entity_type":"candidacy_mandate","label":"Detlef Seif (Bundestag 2017 - 2021)","api_url":"https://www.abgeordnetenwatch.de/api/v2/candidacies-mandates/45403"},"committee_role":"foreperson"},{"id":9843,"entity_type":"committee_membership","label":"Florian Hahn - Ausschuss für die Angelegenheiten der Europäischen Union","api_url":"https://www.abgeordnetenwatch.de/api/v2/committee-memberships/9843","committee":{"id":527,"entity_type":"node","label":"Ausschuss für die Angelegenheiten der Europäischen Union","api_url":"https://www.abgeordnetenwatch.de/api/v2/committees/527"},"candidacy_mandate":{"id":44529,"entity_type":"candidacy_mandate","label":"Florian Hahn (Bundestag 2017 - 2021)","api_url":"https://www.abgeordnetenwatch.de/api/v2/candidacies-mandates/44529"},"committee_role":"foreperson"},{"id":9842,"entity_type":"committee_membership","label":"Markus Töns - Ausschuss für die Angelegenheiten der Europäischen Union","api_url":"https://www.abgeordnetenwatch.de/api/v2/committee-memberships/9842","committee":{"id":527,"entity_type":"node","label":"Ausschuss für die Angelegenheiten der Europäischen Union","api_url":"https://www.abgeordnetenwatch.de/api/v2/committees/527"},"candidacy_mandate":{"id":43423,"entity_type":"candidacy_mandate","label":"Markus Töns (Bundestag 2017 - 2021)","api_url":"https://www.abgeordnetenwatch.de/api/v2/candidacies-mandates/43423"},"committee_role":"vice_chairperson"},{"id":9841,"entity_type":"committee_membership","label":"Gunther Krichbaum - Ausschuss für die Angelegenheiten der Europäischen Union","api_url":"https://www.abgeordnetenwatch.de/api/v2/committee-memberships/9841","committee":{"id":527,"entity_type":"node","label":"Ausschuss für die Angelegenheiten der Europäischen Union","api_url":"https://www.abgeordnetenwatch.de/api/v2/committees/527"},"candidacy_mandate":{"id":44604,"entity_type":"candidacy_mandate","label":"Gunther Krichbaum (Bundestag 2017 - 2021)","api_url":"https://www.abgeordnetenwatch.de/api/v2/candidacies-mandates/44604"},"committee_role":"chairperson"}]
