[{"id":15322,"entity_type":"committee_membership","label":"Dorothee Martin - Ausschuss für Kultur und Medien","api_url":"https://www.abgeordnetenwatch.de/api/v2/committee-memberships/15322","committee":{"id":528,"entity_type":"node","label":"Ausschuss für Kultur und Medien","api_url":"https://www.abgeordnetenwatch.de/api/v2/committees/528"},"candidacy_mandate":{"id":46541,"entity_type":"candidacy_mandate","label":"Dorothee Martin (Bundestag 2017 - 2021)","api_url":"https://www.abgeordnetenwatch.de/api/v2/candidacies-mandates/46541"},"committee_role":"alternate_member"},{"id":13478,"entity_type":"committee_membership","label":"Dirk Wiese - Ausschuss für Kultur und Medien","api_url":"https://www.abgeordnetenwatch.de/api/v2/committee-memberships/13478","committee":{"id":528,"entity_type":"node","label":"Ausschuss für Kultur und Medien","api_url":"https://www.abgeordnetenwatch.de/api/v2/committees/528"},"candidacy_mandate":{"id":44570,"entity_type":"candidacy_mandate","label":"Dirk Wiese (Bundestag 2017 - 2021)","api_url":"https://www.abgeordnetenwatch.de/api/v2/candidacies-mandates/44570"},"committee_role":"alternate_member"},{"id":13477,"entity_type":"committee_membership","label":"Dennis Rohde - Ausschuss für Kultur und Medien","api_url":"https://www.abgeordnetenwatch.de/api/v2/committee-memberships/13477","committee":{"id":528,"entity_type":"node","label":"Ausschuss für Kultur und Medien","api_url":"https://www.abgeordnetenwatch.de/api/v2/committees/528"},"candidacy_mandate":{"id":45374,"entity_type":"candidacy_mandate","label":"Dennis Rohde (Bundestag 2017 - 2021)","api_url":"https://www.abgeordnetenwatch.de/api/v2/candidacies-mandates/45374"},"committee_role":"alternate_member"},{"id":9953,"entity_type":"committee_membership","label":"Elisabeth Motschmann - Ausschuss für Kultur und Medien","api_url":"https://www.abgeordnetenwatch.de/api/v2/committee-memberships/9953","committee":{"id":528,"entity_type":"node","label":"Ausschuss für Kultur und Medien","api_url":"https://www.abgeordnetenwatch.de/api/v2/committees/528"},"candidacy_mandate":{"id":46188,"entity_type":"candidacy_mandate","label":"Elisabeth Motschmann (Bundestag 2017 - 2021)","api_url":"https://www.abgeordnetenwatch.de/api/v2/candidacies-mandates/46188"},"committee_role":"spokesperson"},{"id":9952,"entity_type":"committee_membership","label":"Otto Fricke - Ausschuss für Kultur und Medien","api_url":"https://www.abgeordnetenwatch.de/api/v2/committee-memberships/9952","committee":{"id":528,"entity_type":"node","label":"Ausschuss für Kultur und Medien","api_url":"https://www.abgeordnetenwatch.de/api/v2/committees/528"},"candidacy_mandate":{"id":40932,"entity_type":"candidacy_mandate","label":"Otto Fricke (Bundestag 2017 - 2021)","api_url":"https://www.abgeordnetenwatch.de/api/v2/candidacies-mandates/40932"},"committee_role":"alternate_member"},{"id":9951,"entity_type":"committee_membership","label":"Tabea Rößner - Ausschuss für Kultur und Medien","api_url":"https://www.abgeordnetenwatch.de/api/v2/committee-memberships/9951","committee":{"id":528,"entity_type":"node","label":"Ausschuss für Kultur und Medien","api_url":"https://www.abgeordnetenwatch.de/api/v2/committees/528"},"candidacy_mandate":{"id":45562,"entity_type":"candidacy_mandate","label":"Tabea Rößner (Bundestag 2017 - 2021)","api_url":"https://www.abgeordnetenwatch.de/api/v2/candidacies-mandates/45562"},"committee_role":"alternate_member"},{"id":9950,"entity_type":"committee_membership","label":"Kirsten Kappert-Gonther - Ausschuss für Kultur und Medien","api_url":"https://www.abgeordnetenwatch.de/api/v2/committee-memberships/9950","committee":{"id":528,"entity_type":"node","label":"Ausschuss für Kultur und Medien","api_url":"https://www.abgeordnetenwatch.de/api/v2/committees/528"},"candidacy_mandate":{"id":46255,"entity_type":"candidacy_mandate","label":"Kirsten Kappert-Gonther (Bundestag 2017 - 2021)","api_url":"https://www.abgeordnetenwatch.de/api/v2/candidacies-mandates/46255"},"committee_role":"alternate_member"},{"id":9949,"entity_type":"committee_membership","label":"Michel Brandt - Ausschuss für Kultur und Medien","api_url":"https://www.abgeordnetenwatch.de/api/v2/committee-memberships/9949","committee":{"id":528,"entity_type":"node","label":"Ausschuss für Kultur und Medien","api_url":"https://www.abgeordnetenwatch.de/api/v2/committees/528"},"candidacy_mandate":{"id":40082,"entity_type":"candidacy_mandate","label":"Michel Brandt (Bundestag 2017 - 2021)","api_url":"https://www.abgeordnetenwatch.de/api/v2/candidacies-mandates/40082"},"committee_role":"alternate_member"},{"id":9948,"entity_type":"committee_membership","label":"Doris Achelwilm - Ausschuss für Kultur und Medien","api_url":"https://www.abgeordnetenwatch.de/api/v2/committee-memberships/9948","committee":{"id":528,"entity_type":"node","label":"Ausschuss für Kultur und Medien","api_url":"https://www.abgeordnetenwatch.de/api/v2/committees/528"},"candidacy_mandate":{"id":43888,"entity_type":"candidacy_mandate","label":"Doris Achelwilm (Bundestag 2017 - 2021)","api_url":"https://www.abgeordnetenwatch.de/api/v2/candidacies-mandates/43888"},"committee_role":"alternate_member"},{"id":9947,"entity_type":"committee_membership","label":"Katja Suding - Ausschuss für Kultur und Medien","api_url":"https://www.abgeordnetenwatch.de/api/v2/committee-memberships/9947","committee":{"id":528,"entity_type":"node","label":"Ausschuss für Kultur und Medien","api_url":"https://www.abgeordnetenwatch.de/api/v2/committees/528"},"candidacy_mandate":{"id":38473,"entity_type":"candidacy_mandate","label":"Katja Suding (Bundestag 2017 - 2021)","api_url":"https://www.abgeordnetenwatch.de/api/v2/candidacies-mandates/38473"},"committee_role":"alternate_member"},{"id":9946,"entity_type":"committee_membership","label":"Götz Frömming - Ausschuss für Kultur und Medien","api_url":"https://www.abgeordnetenwatch.de/api/v2/committee-memberships/9946","committee":{"id":528,"entity_type":"node","label":"Ausschuss für Kultur und Medien","api_url":"https://www.abgeordnetenwatch.de/api/v2/committees/528"},"candidacy_mandate":{"id":44199,"entity_type":"candidacy_mandate","label":"Götz Frömming (Bundestag 2017 - 2021)","api_url":"https://www.abgeordnetenwatch.de/api/v2/candidacies-mandates/44199"},"committee_role":"alternate_member"},{"id":9945,"entity_type":"committee_membership","label":"Thomas Ehrhorn - Ausschuss für Kultur und Medien","api_url":"https://www.abgeordnetenwatch.de/api/v2/committee-memberships/9945","committee":{"id":528,"entity_type":"node","label":"Ausschuss für Kultur und Medien","api_url":"https://www.abgeordnetenwatch.de/api/v2/committees/528"},"candidacy_mandate":{"id":44197,"entity_type":"candidacy_mandate","label":"Thomas Ehrhorn (Bundestag 2017 - 2021)","api_url":"https://www.abgeordnetenwatch.de/api/v2/candidacies-mandates/44197"},"committee_role":"alternate_member"},{"id":9944,"entity_type":"committee_membership","label":"Ulla Schmidt - Ausschuss für Kultur und Medien","api_url":"https://www.abgeordnetenwatch.de/api/v2/committee-memberships/9944","committee":{"id":528,"entity_type":"node","label":"Ausschuss für Kultur und Medien","api_url":"https://www.abgeordnetenwatch.de/api/v2/committees/528"},"candidacy_mandate":{"id":44069,"entity_type":"candidacy_mandate","label":"Ulla Schmidt (Bundestag 2017 - 2021)","api_url":"https://www.abgeordnetenwatch.de/api/v2/candidacies-mandates/44069"},"committee_role":"alternate_member"},{"id":9942,"entity_type":"committee_membership","label":"Johannes Kahrs - Ausschuss für Kultur und Medien","api_url":"https://www.abgeordnetenwatch.de/api/v2/committee-memberships/9942","committee":{"id":528,"entity_type":"node","label":"Ausschuss für Kultur und Medien","api_url":"https://www.abgeordnetenwatch.de/api/v2/committees/528"},"candidacy_mandate":{"id":45280,"entity_type":"candidacy_mandate","label":"Johannes Kahrs (Bundestag 2017 - 2021)","api_url":"https://www.abgeordnetenwatch.de/api/v2/candidacies-mandates/45280"},"committee_role":"alternate_member"},{"id":9940,"entity_type":"committee_membership","label":"Nikolas Löbel - Ausschuss für Kultur und Medien","api_url":"https://www.abgeordnetenwatch.de/api/v2/committee-memberships/9940","committee":{"id":528,"entity_type":"node","label":"Ausschuss für Kultur und Medien","api_url":"https://www.abgeordnetenwatch.de/api/v2/committees/528"},"candidacy_mandate":{"id":42032,"entity_type":"candidacy_mandate","label":"Nikolas Löbel (Bundestag 2017 - 2021)","api_url":"https://www.abgeordnetenwatch.de/api/v2/candidacies-mandates/42032"},"committee_role":"alternate_member"},{"id":9939,"entity_type":"committee_membership","label":"Andrea Lindholz - Ausschuss für Kultur und Medien","api_url":"https://www.abgeordnetenwatch.de/api/v2/committee-memberships/9939","committee":{"id":528,"entity_type":"node","label":"Ausschuss für Kultur und Medien","api_url":"https://www.abgeordnetenwatch.de/api/v2/committees/528"},"candidacy_mandate":{"id":45322,"entity_type":"candidacy_mandate","label":"Andrea Lindholz (Bundestag 2017 - 2021)","api_url":"https://www.abgeordnetenwatch.de/api/v2/candidacies-mandates/45322"},"committee_role":"alternate_member"},{"id":9938,"entity_type":"committee_membership","label":"Ansgar Heveling - Ausschuss für Kultur und Medien","api_url":"https://www.abgeordnetenwatch.de/api/v2/committee-memberships/9938","committee":{"id":528,"entity_type":"node","label":"Ausschuss für Kultur und Medien","api_url":"https://www.abgeordnetenwatch.de/api/v2/committees/528"},"candidacy_mandate":{"id":44555,"entity_type":"candidacy_mandate","label":"Ansgar Heveling (Bundestag 2017 - 2021)","api_url":"https://www.abgeordnetenwatch.de/api/v2/candidacies-mandates/44555"},"committee_role":"alternate_member"},{"id":9937,"entity_type":"committee_membership","label":"Ursula Groden-Kranich - Ausschuss für Kultur und Medien","api_url":"https://www.abgeordnetenwatch.de/api/v2/committee-memberships/9937","committee":{"id":528,"entity_type":"node","label":"Ausschuss für Kultur und Medien","api_url":"https://www.abgeordnetenwatch.de/api/v2/committees/528"},"candidacy_mandate":{"id":45472,"entity_type":"candidacy_mandate","label":"Ursula Groden-Kranich (Bundestag 2017 - 2021)","api_url":"https://www.abgeordnetenwatch.de/api/v2/candidacies-mandates/45472"},"committee_role":"alternate_member"},{"id":9936,"entity_type":"committee_membership","label":"Gitta Connemann - Ausschuss für Kultur und Medien","api_url":"https://www.abgeordnetenwatch.de/api/v2/committee-memberships/9936","committee":{"id":528,"entity_type":"node","label":"Ausschuss für Kultur und Medien","api_url":"https://www.abgeordnetenwatch.de/api/v2/committees/528"},"candidacy_mandate":{"id":44500,"entity_type":"candidacy_mandate","label":"Gitta Connemann (Bundestag 2017 - 2021)","api_url":"https://www.abgeordnetenwatch.de/api/v2/candidacies-mandates/44500"},"committee_role":"alternate_member"},{"id":9935,"entity_type":"committee_membership","label":"Christoph Bernstiel - Ausschuss für Kultur und Medien","api_url":"https://www.abgeordnetenwatch.de/api/v2/committee-memberships/9935","committee":{"id":528,"entity_type":"node","label":"Ausschuss für Kultur und Medien","api_url":"https://www.abgeordnetenwatch.de/api/v2/committees/528"},"candidacy_mandate":{"id":43850,"entity_type":"candidacy_mandate","label":"Christoph Bernstiel (Bundestag 2017 - 2021)","api_url":"https://www.abgeordnetenwatch.de/api/v2/candidacies-mandates/43850"},"committee_role":"alternate_member"},{"id":9934,"entity_type":"committee_membership","label":"Margit Stumpp - Ausschuss für Kultur und Medien","api_url":"https://www.abgeordnetenwatch.de/api/v2/committee-memberships/9934","committee":{"id":528,"entity_type":"node","label":"Ausschuss für Kultur und Medien","api_url":"https://www.abgeordnetenwatch.de/api/v2/committees/528"},"candidacy_mandate":{"id":41209,"entity_type":"candidacy_mandate","label":"Margit Stumpp (Bundestag 2017 - 2021)","api_url":"https://www.abgeordnetenwatch.de/api/v2/candidacies-mandates/41209"},"committee_role":"member"},{"id":9933,"entity_type":"committee_membership","label":"Brigitte Freihold - Ausschuss für Kultur und Medien","api_url":"https://www.abgeordnetenwatch.de/api/v2/committee-memberships/9933","committee":{"id":528,"entity_type":"node","label":"Ausschuss für Kultur und Medien","api_url":"https://www.abgeordnetenwatch.de/api/v2/committees/528"},"candidacy_mandate":{"id":40204,"entity_type":"candidacy_mandate","label":"Brigitte Freihold (Bundestag 2017 - 2021)","api_url":"https://www.abgeordnetenwatch.de/api/v2/candidacies-mandates/40204"},"committee_role":"member"},{"id":9932,"entity_type":"committee_membership","label":"Hartmut Ebbing - Ausschuss für Kultur und Medien","api_url":"https://www.abgeordnetenwatch.de/api/v2/committee-memberships/9932","committee":{"id":528,"entity_type":"node","label":"Ausschuss für Kultur und Medien","api_url":"https://www.abgeordnetenwatch.de/api/v2/committees/528"},"candidacy_mandate":{"id":40754,"entity_type":"candidacy_mandate","label":"Hartmut Ebbing (Bundestag 2017 - 2021)","api_url":"https://www.abgeordnetenwatch.de/api/v2/candidacies-mandates/40754"},"committee_role":"member"},{"id":9931,"entity_type":"committee_membership","label":"Martin Erwin Renner - Ausschuss für Kultur und Medien","api_url":"https://www.abgeordnetenwatch.de/api/v2/committee-memberships/9931","committee":{"id":528,"entity_type":"node","label":"Ausschuss für Kultur und Medien","api_url":"https://www.abgeordnetenwatch.de/api/v2/committees/528"},"candidacy_mandate":{"id":41211,"entity_type":"candidacy_mandate","label":"Martin Erwin Renner (Bundestag 2017 - 2021)","api_url":"https://www.abgeordnetenwatch.de/api/v2/candidacies-mandates/41211"},"committee_role":"member"},{"id":9930,"entity_type":"committee_membership","label":"Marianne Schieder - Ausschuss für Kultur und Medien","api_url":"https://www.abgeordnetenwatch.de/api/v2/committee-memberships/9930","committee":{"id":528,"entity_type":"node","label":"Ausschuss für Kultur und Medien","api_url":"https://www.abgeordnetenwatch.de/api/v2/committees/528"},"candidacy_mandate":{"id":45387,"entity_type":"candidacy_mandate","label":"Marianne Schieder (Bundestag 2017 - 2021)","api_url":"https://www.abgeordnetenwatch.de/api/v2/candidacies-mandates/45387"},"committee_role":"member"},{"id":9929,"entity_type":"committee_membership","label":"Helge Lindh - Ausschuss für Kultur und Medien","api_url":"https://www.abgeordnetenwatch.de/api/v2/committee-memberships/9929","committee":{"id":528,"entity_type":"node","label":"Ausschuss für Kultur und Medien","api_url":"https://www.abgeordnetenwatch.de/api/v2/committees/528"},"candidacy_mandate":{"id":43908,"entity_type":"candidacy_mandate","label":"Helge Lindh (Bundestag 2017 - 2021)","api_url":"https://www.abgeordnetenwatch.de/api/v2/candidacies-mandates/43908"},"committee_role":"member"},{"id":9928,"entity_type":"committee_membership","label":"Yvonne Magwas - Ausschuss für Kultur und Medien","api_url":"https://www.abgeordnetenwatch.de/api/v2/committee-memberships/9928","committee":{"id":528,"entity_type":"node","label":"Ausschuss für Kultur und Medien","api_url":"https://www.abgeordnetenwatch.de/api/v2/committees/528"},"candidacy_mandate":{"id":45328,"entity_type":"candidacy_mandate","label":"Yvonne Magwas (Bundestag 2017 - 2021)","api_url":"https://www.abgeordnetenwatch.de/api/v2/candidacies-mandates/45328"},"committee_role":"member"},{"id":9927,"entity_type":"committee_membership","label":"Volker Kauder - Ausschuss für Kultur und Medien","api_url":"https://www.abgeordnetenwatch.de/api/v2/committee-memberships/9927","committee":{"id":528,"entity_type":"node","label":"Ausschuss für Kultur und Medien","api_url":"https://www.abgeordnetenwatch.de/api/v2/committees/528"},"candidacy_mandate":{"id":45284,"entity_type":"candidacy_mandate","label":"Volker Kauder (Bundestag 2017 - 2021)","api_url":"https://www.abgeordnetenwatch.de/api/v2/candidacies-mandates/45284"},"committee_role":"member"},{"id":9926,"entity_type":"committee_membership","label":"Michael Frieser - Ausschuss für Kultur und Medien","api_url":"https://www.abgeordnetenwatch.de/api/v2/committee-memberships/9926","committee":{"id":528,"entity_type":"node","label":"Ausschuss für Kultur und Medien","api_url":"https://www.abgeordnetenwatch.de/api/v2/committees/528"},"candidacy_mandate":{"id":45862,"entity_type":"candidacy_mandate","label":"Michael Frieser (Bundestag 2017 - 2021)","api_url":"https://www.abgeordnetenwatch.de/api/v2/candidacies-mandates/45862"},"committee_role":"member"},{"id":9925,"entity_type":"committee_membership","label":"Simone Barrientos - Ausschuss für Kultur und Medien","api_url":"https://www.abgeordnetenwatch.de/api/v2/committee-memberships/9925","committee":{"id":528,"entity_type":"node","label":"Ausschuss für Kultur und Medien","api_url":"https://www.abgeordnetenwatch.de/api/v2/committees/528"},"candidacy_mandate":{"id":43887,"entity_type":"candidacy_mandate","label":"Simone Barrientos (Bundestag 2017 - 2021)","api_url":"https://www.abgeordnetenwatch.de/api/v2/candidacies-mandates/43887"},"committee_role":"foreperson"},{"id":9924,"entity_type":"committee_membership","label":"Melanie Bernstein - Ausschuss für Kultur und Medien","api_url":"https://www.abgeordnetenwatch.de/api/v2/committee-memberships/9924","committee":{"id":528,"entity_type":"node","label":"Ausschuss für Kultur und Medien","api_url":"https://www.abgeordnetenwatch.de/api/v2/committees/528"},"candidacy_mandate":{"id":43844,"entity_type":"candidacy_mandate","label":"Melanie Bernstein (Bundestag 2017 - 2021)","api_url":"https://www.abgeordnetenwatch.de/api/v2/candidacies-mandates/43844"},"committee_role":"foreperson"},{"id":9923,"entity_type":"committee_membership","label":"Erhard Grundl - Ausschuss für Kultur und Medien","api_url":"https://www.abgeordnetenwatch.de/api/v2/committee-memberships/9923","committee":{"id":528,"entity_type":"node","label":"Ausschuss für Kultur und Medien","api_url":"https://www.abgeordnetenwatch.de/api/v2/committees/528"},"candidacy_mandate":{"id":45854,"entity_type":"candidacy_mandate","label":"Erhard Grundl (Bundestag 2017 - 2021)","api_url":"https://www.abgeordnetenwatch.de/api/v2/candidacies-mandates/45854"},"committee_role":"foreperson"},{"id":9922,"entity_type":"committee_membership","label":"Thomas Hacker - Ausschuss für Kultur und Medien","api_url":"https://www.abgeordnetenwatch.de/api/v2/committee-memberships/9922","committee":{"id":528,"entity_type":"node","label":"Ausschuss für Kultur und Medien","api_url":"https://www.abgeordnetenwatch.de/api/v2/committees/528"},"candidacy_mandate":{"id":44041,"entity_type":"candidacy_mandate","label":"Thomas Hacker (Bundestag 2017 - 2021)","api_url":"https://www.abgeordnetenwatch.de/api/v2/candidacies-mandates/44041"},"committee_role":"foreperson"},{"id":9921,"entity_type":"committee_membership","label":"Marc Jongen - Ausschuss für Kultur und Medien","api_url":"https://www.abgeordnetenwatch.de/api/v2/committee-memberships/9921","committee":{"id":528,"entity_type":"node","label":"Ausschuss für Kultur und Medien","api_url":"https://www.abgeordnetenwatch.de/api/v2/committees/528"},"candidacy_mandate":{"id":41192,"entity_type":"candidacy_mandate","label":"Marc Jongen (Bundestag 2017 - 2021)","api_url":"https://www.abgeordnetenwatch.de/api/v2/candidacies-mandates/41192"},"committee_role":"foreperson"},{"id":9920,"entity_type":"committee_membership","label":"Martin Rabanus - Ausschuss für Kultur und Medien","api_url":"https://www.abgeordnetenwatch.de/api/v2/committee-memberships/9920","committee":{"id":528,"entity_type":"node","label":"Ausschuss für Kultur und Medien","api_url":"https://www.abgeordnetenwatch.de/api/v2/committees/528"},"candidacy_mandate":{"id":45364,"entity_type":"candidacy_mandate","label":"Martin Rabanus (Bundestag 2017 - 2021)","api_url":"https://www.abgeordnetenwatch.de/api/v2/candidacies-mandates/45364"},"committee_role":"foreperson"},{"id":9919,"entity_type":"committee_membership","label":"Johannes Selle - Ausschuss für Kultur und Medien","api_url":"https://www.abgeordnetenwatch.de/api/v2/committee-memberships/9919","committee":{"id":528,"entity_type":"node","label":"Ausschuss für Kultur und Medien","api_url":"https://www.abgeordnetenwatch.de/api/v2/committees/528"},"candidacy_mandate":{"id":45404,"entity_type":"candidacy_mandate","label":"Johannes Selle (Bundestag 2017 - 2021)","api_url":"https://www.abgeordnetenwatch.de/api/v2/candidacies-mandates/45404"},"committee_role":"vice_chairperson"},{"id":9918,"entity_type":"committee_membership","label":"Katrin Budde - Ausschuss für Kultur und Medien","api_url":"https://www.abgeordnetenwatch.de/api/v2/committee-memberships/9918","committee":{"id":528,"entity_type":"node","label":"Ausschuss für Kultur und Medien","api_url":"https://www.abgeordnetenwatch.de/api/v2/committees/528"},"candidacy_mandate":{"id":41309,"entity_type":"candidacy_mandate","label":"Katrin Budde (Bundestag 2017 - 2021)","api_url":"https://www.abgeordnetenwatch.de/api/v2/candidacies-mandates/41309"},"committee_role":"chairperson"}]
