{"id":[54382],"entity_type":["candidacy_mandate"],"label":["Gereon Bollmann (Bundestag 2017 - 2021)"],"api_url":["https://www.abgeordnetenwatch.de/api/v2/candidacies-mandates/54382"],"id_external_administration":["2313"],"id_external_administration_description":["mdbID aus der info-xml-Datei der Bundestagsverwaltung"],"type":["mandate"],"parliament_period":{"id":[111],"entity_type":["parliament_period"],"label":["Bundestag 2017 - 2021"],"api_url":["https://www.abgeordnetenwatch.de/api/v2/parliament-periods/111"],"abgeordnetenwatch_url":["https://www.abgeordnetenwatch.de/bundestag/19"]},"politician":{"id":[147321],"entity_type":["politician"],"label":["Gereon Bollmann"],"api_url":["https://www.abgeordnetenwatch.de/api/v2/politicians/147321"],"abgeordnetenwatch_url":["https://www.abgeordnetenwatch.de/profile/gereon-bollmann"]},"start_date":["2021-10-01"],"end_date":{},"info":{},"electoral_data":{"id":[55306],"entity_type":["electoral_data"],"label":["Gereon Bollmann (Bundestag 2017 - 2021)"],"electoral_list":{},"list_position":{},"constituency":{},"constituency_result":{},"constituency_result_count":{},"mandate_won":["moved_up"]},"fraction_membership":[{"id":10228,"entity_type":"fraction_membership","label":"AfD seit 01.10.2021","fraction":{"id":56,"entity_type":"fraction","label":"AfD (Bundestag 2017 - 2021)","api_url":"https://www.abgeordnetenwatch.de/api/v2/fractions/56"},"valid_from":"2021-10-01"}]}
