[{"id":53994,"entity_type":"candidacy_mandate","label":"Bernd Baumann (Bundestag 2021 - 2025)","api_url":"https://www.abgeordnetenwatch.de/api/v2/candidacies-mandates/53994","id_external_administration":"2026","id_external_administration_description":"mdbID aus der info-xml-Datei der Bundestagsverwaltung","type":"mandate","parliament_period":{"id":132,"entity_type":"parliament_period","label":"Bundestag 2021 - 2025","api_url":"https://www.abgeordnetenwatch.de/api/v2/parliament-periods/132","abgeordnetenwatch_url":"https://www.abgeordnetenwatch.de/bundestag"},"politician":{"id":66273,"entity_type":"politician","label":"Bernd Baumann","api_url":"https://www.abgeordnetenwatch.de/api/v2/politicians/66273","abgeordnetenwatch_url":"https://www.abgeordnetenwatch.de/profile/bernd-baumann"},"electoral_data":{"id":54918,"entity_type":"electoral_data","label":"Bernd Baumann (Bundestag 2021 - 2025)","electoral_list":{"id":415,"entity_type":"electoral_list","label":"Landesliste Hamburg (Bundestag 2021 - 2025)","api_url":"https://www.abgeordnetenwatch.de/api/v2/electoral-lists/415"},"list_position":1,"constituency":{"id":10759,"entity_type":"constituency","label":"19 - Hamburg-Altona (Bundestag 2021 - 2025)","api_url":"https://www.abgeordnetenwatch.de/api/v2/constituencies/10759"},"constituency_result":3.4,"mandate_won":"list"},"fraction_membership":[{"id":9841,"entity_type":"fraction_membership","label":"AfD","fraction":{"id":323,"entity_type":"fraction","label":"AfD (Bundestag 2021 - 2025)","api_url":"https://www.abgeordnetenwatch.de/api/v2/fractions/323"}}],"party":{}},{"id":49984,"entity_type":"candidacy_mandate","label":"Bernd Baumann (Bundestag Wahl 2021)","api_url":"https://www.abgeordnetenwatch.de/api/v2/candidacies-mandates/49984","type":"candidacy","parliament_period":{"id":128,"entity_type":"parliament_period","label":"Bundestag Wahl 2021","api_url":"https://www.abgeordnetenwatch.de/api/v2/parliament-periods/128","abgeordnetenwatch_url":"https://www.abgeordnetenwatch.de/bundestag/wahl-2021"},"politician":{"id":66273,"entity_type":"politician","label":"Bernd Baumann","api_url":"https://www.abgeordnetenwatch.de/api/v2/politicians/66273","abgeordnetenwatch_url":"https://www.abgeordnetenwatch.de/profile/bernd-baumann"},"electoral_data":{"id":50906,"entity_type":"electoral_data","label":"Bernd Baumann (Bundestag Wahl 2021)","electoral_list":{},"constituency":{"id":10076,"entity_type":"constituency","label":"19 - Hamburg-Altona (Bundestag Wahl 2021)","api_url":"https://www.abgeordnetenwatch.de/api/v2/constituencies/10076"},"constituency_result":3.4},"fraction_membership":{},"party":{"id":9,"entity_type":"party","label":"AfD","api_url":"https://www.abgeordnetenwatch.de/api/v2/parties/9"}},{"id":45234,"entity_type":"candidacy_mandate","label":"Bernd Baumann (Bundestag 2017 - 2021)","api_url":"https://www.abgeordnetenwatch.de/api/v2/candidacies-mandates/45234","id_external_administration":"2026","id_external_administration_description":"mdbID - ID der Bundestagsverwaltung","type":"mandate","parliament_period":{"id":111,"entity_type":"parliament_period","label":"Bundestag 2017 - 2021","api_url":"https://www.abgeordnetenwatch.de/api/v2/parliament-periods/111","abgeordnetenwatch_url":"https://www.abgeordnetenwatch.de/bundestag/19"},"politician":{"id":66273,"entity_type":"politician","label":"Bernd Baumann","api_url":"https://www.abgeordnetenwatch.de/api/v2/politicians/66273","abgeordnetenwatch_url":"https://www.abgeordnetenwatch.de/profile/bernd-baumann"},"electoral_data":{"id":45234,"entity_type":"electoral_data","label":"Bernd Baumann (Bundestag 2017 - 2021)","electoral_list":{"id":111,"entity_type":"electoral_list","label":"Landesliste Hamburg (Bundestag 2017 - 2021)","api_url":"https://www.abgeordnetenwatch.de/api/v2/electoral-lists/111"},"list_position":1,"constituency":{"id":4143,"entity_type":"constituency","label":"19 - Hamburg-Altona (Bundestag 2017 - 2021)","api_url":"https://www.abgeordnetenwatch.de/api/v2/constituencies/4143"},"constituency_result":5.1,"mandate_won":"list"},"fraction_membership":[{"id":7486,"entity_type":"fraction_membership","label":"AfD","fraction":{"id":56,"entity_type":"fraction","label":"AfD (Bundestag 2017 - 2021)","api_url":"https://www.abgeordnetenwatch.de/api/v2/fractions/56"}}],"party":{}},{"id":38382,"entity_type":"candidacy_mandate","label":"Bernd Baumann (Hamburg 2015-2020)","api_url":"https://www.abgeordnetenwatch.de/api/v2/candidacies-mandates/38382","type":"mandate","parliament_period":{"id":103,"entity_type":"parliament_period","label":"Hamburg 2015 - 2020","api_url":"https://www.abgeordnetenwatch.de/api/v2/parliament-periods/103","abgeordnetenwatch_url":"https://www.abgeordnetenwatch.de/hamburg/21"},"politician":{"id":66273,"entity_type":"politician","label":"Bernd Baumann","api_url":"https://www.abgeordnetenwatch.de/api/v2/politicians/66273","abgeordnetenwatch_url":"https://www.abgeordnetenwatch.de/profile/bernd-baumann"},"end_date":"2017-10-11","electoral_data":{"id":38382,"entity_type":"electoral_data","label":"Bernd Baumann (Hamburg 2015-2020)","electoral_list":{"id":6,"entity_type":"electoral_list","label":"Landesliste (Hamburg 2015-2020)","api_url":"https://www.abgeordnetenwatch.de/api/v2/electoral-lists/6"},"constituency":{"id":850,"entity_type":"constituency","label":"4 - Blankenese (Hamburg 2015-2020)","api_url":"https://www.abgeordnetenwatch.de/api/v2/constituencies/850"},"constituency_result":2.7,"mandate_won":"list"},"fraction_membership":[{"id":605,"entity_type":"fraction_membership","label":"AfD","fraction":{"id":51,"entity_type":"fraction","label":"AfD (Hamburg 2015-2020)","api_url":"https://www.abgeordnetenwatch.de/api/v2/fractions/51"}}],"party":{}},{"id":3484,"entity_type":"candidacy_mandate","label":"Bernd Baumann (Bundestag Wahl 2017)","api_url":"https://www.abgeordnetenwatch.de/api/v2/candidacies-mandates/3484","type":"candidacy","parliament_period":{"id":50,"entity_type":"parliament_period","label":"Bundestag Wahl 2017","api_url":"https://www.abgeordnetenwatch.de/api/v2/parliament-periods/50","abgeordnetenwatch_url":"https://www.abgeordnetenwatch.de/bundestag/wahl-2017"},"politician":{"id":66273,"entity_type":"politician","label":"Bernd Baumann","api_url":"https://www.abgeordnetenwatch.de/api/v2/politicians/66273","abgeordnetenwatch_url":"https://www.abgeordnetenwatch.de/profile/bernd-baumann"},"electoral_data":{"id":3484,"entity_type":"electoral_data","label":"Bernd Baumann (Bundestag Wahl 2017)","electoral_list":{"id":270,"entity_type":"electoral_list","label":"Landesliste Hamburg (Bundestag Wahl 2017)","api_url":"https://www.abgeordnetenwatch.de/api/v2/electoral-lists/270"},"list_position":1,"constituency":{"id":9029,"entity_type":"constituency","label":"19 - Hamburg-Altona (Bundestag Wahl 2017)","api_url":"https://www.abgeordnetenwatch.de/api/v2/constituencies/9029"},"constituency_result":5.1,"mandate_won":"list"},"fraction_membership":{},"party":{"id":9,"entity_type":"party","label":"AfD","api_url":"https://www.abgeordnetenwatch.de/api/v2/parties/9"}},{"id":3483,"entity_type":"candidacy_mandate","label":"Bernd Baumann (Hamburg Wahl 2015)","api_url":"https://www.abgeordnetenwatch.de/api/v2/candidacies-mandates/3483","type":"candidacy","parliament_period":{"id":42,"entity_type":"parliament_period","label":"Hamburg Wahl 2015","api_url":"https://www.abgeordnetenwatch.de/api/v2/parliament-periods/42","abgeordnetenwatch_url":"https://www.abgeordnetenwatch.de/hamburg/wahl-2015"},"politician":{"id":66273,"entity_type":"politician","label":"Bernd Baumann","api_url":"https://www.abgeordnetenwatch.de/api/v2/politicians/66273","abgeordnetenwatch_url":"https://www.abgeordnetenwatch.de/profile/bernd-baumann"},"electoral_data":{"id":3483,"entity_type":"electoral_data","label":"Bernd Baumann (Hamburg Wahl 2015)","electoral_list":{"id":165,"entity_type":"electoral_list","label":"Landesliste (Hamburg Wahl 2015)","api_url":"https://www.abgeordnetenwatch.de/api/v2/electoral-lists/165"},"list_position":2,"constituency":{"id":5736,"entity_type":"constituency","label":"4 - Blankenese (Hamburg Wahl 2015)","api_url":"https://www.abgeordnetenwatch.de/api/v2/constituencies/5736"},"constituency_result":2.7,"mandate_won":"list"},"fraction_membership":{},"party":{"id":9,"entity_type":"party","label":"AfD","api_url":"https://www.abgeordnetenwatch.de/api/v2/parties/9"}}]
