[{"id":54043,"entity_type":"candidacy_mandate","label":"Kay Gottschalk (Bundestag 2021 - 2025)","api_url":"https://www.abgeordnetenwatch.de/api/v2/candidacies-mandates/54043","id_external_administration":"2091","id_external_administration_description":"mdbID aus der info-xml-Datei der Bundestagsverwaltung","type":"mandate","parliament_period":{"id":132,"entity_type":"parliament_period","label":"Bundestag 2021 - 2025","api_url":"https://www.abgeordnetenwatch.de/api/v2/parliament-periods/132","abgeordnetenwatch_url":"https://www.abgeordnetenwatch.de/bundestag"},"politician":{"id":66285,"entity_type":"politician","label":"Kay Gottschalk","api_url":"https://www.abgeordnetenwatch.de/api/v2/politicians/66285","abgeordnetenwatch_url":"https://www.abgeordnetenwatch.de/profile/kay-gottschalk"},"electoral_data":{"id":54967,"entity_type":"electoral_data","label":"Kay Gottschalk (Bundestag 2021 - 2025)","electoral_list":{"id":419,"entity_type":"electoral_list","label":"Landesliste Nordrhein-Westfalen (Bundestag 2021 - 2025)","api_url":"https://www.abgeordnetenwatch.de/api/v2/electoral-lists/419"},"list_position":2,"constituency":{"id":10851,"entity_type":"constituency","label":"111 - Viersen (Bundestag 2021 - 2025)","api_url":"https://www.abgeordnetenwatch.de/api/v2/constituencies/10851"},"constituency_result":5.9,"mandate_won":"list"},"fraction_membership":[{"id":9890,"entity_type":"fraction_membership","label":"AfD","fraction":{"id":323,"entity_type":"fraction","label":"AfD (Bundestag 2021 - 2025)","api_url":"https://www.abgeordnetenwatch.de/api/v2/fractions/323"}}],"party":{}},{"id":49985,"entity_type":"candidacy_mandate","label":"Kay Gottschalk (Bundestag Wahl 2021)","api_url":"https://www.abgeordnetenwatch.de/api/v2/candidacies-mandates/49985","type":"candidacy","parliament_period":{"id":128,"entity_type":"parliament_period","label":"Bundestag Wahl 2021","api_url":"https://www.abgeordnetenwatch.de/api/v2/parliament-periods/128","abgeordnetenwatch_url":"https://www.abgeordnetenwatch.de/bundestag/wahl-2021"},"politician":{"id":66285,"entity_type":"politician","label":"Kay Gottschalk","api_url":"https://www.abgeordnetenwatch.de/api/v2/politicians/66285","abgeordnetenwatch_url":"https://www.abgeordnetenwatch.de/profile/kay-gottschalk"},"electoral_data":{"id":50907,"entity_type":"electoral_data","label":"Kay Gottschalk (Bundestag Wahl 2021)","electoral_list":{},"constituency":{"id":10168,"entity_type":"constituency","label":"111 - Viersen (Bundestag Wahl 2021)","api_url":"https://www.abgeordnetenwatch.de/api/v2/constituencies/10168"},"constituency_result":5.9},"fraction_membership":{},"party":{"id":9,"entity_type":"party","label":"AfD","api_url":"https://www.abgeordnetenwatch.de/api/v2/parties/9"}},{"id":44470,"entity_type":"candidacy_mandate","label":"Kay Gottschalk (Bundestag 2017 - 2021)","api_url":"https://www.abgeordnetenwatch.de/api/v2/candidacies-mandates/44470","id_external_administration":"2091","id_external_administration_description":"mdbID - ID der Bundestagsverwaltung","type":"mandate","parliament_period":{"id":111,"entity_type":"parliament_period","label":"Bundestag 2017 - 2021","api_url":"https://www.abgeordnetenwatch.de/api/v2/parliament-periods/111","abgeordnetenwatch_url":"https://www.abgeordnetenwatch.de/bundestag/19"},"politician":{"id":66285,"entity_type":"politician","label":"Kay Gottschalk","api_url":"https://www.abgeordnetenwatch.de/api/v2/politicians/66285","abgeordnetenwatch_url":"https://www.abgeordnetenwatch.de/profile/kay-gottschalk"},"electoral_data":{"id":44470,"entity_type":"electoral_data","label":"Kay Gottschalk (Bundestag 2017 - 2021)","electoral_list":{},"list_position":1,"constituency":{"id":4235,"entity_type":"constituency","label":"111 - Viersen (Bundestag 2017 - 2021)","api_url":"https://www.abgeordnetenwatch.de/api/v2/constituencies/4235"},"constituency_result":7,"mandate_won":"list"},"fraction_membership":[{"id":6715,"entity_type":"fraction_membership","label":"AfD","fraction":{"id":56,"entity_type":"fraction","label":"AfD (Bundestag 2017 - 2021)","api_url":"https://www.abgeordnetenwatch.de/api/v2/fractions/56"}}],"party":{}},{"id":3500,"entity_type":"candidacy_mandate","label":"Kay Gottschalk (Bundestag Wahl 2017)","api_url":"https://www.abgeordnetenwatch.de/api/v2/candidacies-mandates/3500","type":"candidacy","parliament_period":{"id":50,"entity_type":"parliament_period","label":"Bundestag Wahl 2017","api_url":"https://www.abgeordnetenwatch.de/api/v2/parliament-periods/50","abgeordnetenwatch_url":"https://www.abgeordnetenwatch.de/bundestag/wahl-2017"},"politician":{"id":66285,"entity_type":"politician","label":"Kay Gottschalk","api_url":"https://www.abgeordnetenwatch.de/api/v2/politicians/66285","abgeordnetenwatch_url":"https://www.abgeordnetenwatch.de/profile/kay-gottschalk"},"electoral_data":{"id":3500,"entity_type":"electoral_data","label":"Kay Gottschalk (Bundestag Wahl 2017)","electoral_list":{"id":274,"entity_type":"electoral_list","label":"Landesliste Nordrhein-Westfalen (Bundestag Wahl 2017)","api_url":"https://www.abgeordnetenwatch.de/api/v2/electoral-lists/274"},"list_position":4,"constituency":{"id":9121,"entity_type":"constituency","label":"111 - Viersen (Bundestag Wahl 2017)","api_url":"https://www.abgeordnetenwatch.de/api/v2/constituencies/9121"},"constituency_result":7,"mandate_won":"list"},"fraction_membership":{},"party":{"id":9,"entity_type":"party","label":"AfD","api_url":"https://www.abgeordnetenwatch.de/api/v2/parties/9"}},{"id":3499,"entity_type":"candidacy_mandate","label":"Kay Gottschalk (Hamburg Wahl 2015)","api_url":"https://www.abgeordnetenwatch.de/api/v2/candidacies-mandates/3499","type":"candidacy","parliament_period":{"id":42,"entity_type":"parliament_period","label":"Hamburg Wahl 2015","api_url":"https://www.abgeordnetenwatch.de/api/v2/parliament-periods/42","abgeordnetenwatch_url":"https://www.abgeordnetenwatch.de/hamburg/wahl-2015"},"politician":{"id":66285,"entity_type":"politician","label":"Kay Gottschalk","api_url":"https://www.abgeordnetenwatch.de/api/v2/politicians/66285","abgeordnetenwatch_url":"https://www.abgeordnetenwatch.de/profile/kay-gottschalk"},"electoral_data":{"id":3499,"entity_type":"electoral_data","label":"Kay Gottschalk (Hamburg Wahl 2015)","electoral_list":{"id":165,"entity_type":"electoral_list","label":"Landesliste (Hamburg Wahl 2015)","api_url":"https://www.abgeordnetenwatch.de/api/v2/electoral-lists/165"},"list_position":18,"constituency":{"id":5734,"entity_type":"constituency","label":"2 - Billstedt-Wilhelmsburg-Finkenwerder (Hamburg Wahl 2015)","api_url":"https://www.abgeordnetenwatch.de/api/v2/constituencies/5734"},"constituency_result":8.3},"fraction_membership":{},"party":{"id":9,"entity_type":"party","label":"AfD","api_url":"https://www.abgeordnetenwatch.de/api/v2/parties/9"}},{"id":3498,"entity_type":"candidacy_mandate","label":"Kay Gottschalk (Bundestag Wahl 2013)","api_url":"https://www.abgeordnetenwatch.de/api/v2/candidacies-mandates/3498","type":"candidacy","parliament_period":{"id":36,"entity_type":"parliament_period","label":"Bundestag Wahl 2013","api_url":"https://www.abgeordnetenwatch.de/api/v2/parliament-periods/36","abgeordnetenwatch_url":"https://www.abgeordnetenwatch.de/bundestag/wahl-2013"},"politician":{"id":66285,"entity_type":"politician","label":"Kay Gottschalk","api_url":"https://www.abgeordnetenwatch.de/api/v2/politicians/66285","abgeordnetenwatch_url":"https://www.abgeordnetenwatch.de/profile/kay-gottschalk"},"electoral_data":{"id":3498,"entity_type":"electoral_data","label":"Kay Gottschalk (Bundestag Wahl 2013)","electoral_list":{},"list_position":2,"constituency":{"id":5068,"entity_type":"constituency","label":"18 - Hamburg-Mitte (Bundestag Wahl 2013)","api_url":"https://www.abgeordnetenwatch.de/api/v2/constituencies/5068"},"constituency_result":3.3},"fraction_membership":{},"party":{"id":9,"entity_type":"party","label":"AfD","api_url":"https://www.abgeordnetenwatch.de/api/v2/parties/9"}}]
