{"id":[73426],"entity_type":["politician"],"label":["Kirsten Kappert-Gonther"],"api_url":["https://www.abgeordnetenwatch.de/api/v2/politicians/73426"],"abgeordnetenwatch_url":["https://www.abgeordnetenwatch.de/profile/kirsten-kappert-gonther"],"first_name":["Kirsten"],"last_name":["Kappert-Gonther"],"birth_name":{},"sex":["f"],"year_of_birth":[1966],"party":{"id":[5],"entity_type":["party"],"label":["Bündnis 90/Die Grünen"],"api_url":["https://www.abgeordnetenwatch.de/api/v2/parties/5"]},"party_past":{},"education":["Fachärztin für Psychiatrie und Psychotherapie"],"residence":{},"occupation":["MdB"],"statistic_questions":[109],"statistic_questions_answered":[107],"qid_wikidata":["Q1743637"],"field_title":["Dr."]}
