[{"id":47907,"entity_type":"candidacy_mandate","label":"Kordula Kovac (Bundestag 2017 - 2021)","api_url":"https://www.abgeordnetenwatch.de/api/v2/candidacies-mandates/47907","id_external_administration":"1829","id_external_administration_description":"mdbID - ID der Bundestagsverwaltung","type":"mandate","parliament_period":{"id":111,"entity_type":"parliament_period","label":"Bundestag 2017 - 2021","api_url":"https://www.abgeordnetenwatch.de/api/v2/parliament-periods/111","abgeordnetenwatch_url":"https://www.abgeordnetenwatch.de/bundestag/19"},"politician":{"id":78798,"entity_type":"politician","label":"Kordula Kovac","api_url":"https://www.abgeordnetenwatch.de/api/v2/politicians/78798","abgeordnetenwatch_url":"https://www.abgeordnetenwatch.de/profile/kordula-kovac"},"start_date":"2021-03-17","electoral_data":{"id":48829,"entity_type":"electoral_data","label":"Kordula Kovac (Bundestag 2017 - 2021)","electoral_list":{"id":106,"entity_type":"electoral_list","label":"Landesliste Baden-Württemberg (Bundestag 2017 - 2021)","api_url":"https://www.abgeordnetenwatch.de/api/v2/electoral-lists/106"},"mandate_won":"moved_up"},"fraction_membership":[{"id":8845,"entity_type":"fraction_membership","label":"CDU/CSU seit 17.03.2021","fraction":{"id":81,"entity_type":"fraction","label":"CDU/CSU (Bundestag 2017 - 2021)","api_url":"https://www.abgeordnetenwatch.de/api/v2/fractions/81"},"valid_from":"2021-03-17"}]},{"id":38634,"entity_type":"candidacy_mandate","label":"Kordula Kovac (Bundestag 2013-2017)","api_url":"https://www.abgeordnetenwatch.de/api/v2/candidacies-mandates/38634","type":"mandate","parliament_period":{"id":97,"entity_type":"parliament_period","label":"Bundestag 2013 - 2017","api_url":"https://www.abgeordnetenwatch.de/api/v2/parliament-periods/97","abgeordnetenwatch_url":"https://www.abgeordnetenwatch.de/bundestag/18"},"politician":{"id":78798,"entity_type":"politician","label":"Kordula Kovac","api_url":"https://www.abgeordnetenwatch.de/api/v2/politicians/78798","abgeordnetenwatch_url":"https://www.abgeordnetenwatch.de/profile/kordula-kovac"},"electoral_data":{"id":38634,"entity_type":"electoral_data","label":"Kordula Kovac (Bundestag 2013-2017)","electoral_list":{"id":26,"entity_type":"electoral_list","label":"Landesliste Baden-Württemberg (Bundestag 2013-2017)","api_url":"https://www.abgeordnetenwatch.de/api/v2/electoral-lists/26"},"mandate_won":"list"},"fraction_membership":[{"id":860,"entity_type":"fraction_membership","label":"CDU/CSU","fraction":{"id":111,"entity_type":"fraction","label":"CDU/CSU (Bundestag 2013-2017)","api_url":"https://www.abgeordnetenwatch.de/api/v2/fractions/111"}}]}]
