[{"id":45449,"entity_type":"candidacy_mandate","label":"Astrid Freudenstein (Bundestag 2017 - 2021)","api_url":"https://www.abgeordnetenwatch.de/api/v2/candidacies-mandates/45449","id_external_administration":"1807","id_external_administration_description":"mdbID - ID der Bundestagsverwaltung","type":"mandate","parliament_period":{"id":111,"entity_type":"parliament_period","label":"Bundestag 2017 - 2021","api_url":"https://www.abgeordnetenwatch.de/api/v2/parliament-periods/111","abgeordnetenwatch_url":"https://www.abgeordnetenwatch.de/bundestag/19"},"politician":{"id":78799,"entity_type":"politician","label":"Astrid Freudenstein","api_url":"https://www.abgeordnetenwatch.de/api/v2/politicians/78799","abgeordnetenwatch_url":"https://www.abgeordnetenwatch.de/profile/astrid-freudenstein"},"start_date":"2019-07-02","end_date":"2020-05-15","electoral_data":{"id":45449,"entity_type":"electoral_data","label":"Astrid Freudenstein (Bundestag 2017 - 2021)","electoral_list":{}},"fraction_membership":[{"id":7702,"entity_type":"fraction_membership","label":"CDU/CSU","fraction":{"id":81,"entity_type":"fraction","label":"CDU/CSU (Bundestag 2017 - 2021)","api_url":"https://www.abgeordnetenwatch.de/api/v2/fractions/81"}}]},{"id":38635,"entity_type":"candidacy_mandate","label":"Astrid Freudenstein (Bundestag 2013-2017)","api_url":"https://www.abgeordnetenwatch.de/api/v2/candidacies-mandates/38635","type":"mandate","parliament_period":{"id":97,"entity_type":"parliament_period","label":"Bundestag 2013 - 2017","api_url":"https://www.abgeordnetenwatch.de/api/v2/parliament-periods/97","abgeordnetenwatch_url":"https://www.abgeordnetenwatch.de/bundestag/18"},"politician":{"id":78799,"entity_type":"politician","label":"Astrid Freudenstein","api_url":"https://www.abgeordnetenwatch.de/api/v2/politicians/78799","abgeordnetenwatch_url":"https://www.abgeordnetenwatch.de/profile/astrid-freudenstein"},"electoral_data":{"id":38635,"entity_type":"electoral_data","label":"Astrid Freudenstein (Bundestag 2013-2017)","electoral_list":{"id":27,"entity_type":"electoral_list","label":"Landesliste Bayern (Bundestag 2013-2017)","api_url":"https://www.abgeordnetenwatch.de/api/v2/electoral-lists/27"},"mandate_won":"list"},"fraction_membership":[{"id":861,"entity_type":"fraction_membership","label":"CDU/CSU","fraction":{"id":111,"entity_type":"fraction","label":"CDU/CSU (Bundestag 2013-2017)","api_url":"https://www.abgeordnetenwatch.de/api/v2/fractions/111"}}]}]
