[{"id":53909,"entity_type":"candidacy_mandate","label":"Johannes Steiniger (Bundestag 2021 - 2025)","api_url":"https://www.abgeordnetenwatch.de/api/v2/candidacies-mandates/53909","id_external_administration":"1949","id_external_administration_description":"mdbID aus der info-xml-Datei der Bundestagsverwaltung","type":"mandate","parliament_period":{"id":132,"entity_type":"parliament_period","label":"Bundestag 2021 - 2025","api_url":"https://www.abgeordnetenwatch.de/api/v2/parliament-periods/132","abgeordnetenwatch_url":"https://www.abgeordnetenwatch.de/bundestag"},"politician":{"id":78797,"entity_type":"politician","label":"Johannes Steiniger","api_url":"https://www.abgeordnetenwatch.de/api/v2/politicians/78797","abgeordnetenwatch_url":"https://www.abgeordnetenwatch.de/profile/johannes-steiniger"},"electoral_data":{"id":54833,"entity_type":"electoral_data","label":"Johannes Steiniger (Bundestag 2021 - 2025)","electoral_list":{"id":420,"entity_type":"electoral_list","label":"Landesliste Rheinland-Pfalz (Bundestag 2021 - 2025)","api_url":"https://www.abgeordnetenwatch.de/api/v2/electoral-lists/420"},"list_position":8,"constituency":{"id":10948,"entity_type":"constituency","label":"208 - Neustadt - Speyer (Bundestag 2021 - 2025)","api_url":"https://www.abgeordnetenwatch.de/api/v2/constituencies/10948"},"constituency_result":30,"mandate_won":"constituency"},"fraction_membership":[{"id":9756,"entity_type":"fraction_membership","label":"CDU/CSU","fraction":{"id":320,"entity_type":"fraction","label":"CDU/CSU (Bundestag 2021 - 2025)","api_url":"https://www.abgeordnetenwatch.de/api/v2/fractions/320"}}],"party":{}},{"id":49689,"entity_type":"candidacy_mandate","label":"Johannes Steiniger (Bundestag Wahl 2021)","api_url":"https://www.abgeordnetenwatch.de/api/v2/candidacies-mandates/49689","type":"candidacy","parliament_period":{"id":128,"entity_type":"parliament_period","label":"Bundestag Wahl 2021","api_url":"https://www.abgeordnetenwatch.de/api/v2/parliament-periods/128","abgeordnetenwatch_url":"https://www.abgeordnetenwatch.de/bundestag/wahl-2021"},"politician":{"id":78797,"entity_type":"politician","label":"Johannes Steiniger","api_url":"https://www.abgeordnetenwatch.de/api/v2/politicians/78797","abgeordnetenwatch_url":"https://www.abgeordnetenwatch.de/profile/johannes-steiniger"},"electoral_data":{"id":50611,"entity_type":"electoral_data","label":"Johannes Steiniger (Bundestag Wahl 2021)","electoral_list":{},"constituency":{"id":10265,"entity_type":"constituency","label":"208 - Neustadt - Speyer (Bundestag Wahl 2021)","api_url":"https://www.abgeordnetenwatch.de/api/v2/constituencies/10265"},"constituency_result":30.2},"fraction_membership":{},"party":{"id":2,"entity_type":"party","label":"CDU","api_url":"https://www.abgeordnetenwatch.de/api/v2/parties/2"}},{"id":45417,"entity_type":"candidacy_mandate","label":"Johannes Steiniger (Bundestag 2017 - 2021)","api_url":"https://www.abgeordnetenwatch.de/api/v2/candidacies-mandates/45417","id_external_administration":"1949","id_external_administration_description":"mdbID - ID der Bundestagsverwaltung","type":"mandate","parliament_period":{"id":111,"entity_type":"parliament_period","label":"Bundestag 2017 - 2021","api_url":"https://www.abgeordnetenwatch.de/api/v2/parliament-periods/111","abgeordnetenwatch_url":"https://www.abgeordnetenwatch.de/bundestag/19"},"politician":{"id":78797,"entity_type":"politician","label":"Johannes Steiniger","api_url":"https://www.abgeordnetenwatch.de/api/v2/politicians/78797","abgeordnetenwatch_url":"https://www.abgeordnetenwatch.de/profile/johannes-steiniger"},"electoral_data":{"id":45417,"entity_type":"electoral_data","label":"Johannes Steiniger (Bundestag 2017 - 2021)","electoral_list":{},"list_position":1,"constituency":{"id":4332,"entity_type":"constituency","label":"208 - Neustadt - Speyer (Bundestag 2017 - 2021)","api_url":"https://www.abgeordnetenwatch.de/api/v2/constituencies/4332"},"constituency_result":40,"mandate_won":"constituency"},"fraction_membership":[{"id":7670,"entity_type":"fraction_membership","label":"CDU/CSU","fraction":{"id":81,"entity_type":"fraction","label":"CDU/CSU (Bundestag 2017 - 2021)","api_url":"https://www.abgeordnetenwatch.de/api/v2/fractions/81"}}],"party":{}},{"id":38633,"entity_type":"candidacy_mandate","label":"Johannes Steiniger (Bundestag 2013-2017)","api_url":"https://www.abgeordnetenwatch.de/api/v2/candidacies-mandates/38633","type":"mandate","parliament_period":{"id":97,"entity_type":"parliament_period","label":"Bundestag 2013 - 2017","api_url":"https://www.abgeordnetenwatch.de/api/v2/parliament-periods/97","abgeordnetenwatch_url":"https://www.abgeordnetenwatch.de/bundestag/18"},"politician":{"id":78797,"entity_type":"politician","label":"Johannes Steiniger","api_url":"https://www.abgeordnetenwatch.de/api/v2/politicians/78797","abgeordnetenwatch_url":"https://www.abgeordnetenwatch.de/profile/johannes-steiniger"},"electoral_data":{"id":38633,"entity_type":"electoral_data","label":"Johannes Steiniger (Bundestag 2013-2017)","electoral_list":{"id":36,"entity_type":"electoral_list","label":"Landesliste Rheinland-Pfalz (Bundestag 2013-2017)","api_url":"https://www.abgeordnetenwatch.de/api/v2/electoral-lists/36"},"constituency":{},"mandate_won":"list"},"fraction_membership":[{"id":859,"entity_type":"fraction_membership","label":"CDU/CSU","fraction":{"id":111,"entity_type":"fraction","label":"CDU/CSU (Bundestag 2013-2017)","api_url":"https://www.abgeordnetenwatch.de/api/v2/fractions/111"}}],"party":{}},{"id":5173,"entity_type":"candidacy_mandate","label":"Johannes Steiniger (Bundestag Wahl 2017)","api_url":"https://www.abgeordnetenwatch.de/api/v2/candidacies-mandates/5173","type":"candidacy","parliament_period":{"id":50,"entity_type":"parliament_period","label":"Bundestag Wahl 2017","api_url":"https://www.abgeordnetenwatch.de/api/v2/parliament-periods/50","abgeordnetenwatch_url":"https://www.abgeordnetenwatch.de/bundestag/wahl-2017"},"politician":{"id":78797,"entity_type":"politician","label":"Johannes Steiniger","api_url":"https://www.abgeordnetenwatch.de/api/v2/politicians/78797","abgeordnetenwatch_url":"https://www.abgeordnetenwatch.de/profile/johannes-steiniger"},"electoral_data":{"id":5173,"entity_type":"electoral_data","label":"Johannes Steiniger (Bundestag Wahl 2017)","electoral_list":{},"constituency":{"id":9218,"entity_type":"constituency","label":"208 - Neustadt - Speyer (Bundestag Wahl 2017)","api_url":"https://www.abgeordnetenwatch.de/api/v2/constituencies/9218"},"constituency_result":40,"mandate_won":"constituency"},"fraction_membership":{},"party":{"id":2,"entity_type":"party","label":"CDU","api_url":"https://www.abgeordnetenwatch.de/api/v2/parties/2"}}]
