{"id":[78805],"entity_type":["politician"],"label":["Nina Warken"],"api_url":["https://www.abgeordnetenwatch.de/api/v2/politicians/78805"],"abgeordnetenwatch_url":["https://www.abgeordnetenwatch.de/profile/nina-warken"],"first_name":["Nina"],"last_name":["Warken"],"birth_name":{},"sex":["f"],"year_of_birth":[1979],"party":{"id":[2],"entity_type":["party"],"label":["CDU"],"api_url":["https://www.abgeordnetenwatch.de/api/v2/parties/2"]},"party_past":{},"deceased":{},"deceased_date":{},"education":["Rechtsanwältin"],"residence":{},"occupation":["MdB"],"statistic_questions":[5],"statistic_questions_answered":[4],"qid_wikidata":["Q15644599"],"field_title":{}}
