[{"id":53956,"entity_type":"candidacy_mandate","label":"Nina Warken (Bundestag 2021 - 2025)","api_url":"https://www.abgeordnetenwatch.de/api/v2/candidacies-mandates/53956","id_external_administration":"1968","id_external_administration_description":"mdbID aus der info-xml-Datei der Bundestagsverwaltung","type":"mandate","parliament_period":{"id":132,"entity_type":"parliament_period","label":"Bundestag 2021 - 2025","api_url":"https://www.abgeordnetenwatch.de/api/v2/parliament-periods/132","abgeordnetenwatch_url":"https://www.abgeordnetenwatch.de/bundestag"},"politician":{"id":78805,"entity_type":"politician","label":"Nina Warken","api_url":"https://www.abgeordnetenwatch.de/api/v2/politicians/78805","abgeordnetenwatch_url":"https://www.abgeordnetenwatch.de/profile/nina-warken"},"electoral_data":{"id":54880,"entity_type":"electoral_data","label":"Nina Warken (Bundestag 2021 - 2025)","electoral_list":{},"constituency":{"id":11016,"entity_type":"constituency","label":"276 - Odenwald - Tauber (Bundestag 2021 - 2025)","api_url":"https://www.abgeordnetenwatch.de/api/v2/constituencies/11016"},"constituency_result":35,"mandate_won":"constituency"},"fraction_membership":[{"id":9803,"entity_type":"fraction_membership","label":"CDU/CSU","fraction":{"id":320,"entity_type":"fraction","label":"CDU/CSU (Bundestag 2021 - 2025)","api_url":"https://www.abgeordnetenwatch.de/api/v2/fractions/320"}}],"party":{}},{"id":49690,"entity_type":"candidacy_mandate","label":"Nina Warken (Bundestag Wahl 2021)","api_url":"https://www.abgeordnetenwatch.de/api/v2/candidacies-mandates/49690","type":"candidacy","parliament_period":{"id":128,"entity_type":"parliament_period","label":"Bundestag Wahl 2021","api_url":"https://www.abgeordnetenwatch.de/api/v2/parliament-periods/128","abgeordnetenwatch_url":"https://www.abgeordnetenwatch.de/bundestag/wahl-2021"},"politician":{"id":78805,"entity_type":"politician","label":"Nina Warken","api_url":"https://www.abgeordnetenwatch.de/api/v2/politicians/78805","abgeordnetenwatch_url":"https://www.abgeordnetenwatch.de/profile/nina-warken"},"electoral_data":{"id":50612,"entity_type":"electoral_data","label":"Nina Warken (Bundestag Wahl 2021)","electoral_list":{},"constituency":{"id":10333,"entity_type":"constituency","label":"276 - Odenwald - Tauber (Bundestag Wahl 2021)","api_url":"https://www.abgeordnetenwatch.de/api/v2/constituencies/10333"},"constituency_result":35.8,"constituency_result_count":57391},"fraction_membership":{},"party":{"id":2,"entity_type":"party","label":"CDU","api_url":"https://www.abgeordnetenwatch.de/api/v2/parties/2"}},{"id":45436,"entity_type":"candidacy_mandate","label":"Nina Warken (Bundestag 2017 - 2021)","api_url":"https://www.abgeordnetenwatch.de/api/v2/candidacies-mandates/45436","id_external_administration":"1968","id_external_administration_description":"mdbID - ID der Bundestagsverwaltung","type":"mandate","parliament_period":{"id":111,"entity_type":"parliament_period","label":"Bundestag 2017 - 2021","api_url":"https://www.abgeordnetenwatch.de/api/v2/parliament-periods/111","abgeordnetenwatch_url":"https://www.abgeordnetenwatch.de/bundestag/19"},"politician":{"id":78805,"entity_type":"politician","label":"Nina Warken","api_url":"https://www.abgeordnetenwatch.de/api/v2/politicians/78805","abgeordnetenwatch_url":"https://www.abgeordnetenwatch.de/profile/nina-warken"},"start_date":"2018-12-05","electoral_data":{"id":45436,"entity_type":"electoral_data","label":"Nina Warken (Bundestag 2017 - 2021)","electoral_list":{"id":106,"entity_type":"electoral_list","label":"Landesliste Baden-Württemberg (Bundestag 2017 - 2021)","api_url":"https://www.abgeordnetenwatch.de/api/v2/electoral-lists/106"},"list_position":14,"constituency":{},"mandate_won":"list"},"fraction_membership":[{"id":7689,"entity_type":"fraction_membership","label":"CDU/CSU","fraction":{"id":81,"entity_type":"fraction","label":"CDU/CSU (Bundestag 2017 - 2021)","api_url":"https://www.abgeordnetenwatch.de/api/v2/fractions/81"}}],"party":{}},{"id":38641,"entity_type":"candidacy_mandate","label":"Nina Warken (Bundestag 2013-2017)","api_url":"https://www.abgeordnetenwatch.de/api/v2/candidacies-mandates/38641","type":"mandate","parliament_period":{"id":97,"entity_type":"parliament_period","label":"Bundestag 2013 - 2017","api_url":"https://www.abgeordnetenwatch.de/api/v2/parliament-periods/97","abgeordnetenwatch_url":"https://www.abgeordnetenwatch.de/bundestag/18"},"politician":{"id":78805,"entity_type":"politician","label":"Nina Warken","api_url":"https://www.abgeordnetenwatch.de/api/v2/politicians/78805","abgeordnetenwatch_url":"https://www.abgeordnetenwatch.de/profile/nina-warken"},"electoral_data":{"id":38641,"entity_type":"electoral_data","label":"Nina Warken (Bundestag 2013-2017)","electoral_list":{"id":26,"entity_type":"electoral_list","label":"Landesliste Baden-Württemberg (Bundestag 2013-2017)","api_url":"https://www.abgeordnetenwatch.de/api/v2/electoral-lists/26"},"list_position":14,"constituency":{},"mandate_won":"list"},"fraction_membership":[{"id":867,"entity_type":"fraction_membership","label":"CDU/CSU","fraction":{"id":111,"entity_type":"fraction","label":"CDU/CSU (Bundestag 2013-2017)","api_url":"https://www.abgeordnetenwatch.de/api/v2/fractions/111"}}],"party":{}}]
