[{"id":53953,"entity_type":"candidacy_mandate","label":"Kai Whittaker (Bundestag 2021 - 2025)","api_url":"https://www.abgeordnetenwatch.de/api/v2/candidacies-mandates/53953","id_external_administration":"1974","id_external_administration_description":"mdbID aus der info-xml-Datei der Bundestagsverwaltung","type":"mandate","parliament_period":{"id":132,"entity_type":"parliament_period","label":"Bundestag 2021 - 2025","api_url":"https://www.abgeordnetenwatch.de/api/v2/parliament-periods/132","abgeordnetenwatch_url":"https://www.abgeordnetenwatch.de/bundestag"},"politician":{"id":78817,"entity_type":"politician","label":"Kai Whittaker","api_url":"https://www.abgeordnetenwatch.de/api/v2/politicians/78817","abgeordnetenwatch_url":"https://www.abgeordnetenwatch.de/profile/kai-whittaker"},"electoral_data":{"id":54877,"entity_type":"electoral_data","label":"Kai Whittaker (Bundestag 2021 - 2025)","constituency":{"id":11013,"entity_type":"constituency","label":"273 - Rastatt (Bundestag 2021 - 2025)","api_url":"https://www.abgeordnetenwatch.de/api/v2/constituencies/11013"},"constituency_result":33,"mandate_won":"constituency"},"fraction_membership":[{"id":9800,"entity_type":"fraction_membership","label":"CDU/CSU","fraction":{"id":320,"entity_type":"fraction","label":"CDU/CSU (Bundestag 2021 - 2025)","api_url":"https://www.abgeordnetenwatch.de/api/v2/fractions/320"}}],"party":{}},{"id":49694,"entity_type":"candidacy_mandate","label":"Kai Whittaker (Bundestag Wahl 2021)","api_url":"https://www.abgeordnetenwatch.de/api/v2/candidacies-mandates/49694","type":"candidacy","parliament_period":{"id":128,"entity_type":"parliament_period","label":"Bundestag Wahl 2021","api_url":"https://www.abgeordnetenwatch.de/api/v2/parliament-periods/128","abgeordnetenwatch_url":"https://www.abgeordnetenwatch.de/bundestag/wahl-2021"},"politician":{"id":78817,"entity_type":"politician","label":"Kai Whittaker","api_url":"https://www.abgeordnetenwatch.de/api/v2/politicians/78817","abgeordnetenwatch_url":"https://www.abgeordnetenwatch.de/profile/kai-whittaker"},"electoral_data":{"id":50616,"entity_type":"electoral_data","label":"Kai Whittaker (Bundestag Wahl 2021)","constituency":{"id":10330,"entity_type":"constituency","label":"273 - Rastatt (Bundestag Wahl 2021)","api_url":"https://www.abgeordnetenwatch.de/api/v2/constituencies/10330"},"constituency_result":33.2,"constituency_result_count":50991,"mandate_won":"constituency"},"fraction_membership":{},"party":{"id":2,"entity_type":"party","label":"CDU","api_url":"https://www.abgeordnetenwatch.de/api/v2/parties/2"}},{"id":44619,"entity_type":"candidacy_mandate","label":"Kai Whittaker (Bundestag 2017 - 2021)","api_url":"https://www.abgeordnetenwatch.de/api/v2/candidacies-mandates/44619","id_external_administration":"1974","id_external_administration_description":"mdbID - ID der Bundestagsverwaltung","type":"mandate","parliament_period":{"id":111,"entity_type":"parliament_period","label":"Bundestag 2017 - 2021","api_url":"https://www.abgeordnetenwatch.de/api/v2/parliament-periods/111","abgeordnetenwatch_url":"https://www.abgeordnetenwatch.de/bundestag/19"},"politician":{"id":78817,"entity_type":"politician","label":"Kai Whittaker","api_url":"https://www.abgeordnetenwatch.de/api/v2/politicians/78817","abgeordnetenwatch_url":"https://www.abgeordnetenwatch.de/profile/kai-whittaker"},"electoral_data":{"id":44619,"entity_type":"electoral_data","label":"Kai Whittaker (Bundestag 2017 - 2021)","list_position":1,"constituency":{"id":4397,"entity_type":"constituency","label":"273 - Rastatt (Bundestag 2017 - 2021)","api_url":"https://www.abgeordnetenwatch.de/api/v2/constituencies/4397"},"constituency_result":44.1,"mandate_won":"constituency"},"fraction_membership":[{"id":6864,"entity_type":"fraction_membership","label":"CDU/CSU","fraction":{"id":81,"entity_type":"fraction","label":"CDU/CSU (Bundestag 2017 - 2021)","api_url":"https://www.abgeordnetenwatch.de/api/v2/fractions/81"}}],"party":{}},{"id":38657,"entity_type":"candidacy_mandate","label":"Kai Whittaker (Bundestag 2013-2017)","api_url":"https://www.abgeordnetenwatch.de/api/v2/candidacies-mandates/38657","type":"mandate","parliament_period":{"id":97,"entity_type":"parliament_period","label":"Bundestag 2013 - 2017","api_url":"https://www.abgeordnetenwatch.de/api/v2/parliament-periods/97","abgeordnetenwatch_url":"https://www.abgeordnetenwatch.de/bundestag/18"},"politician":{"id":78817,"entity_type":"politician","label":"Kai Whittaker","api_url":"https://www.abgeordnetenwatch.de/api/v2/politicians/78817","abgeordnetenwatch_url":"https://www.abgeordnetenwatch.de/profile/kai-whittaker"},"electoral_data":{"id":38657,"entity_type":"electoral_data","label":"Kai Whittaker (Bundestag 2013-2017)","constituency":{"id":212,"entity_type":"constituency","label":"273 - Rastatt (Bundestag 2013-2017)","api_url":"https://www.abgeordnetenwatch.de/api/v2/constituencies/212"},"constituency_result":53.5,"mandate_won":"constituency"},"fraction_membership":[{"id":883,"entity_type":"fraction_membership","label":"CDU/CSU","fraction":{"id":111,"entity_type":"fraction","label":"CDU/CSU (Bundestag 2013-2017)","api_url":"https://www.abgeordnetenwatch.de/api/v2/fractions/111"}}],"party":{}},{"id":5185,"entity_type":"candidacy_mandate","label":"Kai Whittaker (Bundestag Wahl 2017)","api_url":"https://www.abgeordnetenwatch.de/api/v2/candidacies-mandates/5185","type":"candidacy","parliament_period":{"id":50,"entity_type":"parliament_period","label":"Bundestag Wahl 2017","api_url":"https://www.abgeordnetenwatch.de/api/v2/parliament-periods/50","abgeordnetenwatch_url":"https://www.abgeordnetenwatch.de/bundestag/wahl-2017"},"politician":{"id":78817,"entity_type":"politician","label":"Kai Whittaker","api_url":"https://www.abgeordnetenwatch.de/api/v2/politicians/78817","abgeordnetenwatch_url":"https://www.abgeordnetenwatch.de/profile/kai-whittaker"},"electoral_data":{"id":5185,"entity_type":"electoral_data","label":"Kai Whittaker (Bundestag Wahl 2017)","constituency":{"id":9283,"entity_type":"constituency","label":"273 - Rastatt (Bundestag Wahl 2017)","api_url":"https://www.abgeordnetenwatch.de/api/v2/constituencies/9283"},"constituency_result":44.1,"mandate_won":"constituency"},"fraction_membership":{},"party":{"id":2,"entity_type":"party","label":"CDU","api_url":"https://www.abgeordnetenwatch.de/api/v2/parties/2"}},{"id":5184,"entity_type":"candidacy_mandate","label":"Kai Whittaker (Bundestag Wahl 2013)","api_url":"https://www.abgeordnetenwatch.de/api/v2/candidacies-mandates/5184","type":"candidacy","parliament_period":{"id":36,"entity_type":"parliament_period","label":"Bundestag Wahl 2013","api_url":"https://www.abgeordnetenwatch.de/api/v2/parliament-periods/36","abgeordnetenwatch_url":"https://www.abgeordnetenwatch.de/bundestag/wahl-2013"},"politician":{"id":78817,"entity_type":"politician","label":"Kai Whittaker","api_url":"https://www.abgeordnetenwatch.de/api/v2/politicians/78817","abgeordnetenwatch_url":"https://www.abgeordnetenwatch.de/profile/kai-whittaker"},"electoral_data":{"id":5184,"entity_type":"electoral_data","label":"Kai Whittaker (Bundestag Wahl 2013)","constituency":{"id":5098,"entity_type":"constituency","label":"273 - Rastatt (Bundestag Wahl 2013)","api_url":"https://www.abgeordnetenwatch.de/api/v2/constituencies/5098"},"constituency_result":53.5,"mandate_won":"constituency"},"fraction_membership":{},"party":{"id":2,"entity_type":"party","label":"CDU","api_url":"https://www.abgeordnetenwatch.de/api/v2/parties/2"}}]
