[{"id":54082,"entity_type":"candidacy_mandate","label":"Johann Wadephul (Bundestag 2021 - 2025)","api_url":"https://www.abgeordnetenwatch.de/api/v2/candidacies-mandates/54082","id_external_administration":"1723","id_external_administration_description":"mdbID aus der info-xml-Datei der Bundestagsverwaltung","type":"mandate","parliament_period":{"id":132,"entity_type":"parliament_period","label":"Bundestag 2021 - 2025","api_url":"https://www.abgeordnetenwatch.de/api/v2/parliament-periods/132","abgeordnetenwatch_url":"https://www.abgeordnetenwatch.de/bundestag"},"politician":{"id":78818,"entity_type":"politician","label":"Johann Wadephul","api_url":"https://www.abgeordnetenwatch.de/api/v2/politicians/78818","abgeordnetenwatch_url":"https://www.abgeordnetenwatch.de/profile/johann-wadephul"},"electoral_data":{"id":55006,"entity_type":"electoral_data","label":"Johann Wadephul (Bundestag 2021 - 2025)","electoral_list":{"id":424,"entity_type":"electoral_list","label":"Landesliste Schleswig-Holstein (Bundestag 2021 - 2025)","api_url":"https://www.abgeordnetenwatch.de/api/v2/electoral-lists/424"},"list_position":1,"constituency":{"id":10744,"entity_type":"constituency","label":"4 - Rendsburg-Eckernförde (Bundestag 2021 - 2025)","api_url":"https://www.abgeordnetenwatch.de/api/v2/constituencies/10744"},"constituency_result":29.7,"mandate_won":"list"},"fraction_membership":[{"id":9929,"entity_type":"fraction_membership","label":"CDU/CSU","fraction":{"id":320,"entity_type":"fraction","label":"CDU/CSU (Bundestag 2021 - 2025)","api_url":"https://www.abgeordnetenwatch.de/api/v2/fractions/320"}}],"party":{}},{"id":49960,"entity_type":"candidacy_mandate","label":"Johann Wadephul (Bundestag Wahl 2021)","api_url":"https://www.abgeordnetenwatch.de/api/v2/candidacies-mandates/49960","type":"candidacy","parliament_period":{"id":128,"entity_type":"parliament_period","label":"Bundestag Wahl 2021","api_url":"https://www.abgeordnetenwatch.de/api/v2/parliament-periods/128","abgeordnetenwatch_url":"https://www.abgeordnetenwatch.de/bundestag/wahl-2021"},"politician":{"id":78818,"entity_type":"politician","label":"Johann Wadephul","api_url":"https://www.abgeordnetenwatch.de/api/v2/politicians/78818","abgeordnetenwatch_url":"https://www.abgeordnetenwatch.de/profile/johann-wadephul"},"electoral_data":{"id":50882,"entity_type":"electoral_data","label":"Johann Wadephul (Bundestag Wahl 2021)","electoral_list":{},"constituency":{"id":10061,"entity_type":"constituency","label":"4 - Rendsburg-Eckernförde (Bundestag Wahl 2021)","api_url":"https://www.abgeordnetenwatch.de/api/v2/constituencies/10061"},"constituency_result":29.7},"fraction_membership":{},"party":{"id":2,"entity_type":"party","label":"CDU","api_url":"https://www.abgeordnetenwatch.de/api/v2/parties/2"}},{"id":44070,"entity_type":"candidacy_mandate","label":"Johann Wadephul (Bundestag 2017 - 2021)","api_url":"https://www.abgeordnetenwatch.de/api/v2/candidacies-mandates/44070","id_external_administration":"1723","id_external_administration_description":"mdbID - ID der Bundestagsverwaltung","type":"mandate","parliament_period":{"id":111,"entity_type":"parliament_period","label":"Bundestag 2017 - 2021","api_url":"https://www.abgeordnetenwatch.de/api/v2/parliament-periods/111","abgeordnetenwatch_url":"https://www.abgeordnetenwatch.de/bundestag/19"},"politician":{"id":78818,"entity_type":"politician","label":"Johann Wadephul","api_url":"https://www.abgeordnetenwatch.de/api/v2/politicians/78818","abgeordnetenwatch_url":"https://www.abgeordnetenwatch.de/profile/johann-wadephul"},"electoral_data":{"id":44070,"entity_type":"electoral_data","label":"Johann Wadephul (Bundestag 2017 - 2021)","electoral_list":{"id":120,"entity_type":"electoral_list","label":"Landesliste Schleswig-Holstein (Bundestag 2017 - 2021)","api_url":"https://www.abgeordnetenwatch.de/api/v2/electoral-lists/120"},"list_position":1,"constituency":{"id":4128,"entity_type":"constituency","label":"4 - Rendsburg-Eckernförde (Bundestag 2017 - 2021)","api_url":"https://www.abgeordnetenwatch.de/api/v2/constituencies/4128"},"constituency_result":42.7,"mandate_won":"constituency"},"fraction_membership":[{"id":6305,"entity_type":"fraction_membership","label":"CDU/CSU","fraction":{"id":81,"entity_type":"fraction","label":"CDU/CSU (Bundestag 2017 - 2021)","api_url":"https://www.abgeordnetenwatch.de/api/v2/fractions/81"}}],"party":{}},{"id":38659,"entity_type":"candidacy_mandate","label":"Johann Wadephul (Bundestag 2013-2017)","api_url":"https://www.abgeordnetenwatch.de/api/v2/candidacies-mandates/38659","type":"mandate","parliament_period":{"id":97,"entity_type":"parliament_period","label":"Bundestag 2013 - 2017","api_url":"https://www.abgeordnetenwatch.de/api/v2/parliament-periods/97","abgeordnetenwatch_url":"https://www.abgeordnetenwatch.de/bundestag/18"},"politician":{"id":78818,"entity_type":"politician","label":"Johann Wadephul","api_url":"https://www.abgeordnetenwatch.de/api/v2/politicians/78818","abgeordnetenwatch_url":"https://www.abgeordnetenwatch.de/profile/johann-wadephul"},"electoral_data":{"id":38659,"entity_type":"electoral_data","label":"Johann Wadephul (Bundestag 2013-2017)","electoral_list":{},"constituency":{"id":1238,"entity_type":"constituency","label":"4 - Rendsburg-Eckernförde (Bundestag 2013-2017)","api_url":"https://www.abgeordnetenwatch.de/api/v2/constituencies/1238"},"constituency_result":45.2,"mandate_won":"constituency"},"fraction_membership":[{"id":885,"entity_type":"fraction_membership","label":"CDU/CSU","fraction":{"id":111,"entity_type":"fraction","label":"CDU/CSU (Bundestag 2013-2017)","api_url":"https://www.abgeordnetenwatch.de/api/v2/fractions/111"}}],"party":{}},{"id":38658,"entity_type":"candidacy_mandate","label":"Johann Wadephul (Bundestag 2009-2013)","api_url":"https://www.abgeordnetenwatch.de/api/v2/candidacies-mandates/38658","type":"mandate","parliament_period":{"id":83,"entity_type":"parliament_period","label":"Bundestag 2009 - 2013","api_url":"https://www.abgeordnetenwatch.de/api/v2/parliament-periods/83","abgeordnetenwatch_url":"https://www.abgeordnetenwatch.de/bundestag/17"},"politician":{"id":78818,"entity_type":"politician","label":"Johann Wadephul","api_url":"https://www.abgeordnetenwatch.de/api/v2/politicians/78818","abgeordnetenwatch_url":"https://www.abgeordnetenwatch.de/profile/johann-wadephul"},"electoral_data":{"id":38658,"entity_type":"electoral_data","label":"Johann Wadephul (Bundestag 2009-2013)","electoral_list":{"id":69,"entity_type":"electoral_list","label":"Landesliste Schleswig-Holstein (Bundestag 2009-2013)","api_url":"https://www.abgeordnetenwatch.de/api/v2/electoral-lists/69"},"list_position":1,"constituency":{"id":1734,"entity_type":"constituency","label":"4 - Rendsburg-Eckernförde (Bundestag 2009-2013)","api_url":"https://www.abgeordnetenwatch.de/api/v2/constituencies/1734"},"constituency_result":40.2},"fraction_membership":[{"id":884,"entity_type":"fraction_membership","label":"CDU/CSU","fraction":{"id":112,"entity_type":"fraction","label":"CDU/CSU (Bundestag 2009-2013)","api_url":"https://www.abgeordnetenwatch.de/api/v2/fractions/112"}}],"party":{}},{"id":5188,"entity_type":"candidacy_mandate","label":"Johann Wadephul (Bundestag Wahl 2017)","api_url":"https://www.abgeordnetenwatch.de/api/v2/candidacies-mandates/5188","type":"candidacy","parliament_period":{"id":50,"entity_type":"parliament_period","label":"Bundestag Wahl 2017","api_url":"https://www.abgeordnetenwatch.de/api/v2/parliament-periods/50","abgeordnetenwatch_url":"https://www.abgeordnetenwatch.de/bundestag/wahl-2017"},"politician":{"id":78818,"entity_type":"politician","label":"Johann Wadephul","api_url":"https://www.abgeordnetenwatch.de/api/v2/politicians/78818","abgeordnetenwatch_url":"https://www.abgeordnetenwatch.de/profile/johann-wadephul"},"electoral_data":{"id":5188,"entity_type":"electoral_data","label":"Johann Wadephul (Bundestag Wahl 2017)","electoral_list":{"id":279,"entity_type":"electoral_list","label":"Landesliste Schleswig-Holstein (Bundestag Wahl 2017)","api_url":"https://www.abgeordnetenwatch.de/api/v2/electoral-lists/279"},"list_position":1,"constituency":{"id":9014,"entity_type":"constituency","label":"4 - Rendsburg-Eckernförde (Bundestag Wahl 2017)","api_url":"https://www.abgeordnetenwatch.de/api/v2/constituencies/9014"},"constituency_result":42.7,"mandate_won":"constituency"},"fraction_membership":{},"party":{"id":2,"entity_type":"party","label":"CDU","api_url":"https://www.abgeordnetenwatch.de/api/v2/parties/2"}},{"id":5187,"entity_type":"candidacy_mandate","label":"Johann Wadephul (Bundestag Wahl 2013)","api_url":"https://www.abgeordnetenwatch.de/api/v2/candidacies-mandates/5187","type":"candidacy","parliament_period":{"id":36,"entity_type":"parliament_period","label":"Bundestag Wahl 2013","api_url":"https://www.abgeordnetenwatch.de/api/v2/parliament-periods/36","abgeordnetenwatch_url":"https://www.abgeordnetenwatch.de/bundestag/wahl-2013"},"politician":{"id":78818,"entity_type":"politician","label":"Johann Wadephul","api_url":"https://www.abgeordnetenwatch.de/api/v2/politicians/78818","abgeordnetenwatch_url":"https://www.abgeordnetenwatch.de/profile/johann-wadephul"},"electoral_data":{"id":5187,"entity_type":"electoral_data","label":"Johann Wadephul (Bundestag Wahl 2013)","electoral_list":{},"constituency":{"id":6124,"entity_type":"constituency","label":"4 - Rendsburg-Eckernförde (Bundestag Wahl 2013)","api_url":"https://www.abgeordnetenwatch.de/api/v2/constituencies/6124"},"constituency_result":45.2,"mandate_won":"constituency"},"fraction_membership":{},"party":{"id":2,"entity_type":"party","label":"CDU","api_url":"https://www.abgeordnetenwatch.de/api/v2/parties/2"}},{"id":5186,"entity_type":"candidacy_mandate","label":"Johann Wadephul (Bundestag Wahl 2009)","api_url":"https://www.abgeordnetenwatch.de/api/v2/candidacies-mandates/5186","type":"candidacy","parliament_period":{"id":22,"entity_type":"parliament_period","label":"Bundestag Wahl 2009","api_url":"https://www.abgeordnetenwatch.de/api/v2/parliament-periods/22","abgeordnetenwatch_url":"https://www.abgeordnetenwatch.de/bundestag/wahl-2009"},"politician":{"id":78818,"entity_type":"politician","label":"Johann Wadephul","api_url":"https://www.abgeordnetenwatch.de/api/v2/politicians/78818","abgeordnetenwatch_url":"https://www.abgeordnetenwatch.de/profile/johann-wadephul"},"electoral_data":{"id":5186,"entity_type":"electoral_data","label":"Johann Wadephul (Bundestag Wahl 2009)","electoral_list":{},"list_position":1,"constituency":{"id":6620,"entity_type":"constituency","label":"4 - Rendsburg-Eckernförde (Bundestag Wahl 2009)","api_url":"https://www.abgeordnetenwatch.de/api/v2/constituencies/6620"},"constituency_result":40.2,"mandate_won":"constituency"},"fraction_membership":{},"party":{"id":2,"entity_type":"party","label":"CDU","api_url":"https://www.abgeordnetenwatch.de/api/v2/parties/2"}}]
