[{"id":53931,"entity_type":"candidacy_mandate","label":"Artur Auernhammer (Bundestag 2021 - 2025)","api_url":"https://www.abgeordnetenwatch.de/api/v2/candidacies-mandates/53931","id_external_administration":"1773","id_external_administration_description":"mdbID aus der info-xml-Datei der Bundestagsverwaltung","type":"mandate","parliament_period":{"id":132,"entity_type":"parliament_period","label":"Bundestag 2021 - 2025","api_url":"https://www.abgeordnetenwatch.de/api/v2/parliament-periods/132","abgeordnetenwatch_url":"https://www.abgeordnetenwatch.de/bundestag"},"politician":{"id":78810,"entity_type":"politician","label":"Artur Auernhammer","api_url":"https://www.abgeordnetenwatch.de/api/v2/politicians/78810","abgeordnetenwatch_url":"https://www.abgeordnetenwatch.de/profile/artur-auernhammer"},"electoral_data":{"id":54855,"entity_type":"electoral_data","label":"Artur Auernhammer (Bundestag 2021 - 2025)","electoral_list":{},"constituency":{"id":10981,"entity_type":"constituency","label":"241 - Ansbach (Bundestag 2021 - 2025)","api_url":"https://www.abgeordnetenwatch.de/api/v2/constituencies/10981"},"constituency_result":38,"mandate_won":"constituency"},"fraction_membership":[{"id":9778,"entity_type":"fraction_membership","label":"CDU/CSU","fraction":{"id":320,"entity_type":"fraction","label":"CDU/CSU (Bundestag 2021 - 2025)","api_url":"https://www.abgeordnetenwatch.de/api/v2/fractions/320"}}],"party":{}},{"id":49691,"entity_type":"candidacy_mandate","label":"Artur Auernhammer (Bundestag Wahl 2021)","api_url":"https://www.abgeordnetenwatch.de/api/v2/candidacies-mandates/49691","type":"candidacy","parliament_period":{"id":128,"entity_type":"parliament_period","label":"Bundestag Wahl 2021","api_url":"https://www.abgeordnetenwatch.de/api/v2/parliament-periods/128","abgeordnetenwatch_url":"https://www.abgeordnetenwatch.de/bundestag/wahl-2021"},"politician":{"id":78810,"entity_type":"politician","label":"Artur Auernhammer","api_url":"https://www.abgeordnetenwatch.de/api/v2/politicians/78810","abgeordnetenwatch_url":"https://www.abgeordnetenwatch.de/profile/artur-auernhammer"},"electoral_data":{"id":50613,"entity_type":"electoral_data","label":"Artur Auernhammer (Bundestag Wahl 2021)","electoral_list":{},"constituency":{"id":10298,"entity_type":"constituency","label":"241 - Ansbach (Bundestag Wahl 2021)","api_url":"https://www.abgeordnetenwatch.de/api/v2/constituencies/10298"},"constituency_result":38.4},"fraction_membership":{},"party":{"id":3,"entity_type":"party","label":"CSU","api_url":"https://www.abgeordnetenwatch.de/api/v2/parties/3"}},{"id":46196,"entity_type":"candidacy_mandate","label":"Artur Auernhammer (Bundestag 2017 - 2021)","api_url":"https://www.abgeordnetenwatch.de/api/v2/candidacies-mandates/46196","id_external_administration":"1773","id_external_administration_description":"mdbID - ID der Bundestagsverwaltung","type":"mandate","parliament_period":{"id":111,"entity_type":"parliament_period","label":"Bundestag 2017 - 2021","api_url":"https://www.abgeordnetenwatch.de/api/v2/parliament-periods/111","abgeordnetenwatch_url":"https://www.abgeordnetenwatch.de/bundestag/19"},"politician":{"id":78810,"entity_type":"politician","label":"Artur Auernhammer","api_url":"https://www.abgeordnetenwatch.de/api/v2/politicians/78810","abgeordnetenwatch_url":"https://www.abgeordnetenwatch.de/profile/artur-auernhammer"},"electoral_data":{"id":46196,"entity_type":"electoral_data","label":"Artur Auernhammer (Bundestag 2017 - 2021)","electoral_list":{"id":107,"entity_type":"electoral_list","label":"Landesliste Bayern (Bundestag 2017 - 2021)","api_url":"https://www.abgeordnetenwatch.de/api/v2/electoral-lists/107"},"list_position":38,"constituency":{"id":4365,"entity_type":"constituency","label":"241 - Ansbach (Bundestag 2017 - 2021)","api_url":"https://www.abgeordnetenwatch.de/api/v2/constituencies/4365"},"constituency_result":44.3,"mandate_won":"constituency"},"fraction_membership":[{"id":8494,"entity_type":"fraction_membership","label":"CDU/CSU","fraction":{"id":81,"entity_type":"fraction","label":"CDU/CSU (Bundestag 2017 - 2021)","api_url":"https://www.abgeordnetenwatch.de/api/v2/fractions/81"}}],"party":{}},{"id":38647,"entity_type":"candidacy_mandate","label":"Artur Auernhammer (Bundestag 2013-2017)","api_url":"https://www.abgeordnetenwatch.de/api/v2/candidacies-mandates/38647","type":"mandate","parliament_period":{"id":97,"entity_type":"parliament_period","label":"Bundestag 2013 - 2017","api_url":"https://www.abgeordnetenwatch.de/api/v2/parliament-periods/97","abgeordnetenwatch_url":"https://www.abgeordnetenwatch.de/bundestag/18"},"politician":{"id":78810,"entity_type":"politician","label":"Artur Auernhammer","api_url":"https://www.abgeordnetenwatch.de/api/v2/politicians/78810","abgeordnetenwatch_url":"https://www.abgeordnetenwatch.de/profile/artur-auernhammer"},"electoral_data":{"id":38647,"entity_type":"electoral_data","label":"Artur Auernhammer (Bundestag 2013-2017)","electoral_list":{"id":27,"entity_type":"electoral_list","label":"Landesliste Bayern (Bundestag 2013-2017)","api_url":"https://www.abgeordnetenwatch.de/api/v2/electoral-lists/27"},"constituency":{},"mandate_won":"list"},"fraction_membership":[{"id":873,"entity_type":"fraction_membership","label":"CDU/CSU","fraction":{"id":111,"entity_type":"fraction","label":"CDU/CSU (Bundestag 2013-2017)","api_url":"https://www.abgeordnetenwatch.de/api/v2/fractions/111"}}],"party":{}},{"id":5174,"entity_type":"candidacy_mandate","label":"Artur Auernhammer (Bundestag Wahl 2017)","api_url":"https://www.abgeordnetenwatch.de/api/v2/candidacies-mandates/5174","type":"candidacy","parliament_period":{"id":50,"entity_type":"parliament_period","label":"Bundestag Wahl 2017","api_url":"https://www.abgeordnetenwatch.de/api/v2/parliament-periods/50","abgeordnetenwatch_url":"https://www.abgeordnetenwatch.de/bundestag/wahl-2017"},"politician":{"id":78810,"entity_type":"politician","label":"Artur Auernhammer","api_url":"https://www.abgeordnetenwatch.de/api/v2/politicians/78810","abgeordnetenwatch_url":"https://www.abgeordnetenwatch.de/profile/artur-auernhammer"},"electoral_data":{"id":5174,"entity_type":"electoral_data","label":"Artur Auernhammer (Bundestag Wahl 2017)","electoral_list":{"id":266,"entity_type":"electoral_list","label":"Landesliste Bayern (Bundestag Wahl 2017)","api_url":"https://www.abgeordnetenwatch.de/api/v2/electoral-lists/266"},"list_position":38,"constituency":{"id":9251,"entity_type":"constituency","label":"241 - Ansbach (Bundestag Wahl 2017)","api_url":"https://www.abgeordnetenwatch.de/api/v2/constituencies/9251"},"constituency_result":44.3,"mandate_won":"constituency"},"fraction_membership":{},"party":{"id":3,"entity_type":"party","label":"CSU","api_url":"https://www.abgeordnetenwatch.de/api/v2/parties/3"}}]
