[{"id":46546,"entity_type":"candidacy_mandate","label":"Tobias Zech (Bundestag 2017 - 2021)","api_url":"https://www.abgeordnetenwatch.de/api/v2/candidacies-mandates/46546","id_external_administration":"1982","id_external_administration_description":"mdbID aus der info-xml-Datei der Bundestagsverwaltung","type":"mandate","parliament_period":{"id":111,"entity_type":"parliament_period","label":"Bundestag 2017 - 2021","api_url":"https://www.abgeordnetenwatch.de/api/v2/parliament-periods/111","abgeordnetenwatch_url":"https://www.abgeordnetenwatch.de/bundestag/19"},"politician":{"id":78811,"entity_type":"politician","label":"Tobias Zech","api_url":"https://www.abgeordnetenwatch.de/api/v2/politicians/78811","abgeordnetenwatch_url":"https://www.abgeordnetenwatch.de/profile/tobias-zech"},"start_date":"2020-05-25","end_date":"2021-03-18","electoral_data":{"id":46999,"entity_type":"electoral_data","label":"Tobias Zech (Bundestag 2017 - 2021)","electoral_list":{},"mandate_won":"moved_up"},"fraction_membership":[{"id":8805,"entity_type":"fraction_membership","label":"CDU/CSU","fraction":{"id":81,"entity_type":"fraction","label":"CDU/CSU (Bundestag 2017 - 2021)","api_url":"https://www.abgeordnetenwatch.de/api/v2/fractions/81"}}]},{"id":38648,"entity_type":"candidacy_mandate","label":"Tobias Zech (Bundestag 2013-2017)","api_url":"https://www.abgeordnetenwatch.de/api/v2/candidacies-mandates/38648","type":"mandate","parliament_period":{"id":97,"entity_type":"parliament_period","label":"Bundestag 2013 - 2017","api_url":"https://www.abgeordnetenwatch.de/api/v2/parliament-periods/97","abgeordnetenwatch_url":"https://www.abgeordnetenwatch.de/bundestag/18"},"politician":{"id":78811,"entity_type":"politician","label":"Tobias Zech","api_url":"https://www.abgeordnetenwatch.de/api/v2/politicians/78811","abgeordnetenwatch_url":"https://www.abgeordnetenwatch.de/profile/tobias-zech"},"electoral_data":{"id":38648,"entity_type":"electoral_data","label":"Tobias Zech (Bundestag 2013-2017)","electoral_list":{"id":27,"entity_type":"electoral_list","label":"Landesliste Bayern (Bundestag 2013-2017)","api_url":"https://www.abgeordnetenwatch.de/api/v2/electoral-lists/27"},"list_position":33,"mandate_won":"list"},"fraction_membership":[{"id":874,"entity_type":"fraction_membership","label":"CDU/CSU","fraction":{"id":111,"entity_type":"fraction","label":"CDU/CSU (Bundestag 2013-2017)","api_url":"https://www.abgeordnetenwatch.de/api/v2/fractions/111"}}]}]
