[{"id":54092,"entity_type":"candidacy_mandate","label":"Konstantin von Notz (Bundestag 2021 - 2025)","api_url":"https://www.abgeordnetenwatch.de/api/v2/candidacies-mandates/54092","id_external_administration":"1622","id_external_administration_description":"mdbID aus der info-xml-Datei der Bundestagsverwaltung","type":"mandate","parliament_period":{"id":132,"entity_type":"parliament_period","label":"Bundestag 2021 - 2025","api_url":"https://www.abgeordnetenwatch.de/api/v2/parliament-periods/132","abgeordnetenwatch_url":"https://www.abgeordnetenwatch.de/bundestag"},"politician":{"id":78819,"entity_type":"politician","label":"Konstantin von Notz","api_url":"https://www.abgeordnetenwatch.de/api/v2/politicians/78819","abgeordnetenwatch_url":"https://www.abgeordnetenwatch.de/profile/konstantin-von-notz"},"electoral_data":{"id":55016,"entity_type":"electoral_data","label":"Konstantin von Notz (Bundestag 2021 - 2025)","electoral_list":{"id":424,"entity_type":"electoral_list","label":"Landesliste Schleswig-Holstein (Bundestag 2021 - 2025)","api_url":"https://www.abgeordnetenwatch.de/api/v2/electoral-lists/424"},"list_position":4,"constituency":{"id":10750,"entity_type":"constituency","label":"10 - Herzogtum Lauenburg - Stormarn-Süd (Bundestag 2021 - 2025)","api_url":"https://www.abgeordnetenwatch.de/api/v2/constituencies/10750"},"constituency_result":17.4,"mandate_won":"list"},"fraction_membership":[{"id":9939,"entity_type":"fraction_membership","label":"BÜNDNIS 90/DIE GRÜNEN","fraction":{"id":321,"entity_type":"fraction","label":"BÜNDNIS 90/DIE GRÜNEN (Bundestag 2021 - 2025)","api_url":"https://www.abgeordnetenwatch.de/api/v2/fractions/321"}}],"party":{}},{"id":49108,"entity_type":"candidacy_mandate","label":"Konstantin von Notz (Bundestag Wahl 2021)","api_url":"https://www.abgeordnetenwatch.de/api/v2/candidacies-mandates/49108","type":"candidacy","parliament_period":{"id":128,"entity_type":"parliament_period","label":"Bundestag Wahl 2021","api_url":"https://www.abgeordnetenwatch.de/api/v2/parliament-periods/128","abgeordnetenwatch_url":"https://www.abgeordnetenwatch.de/bundestag/wahl-2021"},"politician":{"id":78819,"entity_type":"politician","label":"Konstantin von Notz","api_url":"https://www.abgeordnetenwatch.de/api/v2/politicians/78819","abgeordnetenwatch_url":"https://www.abgeordnetenwatch.de/profile/konstantin-von-notz"},"electoral_data":{"id":50030,"entity_type":"electoral_data","label":"Konstantin von Notz (Bundestag Wahl 2021)","electoral_list":{"id":370,"entity_type":"electoral_list","label":"Landesliste Schleswig-Holstein (Bundestag Wahl 2021)","api_url":"https://www.abgeordnetenwatch.de/api/v2/electoral-lists/370"},"list_position":4,"constituency":{"id":10067,"entity_type":"constituency","label":"10 - Herzogtum Lauenburg - Stormarn-Süd (Bundestag Wahl 2021)","api_url":"https://www.abgeordnetenwatch.de/api/v2/constituencies/10067"},"constituency_result":17.4,"constituency_result_count":33949,"mandate_won":"list"},"fraction_membership":{},"party":{"id":5,"entity_type":"party","label":"Bündnis 90/Die Grünen","api_url":"https://www.abgeordnetenwatch.de/api/v2/parties/5"}},{"id":44579,"entity_type":"candidacy_mandate","label":"Konstantin von Notz (Bundestag 2017 - 2021)","api_url":"https://www.abgeordnetenwatch.de/api/v2/candidacies-mandates/44579","id_external_administration":"1622","id_external_administration_description":"mdbID - ID der Bundestagsverwaltung","type":"mandate","parliament_period":{"id":111,"entity_type":"parliament_period","label":"Bundestag 2017 - 2021","api_url":"https://www.abgeordnetenwatch.de/api/v2/parliament-periods/111","abgeordnetenwatch_url":"https://www.abgeordnetenwatch.de/bundestag/19"},"politician":{"id":78819,"entity_type":"politician","label":"Konstantin von Notz","api_url":"https://www.abgeordnetenwatch.de/api/v2/politicians/78819","abgeordnetenwatch_url":"https://www.abgeordnetenwatch.de/profile/konstantin-von-notz"},"electoral_data":{"id":44579,"entity_type":"electoral_data","label":"Konstantin von Notz (Bundestag 2017 - 2021)","electoral_list":{"id":120,"entity_type":"electoral_list","label":"Landesliste Schleswig-Holstein (Bundestag 2017 - 2021)","api_url":"https://www.abgeordnetenwatch.de/api/v2/electoral-lists/120"},"list_position":2,"constituency":{"id":4134,"entity_type":"constituency","label":"10 - Herzogtum Lauenburg - Stormarn-Süd (Bundestag 2017 - 2021)","api_url":"https://www.abgeordnetenwatch.de/api/v2/constituencies/4134"},"constituency_result":9.7,"mandate_won":"list"},"fraction_membership":[{"id":6824,"entity_type":"fraction_membership","label":"DIE GRÜNEN","fraction":{"id":153,"entity_type":"fraction","label":"DIE GRÜNEN (Bundestag 2017 - 2021)","api_url":"https://www.abgeordnetenwatch.de/api/v2/fractions/153"}}],"party":{}},{"id":38661,"entity_type":"candidacy_mandate","label":"Konstantin von Notz (Bundestag 2013-2017)","api_url":"https://www.abgeordnetenwatch.de/api/v2/candidacies-mandates/38661","type":"mandate","parliament_period":{"id":97,"entity_type":"parliament_period","label":"Bundestag 2013 - 2017","api_url":"https://www.abgeordnetenwatch.de/api/v2/parliament-periods/97","abgeordnetenwatch_url":"https://www.abgeordnetenwatch.de/bundestag/18"},"politician":{"id":78819,"entity_type":"politician","label":"Konstantin von Notz","api_url":"https://www.abgeordnetenwatch.de/api/v2/politicians/78819","abgeordnetenwatch_url":"https://www.abgeordnetenwatch.de/profile/konstantin-von-notz"},"electoral_data":{"id":38661,"entity_type":"electoral_data","label":"Konstantin von Notz (Bundestag 2013-2017)","electoral_list":{"id":39,"entity_type":"electoral_list","label":"Landesliste Schleswig-Holstein (Bundestag 2013-2017)","api_url":"https://www.abgeordnetenwatch.de/api/v2/electoral-lists/39"},"list_position":2,"constituency":{"id":1166,"entity_type":"constituency","label":"10 - Herzogtum Lauenburg - Stormarn-Süd (Bundestag 2013-2017)","api_url":"https://www.abgeordnetenwatch.de/api/v2/constituencies/1166"},"constituency_result":7,"mandate_won":"list"},"fraction_membership":[{"id":887,"entity_type":"fraction_membership","label":"DIE GRÜNEN","fraction":{"id":114,"entity_type":"fraction","label":"DIE GRÜNEN (Bundestag 2013-2017)","api_url":"https://www.abgeordnetenwatch.de/api/v2/fractions/114"}}],"party":{}},{"id":38660,"entity_type":"candidacy_mandate","label":"Konstantin von Notz (Bundestag 2009-2013)","api_url":"https://www.abgeordnetenwatch.de/api/v2/candidacies-mandates/38660","type":"mandate","parliament_period":{"id":83,"entity_type":"parliament_period","label":"Bundestag 2009 - 2013","api_url":"https://www.abgeordnetenwatch.de/api/v2/parliament-periods/83","abgeordnetenwatch_url":"https://www.abgeordnetenwatch.de/bundestag/17"},"politician":{"id":78819,"entity_type":"politician","label":"Konstantin von Notz","api_url":"https://www.abgeordnetenwatch.de/api/v2/politicians/78819","abgeordnetenwatch_url":"https://www.abgeordnetenwatch.de/profile/konstantin-von-notz"},"electoral_data":{"id":38660,"entity_type":"electoral_data","label":"Konstantin von Notz (Bundestag 2009-2013)","electoral_list":{"id":69,"entity_type":"electoral_list","label":"Landesliste Schleswig-Holstein (Bundestag 2009-2013)","api_url":"https://www.abgeordnetenwatch.de/api/v2/electoral-lists/69"},"list_position":2,"constituency":{"id":1637,"entity_type":"constituency","label":"10 - Herzogtum Lauenburg - Stormarn-Süd (Bundestag 2009-2013)","api_url":"https://www.abgeordnetenwatch.de/api/v2/constituencies/1637"},"constituency_result":10.57},"fraction_membership":[{"id":886,"entity_type":"fraction_membership","label":"DIE GRÜNEN","fraction":{"id":113,"entity_type":"fraction","label":"DIE GRÜNEN (Bundestag 2009-2013)","api_url":"https://www.abgeordnetenwatch.de/api/v2/fractions/113"}}],"party":{}},{"id":5192,"entity_type":"candidacy_mandate","label":"Konstantin von Notz (Bundestag Wahl 2017)","api_url":"https://www.abgeordnetenwatch.de/api/v2/candidacies-mandates/5192","type":"candidacy","parliament_period":{"id":50,"entity_type":"parliament_period","label":"Bundestag Wahl 2017","api_url":"https://www.abgeordnetenwatch.de/api/v2/parliament-periods/50","abgeordnetenwatch_url":"https://www.abgeordnetenwatch.de/bundestag/wahl-2017"},"politician":{"id":78819,"entity_type":"politician","label":"Konstantin von Notz","api_url":"https://www.abgeordnetenwatch.de/api/v2/politicians/78819","abgeordnetenwatch_url":"https://www.abgeordnetenwatch.de/profile/konstantin-von-notz"},"electoral_data":{"id":5192,"entity_type":"electoral_data","label":"Konstantin von Notz (Bundestag Wahl 2017)","electoral_list":{"id":279,"entity_type":"electoral_list","label":"Landesliste Schleswig-Holstein (Bundestag Wahl 2017)","api_url":"https://www.abgeordnetenwatch.de/api/v2/electoral-lists/279"},"list_position":2,"constituency":{"id":9020,"entity_type":"constituency","label":"10 - Herzogtum Lauenburg - Stormarn-Süd (Bundestag Wahl 2017)","api_url":"https://www.abgeordnetenwatch.de/api/v2/constituencies/9020"},"constituency_result":9.7,"mandate_won":"list"},"fraction_membership":{},"party":{"id":5,"entity_type":"party","label":"Bündnis 90/Die Grünen","api_url":"https://www.abgeordnetenwatch.de/api/v2/parties/5"}},{"id":5191,"entity_type":"candidacy_mandate","label":"Konstantin von Notz (Bundestag Wahl 2013)","api_url":"https://www.abgeordnetenwatch.de/api/v2/candidacies-mandates/5191","type":"candidacy","parliament_period":{"id":36,"entity_type":"parliament_period","label":"Bundestag Wahl 2013","api_url":"https://www.abgeordnetenwatch.de/api/v2/parliament-periods/36","abgeordnetenwatch_url":"https://www.abgeordnetenwatch.de/bundestag/wahl-2013"},"politician":{"id":78819,"entity_type":"politician","label":"Konstantin von Notz","api_url":"https://www.abgeordnetenwatch.de/api/v2/politicians/78819","abgeordnetenwatch_url":"https://www.abgeordnetenwatch.de/profile/konstantin-von-notz"},"electoral_data":{"id":5191,"entity_type":"electoral_data","label":"Konstantin von Notz (Bundestag Wahl 2013)","electoral_list":{},"list_position":2,"constituency":{"id":6052,"entity_type":"constituency","label":"10 - Herzogtum Lauenburg - Stormarn-Süd (Bundestag Wahl 2013)","api_url":"https://www.abgeordnetenwatch.de/api/v2/constituencies/6052"},"constituency_result":7,"mandate_won":"list"},"fraction_membership":{},"party":{"id":5,"entity_type":"party","label":"Bündnis 90/Die Grünen","api_url":"https://www.abgeordnetenwatch.de/api/v2/parties/5"}},{"id":5190,"entity_type":"candidacy_mandate","label":"Konstantin von Notz (Bundestag Wahl 2009)","api_url":"https://www.abgeordnetenwatch.de/api/v2/candidacies-mandates/5190","type":"candidacy","parliament_period":{"id":22,"entity_type":"parliament_period","label":"Bundestag Wahl 2009","api_url":"https://www.abgeordnetenwatch.de/api/v2/parliament-periods/22","abgeordnetenwatch_url":"https://www.abgeordnetenwatch.de/bundestag/wahl-2009"},"politician":{"id":78819,"entity_type":"politician","label":"Konstantin von Notz","api_url":"https://www.abgeordnetenwatch.de/api/v2/politicians/78819","abgeordnetenwatch_url":"https://www.abgeordnetenwatch.de/profile/konstantin-von-notz"},"electoral_data":{"id":5190,"entity_type":"electoral_data","label":"Konstantin von Notz (Bundestag Wahl 2009)","electoral_list":{},"constituency":{"id":6523,"entity_type":"constituency","label":"10 - Herzogtum Lauenburg - Stormarn-Süd (Bundestag Wahl 2009)","api_url":"https://www.abgeordnetenwatch.de/api/v2/constituencies/6523"},"constituency_result":10.57},"fraction_membership":{},"party":{"id":5,"entity_type":"party","label":"Bündnis 90/Die Grünen","api_url":"https://www.abgeordnetenwatch.de/api/v2/parties/5"}},{"id":5189,"entity_type":"candidacy_mandate","label":"Konstantin von Notz (Bundestag Wahl 2005)","api_url":"https://www.abgeordnetenwatch.de/api/v2/candidacies-mandates/5189","type":"candidacy","parliament_period":{"id":6,"entity_type":"parliament_period","label":"Bundestag Wahl 2005","api_url":"https://www.abgeordnetenwatch.de/api/v2/parliament-periods/6","abgeordnetenwatch_url":"https://www.abgeordnetenwatch.de/bundestag/wahl-2005"},"politician":{"id":78819,"entity_type":"politician","label":"Konstantin von Notz","api_url":"https://www.abgeordnetenwatch.de/api/v2/politicians/78819","abgeordnetenwatch_url":"https://www.abgeordnetenwatch.de/profile/konstantin-von-notz"},"electoral_data":{"id":5189,"entity_type":"electoral_data","label":"Konstantin von Notz (Bundestag Wahl 2005)","electoral_list":{},"constituency":{"id":6268,"entity_type":"constituency","label":"10 - Herzogtum Lauenburg - Stormarn-Süd (Bundestag Wahl 2005)","api_url":"https://www.abgeordnetenwatch.de/api/v2/constituencies/6268"},"constituency_result":5.1},"fraction_membership":{},"party":{"id":5,"entity_type":"party","label":"Bündnis 90/Die Grünen","api_url":"https://www.abgeordnetenwatch.de/api/v2/parties/5"}}]
