{"id":[78815],"entity_type":["politician"],"label":["Peter Altmaier"],"api_url":["https://www.abgeordnetenwatch.de/api/v2/politicians/78815"],"abgeordnetenwatch_url":["https://www.abgeordnetenwatch.de/profile/peter-altmaier"],"first_name":["Peter"],"last_name":["Altmaier"],"birth_name":{},"sex":["m"],"year_of_birth":[1958],"party":{"id":[2],"entity_type":["party"],"label":["CDU"],"api_url":["https://www.abgeordnetenwatch.de/api/v2/parties/2"]},"party_past":{},"deceased":{},"deceased_date":{},"education":["Volljurist"],"residence":{},"occupation":["Bundesminister für Wirtschaft und Energie, MdB"],"statistic_questions":[5],"statistic_questions_answered":{},"qid_wikidata":["Q65539"],"field_title":{}}
