{"id":[78824],"entity_type":["politician"],"label":["Petra Sitte"],"api_url":["https://www.abgeordnetenwatch.de/api/v2/politicians/78824"],"abgeordnetenwatch_url":["https://www.abgeordnetenwatch.de/profile/petra-sitte"],"first_name":["Petra"],"last_name":["Sitte"],"birth_name":{},"sex":["f"],"year_of_birth":[1960],"party":{"id":[8],"entity_type":["party"],"label":["DIE LINKE"],"api_url":["https://www.abgeordnetenwatch.de/api/v2/parties/8"]},"party_past":{},"deceased":{},"deceased_date":{},"education":["Dipl. Ökonomin"],"residence":{},"occupation":["MdB"],"statistic_questions":[6],"statistic_questions_answered":[4],"qid_wikidata":["Q1748314"],"field_title":{}}
