{"id":[78834],"entity_type":["politician"],"label":["Mahmut Özdemir"],"api_url":["https://www.abgeordnetenwatch.de/api/v2/politicians/78834"],"abgeordnetenwatch_url":["https://www.abgeordnetenwatch.de/profile/mahmut-oezdemir"],"first_name":["Mahmut"],"last_name":["Özdemir"],"birth_name":{},"sex":["m"],"year_of_birth":[1987],"party":{"id":[1],"entity_type":["party"],"label":["SPD"],"api_url":["https://www.abgeordnetenwatch.de/api/v2/parties/1"]},"party_past":{},"deceased":{},"deceased_date":{},"education":["Rechtsreferendar (beurlaubt)"],"residence":["Duisburg"],"occupation":["MdB"],"statistic_questions":[11],"statistic_questions_answered":[10],"qid_wikidata":["Q15648956"],"field_title":{}}
