{"id":[78841],"entity_type":["politician"],"label":["Marlene Mortler"],"api_url":["https://www.abgeordnetenwatch.de/api/v2/politicians/78841"],"abgeordnetenwatch_url":["https://www.abgeordnetenwatch.de/profile/marlene-mortler"],"first_name":["Marlene"],"last_name":["Mortler"],"birth_name":{},"sex":["f"],"year_of_birth":[1955],"party":{"id":[3],"entity_type":["party"],"label":["CSU"],"api_url":["https://www.abgeordnetenwatch.de/api/v2/parties/3"]},"party_past":{},"deceased":{},"deceased_date":{},"education":{},"residence":{},"occupation":["MdEP"],"statistic_questions":[8],"statistic_questions_answered":{},"qid_wikidata":["Q114033"],"field_title":{}}
