{"id":[78855],"entity_type":["politician"],"label":["Volkmar Klein"],"api_url":["https://www.abgeordnetenwatch.de/api/v2/politicians/78855"],"abgeordnetenwatch_url":["https://www.abgeordnetenwatch.de/profile/volkmar-klein"],"first_name":["Volkmar"],"last_name":["Klein"],"birth_name":{},"sex":["m"],"year_of_birth":[1960],"party":{"id":[2],"entity_type":["party"],"label":["CDU"],"api_url":["https://www.abgeordnetenwatch.de/api/v2/parties/2"]},"party_past":{},"education":["Diplom-Volkswirt"],"residence":{},"occupation":["Mitglied des Deutschen Bundestages"],"statistic_questions":[2],"statistic_questions_answered":[2],"qid_wikidata":["Q2531484"],"field_title":{}}
