{"id":[78851],"entity_type":["politician"],"label":["Katja Leikert"],"api_url":["https://www.abgeordnetenwatch.de/api/v2/politicians/78851"],"abgeordnetenwatch_url":["https://www.abgeordnetenwatch.de/profile/katja-leikert"],"first_name":["Katja"],"last_name":["Leikert"],"birth_name":{},"sex":["f"],"year_of_birth":[1975],"party":{"id":[2],"entity_type":["party"],"label":["CDU"],"api_url":["https://www.abgeordnetenwatch.de/api/v2/parties/2"]},"party_past":{},"deceased":{},"deceased_date":{},"education":["Politikwissenschaftlerin"],"residence":{},"occupation":["MdB"],"statistic_questions":[4],"statistic_questions_answered":{},"qid_wikidata":["Q15434284"],"field_title":["Dr."]}
