[{"id":48708,"entity_type":"candidacy_mandate","label":"Heike Hänsel (Bundestag Wahl 2021)","api_url":"https://www.abgeordnetenwatch.de/api/v2/candidacies-mandates/48708","type":"candidacy","parliament_period":{"id":128,"entity_type":"parliament_period","label":"Bundestag Wahl 2021","api_url":"https://www.abgeordnetenwatch.de/api/v2/parliament-periods/128","abgeordnetenwatch_url":"https://www.abgeordnetenwatch.de/bundestag/wahl-2021"},"politician":{"id":78861,"entity_type":"politician","label":"Heike Hänsel","api_url":"https://www.abgeordnetenwatch.de/api/v2/politicians/78861","abgeordnetenwatch_url":"https://www.abgeordnetenwatch.de/profile/heike-haensel"},"party":{"id":8,"entity_type":"party","label":"DIE LINKE","api_url":"https://www.abgeordnetenwatch.de/api/v2/parties/8"},"electoral_data":{"id":49630,"entity_type":"electoral_data","label":"Heike Hänsel (Bundestag Wahl 2021)","electoral_list":{"id":358,"entity_type":"electoral_list","label":"Landesliste Baden-Württemberg (Bundestag Wahl 2021)","api_url":"https://www.abgeordnetenwatch.de/api/v2/electoral-lists/358"},"list_position":5,"constituency":{"id":10347,"entity_type":"constituency","label":"290 - Tübingen (Bundestag Wahl 2021)","api_url":"https://www.abgeordnetenwatch.de/api/v2/constituencies/10347"},"constituency_result":4.7,"constituency_result_count":7525},"fraction_membership":{}},{"id":44531,"entity_type":"candidacy_mandate","label":"Heike Hänsel (Bundestag 2017 - 2021)","api_url":"https://www.abgeordnetenwatch.de/api/v2/candidacies-mandates/44531","id_external_administration":"1415","id_external_administration_description":"mdbID - ID der Bundestagsverwaltung","type":"mandate","parliament_period":{"id":111,"entity_type":"parliament_period","label":"Bundestag 2017 - 2021","api_url":"https://www.abgeordnetenwatch.de/api/v2/parliament-periods/111","abgeordnetenwatch_url":"https://www.abgeordnetenwatch.de/bundestag/19"},"politician":{"id":78861,"entity_type":"politician","label":"Heike Hänsel","api_url":"https://www.abgeordnetenwatch.de/api/v2/politicians/78861","abgeordnetenwatch_url":"https://www.abgeordnetenwatch.de/profile/heike-haensel"},"party":{},"electoral_data":{"id":44531,"entity_type":"electoral_data","label":"Heike Hänsel (Bundestag 2017 - 2021)","electoral_list":{"id":106,"entity_type":"electoral_list","label":"Landesliste Baden-Württemberg (Bundestag 2017 - 2021)","api_url":"https://www.abgeordnetenwatch.de/api/v2/electoral-lists/106"},"list_position":2,"constituency":{"id":4414,"entity_type":"constituency","label":"290 - Tübingen (Bundestag 2017 - 2021)","api_url":"https://www.abgeordnetenwatch.de/api/v2/constituencies/4414"},"constituency_result":8.8,"mandate_won":"list"},"fraction_membership":[{"id":6776,"entity_type":"fraction_membership","label":"DIE LINKE","fraction":{"id":41,"entity_type":"fraction","label":"DIE LINKE (Bundestag 2017 - 2021)","api_url":"https://www.abgeordnetenwatch.de/api/v2/fractions/41"}}]},{"id":38730,"entity_type":"candidacy_mandate","label":"Heike Hänsel (Bundestag 2013-2017)","api_url":"https://www.abgeordnetenwatch.de/api/v2/candidacies-mandates/38730","type":"mandate","parliament_period":{"id":97,"entity_type":"parliament_period","label":"Bundestag 2013 - 2017","api_url":"https://www.abgeordnetenwatch.de/api/v2/parliament-periods/97","abgeordnetenwatch_url":"https://www.abgeordnetenwatch.de/bundestag/18"},"politician":{"id":78861,"entity_type":"politician","label":"Heike Hänsel","api_url":"https://www.abgeordnetenwatch.de/api/v2/politicians/78861","abgeordnetenwatch_url":"https://www.abgeordnetenwatch.de/profile/heike-haensel"},"party":{},"electoral_data":{"id":38730,"entity_type":"electoral_data","label":"Heike Hänsel (Bundestag 2013-2017)","electoral_list":{"id":26,"entity_type":"electoral_list","label":"Landesliste Baden-Württemberg (Bundestag 2013-2017)","api_url":"https://www.abgeordnetenwatch.de/api/v2/electoral-lists/26"},"list_position":2,"constituency":{"id":226,"entity_type":"constituency","label":"290 - Tübingen (Bundestag 2013-2017)","api_url":"https://www.abgeordnetenwatch.de/api/v2/constituencies/226"},"constituency_result":6.5,"mandate_won":"list"},"fraction_membership":[{"id":956,"entity_type":"fraction_membership","label":"DIE LINKE","fraction":{"id":73,"entity_type":"fraction","label":"DIE LINKE (Bundestag 2013-2017)","api_url":"https://www.abgeordnetenwatch.de/api/v2/fractions/73"}}]},{"id":38729,"entity_type":"candidacy_mandate","label":"Heike Hänsel (Bundestag 2009-2013)","api_url":"https://www.abgeordnetenwatch.de/api/v2/candidacies-mandates/38729","type":"mandate","parliament_period":{"id":83,"entity_type":"parliament_period","label":"Bundestag 2009 - 2013","api_url":"https://www.abgeordnetenwatch.de/api/v2/parliament-periods/83","abgeordnetenwatch_url":"https://www.abgeordnetenwatch.de/bundestag/17"},"politician":{"id":78861,"entity_type":"politician","label":"Heike Hänsel","api_url":"https://www.abgeordnetenwatch.de/api/v2/politicians/78861","abgeordnetenwatch_url":"https://www.abgeordnetenwatch.de/profile/heike-haensel"},"party":{},"electoral_data":{"id":38729,"entity_type":"electoral_data","label":"Heike Hänsel (Bundestag 2009-2013)","electoral_list":{"id":56,"entity_type":"electoral_list","label":"Landesliste Baden-Württemberg (Bundestag 2009-2013)","api_url":"https://www.abgeordnetenwatch.de/api/v2/electoral-lists/56"},"list_position":2,"constituency":{"id":289,"entity_type":"constituency","label":"290 - Tübingen (Bundestag 2009-2013)","api_url":"https://www.abgeordnetenwatch.de/api/v2/constituencies/289"},"constituency_result":6.9},"fraction_membership":[{"id":955,"entity_type":"fraction_membership","label":"DIE LINKE","fraction":{"id":61,"entity_type":"fraction","label":"DIE LINKE (Bundestag 2009-2013)","api_url":"https://www.abgeordnetenwatch.de/api/v2/fractions/61"}}]},{"id":38728,"entity_type":"candidacy_mandate","label":"Heike Hänsel (Bundestag 2005-2009)","api_url":"https://www.abgeordnetenwatch.de/api/v2/candidacies-mandates/38728","type":"mandate","parliament_period":{"id":67,"entity_type":"parliament_period","label":"Bundestag 2005 - 2009","api_url":"https://www.abgeordnetenwatch.de/api/v2/parliament-periods/67","abgeordnetenwatch_url":"https://www.abgeordnetenwatch.de/bundestag/16"},"politician":{"id":78861,"entity_type":"politician","label":"Heike Hänsel","api_url":"https://www.abgeordnetenwatch.de/api/v2/politicians/78861","abgeordnetenwatch_url":"https://www.abgeordnetenwatch.de/profile/heike-haensel"},"party":{},"start_date":"2004-11-30","electoral_data":{"id":38728,"entity_type":"electoral_data","label":"Heike Hänsel (Bundestag 2005-2009)","electoral_list":{"id":41,"entity_type":"electoral_list","label":"Landesliste Baden-Württemberg (Bundestag 2005-2009)","api_url":"https://www.abgeordnetenwatch.de/api/v2/electoral-lists/41"},"list_position":2,"constituency":{"id":254,"entity_type":"constituency","label":"291 - Tübingen (Bundestag 2005-2009)","api_url":"https://www.abgeordnetenwatch.de/api/v2/constituencies/254"}},"fraction_membership":[{"id":954,"entity_type":"fraction_membership","label":"DIE LINKE","fraction":{"id":90,"entity_type":"fraction","label":"DIE LINKE (Bundestag 2005-2009)","api_url":"https://www.abgeordnetenwatch.de/api/v2/fractions/90"}}]},{"id":5283,"entity_type":"candidacy_mandate","label":"Heike Hänsel (Bundestag Wahl 2017)","api_url":"https://www.abgeordnetenwatch.de/api/v2/candidacies-mandates/5283","type":"candidacy","parliament_period":{"id":50,"entity_type":"parliament_period","label":"Bundestag Wahl 2017","api_url":"https://www.abgeordnetenwatch.de/api/v2/parliament-periods/50","abgeordnetenwatch_url":"https://www.abgeordnetenwatch.de/bundestag/wahl-2017"},"politician":{"id":78861,"entity_type":"politician","label":"Heike Hänsel","api_url":"https://www.abgeordnetenwatch.de/api/v2/politicians/78861","abgeordnetenwatch_url":"https://www.abgeordnetenwatch.de/profile/heike-haensel"},"party":{"id":8,"entity_type":"party","label":"DIE LINKE","api_url":"https://www.abgeordnetenwatch.de/api/v2/parties/8"},"electoral_data":{"id":5283,"entity_type":"electoral_data","label":"Heike Hänsel (Bundestag Wahl 2017)","electoral_list":{"id":265,"entity_type":"electoral_list","label":"Landesliste Baden-Württemberg (Bundestag Wahl 2017)","api_url":"https://www.abgeordnetenwatch.de/api/v2/electoral-lists/265"},"list_position":2,"constituency":{"id":9300,"entity_type":"constituency","label":"290 - Tübingen (Bundestag Wahl 2017)","api_url":"https://www.abgeordnetenwatch.de/api/v2/constituencies/9300"},"constituency_result":8.8,"mandate_won":"list"},"fraction_membership":{}},{"id":5282,"entity_type":"candidacy_mandate","label":"Heike Hänsel (Bundestag Wahl 2013)","api_url":"https://www.abgeordnetenwatch.de/api/v2/candidacies-mandates/5282","type":"candidacy","parliament_period":{"id":36,"entity_type":"parliament_period","label":"Bundestag Wahl 2013","api_url":"https://www.abgeordnetenwatch.de/api/v2/parliament-periods/36","abgeordnetenwatch_url":"https://www.abgeordnetenwatch.de/bundestag/wahl-2013"},"politician":{"id":78861,"entity_type":"politician","label":"Heike Hänsel","api_url":"https://www.abgeordnetenwatch.de/api/v2/politicians/78861","abgeordnetenwatch_url":"https://www.abgeordnetenwatch.de/profile/heike-haensel"},"party":{"id":8,"entity_type":"party","label":"DIE LINKE","api_url":"https://www.abgeordnetenwatch.de/api/v2/parties/8"},"electoral_data":{"id":5282,"entity_type":"electoral_data","label":"Heike Hänsel (Bundestag Wahl 2013)","electoral_list":{},"list_position":2,"constituency":{"id":5112,"entity_type":"constituency","label":"290 - Tübingen (Bundestag Wahl 2013)","api_url":"https://www.abgeordnetenwatch.de/api/v2/constituencies/5112"},"constituency_result":6.5,"mandate_won":"list"},"fraction_membership":{}},{"id":5281,"entity_type":"candidacy_mandate","label":"Heike Hänsel (Bundestag Wahl 2009)","api_url":"https://www.abgeordnetenwatch.de/api/v2/candidacies-mandates/5281","type":"candidacy","parliament_period":{"id":22,"entity_type":"parliament_period","label":"Bundestag Wahl 2009","api_url":"https://www.abgeordnetenwatch.de/api/v2/parliament-periods/22","abgeordnetenwatch_url":"https://www.abgeordnetenwatch.de/bundestag/wahl-2009"},"politician":{"id":78861,"entity_type":"politician","label":"Heike Hänsel","api_url":"https://www.abgeordnetenwatch.de/api/v2/politicians/78861","abgeordnetenwatch_url":"https://www.abgeordnetenwatch.de/profile/heike-haensel"},"party":{"id":8,"entity_type":"party","label":"DIE LINKE","api_url":"https://www.abgeordnetenwatch.de/api/v2/parties/8"},"electoral_data":{"id":5281,"entity_type":"electoral_data","label":"Heike Hänsel (Bundestag Wahl 2009)","electoral_list":{},"list_position":2,"constituency":{"id":5175,"entity_type":"constituency","label":"290 - Tübingen (Bundestag Wahl 2009)","api_url":"https://www.abgeordnetenwatch.de/api/v2/constituencies/5175"},"constituency_result":6.9},"fraction_membership":{}},{"id":5280,"entity_type":"candidacy_mandate","label":"Heike Hänsel (Bundestag Wahl 2005)","api_url":"https://www.abgeordnetenwatch.de/api/v2/candidacies-mandates/5280","type":"candidacy","parliament_period":{"id":6,"entity_type":"parliament_period","label":"Bundestag Wahl 2005","api_url":"https://www.abgeordnetenwatch.de/api/v2/parliament-periods/6","abgeordnetenwatch_url":"https://www.abgeordnetenwatch.de/bundestag/wahl-2005"},"politician":{"id":78861,"entity_type":"politician","label":"Heike Hänsel","api_url":"https://www.abgeordnetenwatch.de/api/v2/politicians/78861","abgeordnetenwatch_url":"https://www.abgeordnetenwatch.de/profile/heike-haensel"},"party":{"id":8,"entity_type":"party","label":"DIE LINKE","api_url":"https://www.abgeordnetenwatch.de/api/v2/parties/8"},"electoral_data":{"id":5280,"entity_type":"electoral_data","label":"Heike Hänsel (Bundestag Wahl 2005)","electoral_list":{"id":200,"entity_type":"electoral_list","label":"Landesliste Baden-Württemberg (Bundestag Wahl 2005)","api_url":"https://www.abgeordnetenwatch.de/api/v2/electoral-lists/200"},"list_position":2,"constituency":{"id":5140,"entity_type":"constituency","label":"291 - Tübingen (Bundestag Wahl 2005)","api_url":"https://www.abgeordnetenwatch.de/api/v2/constituencies/5140"},"constituency_result":3.3},"fraction_membership":{}}]
