[{"id":49705,"entity_type":"candidacy_mandate","label":"Ursula Groden-Kranich (Bundestag Wahl 2021)","api_url":"https://www.abgeordnetenwatch.de/api/v2/candidacies-mandates/49705","type":"candidacy","parliament_period":{"id":128,"entity_type":"parliament_period","label":"Bundestag Wahl 2021","api_url":"https://www.abgeordnetenwatch.de/api/v2/parliament-periods/128","abgeordnetenwatch_url":"https://www.abgeordnetenwatch.de/bundestag/wahl-2021"},"politician":{"id":78869,"entity_type":"politician","label":"Ursula Groden-Kranich","api_url":"https://www.abgeordnetenwatch.de/api/v2/politicians/78869","abgeordnetenwatch_url":"https://www.abgeordnetenwatch.de/profile/ursula-groden-kranich"},"party":{"id":2,"entity_type":"party","label":"CDU","api_url":"https://www.abgeordnetenwatch.de/api/v2/parties/2"},"electoral_data":{"id":50627,"entity_type":"electoral_data","label":"Ursula Groden-Kranich (Bundestag Wahl 2021)","electoral_list":{},"constituency":{"id":10262,"entity_type":"constituency","label":"205 - Mainz (Bundestag Wahl 2021)","api_url":"https://www.abgeordnetenwatch.de/api/v2/constituencies/10262"},"constituency_result":23.6},"fraction_membership":{}},{"id":45472,"entity_type":"candidacy_mandate","label":"Ursula Groden-Kranich (Bundestag 2017 - 2021)","api_url":"https://www.abgeordnetenwatch.de/api/v2/candidacies-mandates/45472","id_external_administration":"1810","id_external_administration_description":"mdbID - ID der Bundestagsverwaltung","type":"mandate","parliament_period":{"id":111,"entity_type":"parliament_period","label":"Bundestag 2017 - 2021","api_url":"https://www.abgeordnetenwatch.de/api/v2/parliament-periods/111","abgeordnetenwatch_url":"https://www.abgeordnetenwatch.de/bundestag/19"},"politician":{"id":78869,"entity_type":"politician","label":"Ursula Groden-Kranich","api_url":"https://www.abgeordnetenwatch.de/api/v2/politicians/78869","abgeordnetenwatch_url":"https://www.abgeordnetenwatch.de/profile/ursula-groden-kranich"},"party":{},"electoral_data":{"id":45472,"entity_type":"electoral_data","label":"Ursula Groden-Kranich (Bundestag 2017 - 2021)","electoral_list":{"id":116,"entity_type":"electoral_list","label":"Landesliste Rheinland-Pfalz (Bundestag 2017 - 2021)","api_url":"https://www.abgeordnetenwatch.de/api/v2/electoral-lists/116"},"list_position":11,"constituency":{"id":4329,"entity_type":"constituency","label":"205 - Mainz (Bundestag 2017 - 2021)","api_url":"https://www.abgeordnetenwatch.de/api/v2/constituencies/4329"},"constituency_result":35.7,"mandate_won":"constituency"},"fraction_membership":[{"id":7725,"entity_type":"fraction_membership","label":"CDU/CSU","fraction":{"id":81,"entity_type":"fraction","label":"CDU/CSU (Bundestag 2017 - 2021)","api_url":"https://www.abgeordnetenwatch.de/api/v2/fractions/81"}}]},{"id":38747,"entity_type":"candidacy_mandate","label":"Ursula Groden-Kranich (Bundestag 2013-2017)","api_url":"https://www.abgeordnetenwatch.de/api/v2/candidacies-mandates/38747","type":"mandate","parliament_period":{"id":97,"entity_type":"parliament_period","label":"Bundestag 2013 - 2017","api_url":"https://www.abgeordnetenwatch.de/api/v2/parliament-periods/97","abgeordnetenwatch_url":"https://www.abgeordnetenwatch.de/bundestag/18"},"politician":{"id":78869,"entity_type":"politician","label":"Ursula Groden-Kranich","api_url":"https://www.abgeordnetenwatch.de/api/v2/politicians/78869","abgeordnetenwatch_url":"https://www.abgeordnetenwatch.de/profile/ursula-groden-kranich"},"party":{},"electoral_data":{"id":38747,"entity_type":"electoral_data","label":"Ursula Groden-Kranich (Bundestag 2013-2017)","electoral_list":{"id":36,"entity_type":"electoral_list","label":"Landesliste Rheinland-Pfalz (Bundestag 2013-2017)","api_url":"https://www.abgeordnetenwatch.de/api/v2/electoral-lists/36"},"list_position":15,"constituency":{"id":198,"entity_type":"constituency","label":"206 - Mainz (Bundestag 2013-2017)","api_url":"https://www.abgeordnetenwatch.de/api/v2/constituencies/198"},"constituency_result":40.1,"mandate_won":"constituency"},"fraction_membership":[{"id":973,"entity_type":"fraction_membership","label":"CDU/CSU","fraction":{"id":111,"entity_type":"fraction","label":"CDU/CSU (Bundestag 2013-2017)","api_url":"https://www.abgeordnetenwatch.de/api/v2/fractions/111"}}]},{"id":5304,"entity_type":"candidacy_mandate","label":"Ursula Groden-Kranich (Bundestag Wahl 2017)","api_url":"https://www.abgeordnetenwatch.de/api/v2/candidacies-mandates/5304","type":"candidacy","parliament_period":{"id":50,"entity_type":"parliament_period","label":"Bundestag Wahl 2017","api_url":"https://www.abgeordnetenwatch.de/api/v2/parliament-periods/50","abgeordnetenwatch_url":"https://www.abgeordnetenwatch.de/bundestag/wahl-2017"},"politician":{"id":78869,"entity_type":"politician","label":"Ursula Groden-Kranich","api_url":"https://www.abgeordnetenwatch.de/api/v2/politicians/78869","abgeordnetenwatch_url":"https://www.abgeordnetenwatch.de/profile/ursula-groden-kranich"},"party":{"id":2,"entity_type":"party","label":"CDU","api_url":"https://www.abgeordnetenwatch.de/api/v2/parties/2"},"electoral_data":{"id":5304,"entity_type":"electoral_data","label":"Ursula Groden-Kranich (Bundestag Wahl 2017)","electoral_list":{"id":275,"entity_type":"electoral_list","label":"Landesliste Rheinland-Pfalz (Bundestag Wahl 2017)","api_url":"https://www.abgeordnetenwatch.de/api/v2/electoral-lists/275"},"list_position":11,"constituency":{"id":9215,"entity_type":"constituency","label":"205 - Mainz (Bundestag Wahl 2017)","api_url":"https://www.abgeordnetenwatch.de/api/v2/constituencies/9215"},"constituency_result":35.7,"mandate_won":"constituency"},"fraction_membership":{}},{"id":5303,"entity_type":"candidacy_mandate","label":"Ursula Groden-Kranich (Bundestag Wahl 2013)","api_url":"https://www.abgeordnetenwatch.de/api/v2/candidacies-mandates/5303","type":"candidacy","parliament_period":{"id":36,"entity_type":"parliament_period","label":"Bundestag Wahl 2013","api_url":"https://www.abgeordnetenwatch.de/api/v2/parliament-periods/36","abgeordnetenwatch_url":"https://www.abgeordnetenwatch.de/bundestag/wahl-2013"},"politician":{"id":78869,"entity_type":"politician","label":"Ursula Groden-Kranich","api_url":"https://www.abgeordnetenwatch.de/api/v2/politicians/78869","abgeordnetenwatch_url":"https://www.abgeordnetenwatch.de/profile/ursula-groden-kranich"},"party":{"id":2,"entity_type":"party","label":"CDU","api_url":"https://www.abgeordnetenwatch.de/api/v2/parties/2"},"electoral_data":{"id":5303,"entity_type":"electoral_data","label":"Ursula Groden-Kranich (Bundestag Wahl 2013)","electoral_list":{},"list_position":15,"constituency":{"id":5084,"entity_type":"constituency","label":"206 - Mainz (Bundestag Wahl 2013)","api_url":"https://www.abgeordnetenwatch.de/api/v2/constituencies/5084"},"constituency_result":40.1,"mandate_won":"constituency"},"fraction_membership":{}}]
