{"id":[78864],"entity_type":["politician"],"label":["Thomas Hitschler"],"api_url":["https://www.abgeordnetenwatch.de/api/v2/politicians/78864"],"abgeordnetenwatch_url":["https://www.abgeordnetenwatch.de/profile/thomas-hitschler"],"first_name":["Thomas"],"last_name":["Hitschler"],"birth_name":{},"sex":["m"],"year_of_birth":[1982],"party":{"id":[1],"entity_type":["party"],"label":["SPD"],"api_url":["https://www.abgeordnetenwatch.de/api/v2/parties/1"]},"party_past":{},"education":["Politikwissenschaftler"],"residence":{},"occupation":["MdB"],"statistic_questions":[14],"statistic_questions_answered":[14],"qid_wikidata":["Q15433139"],"field_title":{}}
