[{"id":53967,"entity_type":"candidacy_mandate","label":"Andreas Jung (Bundestag 2021 - 2025)","api_url":"https://www.abgeordnetenwatch.de/api/v2/candidacies-mandates/53967","id_external_administration":"1433","id_external_administration_description":"mdbID aus der info-xml-Datei der Bundestagsverwaltung","type":"mandate","parliament_period":{"id":132,"entity_type":"parliament_period","label":"Bundestag 2021 - 2025","api_url":"https://www.abgeordnetenwatch.de/api/v2/parliament-periods/132","abgeordnetenwatch_url":"https://www.abgeordnetenwatch.de/bundestag"},"politician":{"id":78867,"entity_type":"politician","label":"Andreas Jung","api_url":"https://www.abgeordnetenwatch.de/api/v2/politicians/78867","abgeordnetenwatch_url":"https://www.abgeordnetenwatch.de/profile/andreas-jung"},"electoral_data":{"id":54891,"entity_type":"electoral_data","label":"Andreas Jung (Bundestag 2021 - 2025)","electoral_list":{"id":410,"entity_type":"electoral_list","label":"Landesliste Baden-Württemberg (Bundestag 2021 - 2025)","api_url":"https://www.abgeordnetenwatch.de/api/v2/electoral-lists/410"},"list_position":3,"constituency":{"id":11027,"entity_type":"constituency","label":"287 - Konstanz (Bundestag 2021 - 2025)","api_url":"https://www.abgeordnetenwatch.de/api/v2/constituencies/11027"},"constituency_result":34,"mandate_won":"constituency"},"fraction_membership":[{"id":9814,"entity_type":"fraction_membership","label":"CDU/CSU","fraction":{"id":320,"entity_type":"fraction","label":"CDU/CSU (Bundestag 2021 - 2025)","api_url":"https://www.abgeordnetenwatch.de/api/v2/fractions/320"}}],"party":{}},{"id":49704,"entity_type":"candidacy_mandate","label":"Andreas Jung (Bundestag Wahl 2021)","api_url":"https://www.abgeordnetenwatch.de/api/v2/candidacies-mandates/49704","type":"candidacy","parliament_period":{"id":128,"entity_type":"parliament_period","label":"Bundestag Wahl 2021","api_url":"https://www.abgeordnetenwatch.de/api/v2/parliament-periods/128","abgeordnetenwatch_url":"https://www.abgeordnetenwatch.de/bundestag/wahl-2021"},"politician":{"id":78867,"entity_type":"politician","label":"Andreas Jung","api_url":"https://www.abgeordnetenwatch.de/api/v2/politicians/78867","abgeordnetenwatch_url":"https://www.abgeordnetenwatch.de/profile/andreas-jung"},"electoral_data":{"id":50626,"entity_type":"electoral_data","label":"Andreas Jung (Bundestag Wahl 2021)","electoral_list":{},"constituency":{"id":10344,"entity_type":"constituency","label":"287 - Konstanz (Bundestag Wahl 2021)","api_url":"https://www.abgeordnetenwatch.de/api/v2/constituencies/10344"},"constituency_result":34.1,"constituency_result_count":53360,"mandate_won":"constituency"},"fraction_membership":{},"party":{"id":2,"entity_type":"party","label":"CDU","api_url":"https://www.abgeordnetenwatch.de/api/v2/parties/2"}},{"id":45276,"entity_type":"candidacy_mandate","label":"Andreas Jung (Bundestag 2017 - 2021)","api_url":"https://www.abgeordnetenwatch.de/api/v2/candidacies-mandates/45276","id_external_administration":"1433","id_external_administration_description":"mdbID - ID der Bundestagsverwaltung","type":"mandate","parliament_period":{"id":111,"entity_type":"parliament_period","label":"Bundestag 2017 - 2021","api_url":"https://www.abgeordnetenwatch.de/api/v2/parliament-periods/111","abgeordnetenwatch_url":"https://www.abgeordnetenwatch.de/bundestag/19"},"politician":{"id":78867,"entity_type":"politician","label":"Andreas Jung","api_url":"https://www.abgeordnetenwatch.de/api/v2/politicians/78867","abgeordnetenwatch_url":"https://www.abgeordnetenwatch.de/profile/andreas-jung"},"electoral_data":{"id":45276,"entity_type":"electoral_data","label":"Andreas Jung (Bundestag 2017 - 2021)","electoral_list":{},"list_position":1,"constituency":{"id":4411,"entity_type":"constituency","label":"287 - Konstanz (Bundestag 2017 - 2021)","api_url":"https://www.abgeordnetenwatch.de/api/v2/constituencies/4411"},"constituency_result":44.8,"mandate_won":"constituency"},"fraction_membership":[{"id":7528,"entity_type":"fraction_membership","label":"CDU/CSU","fraction":{"id":81,"entity_type":"fraction","label":"CDU/CSU (Bundestag 2017 - 2021)","api_url":"https://www.abgeordnetenwatch.de/api/v2/fractions/81"}}],"party":{}},{"id":38743,"entity_type":"candidacy_mandate","label":"Andreas Jung (Bundestag 2013-2017)","api_url":"https://www.abgeordnetenwatch.de/api/v2/candidacies-mandates/38743","type":"mandate","parliament_period":{"id":97,"entity_type":"parliament_period","label":"Bundestag 2013 - 2017","api_url":"https://www.abgeordnetenwatch.de/api/v2/parliament-periods/97","abgeordnetenwatch_url":"https://www.abgeordnetenwatch.de/bundestag/18"},"politician":{"id":78867,"entity_type":"politician","label":"Andreas Jung","api_url":"https://www.abgeordnetenwatch.de/api/v2/politicians/78867","abgeordnetenwatch_url":"https://www.abgeordnetenwatch.de/profile/andreas-jung"},"electoral_data":{"id":38743,"entity_type":"electoral_data","label":"Andreas Jung (Bundestag 2013-2017)","electoral_list":{},"constituency":{"id":1181,"entity_type":"constituency","label":"287 - Konstanz (Bundestag 2013-2017)","api_url":"https://www.abgeordnetenwatch.de/api/v2/constituencies/1181"},"constituency_result":51.9,"mandate_won":"constituency"},"fraction_membership":[{"id":969,"entity_type":"fraction_membership","label":"CDU/CSU","fraction":{"id":111,"entity_type":"fraction","label":"CDU/CSU (Bundestag 2013-2017)","api_url":"https://www.abgeordnetenwatch.de/api/v2/fractions/111"}}],"party":{}},{"id":38742,"entity_type":"candidacy_mandate","label":"Andreas Jung (Bundestag 2009-2013)","api_url":"https://www.abgeordnetenwatch.de/api/v2/candidacies-mandates/38742","type":"mandate","parliament_period":{"id":83,"entity_type":"parliament_period","label":"Bundestag 2009 - 2013","api_url":"https://www.abgeordnetenwatch.de/api/v2/parliament-periods/83","abgeordnetenwatch_url":"https://www.abgeordnetenwatch.de/bundestag/17"},"politician":{"id":78867,"entity_type":"politician","label":"Andreas Jung","api_url":"https://www.abgeordnetenwatch.de/api/v2/politicians/78867","abgeordnetenwatch_url":"https://www.abgeordnetenwatch.de/profile/andreas-jung"},"electoral_data":{"id":38742,"entity_type":"electoral_data","label":"Andreas Jung (Bundestag 2009-2013)","electoral_list":{"id":56,"entity_type":"electoral_list","label":"Landesliste Baden-Württemberg (Bundestag 2009-2013)","api_url":"https://www.abgeordnetenwatch.de/api/v2/electoral-lists/56"},"list_position":14,"constituency":{"id":1655,"entity_type":"constituency","label":"287 - Konstanz (Bundestag 2009-2013)","api_url":"https://www.abgeordnetenwatch.de/api/v2/constituencies/1655"},"constituency_result":43.1},"fraction_membership":[{"id":968,"entity_type":"fraction_membership","label":"CDU/CSU","fraction":{"id":112,"entity_type":"fraction","label":"CDU/CSU (Bundestag 2009-2013)","api_url":"https://www.abgeordnetenwatch.de/api/v2/fractions/112"}}],"party":{}},{"id":38741,"entity_type":"candidacy_mandate","label":"Andreas Jung (Bundestag 2005-2009)","api_url":"https://www.abgeordnetenwatch.de/api/v2/candidacies-mandates/38741","type":"mandate","parliament_period":{"id":67,"entity_type":"parliament_period","label":"Bundestag 2005 - 2009","api_url":"https://www.abgeordnetenwatch.de/api/v2/parliament-periods/67","abgeordnetenwatch_url":"https://www.abgeordnetenwatch.de/bundestag/16"},"politician":{"id":78867,"entity_type":"politician","label":"Andreas Jung","api_url":"https://www.abgeordnetenwatch.de/api/v2/politicians/78867","abgeordnetenwatch_url":"https://www.abgeordnetenwatch.de/profile/andreas-jung"},"start_date":"2004-11-30","electoral_data":{"id":38741,"entity_type":"electoral_data","label":"Andreas Jung (Bundestag 2005-2009)","electoral_list":{},"constituency":{"id":1398,"entity_type":"constituency","label":"288 - Konstanz (Bundestag 2005-2009)","api_url":"https://www.abgeordnetenwatch.de/api/v2/constituencies/1398"}},"fraction_membership":[{"id":967,"entity_type":"fraction_membership","label":"CDU/CSU","fraction":{"id":26,"entity_type":"fraction","label":"CDU/CSU (Bundestag 2005-2009)","api_url":"https://www.abgeordnetenwatch.de/api/v2/fractions/26"}}],"party":{}},{"id":5299,"entity_type":"candidacy_mandate","label":"Andreas Jung (Bundestag Wahl 2017)","api_url":"https://www.abgeordnetenwatch.de/api/v2/candidacies-mandates/5299","type":"candidacy","parliament_period":{"id":50,"entity_type":"parliament_period","label":"Bundestag Wahl 2017","api_url":"https://www.abgeordnetenwatch.de/api/v2/parliament-periods/50","abgeordnetenwatch_url":"https://www.abgeordnetenwatch.de/bundestag/wahl-2017"},"politician":{"id":78867,"entity_type":"politician","label":"Andreas Jung","api_url":"https://www.abgeordnetenwatch.de/api/v2/politicians/78867","abgeordnetenwatch_url":"https://www.abgeordnetenwatch.de/profile/andreas-jung"},"electoral_data":{"id":5299,"entity_type":"electoral_data","label":"Andreas Jung (Bundestag Wahl 2017)","electoral_list":{},"constituency":{"id":9297,"entity_type":"constituency","label":"287 - Konstanz (Bundestag Wahl 2017)","api_url":"https://www.abgeordnetenwatch.de/api/v2/constituencies/9297"},"constituency_result":44.8,"mandate_won":"constituency"},"fraction_membership":{},"party":{"id":2,"entity_type":"party","label":"CDU","api_url":"https://www.abgeordnetenwatch.de/api/v2/parties/2"}},{"id":5298,"entity_type":"candidacy_mandate","label":"Andreas Jung (Bundestag Wahl 2013)","api_url":"https://www.abgeordnetenwatch.de/api/v2/candidacies-mandates/5298","type":"candidacy","parliament_period":{"id":36,"entity_type":"parliament_period","label":"Bundestag Wahl 2013","api_url":"https://www.abgeordnetenwatch.de/api/v2/parliament-periods/36","abgeordnetenwatch_url":"https://www.abgeordnetenwatch.de/bundestag/wahl-2013"},"politician":{"id":78867,"entity_type":"politician","label":"Andreas Jung","api_url":"https://www.abgeordnetenwatch.de/api/v2/politicians/78867","abgeordnetenwatch_url":"https://www.abgeordnetenwatch.de/profile/andreas-jung"},"electoral_data":{"id":5298,"entity_type":"electoral_data","label":"Andreas Jung (Bundestag Wahl 2013)","electoral_list":{},"constituency":{"id":6067,"entity_type":"constituency","label":"287 - Konstanz (Bundestag Wahl 2013)","api_url":"https://www.abgeordnetenwatch.de/api/v2/constituencies/6067"},"constituency_result":51.9,"mandate_won":"constituency"},"fraction_membership":{},"party":{"id":2,"entity_type":"party","label":"CDU","api_url":"https://www.abgeordnetenwatch.de/api/v2/parties/2"}},{"id":5297,"entity_type":"candidacy_mandate","label":"Andreas Jung (Bundestag Wahl 2009)","api_url":"https://www.abgeordnetenwatch.de/api/v2/candidacies-mandates/5297","type":"candidacy","parliament_period":{"id":22,"entity_type":"parliament_period","label":"Bundestag Wahl 2009","api_url":"https://www.abgeordnetenwatch.de/api/v2/parliament-periods/22","abgeordnetenwatch_url":"https://www.abgeordnetenwatch.de/bundestag/wahl-2009"},"politician":{"id":78867,"entity_type":"politician","label":"Andreas Jung","api_url":"https://www.abgeordnetenwatch.de/api/v2/politicians/78867","abgeordnetenwatch_url":"https://www.abgeordnetenwatch.de/profile/andreas-jung"},"electoral_data":{"id":5297,"entity_type":"electoral_data","label":"Andreas Jung (Bundestag Wahl 2009)","electoral_list":{},"constituency":{"id":6541,"entity_type":"constituency","label":"287 - Konstanz (Bundestag Wahl 2009)","api_url":"https://www.abgeordnetenwatch.de/api/v2/constituencies/6541"},"constituency_result":43.1,"mandate_won":"constituency"},"fraction_membership":{},"party":{"id":2,"entity_type":"party","label":"CDU","api_url":"https://www.abgeordnetenwatch.de/api/v2/parties/2"}},{"id":5296,"entity_type":"candidacy_mandate","label":"Andreas Jung (Bundestag Wahl 2005)","api_url":"https://www.abgeordnetenwatch.de/api/v2/candidacies-mandates/5296","type":"candidacy","parliament_period":{"id":6,"entity_type":"parliament_period","label":"Bundestag Wahl 2005","api_url":"https://www.abgeordnetenwatch.de/api/v2/parliament-periods/6","abgeordnetenwatch_url":"https://www.abgeordnetenwatch.de/bundestag/wahl-2005"},"politician":{"id":78867,"entity_type":"politician","label":"Andreas Jung","api_url":"https://www.abgeordnetenwatch.de/api/v2/politicians/78867","abgeordnetenwatch_url":"https://www.abgeordnetenwatch.de/profile/andreas-jung"},"electoral_data":{"id":5296,"entity_type":"electoral_data","label":"Andreas Jung (Bundestag Wahl 2005)","electoral_list":{},"constituency":{"id":6284,"entity_type":"constituency","label":"288 - Konstanz (Bundestag Wahl 2005)","api_url":"https://www.abgeordnetenwatch.de/api/v2/constituencies/6284"},"constituency_result":43.9},"fraction_membership":{},"party":{"id":2,"entity_type":"party","label":"CDU","api_url":"https://www.abgeordnetenwatch.de/api/v2/parties/2"}}]
