[{"id":38740,"entity_type":"candidacy_mandate","label":"Ulla Jelpke (Bundestag 2017 - 2021)","api_url":"https://www.abgeordnetenwatch.de/api/v2/candidacies-mandates/38740","id_external_administration":"230","id_external_administration_description":"mdbID - ID der Bundestagsverwaltung","type":"mandate","parliament_period":{"id":111,"entity_type":"parliament_period","label":"Bundestag 2017 - 2021","api_url":"https://www.abgeordnetenwatch.de/api/v2/parliament-periods/111","abgeordnetenwatch_url":"https://www.abgeordnetenwatch.de/bundestag/19"},"politician":{"id":78866,"entity_type":"politician","label":"Ulla Jelpke","api_url":"https://www.abgeordnetenwatch.de/api/v2/politicians/78866","abgeordnetenwatch_url":"https://www.abgeordnetenwatch.de/profile/ulla-jelpke"},"electoral_data":{"id":38740,"entity_type":"electoral_data","label":"Ulla Jelpke (Bundestag 2017 - 2021)","electoral_list":{"id":115,"entity_type":"electoral_list","label":"Landesliste Nordrhein-Westfalen (Bundestag 2017 - 2021)","api_url":"https://www.abgeordnetenwatch.de/api/v2/electoral-lists/115"},"list_position":5,"constituency":{"id":4266,"entity_type":"constituency","label":"142 - Dortmund I (Bundestag 2017 - 2021)","api_url":"https://www.abgeordnetenwatch.de/api/v2/constituencies/4266"},"constituency_result":7.7,"mandate_won":"list"},"fraction_membership":[{"id":966,"entity_type":"fraction_membership","label":"DIE LINKE","fraction":{"id":41,"entity_type":"fraction","label":"DIE LINKE (Bundestag 2017 - 2021)","api_url":"https://www.abgeordnetenwatch.de/api/v2/fractions/41"}}],"party":{}},{"id":38739,"entity_type":"candidacy_mandate","label":"Ulla Jelpke (Bundestag 2013-2017)","api_url":"https://www.abgeordnetenwatch.de/api/v2/candidacies-mandates/38739","type":"mandate","parliament_period":{"id":97,"entity_type":"parliament_period","label":"Bundestag 2013 - 2017","api_url":"https://www.abgeordnetenwatch.de/api/v2/parliament-periods/97","abgeordnetenwatch_url":"https://www.abgeordnetenwatch.de/bundestag/18"},"politician":{"id":78866,"entity_type":"politician","label":"Ulla Jelpke","api_url":"https://www.abgeordnetenwatch.de/api/v2/politicians/78866","abgeordnetenwatch_url":"https://www.abgeordnetenwatch.de/profile/ulla-jelpke"},"electoral_data":{"id":38739,"entity_type":"electoral_data","label":"Ulla Jelpke (Bundestag 2013-2017)","electoral_list":{"id":35,"entity_type":"electoral_list","label":"Landesliste Nordrhein-Westfalen (Bundestag 2013-2017)","api_url":"https://www.abgeordnetenwatch.de/api/v2/electoral-lists/35"},"list_position":3,"constituency":{"id":1134,"entity_type":"constituency","label":"142 - Dortmund I (Bundestag 2013-2017)","api_url":"https://www.abgeordnetenwatch.de/api/v2/constituencies/1134"},"constituency_result":6,"mandate_won":"list"},"fraction_membership":[{"id":965,"entity_type":"fraction_membership","label":"DIE LINKE","fraction":{"id":73,"entity_type":"fraction","label":"DIE LINKE (Bundestag 2013-2017)","api_url":"https://www.abgeordnetenwatch.de/api/v2/fractions/73"}}],"party":{}},{"id":38738,"entity_type":"candidacy_mandate","label":"Ulla Jelpke (Bundestag 2009-2013)","api_url":"https://www.abgeordnetenwatch.de/api/v2/candidacies-mandates/38738","type":"mandate","parliament_period":{"id":83,"entity_type":"parliament_period","label":"Bundestag 2009 - 2013","api_url":"https://www.abgeordnetenwatch.de/api/v2/parliament-periods/83","abgeordnetenwatch_url":"https://www.abgeordnetenwatch.de/bundestag/17"},"politician":{"id":78866,"entity_type":"politician","label":"Ulla Jelpke","api_url":"https://www.abgeordnetenwatch.de/api/v2/politicians/78866","abgeordnetenwatch_url":"https://www.abgeordnetenwatch.de/profile/ulla-jelpke"},"electoral_data":{"id":38738,"entity_type":"electoral_data","label":"Ulla Jelpke (Bundestag 2009-2013)","electoral_list":{"id":64,"entity_type":"electoral_list","label":"Landesliste Nordrhein-Westfalen (Bundestag 2009-2013)","api_url":"https://www.abgeordnetenwatch.de/api/v2/electoral-lists/64"},"list_position":2,"constituency":{"id":1573,"entity_type":"constituency","label":"144 - Dortmund II (Bundestag 2009-2013)","api_url":"https://www.abgeordnetenwatch.de/api/v2/constituencies/1573"},"constituency_result":10.6},"fraction_membership":[{"id":964,"entity_type":"fraction_membership","label":"DIE LINKE","fraction":{"id":61,"entity_type":"fraction","label":"DIE LINKE (Bundestag 2009-2013)","api_url":"https://www.abgeordnetenwatch.de/api/v2/fractions/61"}}],"party":{}},{"id":38737,"entity_type":"candidacy_mandate","label":"Ulla Jelpke (Bundestag 2005-2009)","api_url":"https://www.abgeordnetenwatch.de/api/v2/candidacies-mandates/38737","type":"mandate","parliament_period":{"id":67,"entity_type":"parliament_period","label":"Bundestag 2005 - 2009","api_url":"https://www.abgeordnetenwatch.de/api/v2/parliament-periods/67","abgeordnetenwatch_url":"https://www.abgeordnetenwatch.de/bundestag/16"},"politician":{"id":78866,"entity_type":"politician","label":"Ulla Jelpke","api_url":"https://www.abgeordnetenwatch.de/api/v2/politicians/78866","abgeordnetenwatch_url":"https://www.abgeordnetenwatch.de/profile/ulla-jelpke"},"start_date":"2004-11-30","electoral_data":{"id":38737,"entity_type":"electoral_data","label":"Ulla Jelpke (Bundestag 2005-2009)","electoral_list":{"id":49,"entity_type":"electoral_list","label":"Landesliste Nordrhein-Westfalen (Bundestag 2005-2009)","api_url":"https://www.abgeordnetenwatch.de/api/v2/electoral-lists/49"},"list_position":5,"constituency":{}},"fraction_membership":[{"id":963,"entity_type":"fraction_membership","label":"DIE LINKE","fraction":{"id":90,"entity_type":"fraction","label":"DIE LINKE (Bundestag 2005-2009)","api_url":"https://www.abgeordnetenwatch.de/api/v2/fractions/90"}}],"party":{}},{"id":5295,"entity_type":"candidacy_mandate","label":"Ulla Jelpke (Bundestag Wahl 2017)","api_url":"https://www.abgeordnetenwatch.de/api/v2/candidacies-mandates/5295","type":"candidacy","parliament_period":{"id":50,"entity_type":"parliament_period","label":"Bundestag Wahl 2017","api_url":"https://www.abgeordnetenwatch.de/api/v2/parliament-periods/50","abgeordnetenwatch_url":"https://www.abgeordnetenwatch.de/bundestag/wahl-2017"},"politician":{"id":78866,"entity_type":"politician","label":"Ulla Jelpke","api_url":"https://www.abgeordnetenwatch.de/api/v2/politicians/78866","abgeordnetenwatch_url":"https://www.abgeordnetenwatch.de/profile/ulla-jelpke"},"electoral_data":{"id":5295,"entity_type":"electoral_data","label":"Ulla Jelpke (Bundestag Wahl 2017)","electoral_list":{"id":274,"entity_type":"electoral_list","label":"Landesliste Nordrhein-Westfalen (Bundestag Wahl 2017)","api_url":"https://www.abgeordnetenwatch.de/api/v2/electoral-lists/274"},"list_position":5,"constituency":{"id":9152,"entity_type":"constituency","label":"142 - Dortmund I (Bundestag Wahl 2017)","api_url":"https://www.abgeordnetenwatch.de/api/v2/constituencies/9152"},"constituency_result":7.7,"mandate_won":"list"},"fraction_membership":{},"party":{"id":8,"entity_type":"party","label":"DIE LINKE","api_url":"https://www.abgeordnetenwatch.de/api/v2/parties/8"}},{"id":5294,"entity_type":"candidacy_mandate","label":"Ulla Jelpke (Bundestag Wahl 2013)","api_url":"https://www.abgeordnetenwatch.de/api/v2/candidacies-mandates/5294","type":"candidacy","parliament_period":{"id":36,"entity_type":"parliament_period","label":"Bundestag Wahl 2013","api_url":"https://www.abgeordnetenwatch.de/api/v2/parliament-periods/36","abgeordnetenwatch_url":"https://www.abgeordnetenwatch.de/bundestag/wahl-2013"},"politician":{"id":78866,"entity_type":"politician","label":"Ulla Jelpke","api_url":"https://www.abgeordnetenwatch.de/api/v2/politicians/78866","abgeordnetenwatch_url":"https://www.abgeordnetenwatch.de/profile/ulla-jelpke"},"electoral_data":{"id":5294,"entity_type":"electoral_data","label":"Ulla Jelpke (Bundestag Wahl 2013)","electoral_list":{},"list_position":3,"constituency":{"id":6020,"entity_type":"constituency","label":"142 - Dortmund I (Bundestag Wahl 2013)","api_url":"https://www.abgeordnetenwatch.de/api/v2/constituencies/6020"},"constituency_result":6,"mandate_won":"list"},"fraction_membership":{},"party":{"id":8,"entity_type":"party","label":"DIE LINKE","api_url":"https://www.abgeordnetenwatch.de/api/v2/parties/8"}},{"id":5293,"entity_type":"candidacy_mandate","label":"Ulla Jelpke (Bundestag Wahl 2009)","api_url":"https://www.abgeordnetenwatch.de/api/v2/candidacies-mandates/5293","type":"candidacy","parliament_period":{"id":22,"entity_type":"parliament_period","label":"Bundestag Wahl 2009","api_url":"https://www.abgeordnetenwatch.de/api/v2/parliament-periods/22","abgeordnetenwatch_url":"https://www.abgeordnetenwatch.de/bundestag/wahl-2009"},"politician":{"id":78866,"entity_type":"politician","label":"Ulla Jelpke","api_url":"https://www.abgeordnetenwatch.de/api/v2/politicians/78866","abgeordnetenwatch_url":"https://www.abgeordnetenwatch.de/profile/ulla-jelpke"},"electoral_data":{"id":5293,"entity_type":"electoral_data","label":"Ulla Jelpke (Bundestag Wahl 2009)","electoral_list":{},"list_position":2,"constituency":{"id":6459,"entity_type":"constituency","label":"144 - Dortmund II (Bundestag Wahl 2009)","api_url":"https://www.abgeordnetenwatch.de/api/v2/constituencies/6459"},"constituency_result":10.6},"fraction_membership":{},"party":{"id":8,"entity_type":"party","label":"DIE LINKE","api_url":"https://www.abgeordnetenwatch.de/api/v2/parties/8"}}]
