{"id":[78870],"entity_type":["politician"],"label":["Hermann Gröhe"],"api_url":["https://www.abgeordnetenwatch.de/api/v2/politicians/78870"],"abgeordnetenwatch_url":["https://www.abgeordnetenwatch.de/profile/hermann-groehe"],"first_name":["Hermann"],"last_name":["Gröhe"],"birth_name":{},"sex":["m"],"year_of_birth":[1961],"party":{"id":[2],"entity_type":["party"],"label":["CDU"],"api_url":["https://www.abgeordnetenwatch.de/api/v2/parties/2"]},"party_past":{},"deceased":{},"deceased_date":{},"education":["Studium der Rechtswissenschaften"],"residence":{},"occupation":["MdB"],"statistic_questions":[1],"statistic_questions_answered":{},"qid_wikidata":["Q70429"],"field_title":{}}
