[{"id":44607,"entity_type":"candidacy_mandate","label":"Hans-Joachim Fuchtel (Bundestag 2017 - 2021)","api_url":"https://www.abgeordnetenwatch.de/api/v2/candidacies-mandates/44607","id_external_administration":"128","id_external_administration_description":"mdbID - ID der Bundestagsverwaltung","type":"mandate","parliament_period":{"id":111,"entity_type":"parliament_period","label":"Bundestag 2017 - 2021","api_url":"https://www.abgeordnetenwatch.de/api/v2/parliament-periods/111","abgeordnetenwatch_url":"https://www.abgeordnetenwatch.de/bundestag/19"},"politician":{"id":78873,"entity_type":"politician","label":"Hans-Joachim Fuchtel","api_url":"https://www.abgeordnetenwatch.de/api/v2/politicians/78873","abgeordnetenwatch_url":"https://www.abgeordnetenwatch.de/profile/hans-joachim-fuchtel"},"electoral_data":{"id":44607,"entity_type":"electoral_data","label":"Hans-Joachim Fuchtel (Bundestag 2017 - 2021)","list_position":1,"constituency":{"id":4404,"entity_type":"constituency","label":"280 - Calw (Bundestag 2017 - 2021)","api_url":"https://www.abgeordnetenwatch.de/api/v2/constituencies/4404"},"constituency_result":43.3,"mandate_won":"constituency"},"fraction_membership":[{"id":6852,"entity_type":"fraction_membership","label":"CDU/CSU","fraction":{"id":81,"entity_type":"fraction","label":"CDU/CSU (Bundestag 2017 - 2021)","api_url":"https://www.abgeordnetenwatch.de/api/v2/fractions/81"}}],"party":{}},{"id":38754,"entity_type":"candidacy_mandate","label":"Hans-Joachim Fuchtel (Bundestag 2013-2017)","api_url":"https://www.abgeordnetenwatch.de/api/v2/candidacies-mandates/38754","type":"mandate","parliament_period":{"id":97,"entity_type":"parliament_period","label":"Bundestag 2013 - 2017","api_url":"https://www.abgeordnetenwatch.de/api/v2/parliament-periods/97","abgeordnetenwatch_url":"https://www.abgeordnetenwatch.de/bundestag/18"},"politician":{"id":78873,"entity_type":"politician","label":"Hans-Joachim Fuchtel","api_url":"https://www.abgeordnetenwatch.de/api/v2/politicians/78873","abgeordnetenwatch_url":"https://www.abgeordnetenwatch.de/profile/hans-joachim-fuchtel"},"electoral_data":{"id":38754,"entity_type":"electoral_data","label":"Hans-Joachim Fuchtel (Bundestag 2013-2017)","constituency":{"id":165,"entity_type":"constituency","label":"280 - Calw (Bundestag 2013-2017)","api_url":"https://www.abgeordnetenwatch.de/api/v2/constituencies/165"},"constituency_result":58.5,"mandate_won":"constituency"},"fraction_membership":[{"id":980,"entity_type":"fraction_membership","label":"CDU/CSU","fraction":{"id":111,"entity_type":"fraction","label":"CDU/CSU (Bundestag 2013-2017)","api_url":"https://www.abgeordnetenwatch.de/api/v2/fractions/111"}}],"party":{}},{"id":38753,"entity_type":"candidacy_mandate","label":"Hans-Joachim Fuchtel (Bundestag 2009-2013)","api_url":"https://www.abgeordnetenwatch.de/api/v2/candidacies-mandates/38753","type":"mandate","parliament_period":{"id":83,"entity_type":"parliament_period","label":"Bundestag 2009 - 2013","api_url":"https://www.abgeordnetenwatch.de/api/v2/parliament-periods/83","abgeordnetenwatch_url":"https://www.abgeordnetenwatch.de/bundestag/17"},"politician":{"id":78873,"entity_type":"politician","label":"Hans-Joachim Fuchtel","api_url":"https://www.abgeordnetenwatch.de/api/v2/politicians/78873","abgeordnetenwatch_url":"https://www.abgeordnetenwatch.de/profile/hans-joachim-fuchtel"},"electoral_data":{"id":38753,"entity_type":"electoral_data","label":"Hans-Joachim Fuchtel (Bundestag 2009-2013)","constituency":{"id":1557,"entity_type":"constituency","label":"280 - Calw (Bundestag 2009-2013)","api_url":"https://www.abgeordnetenwatch.de/api/v2/constituencies/1557"},"constituency_result":46.3,"mandate_won":"constituency"},"fraction_membership":[{"id":979,"entity_type":"fraction_membership","label":"CDU/CSU","fraction":{"id":112,"entity_type":"fraction","label":"CDU/CSU (Bundestag 2009-2013)","api_url":"https://www.abgeordnetenwatch.de/api/v2/fractions/112"}}],"party":{}},{"id":38752,"entity_type":"candidacy_mandate","label":"Hans-Joachim Fuchtel (Bundestag 2005-2009)","api_url":"https://www.abgeordnetenwatch.de/api/v2/candidacies-mandates/38752","type":"mandate","parliament_period":{"id":67,"entity_type":"parliament_period","label":"Bundestag 2005 - 2009","api_url":"https://www.abgeordnetenwatch.de/api/v2/parliament-periods/67","abgeordnetenwatch_url":"https://www.abgeordnetenwatch.de/bundestag/16"},"politician":{"id":78873,"entity_type":"politician","label":"Hans-Joachim Fuchtel","api_url":"https://www.abgeordnetenwatch.de/api/v2/politicians/78873","abgeordnetenwatch_url":"https://www.abgeordnetenwatch.de/profile/hans-joachim-fuchtel"},"start_date":"1986-11-30","electoral_data":{"id":38752,"entity_type":"electoral_data","label":"Hans-Joachim Fuchtel (Bundestag 2005-2009)","constituency":{"id":1321,"entity_type":"constituency","label":"281 - Calw (Bundestag 2005-2009)","api_url":"https://www.abgeordnetenwatch.de/api/v2/constituencies/1321"}},"fraction_membership":[{"id":978,"entity_type":"fraction_membership","label":"CDU/CSU","fraction":{"id":26,"entity_type":"fraction","label":"CDU/CSU (Bundestag 2005-2009)","api_url":"https://www.abgeordnetenwatch.de/api/v2/fractions/26"}}],"party":{}},{"id":5314,"entity_type":"candidacy_mandate","label":"Hans-Joachim Fuchtel (Bundestag Wahl 2017)","api_url":"https://www.abgeordnetenwatch.de/api/v2/candidacies-mandates/5314","type":"candidacy","parliament_period":{"id":50,"entity_type":"parliament_period","label":"Bundestag Wahl 2017","api_url":"https://www.abgeordnetenwatch.de/api/v2/parliament-periods/50","abgeordnetenwatch_url":"https://www.abgeordnetenwatch.de/bundestag/wahl-2017"},"politician":{"id":78873,"entity_type":"politician","label":"Hans-Joachim Fuchtel","api_url":"https://www.abgeordnetenwatch.de/api/v2/politicians/78873","abgeordnetenwatch_url":"https://www.abgeordnetenwatch.de/profile/hans-joachim-fuchtel"},"electoral_data":{"id":5314,"entity_type":"electoral_data","label":"Hans-Joachim Fuchtel (Bundestag Wahl 2017)","constituency":{"id":9290,"entity_type":"constituency","label":"280 - Calw (Bundestag Wahl 2017)","api_url":"https://www.abgeordnetenwatch.de/api/v2/constituencies/9290"},"constituency_result":43.3,"mandate_won":"constituency"},"fraction_membership":{},"party":{"id":2,"entity_type":"party","label":"CDU","api_url":"https://www.abgeordnetenwatch.de/api/v2/parties/2"}},{"id":5313,"entity_type":"candidacy_mandate","label":"Hans-Joachim Fuchtel (Bundestag Wahl 2013)","api_url":"https://www.abgeordnetenwatch.de/api/v2/candidacies-mandates/5313","type":"candidacy","parliament_period":{"id":36,"entity_type":"parliament_period","label":"Bundestag Wahl 2013","api_url":"https://www.abgeordnetenwatch.de/api/v2/parliament-periods/36","abgeordnetenwatch_url":"https://www.abgeordnetenwatch.de/bundestag/wahl-2013"},"politician":{"id":78873,"entity_type":"politician","label":"Hans-Joachim Fuchtel","api_url":"https://www.abgeordnetenwatch.de/api/v2/politicians/78873","abgeordnetenwatch_url":"https://www.abgeordnetenwatch.de/profile/hans-joachim-fuchtel"},"electoral_data":{"id":5313,"entity_type":"electoral_data","label":"Hans-Joachim Fuchtel (Bundestag Wahl 2013)","constituency":{"id":5051,"entity_type":"constituency","label":"280 - Calw (Bundestag Wahl 2013)","api_url":"https://www.abgeordnetenwatch.de/api/v2/constituencies/5051"},"constituency_result":58.5,"mandate_won":"constituency"},"fraction_membership":{},"party":{"id":2,"entity_type":"party","label":"CDU","api_url":"https://www.abgeordnetenwatch.de/api/v2/parties/2"}},{"id":5312,"entity_type":"candidacy_mandate","label":"Hans-Joachim Fuchtel (Bundestag Wahl 2009)","api_url":"https://www.abgeordnetenwatch.de/api/v2/candidacies-mandates/5312","type":"candidacy","parliament_period":{"id":22,"entity_type":"parliament_period","label":"Bundestag Wahl 2009","api_url":"https://www.abgeordnetenwatch.de/api/v2/parliament-periods/22","abgeordnetenwatch_url":"https://www.abgeordnetenwatch.de/bundestag/wahl-2009"},"politician":{"id":78873,"entity_type":"politician","label":"Hans-Joachim Fuchtel","api_url":"https://www.abgeordnetenwatch.de/api/v2/politicians/78873","abgeordnetenwatch_url":"https://www.abgeordnetenwatch.de/profile/hans-joachim-fuchtel"},"electoral_data":{"id":5312,"entity_type":"electoral_data","label":"Hans-Joachim Fuchtel (Bundestag Wahl 2009)","constituency":{"id":6443,"entity_type":"constituency","label":"280 - Calw (Bundestag Wahl 2009)","api_url":"https://www.abgeordnetenwatch.de/api/v2/constituencies/6443"},"constituency_result":46.3,"mandate_won":"constituency"},"fraction_membership":{},"party":{"id":2,"entity_type":"party","label":"CDU","api_url":"https://www.abgeordnetenwatch.de/api/v2/parties/2"}},{"id":5311,"entity_type":"candidacy_mandate","label":"Hans-Joachim Fuchtel (Bundestag Wahl 2005)","api_url":"https://www.abgeordnetenwatch.de/api/v2/candidacies-mandates/5311","type":"candidacy","parliament_period":{"id":6,"entity_type":"parliament_period","label":"Bundestag Wahl 2005","api_url":"https://www.abgeordnetenwatch.de/api/v2/parliament-periods/6","abgeordnetenwatch_url":"https://www.abgeordnetenwatch.de/bundestag/wahl-2005"},"politician":{"id":78873,"entity_type":"politician","label":"Hans-Joachim Fuchtel","api_url":"https://www.abgeordnetenwatch.de/api/v2/politicians/78873","abgeordnetenwatch_url":"https://www.abgeordnetenwatch.de/profile/hans-joachim-fuchtel"},"electoral_data":{"id":5311,"entity_type":"electoral_data","label":"Hans-Joachim Fuchtel (Bundestag Wahl 2005)","constituency":{"id":6207,"entity_type":"constituency","label":"281 - Calw (Bundestag Wahl 2005)","api_url":"https://www.abgeordnetenwatch.de/api/v2/constituencies/6207"},"constituency_result":49.2},"fraction_membership":{},"party":{"id":2,"entity_type":"party","label":"CDU","api_url":"https://www.abgeordnetenwatch.de/api/v2/parties/2"}}]
