[{"id":54102,"entity_type":"candidacy_mandate","label":"Matthias W. Birkwald (Bundestag 2021 - 2025)","api_url":"https://www.abgeordnetenwatch.de/api/v2/candidacies-mandates/54102","id_external_administration":"1656","id_external_administration_description":"mdbID aus der info-xml-Datei der Bundestagsverwaltung","type":"mandate","parliament_period":{"id":132,"entity_type":"parliament_period","label":"Bundestag 2021 - 2025","api_url":"https://www.abgeordnetenwatch.de/api/v2/parliament-periods/132","abgeordnetenwatch_url":"https://www.abgeordnetenwatch.de/bundestag"},"politician":{"id":78882,"entity_type":"politician","label":"Matthias W. Birkwald","api_url":"https://www.abgeordnetenwatch.de/api/v2/politicians/78882","abgeordnetenwatch_url":"https://www.abgeordnetenwatch.de/profile/matthias-w-birkwald"},"electoral_data":{"id":55026,"entity_type":"electoral_data","label":"Matthias W. Birkwald (Bundestag 2021 - 2025)","electoral_list":{"id":419,"entity_type":"electoral_list","label":"Landesliste Nordrhein-Westfalen (Bundestag 2021 - 2025)","api_url":"https://www.abgeordnetenwatch.de/api/v2/electoral-lists/419"},"list_position":2,"constituency":{"id":10834,"entity_type":"constituency","label":"94 - Köln II (Bundestag 2021 - 2025)","api_url":"https://www.abgeordnetenwatch.de/api/v2/constituencies/10834"},"mandate_won":"list"},"fraction_membership":[{"id":9949,"entity_type":"fraction_membership","label":"DIE LINKE.","fraction":{"id":324,"entity_type":"fraction","label":"DIE LINKE. (Bundestag 2021 - 2025)","api_url":"https://www.abgeordnetenwatch.de/api/v2/fractions/324"}}],"party":{}},{"id":48823,"entity_type":"candidacy_mandate","label":"Matthias W. Birkwald (Bundestag Wahl 2021)","api_url":"https://www.abgeordnetenwatch.de/api/v2/candidacies-mandates/48823","type":"candidacy","parliament_period":{"id":128,"entity_type":"parliament_period","label":"Bundestag Wahl 2021","api_url":"https://www.abgeordnetenwatch.de/api/v2/parliament-periods/128","abgeordnetenwatch_url":"https://www.abgeordnetenwatch.de/bundestag/wahl-2021"},"politician":{"id":78882,"entity_type":"politician","label":"Matthias W. Birkwald","api_url":"https://www.abgeordnetenwatch.de/api/v2/politicians/78882","abgeordnetenwatch_url":"https://www.abgeordnetenwatch.de/profile/matthias-w-birkwald"},"electoral_data":{"id":49745,"entity_type":"electoral_data","label":"Matthias W. Birkwald (Bundestag Wahl 2021)","electoral_list":{"id":365,"entity_type":"electoral_list","label":"Landesliste Nordrhein-Westfalen (Bundestag Wahl 2021)","api_url":"https://www.abgeordnetenwatch.de/api/v2/electoral-lists/365"},"list_position":2,"constituency":{"id":10151,"entity_type":"constituency","label":"94 - Köln II (Bundestag Wahl 2021)","api_url":"https://www.abgeordnetenwatch.de/api/v2/constituencies/10151"},"constituency_result":4.3},"fraction_membership":{},"party":{"id":8,"entity_type":"party","label":"DIE LINKE","api_url":"https://www.abgeordnetenwatch.de/api/v2/parties/8"}},{"id":44492,"entity_type":"candidacy_mandate","label":"Matthias W. Birkwald (Bundestag 2017 - 2021)","api_url":"https://www.abgeordnetenwatch.de/api/v2/candidacies-mandates/44492","id_external_administration":"1656","id_external_administration_description":"mdbID - ID der Bundestagsverwaltung","type":"mandate","parliament_period":{"id":111,"entity_type":"parliament_period","label":"Bundestag 2017 - 2021","api_url":"https://www.abgeordnetenwatch.de/api/v2/parliament-periods/111","abgeordnetenwatch_url":"https://www.abgeordnetenwatch.de/bundestag/19"},"politician":{"id":78882,"entity_type":"politician","label":"Matthias W. Birkwald","api_url":"https://www.abgeordnetenwatch.de/api/v2/politicians/78882","abgeordnetenwatch_url":"https://www.abgeordnetenwatch.de/profile/matthias-w-birkwald"},"electoral_data":{"id":44492,"entity_type":"electoral_data","label":"Matthias W. Birkwald (Bundestag 2017 - 2021)","electoral_list":{"id":115,"entity_type":"electoral_list","label":"Landesliste Nordrhein-Westfalen (Bundestag 2017 - 2021)","api_url":"https://www.abgeordnetenwatch.de/api/v2/electoral-lists/115"},"list_position":2,"constituency":{"id":4218,"entity_type":"constituency","label":"94 - Köln II (Bundestag 2017 - 2021)","api_url":"https://www.abgeordnetenwatch.de/api/v2/constituencies/4218"},"constituency_result":8,"mandate_won":"list"},"fraction_membership":[{"id":6737,"entity_type":"fraction_membership","label":"DIE LINKE","fraction":{"id":41,"entity_type":"fraction","label":"DIE LINKE (Bundestag 2017 - 2021)","api_url":"https://www.abgeordnetenwatch.de/api/v2/fractions/41"}}],"party":{}},{"id":38772,"entity_type":"candidacy_mandate","label":"Matthias W. Birkwald (Bundestag 2013-2017)","api_url":"https://www.abgeordnetenwatch.de/api/v2/candidacies-mandates/38772","type":"mandate","parliament_period":{"id":97,"entity_type":"parliament_period","label":"Bundestag 2013 - 2017","api_url":"https://www.abgeordnetenwatch.de/api/v2/parliament-periods/97","abgeordnetenwatch_url":"https://www.abgeordnetenwatch.de/bundestag/18"},"politician":{"id":78882,"entity_type":"politician","label":"Matthias W. Birkwald","api_url":"https://www.abgeordnetenwatch.de/api/v2/politicians/78882","abgeordnetenwatch_url":"https://www.abgeordnetenwatch.de/profile/matthias-w-birkwald"},"electoral_data":{"id":38772,"entity_type":"electoral_data","label":"Matthias W. Birkwald (Bundestag 2013-2017)","electoral_list":{"id":35,"entity_type":"electoral_list","label":"Landesliste Nordrhein-Westfalen (Bundestag 2013-2017)","api_url":"https://www.abgeordnetenwatch.de/api/v2/electoral-lists/35"},"list_position":2,"constituency":{"id":1179,"entity_type":"constituency","label":"94 - Köln II (Bundestag 2013-2017)","api_url":"https://www.abgeordnetenwatch.de/api/v2/constituencies/1179"},"constituency_result":5.2,"mandate_won":"list"},"fraction_membership":[{"id":998,"entity_type":"fraction_membership","label":"DIE LINKE","fraction":{"id":73,"entity_type":"fraction","label":"DIE LINKE (Bundestag 2013-2017)","api_url":"https://www.abgeordnetenwatch.de/api/v2/fractions/73"}}],"party":{}},{"id":38771,"entity_type":"candidacy_mandate","label":"Matthias W. Birkwald (Bundestag 2009-2013)","api_url":"https://www.abgeordnetenwatch.de/api/v2/candidacies-mandates/38771","type":"mandate","parliament_period":{"id":83,"entity_type":"parliament_period","label":"Bundestag 2009 - 2013","api_url":"https://www.abgeordnetenwatch.de/api/v2/parliament-periods/83","abgeordnetenwatch_url":"https://www.abgeordnetenwatch.de/bundestag/17"},"politician":{"id":78882,"entity_type":"politician","label":"Matthias W. Birkwald","api_url":"https://www.abgeordnetenwatch.de/api/v2/politicians/78882","abgeordnetenwatch_url":"https://www.abgeordnetenwatch.de/profile/matthias-w-birkwald"},"electoral_data":{"id":38771,"entity_type":"electoral_data","label":"Matthias W. Birkwald (Bundestag 2009-2013)","electoral_list":{"id":64,"entity_type":"electoral_list","label":"Landesliste Nordrhein-Westfalen (Bundestag 2009-2013)","api_url":"https://www.abgeordnetenwatch.de/api/v2/electoral-lists/64"},"list_position":10,"constituency":{"id":1653,"entity_type":"constituency","label":"95 - Köln II (Bundestag 2009-2013)","api_url":"https://www.abgeordnetenwatch.de/api/v2/constituencies/1653"},"constituency_result":5.6},"fraction_membership":[{"id":997,"entity_type":"fraction_membership","label":"DIE LINKE","fraction":{"id":61,"entity_type":"fraction","label":"DIE LINKE (Bundestag 2009-2013)","api_url":"https://www.abgeordnetenwatch.de/api/v2/fractions/61"}}],"party":{}},{"id":5339,"entity_type":"candidacy_mandate","label":"Matthias W. Birkwald (Bundestag Wahl 2017)","api_url":"https://www.abgeordnetenwatch.de/api/v2/candidacies-mandates/5339","type":"candidacy","parliament_period":{"id":50,"entity_type":"parliament_period","label":"Bundestag Wahl 2017","api_url":"https://www.abgeordnetenwatch.de/api/v2/parliament-periods/50","abgeordnetenwatch_url":"https://www.abgeordnetenwatch.de/bundestag/wahl-2017"},"politician":{"id":78882,"entity_type":"politician","label":"Matthias W. Birkwald","api_url":"https://www.abgeordnetenwatch.de/api/v2/politicians/78882","abgeordnetenwatch_url":"https://www.abgeordnetenwatch.de/profile/matthias-w-birkwald"},"electoral_data":{"id":5339,"entity_type":"electoral_data","label":"Matthias W. Birkwald (Bundestag Wahl 2017)","electoral_list":{"id":274,"entity_type":"electoral_list","label":"Landesliste Nordrhein-Westfalen (Bundestag Wahl 2017)","api_url":"https://www.abgeordnetenwatch.de/api/v2/electoral-lists/274"},"list_position":2,"constituency":{"id":9104,"entity_type":"constituency","label":"94 - Köln II (Bundestag Wahl 2017)","api_url":"https://www.abgeordnetenwatch.de/api/v2/constituencies/9104"},"constituency_result":8,"mandate_won":"list"},"fraction_membership":{},"party":{"id":8,"entity_type":"party","label":"DIE LINKE","api_url":"https://www.abgeordnetenwatch.de/api/v2/parties/8"}},{"id":5338,"entity_type":"candidacy_mandate","label":"Matthias W. Birkwald (Bundestag Wahl 2013)","api_url":"https://www.abgeordnetenwatch.de/api/v2/candidacies-mandates/5338","type":"candidacy","parliament_period":{"id":36,"entity_type":"parliament_period","label":"Bundestag Wahl 2013","api_url":"https://www.abgeordnetenwatch.de/api/v2/parliament-periods/36","abgeordnetenwatch_url":"https://www.abgeordnetenwatch.de/bundestag/wahl-2013"},"politician":{"id":78882,"entity_type":"politician","label":"Matthias W. Birkwald","api_url":"https://www.abgeordnetenwatch.de/api/v2/politicians/78882","abgeordnetenwatch_url":"https://www.abgeordnetenwatch.de/profile/matthias-w-birkwald"},"electoral_data":{"id":5338,"entity_type":"electoral_data","label":"Matthias W. Birkwald (Bundestag Wahl 2013)","electoral_list":{},"list_position":2,"constituency":{"id":6065,"entity_type":"constituency","label":"94 - Köln II (Bundestag Wahl 2013)","api_url":"https://www.abgeordnetenwatch.de/api/v2/constituencies/6065"},"constituency_result":5.2,"mandate_won":"list"},"fraction_membership":{},"party":{"id":8,"entity_type":"party","label":"DIE LINKE","api_url":"https://www.abgeordnetenwatch.de/api/v2/parties/8"}},{"id":5337,"entity_type":"candidacy_mandate","label":"Matthias W. Birkwald (Bundestag Wahl 2009)","api_url":"https://www.abgeordnetenwatch.de/api/v2/candidacies-mandates/5337","type":"candidacy","parliament_period":{"id":22,"entity_type":"parliament_period","label":"Bundestag Wahl 2009","api_url":"https://www.abgeordnetenwatch.de/api/v2/parliament-periods/22","abgeordnetenwatch_url":"https://www.abgeordnetenwatch.de/bundestag/wahl-2009"},"politician":{"id":78882,"entity_type":"politician","label":"Matthias W. Birkwald","api_url":"https://www.abgeordnetenwatch.de/api/v2/politicians/78882","abgeordnetenwatch_url":"https://www.abgeordnetenwatch.de/profile/matthias-w-birkwald"},"electoral_data":{"id":5337,"entity_type":"electoral_data","label":"Matthias W. Birkwald (Bundestag Wahl 2009)","electoral_list":{},"list_position":10,"constituency":{"id":6539,"entity_type":"constituency","label":"95 - Köln II (Bundestag Wahl 2009)","api_url":"https://www.abgeordnetenwatch.de/api/v2/constituencies/6539"},"constituency_result":5.6},"fraction_membership":{},"party":{"id":8,"entity_type":"party","label":"DIE LINKE","api_url":"https://www.abgeordnetenwatch.de/api/v2/parties/8"}},{"id":5336,"entity_type":"candidacy_mandate","label":"Matthias W. Birkwald (Bundestag Wahl 2005)","api_url":"https://www.abgeordnetenwatch.de/api/v2/candidacies-mandates/5336","type":"candidacy","parliament_period":{"id":6,"entity_type":"parliament_period","label":"Bundestag Wahl 2005","api_url":"https://www.abgeordnetenwatch.de/api/v2/parliament-periods/6","abgeordnetenwatch_url":"https://www.abgeordnetenwatch.de/bundestag/wahl-2005"},"politician":{"id":78882,"entity_type":"politician","label":"Matthias W. Birkwald","api_url":"https://www.abgeordnetenwatch.de/api/v2/politicians/78882","abgeordnetenwatch_url":"https://www.abgeordnetenwatch.de/profile/matthias-w-birkwald"},"electoral_data":{"id":5336,"entity_type":"electoral_data","label":"Matthias W. Birkwald (Bundestag Wahl 2005)","electoral_list":{"id":208,"entity_type":"electoral_list","label":"Landesliste Nordrhein-Westfalen (Bundestag Wahl 2005)","api_url":"https://www.abgeordnetenwatch.de/api/v2/electoral-lists/208"},"list_position":12,"constituency":{"id":6282,"entity_type":"constituency","label":"95 - Köln II (Bundestag Wahl 2005)","api_url":"https://www.abgeordnetenwatch.de/api/v2/constituencies/6282"},"constituency_result":3.5},"fraction_membership":{},"party":{"id":8,"entity_type":"party","label":"DIE LINKE","api_url":"https://www.abgeordnetenwatch.de/api/v2/parties/8"}}]
