[{"id":53607,"entity_type":"candidacy_mandate","label":"Ulrike Bahr (Bundestag 2021 - 2025)","api_url":"https://www.abgeordnetenwatch.de/api/v2/candidacies-mandates/53607","id_external_administration":"1776","id_external_administration_description":"mdbID aus der info-xml-Datei der Bundestagsverwaltung","type":"mandate","parliament_period":{"id":132,"entity_type":"parliament_period","label":"Bundestag 2021 - 2025","api_url":"https://www.abgeordnetenwatch.de/api/v2/parliament-periods/132","abgeordnetenwatch_url":"https://www.abgeordnetenwatch.de/bundestag"},"politician":{"id":78883,"entity_type":"politician","label":"Ulrike Bahr","api_url":"https://www.abgeordnetenwatch.de/api/v2/politicians/78883","abgeordnetenwatch_url":"https://www.abgeordnetenwatch.de/profile/ulrike-bahr"},"electoral_data":{"id":54531,"entity_type":"electoral_data","label":"Ulrike Bahr (Bundestag 2021 - 2025)","electoral_list":{"id":411,"entity_type":"electoral_list","label":"Landesliste Bayern (Bundestag 2021 - 2025)","api_url":"https://www.abgeordnetenwatch.de/api/v2/electoral-lists/411"},"list_position":16,"constituency":{"id":10992,"entity_type":"constituency","label":"252 - Augsburg-Stadt (Bundestag 2021 - 2025)","api_url":"https://www.abgeordnetenwatch.de/api/v2/constituencies/10992"},"constituency_result":18,"mandate_won":"list"},"fraction_membership":[{"id":9454,"entity_type":"fraction_membership","label":"SPD","fraction":{"id":319,"entity_type":"fraction","label":"SPD (Bundestag 2021 - 2025)","api_url":"https://www.abgeordnetenwatch.de/api/v2/fractions/319"}}],"party":{}},{"id":48676,"entity_type":"candidacy_mandate","label":"Ulrike Bahr (Bundestag Wahl 2021)","api_url":"https://www.abgeordnetenwatch.de/api/v2/candidacies-mandates/48676","type":"candidacy","parliament_period":{"id":128,"entity_type":"parliament_period","label":"Bundestag Wahl 2021","api_url":"https://www.abgeordnetenwatch.de/api/v2/parliament-periods/128","abgeordnetenwatch_url":"https://www.abgeordnetenwatch.de/bundestag/wahl-2021"},"politician":{"id":78883,"entity_type":"politician","label":"Ulrike Bahr","api_url":"https://www.abgeordnetenwatch.de/api/v2/politicians/78883","abgeordnetenwatch_url":"https://www.abgeordnetenwatch.de/profile/ulrike-bahr"},"electoral_data":{"id":49598,"entity_type":"electoral_data","label":"Ulrike Bahr (Bundestag Wahl 2021)","electoral_list":{"id":357,"entity_type":"electoral_list","label":"Landesliste Bayern (Bundestag Wahl 2021)","api_url":"https://www.abgeordnetenwatch.de/api/v2/electoral-lists/357"},"list_position":16,"constituency":{"id":10309,"entity_type":"constituency","label":"252 - Augsburg-Stadt (Bundestag Wahl 2021)","api_url":"https://www.abgeordnetenwatch.de/api/v2/constituencies/10309"},"constituency_result":18},"fraction_membership":{},"party":{"id":1,"entity_type":"party","label":"SPD","api_url":"https://www.abgeordnetenwatch.de/api/v2/parties/1"}},{"id":44479,"entity_type":"candidacy_mandate","label":"Ulrike Bahr (Bundestag 2017 - 2021)","api_url":"https://www.abgeordnetenwatch.de/api/v2/candidacies-mandates/44479","id_external_administration":"1776","id_external_administration_description":"mdbID - ID der Bundestagsverwaltung","type":"mandate","parliament_period":{"id":111,"entity_type":"parliament_period","label":"Bundestag 2017 - 2021","api_url":"https://www.abgeordnetenwatch.de/api/v2/parliament-periods/111","abgeordnetenwatch_url":"https://www.abgeordnetenwatch.de/bundestag/19"},"politician":{"id":78883,"entity_type":"politician","label":"Ulrike Bahr","api_url":"https://www.abgeordnetenwatch.de/api/v2/politicians/78883","abgeordnetenwatch_url":"https://www.abgeordnetenwatch.de/profile/ulrike-bahr"},"electoral_data":{"id":44479,"entity_type":"electoral_data","label":"Ulrike Bahr (Bundestag 2017 - 2021)","electoral_list":{"id":107,"entity_type":"electoral_list","label":"Landesliste Bayern (Bundestag 2017 - 2021)","api_url":"https://www.abgeordnetenwatch.de/api/v2/electoral-lists/107"},"list_position":4,"constituency":{"id":4376,"entity_type":"constituency","label":"252 - Augsburg-Stadt (Bundestag 2017 - 2021)","api_url":"https://www.abgeordnetenwatch.de/api/v2/constituencies/4376"},"constituency_result":19.3,"mandate_won":"list"},"fraction_membership":[{"id":6724,"entity_type":"fraction_membership","label":"SPD","fraction":{"id":22,"entity_type":"fraction","label":"SPD (Bundestag 2017 - 2021)","api_url":"https://www.abgeordnetenwatch.de/api/v2/fractions/22"}}],"party":{}},{"id":38773,"entity_type":"candidacy_mandate","label":"Ulrike Bahr (Bundestag 2013-2017)","api_url":"https://www.abgeordnetenwatch.de/api/v2/candidacies-mandates/38773","type":"mandate","parliament_period":{"id":97,"entity_type":"parliament_period","label":"Bundestag 2013 - 2017","api_url":"https://www.abgeordnetenwatch.de/api/v2/parliament-periods/97","abgeordnetenwatch_url":"https://www.abgeordnetenwatch.de/bundestag/18"},"politician":{"id":78883,"entity_type":"politician","label":"Ulrike Bahr","api_url":"https://www.abgeordnetenwatch.de/api/v2/politicians/78883","abgeordnetenwatch_url":"https://www.abgeordnetenwatch.de/profile/ulrike-bahr"},"electoral_data":{"id":38773,"entity_type":"electoral_data","label":"Ulrike Bahr (Bundestag 2013-2017)","electoral_list":{"id":27,"entity_type":"electoral_list","label":"Landesliste Bayern (Bundestag 2013-2017)","api_url":"https://www.abgeordnetenwatch.de/api/v2/electoral-lists/27"},"list_position":16,"constituency":{"id":1103,"entity_type":"constituency","label":"252 - Augsburg-Stadt (Bundestag 2013-2017)","api_url":"https://www.abgeordnetenwatch.de/api/v2/constituencies/1103"},"constituency_result":25.1,"mandate_won":"list"},"fraction_membership":[{"id":999,"entity_type":"fraction_membership","label":"SPD","fraction":{"id":45,"entity_type":"fraction","label":"SPD (Bundestag 2013-2017)","api_url":"https://www.abgeordnetenwatch.de/api/v2/fractions/45"}}],"party":{}},{"id":5341,"entity_type":"candidacy_mandate","label":"Ulrike Bahr (Bundestag Wahl 2017)","api_url":"https://www.abgeordnetenwatch.de/api/v2/candidacies-mandates/5341","type":"candidacy","parliament_period":{"id":50,"entity_type":"parliament_period","label":"Bundestag Wahl 2017","api_url":"https://www.abgeordnetenwatch.de/api/v2/parliament-periods/50","abgeordnetenwatch_url":"https://www.abgeordnetenwatch.de/bundestag/wahl-2017"},"politician":{"id":78883,"entity_type":"politician","label":"Ulrike Bahr","api_url":"https://www.abgeordnetenwatch.de/api/v2/politicians/78883","abgeordnetenwatch_url":"https://www.abgeordnetenwatch.de/profile/ulrike-bahr"},"electoral_data":{"id":5341,"entity_type":"electoral_data","label":"Ulrike Bahr (Bundestag Wahl 2017)","electoral_list":{"id":266,"entity_type":"electoral_list","label":"Landesliste Bayern (Bundestag Wahl 2017)","api_url":"https://www.abgeordnetenwatch.de/api/v2/electoral-lists/266"},"list_position":4,"constituency":{"id":9262,"entity_type":"constituency","label":"252 - Augsburg-Stadt (Bundestag Wahl 2017)","api_url":"https://www.abgeordnetenwatch.de/api/v2/constituencies/9262"},"constituency_result":19.3,"mandate_won":"list"},"fraction_membership":{},"party":{"id":1,"entity_type":"party","label":"SPD","api_url":"https://www.abgeordnetenwatch.de/api/v2/parties/1"}},{"id":5340,"entity_type":"candidacy_mandate","label":"Ulrike Bahr (Bundestag Wahl 2013)","api_url":"https://www.abgeordnetenwatch.de/api/v2/candidacies-mandates/5340","type":"candidacy","parliament_period":{"id":36,"entity_type":"parliament_period","label":"Bundestag Wahl 2013","api_url":"https://www.abgeordnetenwatch.de/api/v2/parliament-periods/36","abgeordnetenwatch_url":"https://www.abgeordnetenwatch.de/bundestag/wahl-2013"},"politician":{"id":78883,"entity_type":"politician","label":"Ulrike Bahr","api_url":"https://www.abgeordnetenwatch.de/api/v2/politicians/78883","abgeordnetenwatch_url":"https://www.abgeordnetenwatch.de/profile/ulrike-bahr"},"electoral_data":{"id":5340,"entity_type":"electoral_data","label":"Ulrike Bahr (Bundestag Wahl 2013)","electoral_list":{},"list_position":16,"constituency":{"id":5989,"entity_type":"constituency","label":"252 - Augsburg-Stadt (Bundestag Wahl 2013)","api_url":"https://www.abgeordnetenwatch.de/api/v2/constituencies/5989"},"constituency_result":25.1,"mandate_won":"list"},"fraction_membership":{},"party":{"id":1,"entity_type":"party","label":"SPD","api_url":"https://www.abgeordnetenwatch.de/api/v2/parties/1"}}]
