{"id":[78886],"entity_type":["politician"],"label":["Katrin Göring-Eckardt"],"api_url":["https://www.abgeordnetenwatch.de/api/v2/politicians/78886"],"abgeordnetenwatch_url":["https://www.abgeordnetenwatch.de/profile/katrin-goering-eckardt"],"first_name":["Katrin"],"last_name":["Göring-Eckardt"],"birth_name":{},"sex":["f"],"year_of_birth":[1966],"party":{"id":[5],"entity_type":["party"],"label":["Bündnis 90/Die Grünen"],"api_url":["https://www.abgeordnetenwatch.de/api/v2/parties/5"]},"party_past":{},"education":{},"residence":{},"occupation":["MdB, Fraktionsvorsitzende BÜNDNIS 90/DIE GRÜNE im Bundestag"],"statistic_questions":[162],"statistic_questions_answered":[150],"qid_wikidata":["Q48967"],"field_title":{}}
