[{"id":53874,"entity_type":"candidacy_mandate","label":"Sören Bartol (Bundestag 2021 - 2025)","api_url":"https://www.abgeordnetenwatch.de/api/v2/candidacies-mandates/53874","id_external_administration":"1297","id_external_administration_description":"mdbID aus der info-xml-Datei der Bundestagsverwaltung","type":"mandate","parliament_period":{"id":132,"entity_type":"parliament_period","label":"Bundestag 2021 - 2025","api_url":"https://www.abgeordnetenwatch.de/api/v2/parliament-periods/132","abgeordnetenwatch_url":"https://www.abgeordnetenwatch.de/bundestag"},"politician":{"id":78884,"entity_type":"politician","label":"Sören Bartol","api_url":"https://www.abgeordnetenwatch.de/api/v2/politicians/78884","abgeordnetenwatch_url":"https://www.abgeordnetenwatch.de/profile/soeren-bartol"},"electoral_data":{"id":54798,"entity_type":"electoral_data","label":"Sören Bartol (Bundestag 2021 - 2025)","electoral_list":{"id":416,"entity_type":"electoral_list","label":"Landesliste Hessen (Bundestag 2021 - 2025)","api_url":"https://www.abgeordnetenwatch.de/api/v2/electoral-lists/416"},"list_position":5,"constituency":{"id":10911,"entity_type":"constituency","label":"171 - Marburg (Bundestag 2021 - 2025)","api_url":"https://www.abgeordnetenwatch.de/api/v2/constituencies/10911"},"constituency_result":36,"mandate_won":"constituency"},"fraction_membership":[{"id":9721,"entity_type":"fraction_membership","label":"SPD","fraction":{"id":319,"entity_type":"fraction","label":"SPD (Bundestag 2021 - 2025)","api_url":"https://www.abgeordnetenwatch.de/api/v2/fractions/319"}}],"party":{}},{"id":48675,"entity_type":"candidacy_mandate","label":"Sören Bartol (Bundestag Wahl 2021)","api_url":"https://www.abgeordnetenwatch.de/api/v2/candidacies-mandates/48675","type":"candidacy","parliament_period":{"id":128,"entity_type":"parliament_period","label":"Bundestag Wahl 2021","api_url":"https://www.abgeordnetenwatch.de/api/v2/parliament-periods/128","abgeordnetenwatch_url":"https://www.abgeordnetenwatch.de/bundestag/wahl-2021"},"politician":{"id":78884,"entity_type":"politician","label":"Sören Bartol","api_url":"https://www.abgeordnetenwatch.de/api/v2/politicians/78884","abgeordnetenwatch_url":"https://www.abgeordnetenwatch.de/profile/soeren-bartol"},"electoral_data":{"id":49597,"entity_type":"electoral_data","label":"Sören Bartol (Bundestag Wahl 2021)","electoral_list":{"id":362,"entity_type":"electoral_list","label":"Landesliste Hessen (Bundestag Wahl 2021)","api_url":"https://www.abgeordnetenwatch.de/api/v2/electoral-lists/362"},"list_position":5,"constituency":{"id":10228,"entity_type":"constituency","label":"171 - Marburg (Bundestag Wahl 2021)","api_url":"https://www.abgeordnetenwatch.de/api/v2/constituencies/10228"},"constituency_result":36.9,"constituency_result_count":51630,"mandate_won":"constituency"},"fraction_membership":{},"party":{"id":1,"entity_type":"party","label":"SPD","api_url":"https://www.abgeordnetenwatch.de/api/v2/parties/1"}},{"id":44484,"entity_type":"candidacy_mandate","label":"Sören Bartol (Bundestag 2017 - 2021)","api_url":"https://www.abgeordnetenwatch.de/api/v2/candidacies-mandates/44484","id_external_administration":"1297","id_external_administration_description":"mdbID - ID der Bundestagsverwaltung","type":"mandate","parliament_period":{"id":111,"entity_type":"parliament_period","label":"Bundestag 2017 - 2021","api_url":"https://www.abgeordnetenwatch.de/api/v2/parliament-periods/111","abgeordnetenwatch_url":"https://www.abgeordnetenwatch.de/bundestag/19"},"politician":{"id":78884,"entity_type":"politician","label":"Sören Bartol","api_url":"https://www.abgeordnetenwatch.de/api/v2/politicians/78884","abgeordnetenwatch_url":"https://www.abgeordnetenwatch.de/profile/soeren-bartol"},"electoral_data":{"id":44484,"entity_type":"electoral_data","label":"Sören Bartol (Bundestag 2017 - 2021)","electoral_list":{"id":112,"entity_type":"electoral_list","label":"Landesliste Hessen (Bundestag 2017 - 2021)","api_url":"https://www.abgeordnetenwatch.de/api/v2/electoral-lists/112"},"list_position":5,"constituency":{"id":4295,"entity_type":"constituency","label":"171 - Marburg (Bundestag 2017 - 2021)","api_url":"https://www.abgeordnetenwatch.de/api/v2/constituencies/4295"},"constituency_result":35.7,"mandate_won":"constituency"},"fraction_membership":[{"id":6729,"entity_type":"fraction_membership","label":"SPD","fraction":{"id":22,"entity_type":"fraction","label":"SPD (Bundestag 2017 - 2021)","api_url":"https://www.abgeordnetenwatch.de/api/v2/fractions/22"}}],"party":{}},{"id":38776,"entity_type":"candidacy_mandate","label":"Sören Bartol (Bundestag 2013-2017)","api_url":"https://www.abgeordnetenwatch.de/api/v2/candidacies-mandates/38776","type":"mandate","parliament_period":{"id":97,"entity_type":"parliament_period","label":"Bundestag 2013 - 2017","api_url":"https://www.abgeordnetenwatch.de/api/v2/parliament-periods/97","abgeordnetenwatch_url":"https://www.abgeordnetenwatch.de/bundestag/18"},"politician":{"id":78884,"entity_type":"politician","label":"Sören Bartol","api_url":"https://www.abgeordnetenwatch.de/api/v2/politicians/78884","abgeordnetenwatch_url":"https://www.abgeordnetenwatch.de/profile/soeren-bartol"},"electoral_data":{"id":38776,"entity_type":"electoral_data","label":"Sören Bartol (Bundestag 2013-2017)","electoral_list":{"id":32,"entity_type":"electoral_list","label":"Landesliste Hessen (Bundestag 2013-2017)","api_url":"https://www.abgeordnetenwatch.de/api/v2/electoral-lists/32"},"list_position":7,"constituency":{"id":1197,"entity_type":"constituency","label":"171 - Marburg (Bundestag 2013-2017)","api_url":"https://www.abgeordnetenwatch.de/api/v2/constituencies/1197"},"constituency_result":43.7,"mandate_won":"constituency"},"fraction_membership":[{"id":1002,"entity_type":"fraction_membership","label":"SPD","fraction":{"id":45,"entity_type":"fraction","label":"SPD (Bundestag 2013-2017)","api_url":"https://www.abgeordnetenwatch.de/api/v2/fractions/45"}}],"party":{}},{"id":38775,"entity_type":"candidacy_mandate","label":"Sören Bartol (Bundestag 2009-2013)","api_url":"https://www.abgeordnetenwatch.de/api/v2/candidacies-mandates/38775","type":"mandate","parliament_period":{"id":83,"entity_type":"parliament_period","label":"Bundestag 2009 - 2013","api_url":"https://www.abgeordnetenwatch.de/api/v2/parliament-periods/83","abgeordnetenwatch_url":"https://www.abgeordnetenwatch.de/bundestag/17"},"politician":{"id":78884,"entity_type":"politician","label":"Sören Bartol","api_url":"https://www.abgeordnetenwatch.de/api/v2/politicians/78884","abgeordnetenwatch_url":"https://www.abgeordnetenwatch.de/profile/soeren-bartol"},"electoral_data":{"id":38775,"entity_type":"electoral_data","label":"Sören Bartol (Bundestag 2009-2013)","electoral_list":{},"constituency":{"id":1679,"entity_type":"constituency","label":"172 - Marburg (Bundestag 2009-2013)","api_url":"https://www.abgeordnetenwatch.de/api/v2/constituencies/1679"},"constituency_result":38.9},"fraction_membership":[{"id":1001,"entity_type":"fraction_membership","label":"SPD","fraction":{"id":116,"entity_type":"fraction","label":"SPD (Bundestag 2009-2013)","api_url":"https://www.abgeordnetenwatch.de/api/v2/fractions/116"}}],"party":{}},{"id":38774,"entity_type":"candidacy_mandate","label":"Sören Bartol (Bundestag 2005-2009)","api_url":"https://www.abgeordnetenwatch.de/api/v2/candidacies-mandates/38774","type":"mandate","parliament_period":{"id":67,"entity_type":"parliament_period","label":"Bundestag 2005 - 2009","api_url":"https://www.abgeordnetenwatch.de/api/v2/parliament-periods/67","abgeordnetenwatch_url":"https://www.abgeordnetenwatch.de/bundestag/16"},"politician":{"id":78884,"entity_type":"politician","label":"Sören Bartol","api_url":"https://www.abgeordnetenwatch.de/api/v2/politicians/78884","abgeordnetenwatch_url":"https://www.abgeordnetenwatch.de/profile/soeren-bartol"},"start_date":"2001-11-30","electoral_data":{"id":38774,"entity_type":"electoral_data","label":"Sören Bartol (Bundestag 2005-2009)","electoral_list":{"id":46,"entity_type":"electoral_list","label":"Landesliste Hessen (Bundestag 2005-2009)","api_url":"https://www.abgeordnetenwatch.de/api/v2/electoral-lists/46"},"list_position":12,"constituency":{"id":1417,"entity_type":"constituency","label":"173 - Marburg (Bundestag 2005-2009)","api_url":"https://www.abgeordnetenwatch.de/api/v2/constituencies/1417"}},"fraction_membership":[{"id":1000,"entity_type":"fraction_membership","label":"SPD","fraction":{"id":27,"entity_type":"fraction","label":"SPD (Bundestag 2005-2009)","api_url":"https://www.abgeordnetenwatch.de/api/v2/fractions/27"}}],"party":{}},{"id":5345,"entity_type":"candidacy_mandate","label":"Sören Bartol (Bundestag Wahl 2017)","api_url":"https://www.abgeordnetenwatch.de/api/v2/candidacies-mandates/5345","type":"candidacy","parliament_period":{"id":50,"entity_type":"parliament_period","label":"Bundestag Wahl 2017","api_url":"https://www.abgeordnetenwatch.de/api/v2/parliament-periods/50","abgeordnetenwatch_url":"https://www.abgeordnetenwatch.de/bundestag/wahl-2017"},"politician":{"id":78884,"entity_type":"politician","label":"Sören Bartol","api_url":"https://www.abgeordnetenwatch.de/api/v2/politicians/78884","abgeordnetenwatch_url":"https://www.abgeordnetenwatch.de/profile/soeren-bartol"},"electoral_data":{"id":5345,"entity_type":"electoral_data","label":"Sören Bartol (Bundestag Wahl 2017)","electoral_list":{"id":271,"entity_type":"electoral_list","label":"Landesliste Hessen (Bundestag Wahl 2017)","api_url":"https://www.abgeordnetenwatch.de/api/v2/electoral-lists/271"},"list_position":5,"constituency":{"id":9181,"entity_type":"constituency","label":"171 - Marburg (Bundestag Wahl 2017)","api_url":"https://www.abgeordnetenwatch.de/api/v2/constituencies/9181"},"constituency_result":35.7,"mandate_won":"constituency"},"fraction_membership":{},"party":{"id":1,"entity_type":"party","label":"SPD","api_url":"https://www.abgeordnetenwatch.de/api/v2/parties/1"}},{"id":5344,"entity_type":"candidacy_mandate","label":"Sören Bartol (Bundestag Wahl 2013)","api_url":"https://www.abgeordnetenwatch.de/api/v2/candidacies-mandates/5344","type":"candidacy","parliament_period":{"id":36,"entity_type":"parliament_period","label":"Bundestag Wahl 2013","api_url":"https://www.abgeordnetenwatch.de/api/v2/parliament-periods/36","abgeordnetenwatch_url":"https://www.abgeordnetenwatch.de/bundestag/wahl-2013"},"politician":{"id":78884,"entity_type":"politician","label":"Sören Bartol","api_url":"https://www.abgeordnetenwatch.de/api/v2/politicians/78884","abgeordnetenwatch_url":"https://www.abgeordnetenwatch.de/profile/soeren-bartol"},"electoral_data":{"id":5344,"entity_type":"electoral_data","label":"Sören Bartol (Bundestag Wahl 2013)","electoral_list":{},"list_position":7,"constituency":{"id":6083,"entity_type":"constituency","label":"171 - Marburg (Bundestag Wahl 2013)","api_url":"https://www.abgeordnetenwatch.de/api/v2/constituencies/6083"},"constituency_result":43.7,"mandate_won":"constituency"},"fraction_membership":{},"party":{"id":1,"entity_type":"party","label":"SPD","api_url":"https://www.abgeordnetenwatch.de/api/v2/parties/1"}},{"id":5343,"entity_type":"candidacy_mandate","label":"Sören Bartol (Bundestag Wahl 2009)","api_url":"https://www.abgeordnetenwatch.de/api/v2/candidacies-mandates/5343","type":"candidacy","parliament_period":{"id":22,"entity_type":"parliament_period","label":"Bundestag Wahl 2009","api_url":"https://www.abgeordnetenwatch.de/api/v2/parliament-periods/22","abgeordnetenwatch_url":"https://www.abgeordnetenwatch.de/bundestag/wahl-2009"},"politician":{"id":78884,"entity_type":"politician","label":"Sören Bartol","api_url":"https://www.abgeordnetenwatch.de/api/v2/politicians/78884","abgeordnetenwatch_url":"https://www.abgeordnetenwatch.de/profile/soeren-bartol"},"electoral_data":{"id":5343,"entity_type":"electoral_data","label":"Sören Bartol (Bundestag Wahl 2009)","electoral_list":{},"constituency":{"id":6565,"entity_type":"constituency","label":"172 - Marburg (Bundestag Wahl 2009)","api_url":"https://www.abgeordnetenwatch.de/api/v2/constituencies/6565"},"constituency_result":38.9,"mandate_won":"constituency"},"fraction_membership":{},"party":{"id":1,"entity_type":"party","label":"SPD","api_url":"https://www.abgeordnetenwatch.de/api/v2/parties/1"}},{"id":5342,"entity_type":"candidacy_mandate","label":"Sören Bartol (Bundestag Wahl 2005)","api_url":"https://www.abgeordnetenwatch.de/api/v2/candidacies-mandates/5342","type":"candidacy","parliament_period":{"id":6,"entity_type":"parliament_period","label":"Bundestag Wahl 2005","api_url":"https://www.abgeordnetenwatch.de/api/v2/parliament-periods/6","abgeordnetenwatch_url":"https://www.abgeordnetenwatch.de/bundestag/wahl-2005"},"politician":{"id":78884,"entity_type":"politician","label":"Sören Bartol","api_url":"https://www.abgeordnetenwatch.de/api/v2/politicians/78884","abgeordnetenwatch_url":"https://www.abgeordnetenwatch.de/profile/soeren-bartol"},"electoral_data":{"id":5342,"entity_type":"electoral_data","label":"Sören Bartol (Bundestag Wahl 2005)","electoral_list":{"id":205,"entity_type":"electoral_list","label":"Landesliste Hessen (Bundestag Wahl 2005)","api_url":"https://www.abgeordnetenwatch.de/api/v2/electoral-lists/205"},"list_position":12,"constituency":{"id":6303,"entity_type":"constituency","label":"173 - Marburg (Bundestag Wahl 2005)","api_url":"https://www.abgeordnetenwatch.de/api/v2/constituencies/6303"},"constituency_result":47.5},"fraction_membership":{},"party":{"id":1,"entity_type":"party","label":"SPD","api_url":"https://www.abgeordnetenwatch.de/api/v2/parties/1"}}]
