{"id":[78882],"entity_type":["politician"],"label":["Matthias W. Birkwald"],"api_url":["https://www.abgeordnetenwatch.de/api/v2/politicians/78882"],"abgeordnetenwatch_url":["https://www.abgeordnetenwatch.de/profile/matthias-w-birkwald"],"first_name":["Matthias W."],"last_name":["Birkwald"],"birth_name":{},"sex":["m"],"year_of_birth":[1961],"party":{"id":[8],"entity_type":["party"],"label":["DIE LINKE"],"api_url":["https://www.abgeordnetenwatch.de/api/v2/parties/8"]},"party_past":{},"deceased":{},"deceased_date":{},"education":["Diplom-Sozialwissenschaftler"],"residence":{},"occupation":["MdB"],"statistic_questions":[2],"statistic_questions_answered":[2],"qid_wikidata":["Q1909731"],"field_title":{}}
