[{"id":45363,"entity_type":"candidacy_mandate","label":"Sascha Raabe (Bundestag 2017 - 2021)","api_url":"https://www.abgeordnetenwatch.de/api/v2/candidacies-mandates/45363","id_external_administration":"1215","id_external_administration_description":"mdbID - ID der Bundestagsverwaltung","type":"mandate","parliament_period":{"id":111,"entity_type":"parliament_period","label":"Bundestag 2017 - 2021","api_url":"https://www.abgeordnetenwatch.de/api/v2/parliament-periods/111","abgeordnetenwatch_url":"https://www.abgeordnetenwatch.de/bundestag/19"},"politician":{"id":78891,"entity_type":"politician","label":"Sascha Raabe","api_url":"https://www.abgeordnetenwatch.de/api/v2/politicians/78891","abgeordnetenwatch_url":"https://www.abgeordnetenwatch.de/profile/sascha-raabe"},"electoral_data":{"id":45363,"entity_type":"electoral_data","label":"Sascha Raabe (Bundestag 2017 - 2021)","electoral_list":{"id":112,"entity_type":"electoral_list","label":"Landesliste Hessen (Bundestag 2017 - 2021)","api_url":"https://www.abgeordnetenwatch.de/api/v2/electoral-lists/112"},"list_position":3,"constituency":{"id":4304,"entity_type":"constituency","label":"180 - Hanau (Bundestag 2017 - 2021)","api_url":"https://www.abgeordnetenwatch.de/api/v2/constituencies/4304"},"constituency_result":30.4,"mandate_won":"list"},"fraction_membership":[{"id":7615,"entity_type":"fraction_membership","label":"SPD","fraction":{"id":22,"entity_type":"fraction","label":"SPD (Bundestag 2017 - 2021)","api_url":"https://www.abgeordnetenwatch.de/api/v2/fractions/22"}}],"party":{}},{"id":38789,"entity_type":"candidacy_mandate","label":"Sascha Raabe (Bundestag 2013-2017)","api_url":"https://www.abgeordnetenwatch.de/api/v2/candidacies-mandates/38789","type":"mandate","parliament_period":{"id":97,"entity_type":"parliament_period","label":"Bundestag 2013 - 2017","api_url":"https://www.abgeordnetenwatch.de/api/v2/parliament-periods/97","abgeordnetenwatch_url":"https://www.abgeordnetenwatch.de/bundestag/18"},"politician":{"id":78891,"entity_type":"politician","label":"Sascha Raabe","api_url":"https://www.abgeordnetenwatch.de/api/v2/politicians/78891","abgeordnetenwatch_url":"https://www.abgeordnetenwatch.de/profile/sascha-raabe"},"electoral_data":{"id":38789,"entity_type":"electoral_data","label":"Sascha Raabe (Bundestag 2013-2017)","electoral_list":{"id":32,"entity_type":"electoral_list","label":"Landesliste Hessen (Bundestag 2013-2017)","api_url":"https://www.abgeordnetenwatch.de/api/v2/electoral-lists/32"},"list_position":9,"constituency":{"id":184,"entity_type":"constituency","label":"180 - Hanau (Bundestag 2013-2017)","api_url":"https://www.abgeordnetenwatch.de/api/v2/constituencies/184"},"constituency_result":36.4,"mandate_won":"list"},"fraction_membership":[{"id":1015,"entity_type":"fraction_membership","label":"SPD","fraction":{"id":45,"entity_type":"fraction","label":"SPD (Bundestag 2013-2017)","api_url":"https://www.abgeordnetenwatch.de/api/v2/fractions/45"}}],"party":{}},{"id":38788,"entity_type":"candidacy_mandate","label":"Sascha Raabe (Bundestag 2009-2013)","api_url":"https://www.abgeordnetenwatch.de/api/v2/candidacies-mandates/38788","type":"mandate","parliament_period":{"id":83,"entity_type":"parliament_period","label":"Bundestag 2009 - 2013","api_url":"https://www.abgeordnetenwatch.de/api/v2/parliament-periods/83","abgeordnetenwatch_url":"https://www.abgeordnetenwatch.de/bundestag/17"},"politician":{"id":78891,"entity_type":"politician","label":"Sascha Raabe","api_url":"https://www.abgeordnetenwatch.de/api/v2/politicians/78891","abgeordnetenwatch_url":"https://www.abgeordnetenwatch.de/profile/sascha-raabe"},"electoral_data":{"id":38788,"entity_type":"electoral_data","label":"Sascha Raabe (Bundestag 2009-2013)","electoral_list":{"id":61,"entity_type":"electoral_list","label":"Landesliste Hessen (Bundestag 2009-2013)","api_url":"https://www.abgeordnetenwatch.de/api/v2/electoral-lists/61"},"list_position":10,"constituency":{"id":1626,"entity_type":"constituency","label":"180 - Hanau (Bundestag 2009-2013)","api_url":"https://www.abgeordnetenwatch.de/api/v2/constituencies/1626"},"constituency_result":34},"fraction_membership":[{"id":1014,"entity_type":"fraction_membership","label":"SPD","fraction":{"id":116,"entity_type":"fraction","label":"SPD (Bundestag 2009-2013)","api_url":"https://www.abgeordnetenwatch.de/api/v2/fractions/116"}}],"party":{}},{"id":38787,"entity_type":"candidacy_mandate","label":"Sascha Raabe (Bundestag 2005-2009)","api_url":"https://www.abgeordnetenwatch.de/api/v2/candidacies-mandates/38787","type":"mandate","parliament_period":{"id":67,"entity_type":"parliament_period","label":"Bundestag 2005 - 2009","api_url":"https://www.abgeordnetenwatch.de/api/v2/parliament-periods/67","abgeordnetenwatch_url":"https://www.abgeordnetenwatch.de/bundestag/16"},"politician":{"id":78891,"entity_type":"politician","label":"Sascha Raabe","api_url":"https://www.abgeordnetenwatch.de/api/v2/politicians/78891","abgeordnetenwatch_url":"https://www.abgeordnetenwatch.de/profile/sascha-raabe"},"start_date":"2001-11-30","electoral_data":{"id":38787,"entity_type":"electoral_data","label":"Sascha Raabe (Bundestag 2005-2009)","electoral_list":{"id":46,"entity_type":"electoral_list","label":"Landesliste Hessen (Bundestag 2005-2009)","api_url":"https://www.abgeordnetenwatch.de/api/v2/electoral-lists/46"},"list_position":14,"constituency":{"id":1374,"entity_type":"constituency","label":"181 - Hanau (Bundestag 2005-2009)","api_url":"https://www.abgeordnetenwatch.de/api/v2/constituencies/1374"}},"fraction_membership":[{"id":1013,"entity_type":"fraction_membership","label":"SPD","fraction":{"id":27,"entity_type":"fraction","label":"SPD (Bundestag 2005-2009)","api_url":"https://www.abgeordnetenwatch.de/api/v2/fractions/27"}}],"party":{}},{"id":5361,"entity_type":"candidacy_mandate","label":"Sascha Raabe (Bundestag Wahl 2017)","api_url":"https://www.abgeordnetenwatch.de/api/v2/candidacies-mandates/5361","type":"candidacy","parliament_period":{"id":50,"entity_type":"parliament_period","label":"Bundestag Wahl 2017","api_url":"https://www.abgeordnetenwatch.de/api/v2/parliament-periods/50","abgeordnetenwatch_url":"https://www.abgeordnetenwatch.de/bundestag/wahl-2017"},"politician":{"id":78891,"entity_type":"politician","label":"Sascha Raabe","api_url":"https://www.abgeordnetenwatch.de/api/v2/politicians/78891","abgeordnetenwatch_url":"https://www.abgeordnetenwatch.de/profile/sascha-raabe"},"electoral_data":{"id":5361,"entity_type":"electoral_data","label":"Sascha Raabe (Bundestag Wahl 2017)","electoral_list":{"id":271,"entity_type":"electoral_list","label":"Landesliste Hessen (Bundestag Wahl 2017)","api_url":"https://www.abgeordnetenwatch.de/api/v2/electoral-lists/271"},"list_position":3,"constituency":{"id":9190,"entity_type":"constituency","label":"180 - Hanau (Bundestag Wahl 2017)","api_url":"https://www.abgeordnetenwatch.de/api/v2/constituencies/9190"},"constituency_result":30.4,"mandate_won":"list"},"fraction_membership":{},"party":{"id":1,"entity_type":"party","label":"SPD","api_url":"https://www.abgeordnetenwatch.de/api/v2/parties/1"}},{"id":5360,"entity_type":"candidacy_mandate","label":"Sascha Raabe (Bundestag Wahl 2013)","api_url":"https://www.abgeordnetenwatch.de/api/v2/candidacies-mandates/5360","type":"candidacy","parliament_period":{"id":36,"entity_type":"parliament_period","label":"Bundestag Wahl 2013","api_url":"https://www.abgeordnetenwatch.de/api/v2/parliament-periods/36","abgeordnetenwatch_url":"https://www.abgeordnetenwatch.de/bundestag/wahl-2013"},"politician":{"id":78891,"entity_type":"politician","label":"Sascha Raabe","api_url":"https://www.abgeordnetenwatch.de/api/v2/politicians/78891","abgeordnetenwatch_url":"https://www.abgeordnetenwatch.de/profile/sascha-raabe"},"electoral_data":{"id":5360,"entity_type":"electoral_data","label":"Sascha Raabe (Bundestag Wahl 2013)","electoral_list":{},"list_position":9,"constituency":{"id":5070,"entity_type":"constituency","label":"180 - Hanau (Bundestag Wahl 2013)","api_url":"https://www.abgeordnetenwatch.de/api/v2/constituencies/5070"},"constituency_result":36.4,"mandate_won":"list"},"fraction_membership":{},"party":{"id":1,"entity_type":"party","label":"SPD","api_url":"https://www.abgeordnetenwatch.de/api/v2/parties/1"}},{"id":5359,"entity_type":"candidacy_mandate","label":"Sascha Raabe (Bundestag Wahl 2009)","api_url":"https://www.abgeordnetenwatch.de/api/v2/candidacies-mandates/5359","type":"candidacy","parliament_period":{"id":22,"entity_type":"parliament_period","label":"Bundestag Wahl 2009","api_url":"https://www.abgeordnetenwatch.de/api/v2/parliament-periods/22","abgeordnetenwatch_url":"https://www.abgeordnetenwatch.de/bundestag/wahl-2009"},"politician":{"id":78891,"entity_type":"politician","label":"Sascha Raabe","api_url":"https://www.abgeordnetenwatch.de/api/v2/politicians/78891","abgeordnetenwatch_url":"https://www.abgeordnetenwatch.de/profile/sascha-raabe"},"electoral_data":{"id":5359,"entity_type":"electoral_data","label":"Sascha Raabe (Bundestag Wahl 2009)","electoral_list":{},"list_position":10,"constituency":{"id":6512,"entity_type":"constituency","label":"180 - Hanau (Bundestag Wahl 2009)","api_url":"https://www.abgeordnetenwatch.de/api/v2/constituencies/6512"},"constituency_result":34},"fraction_membership":{},"party":{"id":1,"entity_type":"party","label":"SPD","api_url":"https://www.abgeordnetenwatch.de/api/v2/parties/1"}},{"id":5358,"entity_type":"candidacy_mandate","label":"Sascha Raabe (Bundestag Wahl 2005)","api_url":"https://www.abgeordnetenwatch.de/api/v2/candidacies-mandates/5358","type":"candidacy","parliament_period":{"id":6,"entity_type":"parliament_period","label":"Bundestag Wahl 2005","api_url":"https://www.abgeordnetenwatch.de/api/v2/parliament-periods/6","abgeordnetenwatch_url":"https://www.abgeordnetenwatch.de/bundestag/wahl-2005"},"politician":{"id":78891,"entity_type":"politician","label":"Sascha Raabe","api_url":"https://www.abgeordnetenwatch.de/api/v2/politicians/78891","abgeordnetenwatch_url":"https://www.abgeordnetenwatch.de/profile/sascha-raabe"},"electoral_data":{"id":5358,"entity_type":"electoral_data","label":"Sascha Raabe (Bundestag Wahl 2005)","electoral_list":{"id":205,"entity_type":"electoral_list","label":"Landesliste Hessen (Bundestag Wahl 2005)","api_url":"https://www.abgeordnetenwatch.de/api/v2/electoral-lists/205"},"list_position":14,"constituency":{"id":6260,"entity_type":"constituency","label":"181 - Hanau (Bundestag Wahl 2005)","api_url":"https://www.abgeordnetenwatch.de/api/v2/constituencies/6260"},"constituency_result":43.2},"fraction_membership":{},"party":{"id":1,"entity_type":"party","label":"SPD","api_url":"https://www.abgeordnetenwatch.de/api/v2/parties/1"}}]
