{"id":[78899],"entity_type":["politician"],"label":["Markus Tressel"],"api_url":["https://www.abgeordnetenwatch.de/api/v2/politicians/78899"],"abgeordnetenwatch_url":["https://www.abgeordnetenwatch.de/profile/markus-tressel"],"first_name":["Markus"],"last_name":["Tressel"],"birth_name":{},"sex":["m"],"year_of_birth":[1977],"party":{"id":[5],"entity_type":["party"],"label":["Bündnis 90/Die Grünen"],"api_url":["https://www.abgeordnetenwatch.de/api/v2/parties/5"]},"party_past":{},"education":["Politik- und Verwaltungswissenschaftler"],"residence":{},"occupation":["MdB"],"statistic_questions":[15],"statistic_questions_answered":[14],"qid_wikidata":["Q1416148"],"field_title":{}}
