[{"id":45427,"entity_type":"candidacy_mandate","label":"Markus Tressel (Bundestag 2017 - 2021)","api_url":"https://www.abgeordnetenwatch.de/api/v2/candidacies-mandates/45427","id_external_administration":"1693","id_external_administration_description":"mdbID - ID der Bundestagsverwaltung","type":"mandate","parliament_period":{"id":111,"entity_type":"parliament_period","label":"Bundestag 2017 - 2021","api_url":"https://www.abgeordnetenwatch.de/api/v2/parliament-periods/111","abgeordnetenwatch_url":"https://www.abgeordnetenwatch.de/bundestag/19"},"politician":{"id":78899,"entity_type":"politician","label":"Markus Tressel","api_url":"https://www.abgeordnetenwatch.de/api/v2/politicians/78899","abgeordnetenwatch_url":"https://www.abgeordnetenwatch.de/profile/markus-tressel"},"electoral_data":{"id":45427,"entity_type":"electoral_data","label":"Markus Tressel (Bundestag 2017 - 2021)","electoral_list":{"id":117,"entity_type":"electoral_list","label":"Landesliste Saarland (Bundestag 2017 - 2021)","api_url":"https://www.abgeordnetenwatch.de/api/v2/electoral-lists/117"},"list_position":1,"constituency":{"id":4421,"entity_type":"constituency","label":"297 - Saarlouis (Bundestag 2017 - 2021)","api_url":"https://www.abgeordnetenwatch.de/api/v2/constituencies/4421"},"constituency_result":3.5,"mandate_won":"list"},"fraction_membership":[{"id":7680,"entity_type":"fraction_membership","label":"DIE GRÜNEN","fraction":{"id":153,"entity_type":"fraction","label":"DIE GRÜNEN (Bundestag 2017 - 2021)","api_url":"https://www.abgeordnetenwatch.de/api/v2/fractions/153"}}],"party":{}},{"id":38800,"entity_type":"candidacy_mandate","label":"Markus Tressel (Bundestag 2013-2017)","api_url":"https://www.abgeordnetenwatch.de/api/v2/candidacies-mandates/38800","type":"mandate","parliament_period":{"id":97,"entity_type":"parliament_period","label":"Bundestag 2013 - 2017","api_url":"https://www.abgeordnetenwatch.de/api/v2/parliament-periods/97","abgeordnetenwatch_url":"https://www.abgeordnetenwatch.de/bundestag/18"},"politician":{"id":78899,"entity_type":"politician","label":"Markus Tressel","api_url":"https://www.abgeordnetenwatch.de/api/v2/politicians/78899","abgeordnetenwatch_url":"https://www.abgeordnetenwatch.de/profile/markus-tressel"},"electoral_data":{"id":38800,"entity_type":"electoral_data","label":"Markus Tressel (Bundestag 2013-2017)","electoral_list":{"id":17,"entity_type":"electoral_list","label":"Landesliste Saarland (Bundestag 2013-2017)","api_url":"https://www.abgeordnetenwatch.de/api/v2/electoral-lists/17"},"list_position":1,"constituency":{"id":1246,"entity_type":"constituency","label":"297 - Saarlouis (Bundestag 2013-2017)","api_url":"https://www.abgeordnetenwatch.de/api/v2/constituencies/1246"},"constituency_result":3.7,"mandate_won":"list"},"fraction_membership":[{"id":1026,"entity_type":"fraction_membership","label":"DIE GRÜNEN","fraction":{"id":114,"entity_type":"fraction","label":"DIE GRÜNEN (Bundestag 2013-2017)","api_url":"https://www.abgeordnetenwatch.de/api/v2/fractions/114"}}],"party":{}},{"id":38799,"entity_type":"candidacy_mandate","label":"Markus Tressel (Bundestag 2009-2013)","api_url":"https://www.abgeordnetenwatch.de/api/v2/candidacies-mandates/38799","type":"mandate","parliament_period":{"id":83,"entity_type":"parliament_period","label":"Bundestag 2009 - 2013","api_url":"https://www.abgeordnetenwatch.de/api/v2/parliament-periods/83","abgeordnetenwatch_url":"https://www.abgeordnetenwatch.de/bundestag/17"},"politician":{"id":78899,"entity_type":"politician","label":"Markus Tressel","api_url":"https://www.abgeordnetenwatch.de/api/v2/politicians/78899","abgeordnetenwatch_url":"https://www.abgeordnetenwatch.de/profile/markus-tressel"},"electoral_data":{"id":38799,"entity_type":"electoral_data","label":"Markus Tressel (Bundestag 2009-2013)","electoral_list":{"id":66,"entity_type":"electoral_list","label":"Landesliste Saarland (Bundestag 2009-2013)","api_url":"https://www.abgeordnetenwatch.de/api/v2/electoral-lists/66"},"list_position":1,"constituency":{"id":285,"entity_type":"constituency","label":"296 - Saarbrücken (Bundestag 2009-2013)","api_url":"https://www.abgeordnetenwatch.de/api/v2/constituencies/285"}},"fraction_membership":[{"id":1025,"entity_type":"fraction_membership","label":"DIE GRÜNEN","fraction":{"id":113,"entity_type":"fraction","label":"DIE GRÜNEN (Bundestag 2009-2013)","api_url":"https://www.abgeordnetenwatch.de/api/v2/fractions/113"}}],"party":{}},{"id":5375,"entity_type":"candidacy_mandate","label":"Markus Tressel (Bundestag Wahl 2017)","api_url":"https://www.abgeordnetenwatch.de/api/v2/candidacies-mandates/5375","type":"candidacy","parliament_period":{"id":50,"entity_type":"parliament_period","label":"Bundestag Wahl 2017","api_url":"https://www.abgeordnetenwatch.de/api/v2/parliament-periods/50","abgeordnetenwatch_url":"https://www.abgeordnetenwatch.de/bundestag/wahl-2017"},"politician":{"id":78899,"entity_type":"politician","label":"Markus Tressel","api_url":"https://www.abgeordnetenwatch.de/api/v2/politicians/78899","abgeordnetenwatch_url":"https://www.abgeordnetenwatch.de/profile/markus-tressel"},"electoral_data":{"id":5375,"entity_type":"electoral_data","label":"Markus Tressel (Bundestag Wahl 2017)","electoral_list":{"id":276,"entity_type":"electoral_list","label":"Landesliste Saarland (Bundestag Wahl 2017)","api_url":"https://www.abgeordnetenwatch.de/api/v2/electoral-lists/276"},"list_position":1,"constituency":{"id":9307,"entity_type":"constituency","label":"297 - Saarlouis (Bundestag Wahl 2017)","api_url":"https://www.abgeordnetenwatch.de/api/v2/constituencies/9307"},"constituency_result":3.5,"mandate_won":"list"},"fraction_membership":{},"party":{"id":5,"entity_type":"party","label":"Bündnis 90/Die Grünen","api_url":"https://www.abgeordnetenwatch.de/api/v2/parties/5"}},{"id":5374,"entity_type":"candidacy_mandate","label":"Markus Tressel (Bundestag Wahl 2013)","api_url":"https://www.abgeordnetenwatch.de/api/v2/candidacies-mandates/5374","type":"candidacy","parliament_period":{"id":36,"entity_type":"parliament_period","label":"Bundestag Wahl 2013","api_url":"https://www.abgeordnetenwatch.de/api/v2/parliament-periods/36","abgeordnetenwatch_url":"https://www.abgeordnetenwatch.de/bundestag/wahl-2013"},"politician":{"id":78899,"entity_type":"politician","label":"Markus Tressel","api_url":"https://www.abgeordnetenwatch.de/api/v2/politicians/78899","abgeordnetenwatch_url":"https://www.abgeordnetenwatch.de/profile/markus-tressel"},"electoral_data":{"id":5374,"entity_type":"electoral_data","label":"Markus Tressel (Bundestag Wahl 2013)","electoral_list":{},"list_position":1,"constituency":{"id":6132,"entity_type":"constituency","label":"297 - Saarlouis (Bundestag Wahl 2013)","api_url":"https://www.abgeordnetenwatch.de/api/v2/constituencies/6132"},"constituency_result":3.7,"mandate_won":"list"},"fraction_membership":{},"party":{"id":5,"entity_type":"party","label":"Bündnis 90/Die Grünen","api_url":"https://www.abgeordnetenwatch.de/api/v2/parties/5"}}]
