[{"id":45448,"entity_type":"candidacy_mandate","label":"Pia Zimmermann (Bundestag 2017 - 2021)","api_url":"https://www.abgeordnetenwatch.de/api/v2/candidacies-mandates/45448","id_external_administration":"1986","id_external_administration_description":"mdbID - ID der Bundestagsverwaltung","type":"mandate","parliament_period":{"id":111,"entity_type":"parliament_period","label":"Bundestag 2017 - 2021","api_url":"https://www.abgeordnetenwatch.de/api/v2/parliament-periods/111","abgeordnetenwatch_url":"https://www.abgeordnetenwatch.de/bundestag/19"},"politician":{"id":78901,"entity_type":"politician","label":"Pia Zimmermann","api_url":"https://www.abgeordnetenwatch.de/api/v2/politicians/78901","abgeordnetenwatch_url":"https://www.abgeordnetenwatch.de/profile/pia-zimmermann"},"electoral_data":{"id":45448,"entity_type":"electoral_data","label":"Pia Zimmermann (Bundestag 2017 - 2021)","electoral_list":{"id":114,"entity_type":"electoral_list","label":"Landesliste Niedersachsen (Bundestag 2017 - 2021)","api_url":"https://www.abgeordnetenwatch.de/api/v2/electoral-lists/114"},"list_position":1,"constituency":{"id":4175,"entity_type":"constituency","label":"51 - Helmstedt - Wolfsburg (Bundestag 2017 - 2021)","api_url":"https://www.abgeordnetenwatch.de/api/v2/constituencies/4175"},"constituency_result":6,"mandate_won":"list"},"fraction_membership":[{"id":7701,"entity_type":"fraction_membership","label":"DIE LINKE","fraction":{"id":41,"entity_type":"fraction","label":"DIE LINKE (Bundestag 2017 - 2021)","api_url":"https://www.abgeordnetenwatch.de/api/v2/fractions/41"}}],"party":{}},{"id":38804,"entity_type":"candidacy_mandate","label":"Pia Zimmermann (Bundestag 2013-2017)","api_url":"https://www.abgeordnetenwatch.de/api/v2/candidacies-mandates/38804","type":"mandate","parliament_period":{"id":97,"entity_type":"parliament_period","label":"Bundestag 2013 - 2017","api_url":"https://www.abgeordnetenwatch.de/api/v2/parliament-periods/97","abgeordnetenwatch_url":"https://www.abgeordnetenwatch.de/bundestag/18"},"politician":{"id":78901,"entity_type":"politician","label":"Pia Zimmermann","api_url":"https://www.abgeordnetenwatch.de/api/v2/politicians/78901","abgeordnetenwatch_url":"https://www.abgeordnetenwatch.de/profile/pia-zimmermann"},"electoral_data":{"id":38804,"entity_type":"electoral_data","label":"Pia Zimmermann (Bundestag 2013-2017)","electoral_list":{"id":34,"entity_type":"electoral_list","label":"Landesliste Niedersachsen (Bundestag 2013-2017)","api_url":"https://www.abgeordnetenwatch.de/api/v2/electoral-lists/34"},"list_position":3,"constituency":{"id":190,"entity_type":"constituency","label":"51 - Helmstedt - Wolfsburg (Bundestag 2013-2017)","api_url":"https://www.abgeordnetenwatch.de/api/v2/constituencies/190"},"constituency_result":4.4,"mandate_won":"list"},"fraction_membership":[{"id":1030,"entity_type":"fraction_membership","label":"DIE LINKE","fraction":{"id":73,"entity_type":"fraction","label":"DIE LINKE (Bundestag 2013-2017)","api_url":"https://www.abgeordnetenwatch.de/api/v2/fractions/73"}}],"party":{}},{"id":38803,"entity_type":"candidacy_mandate","label":"Pia Zimmermann (Niedersachsen 2008-2013)","api_url":"https://www.abgeordnetenwatch.de/api/v2/candidacies-mandates/38803","type":"mandate","parliament_period":{"id":75,"entity_type":"parliament_period","label":"Niedersachsen 2008 - 2013","api_url":"https://www.abgeordnetenwatch.de/api/v2/parliament-periods/75","abgeordnetenwatch_url":"https://www.abgeordnetenwatch.de/niedersachsen/16"},"politician":{"id":78901,"entity_type":"politician","label":"Pia Zimmermann","api_url":"https://www.abgeordnetenwatch.de/api/v2/politicians/78901","abgeordnetenwatch_url":"https://www.abgeordnetenwatch.de/profile/pia-zimmermann"},"electoral_data":{"id":38803,"entity_type":"electoral_data","label":"Pia Zimmermann (Niedersachsen 2008-2013)","electoral_list":{},"constituency":{"id":1915,"entity_type":"constituency","label":"7 - Wolfsburg (Niedersachsen 2008-2013)","api_url":"https://www.abgeordnetenwatch.de/api/v2/constituencies/1915"},"constituency_result":7.4,"mandate_won":"list"},"fraction_membership":[{"id":1029,"entity_type":"fraction_membership","label":"DIE LINKE","fraction":{"id":117,"entity_type":"fraction","label":"DIE LINKE (Niedersachsen 2008-2013)","api_url":"https://www.abgeordnetenwatch.de/api/v2/fractions/117"}}],"party":{}},{"id":5384,"entity_type":"candidacy_mandate","label":"Pia Zimmermann (Bundestag Wahl 2017)","api_url":"https://www.abgeordnetenwatch.de/api/v2/candidacies-mandates/5384","type":"candidacy","parliament_period":{"id":50,"entity_type":"parliament_period","label":"Bundestag Wahl 2017","api_url":"https://www.abgeordnetenwatch.de/api/v2/parliament-periods/50","abgeordnetenwatch_url":"https://www.abgeordnetenwatch.de/bundestag/wahl-2017"},"politician":{"id":78901,"entity_type":"politician","label":"Pia Zimmermann","api_url":"https://www.abgeordnetenwatch.de/api/v2/politicians/78901","abgeordnetenwatch_url":"https://www.abgeordnetenwatch.de/profile/pia-zimmermann"},"electoral_data":{"id":5384,"entity_type":"electoral_data","label":"Pia Zimmermann (Bundestag Wahl 2017)","electoral_list":{"id":273,"entity_type":"electoral_list","label":"Landesliste Niedersachsen (Bundestag Wahl 2017)","api_url":"https://www.abgeordnetenwatch.de/api/v2/electoral-lists/273"},"list_position":1,"constituency":{"id":9061,"entity_type":"constituency","label":"51 - Helmstedt - Wolfsburg (Bundestag Wahl 2017)","api_url":"https://www.abgeordnetenwatch.de/api/v2/constituencies/9061"},"constituency_result":6,"mandate_won":"list"},"fraction_membership":{},"party":{"id":8,"entity_type":"party","label":"DIE LINKE","api_url":"https://www.abgeordnetenwatch.de/api/v2/parties/8"}},{"id":5383,"entity_type":"candidacy_mandate","label":"Pia Zimmermann (Bundestag Wahl 2013)","api_url":"https://www.abgeordnetenwatch.de/api/v2/candidacies-mandates/5383","type":"candidacy","parliament_period":{"id":36,"entity_type":"parliament_period","label":"Bundestag Wahl 2013","api_url":"https://www.abgeordnetenwatch.de/api/v2/parliament-periods/36","abgeordnetenwatch_url":"https://www.abgeordnetenwatch.de/bundestag/wahl-2013"},"politician":{"id":78901,"entity_type":"politician","label":"Pia Zimmermann","api_url":"https://www.abgeordnetenwatch.de/api/v2/politicians/78901","abgeordnetenwatch_url":"https://www.abgeordnetenwatch.de/profile/pia-zimmermann"},"electoral_data":{"id":5383,"entity_type":"electoral_data","label":"Pia Zimmermann (Bundestag Wahl 2013)","electoral_list":{},"list_position":3,"constituency":{"id":5076,"entity_type":"constituency","label":"51 - Helmstedt - Wolfsburg (Bundestag Wahl 2013)","api_url":"https://www.abgeordnetenwatch.de/api/v2/constituencies/5076"},"constituency_result":4.4,"mandate_won":"list"},"fraction_membership":{},"party":{"id":8,"entity_type":"party","label":"DIE LINKE","api_url":"https://www.abgeordnetenwatch.de/api/v2/parties/8"}},{"id":5382,"entity_type":"candidacy_mandate","label":"Pia Zimmermann (Niedersachsen Wahl 2013)","api_url":"https://www.abgeordnetenwatch.de/api/v2/candidacies-mandates/5382","type":"candidacy","parliament_period":{"id":35,"entity_type":"parliament_period","label":"Niedersachsen Wahl 2013","api_url":"https://www.abgeordnetenwatch.de/api/v2/parliament-periods/35","abgeordnetenwatch_url":"https://www.abgeordnetenwatch.de/niedersachsen/wahl-2013"},"politician":{"id":78901,"entity_type":"politician","label":"Pia Zimmermann","api_url":"https://www.abgeordnetenwatch.de/api/v2/politicians/78901","abgeordnetenwatch_url":"https://www.abgeordnetenwatch.de/profile/pia-zimmermann"},"electoral_data":{"id":5382,"entity_type":"electoral_data","label":"Pia Zimmermann (Niedersachsen Wahl 2013)","electoral_list":{},"constituency":{"id":6775,"entity_type":"constituency","label":"7 - Wolfsburg (Niedersachsen Wahl 2013)","api_url":"https://www.abgeordnetenwatch.de/api/v2/constituencies/6775"},"constituency_result":3.47},"fraction_membership":{},"party":{"id":8,"entity_type":"party","label":"DIE LINKE","api_url":"https://www.abgeordnetenwatch.de/api/v2/parties/8"}},{"id":5381,"entity_type":"candidacy_mandate","label":"Pia Zimmermann (Niedersachsen Wahl 2008)","api_url":"https://www.abgeordnetenwatch.de/api/v2/candidacies-mandates/5381","type":"candidacy","parliament_period":{"id":14,"entity_type":"parliament_period","label":"Niedersachsen Wahl 2008","api_url":"https://www.abgeordnetenwatch.de/api/v2/parliament-periods/14","abgeordnetenwatch_url":"https://www.abgeordnetenwatch.de/niedersachsen/wahl-2008"},"politician":{"id":78901,"entity_type":"politician","label":"Pia Zimmermann","api_url":"https://www.abgeordnetenwatch.de/api/v2/politicians/78901","abgeordnetenwatch_url":"https://www.abgeordnetenwatch.de/profile/pia-zimmermann"},"electoral_data":{"id":5381,"entity_type":"electoral_data","label":"Pia Zimmermann (Niedersachsen Wahl 2008)","electoral_list":{},"constituency":{"id":6801,"entity_type":"constituency","label":"7 - Wolfsburg (Niedersachsen Wahl 2008)","api_url":"https://www.abgeordnetenwatch.de/api/v2/constituencies/6801"},"constituency_result":7.4,"mandate_won":"list"},"fraction_membership":{},"party":{"id":8,"entity_type":"party","label":"DIE LINKE","api_url":"https://www.abgeordnetenwatch.de/api/v2/parties/8"}}]
