{"id":[78902],"entity_type":["politician"],"label":["Stefan Zierke"],"api_url":["https://www.abgeordnetenwatch.de/api/v2/politicians/78902"],"abgeordnetenwatch_url":["https://www.abgeordnetenwatch.de/profile/stefan-zierke"],"first_name":["Stefan"],"last_name":["Zierke"],"birth_name":{},"sex":["m"],"year_of_birth":[1970],"party":{"id":[1],"entity_type":["party"],"label":["SPD"],"api_url":["https://www.abgeordnetenwatch.de/api/v2/parties/1"]},"party_past":{},"education":["Werkzeugmacher, Touristikfachwirt"],"residence":["Prenzlau"],"occupation":["Mitglied des Deutschen Bundestages"],"statistic_questions":[3],"statistic_questions_answered":[3],"qid_wikidata":["Q14947102"],"field_title":{}}
