{"id":[78919],"entity_type":["politician"],"label":["Anja Weisgerber"],"api_url":["https://www.abgeordnetenwatch.de/api/v2/politicians/78919"],"abgeordnetenwatch_url":["https://www.abgeordnetenwatch.de/profile/anja-weisgerber"],"first_name":["Anja"],"last_name":["Weisgerber"],"birth_name":{},"sex":["f"],"year_of_birth":[1976],"party":{"id":[3],"entity_type":["party"],"label":["CSU"],"api_url":["https://www.abgeordnetenwatch.de/api/v2/parties/3"]},"party_past":{},"deceased":{},"deceased_date":{},"education":["Rechtsanwältin"],"residence":{},"occupation":["MdB"],"statistic_questions":[1],"statistic_questions_answered":{},"qid_wikidata":["Q85773"],"field_title":{}}
