[{"id":54007,"entity_type":"candidacy_mandate","label":"Dirk Wiese (Bundestag 2021 - 2025)","api_url":"https://www.abgeordnetenwatch.de/api/v2/candidacies-mandates/54007","id_external_administration":"1975","id_external_administration_description":"mdbID aus der info-xml-Datei der Bundestagsverwaltung","type":"mandate","parliament_period":{"id":132,"entity_type":"parliament_period","label":"Bundestag 2021 - 2025","api_url":"https://www.abgeordnetenwatch.de/api/v2/parliament-periods/132","abgeordnetenwatch_url":"https://www.abgeordnetenwatch.de/bundestag"},"politician":{"id":78913,"entity_type":"politician","label":"Dirk Wiese","api_url":"https://www.abgeordnetenwatch.de/api/v2/politicians/78913","abgeordnetenwatch_url":"https://www.abgeordnetenwatch.de/profile/dirk-wiese"},"electoral_data":{"id":54931,"entity_type":"electoral_data","label":"Dirk Wiese (Bundestag 2021 - 2025)","electoral_list":{"id":419,"entity_type":"electoral_list","label":"Landesliste Nordrhein-Westfalen (Bundestag 2021 - 2025)","api_url":"https://www.abgeordnetenwatch.de/api/v2/electoral-lists/419"},"list_position":5,"constituency":{"id":10887,"entity_type":"constituency","label":"147 - Hochsauerlandkreis (Bundestag 2021 - 2025)","api_url":"https://www.abgeordnetenwatch.de/api/v2/constituencies/10887"},"constituency_result":32.2,"mandate_won":"list"},"fraction_membership":[{"id":9854,"entity_type":"fraction_membership","label":"SPD","fraction":{"id":319,"entity_type":"fraction","label":"SPD (Bundestag 2021 - 2025)","api_url":"https://www.abgeordnetenwatch.de/api/v2/fractions/319"}}],"party":{}},{"id":48671,"entity_type":"candidacy_mandate","label":"Dirk Wiese (Bundestag Wahl 2021)","api_url":"https://www.abgeordnetenwatch.de/api/v2/candidacies-mandates/48671","type":"candidacy","parliament_period":{"id":128,"entity_type":"parliament_period","label":"Bundestag Wahl 2021","api_url":"https://www.abgeordnetenwatch.de/api/v2/parliament-periods/128","abgeordnetenwatch_url":"https://www.abgeordnetenwatch.de/bundestag/wahl-2021"},"politician":{"id":78913,"entity_type":"politician","label":"Dirk Wiese","api_url":"https://www.abgeordnetenwatch.de/api/v2/politicians/78913","abgeordnetenwatch_url":"https://www.abgeordnetenwatch.de/profile/dirk-wiese"},"electoral_data":{"id":49593,"entity_type":"electoral_data","label":"Dirk Wiese (Bundestag Wahl 2021)","electoral_list":{"id":365,"entity_type":"electoral_list","label":"Landesliste Nordrhein-Westfalen (Bundestag Wahl 2021)","api_url":"https://www.abgeordnetenwatch.de/api/v2/electoral-lists/365"},"list_position":5,"constituency":{"id":10204,"entity_type":"constituency","label":"147 - Hochsauerlandkreis (Bundestag Wahl 2021)","api_url":"https://www.abgeordnetenwatch.de/api/v2/constituencies/10204"},"constituency_result":32.2,"constituency_result_count":50057,"mandate_won":"list"},"fraction_membership":{},"party":{"id":1,"entity_type":"party","label":"SPD","api_url":"https://www.abgeordnetenwatch.de/api/v2/parties/1"}},{"id":44570,"entity_type":"candidacy_mandate","label":"Dirk Wiese (Bundestag 2017 - 2021)","api_url":"https://www.abgeordnetenwatch.de/api/v2/candidacies-mandates/44570","id_external_administration":"1975","id_external_administration_description":"mdbID - ID der Bundestagsverwaltung","type":"mandate","parliament_period":{"id":111,"entity_type":"parliament_period","label":"Bundestag 2017 - 2021","api_url":"https://www.abgeordnetenwatch.de/api/v2/parliament-periods/111","abgeordnetenwatch_url":"https://www.abgeordnetenwatch.de/bundestag/19"},"politician":{"id":78913,"entity_type":"politician","label":"Dirk Wiese","api_url":"https://www.abgeordnetenwatch.de/api/v2/politicians/78913","abgeordnetenwatch_url":"https://www.abgeordnetenwatch.de/profile/dirk-wiese"},"electoral_data":{"id":44570,"entity_type":"electoral_data","label":"Dirk Wiese (Bundestag 2017 - 2021)","electoral_list":{"id":115,"entity_type":"electoral_list","label":"Landesliste Nordrhein-Westfalen (Bundestag 2017 - 2021)","api_url":"https://www.abgeordnetenwatch.de/api/v2/electoral-lists/115"},"list_position":13,"constituency":{"id":4271,"entity_type":"constituency","label":"147 - Hochsauerlandkreis (Bundestag 2017 - 2021)","api_url":"https://www.abgeordnetenwatch.de/api/v2/constituencies/4271"},"constituency_result":26.9,"mandate_won":"list"},"fraction_membership":[{"id":6815,"entity_type":"fraction_membership","label":"SPD","fraction":{"id":22,"entity_type":"fraction","label":"SPD (Bundestag 2017 - 2021)","api_url":"https://www.abgeordnetenwatch.de/api/v2/fractions/22"}}],"party":{}},{"id":38825,"entity_type":"candidacy_mandate","label":"Dirk Wiese (Bundestag 2013-2017)","api_url":"https://www.abgeordnetenwatch.de/api/v2/candidacies-mandates/38825","type":"mandate","parliament_period":{"id":97,"entity_type":"parliament_period","label":"Bundestag 2013 - 2017","api_url":"https://www.abgeordnetenwatch.de/api/v2/parliament-periods/97","abgeordnetenwatch_url":"https://www.abgeordnetenwatch.de/bundestag/18"},"politician":{"id":78913,"entity_type":"politician","label":"Dirk Wiese","api_url":"https://www.abgeordnetenwatch.de/api/v2/politicians/78913","abgeordnetenwatch_url":"https://www.abgeordnetenwatch.de/profile/dirk-wiese"},"electoral_data":{"id":38825,"entity_type":"electoral_data","label":"Dirk Wiese (Bundestag 2013-2017)","electoral_list":{"id":35,"entity_type":"electoral_list","label":"Landesliste Nordrhein-Westfalen (Bundestag 2013-2017)","api_url":"https://www.abgeordnetenwatch.de/api/v2/electoral-lists/35"},"list_position":25,"constituency":{"id":1168,"entity_type":"constituency","label":"147 - Hochsauerlandkreis (Bundestag 2013-2017)","api_url":"https://www.abgeordnetenwatch.de/api/v2/constituencies/1168"},"constituency_result":29.9,"mandate_won":"list"},"fraction_membership":[{"id":1051,"entity_type":"fraction_membership","label":"SPD","fraction":{"id":45,"entity_type":"fraction","label":"SPD (Bundestag 2013-2017)","api_url":"https://www.abgeordnetenwatch.de/api/v2/fractions/45"}}],"party":{}},{"id":5412,"entity_type":"candidacy_mandate","label":"Dirk Wiese (Bundestag Wahl 2017)","api_url":"https://www.abgeordnetenwatch.de/api/v2/candidacies-mandates/5412","type":"candidacy","parliament_period":{"id":50,"entity_type":"parliament_period","label":"Bundestag Wahl 2017","api_url":"https://www.abgeordnetenwatch.de/api/v2/parliament-periods/50","abgeordnetenwatch_url":"https://www.abgeordnetenwatch.de/bundestag/wahl-2017"},"politician":{"id":78913,"entity_type":"politician","label":"Dirk Wiese","api_url":"https://www.abgeordnetenwatch.de/api/v2/politicians/78913","abgeordnetenwatch_url":"https://www.abgeordnetenwatch.de/profile/dirk-wiese"},"electoral_data":{"id":5412,"entity_type":"electoral_data","label":"Dirk Wiese (Bundestag Wahl 2017)","electoral_list":{"id":274,"entity_type":"electoral_list","label":"Landesliste Nordrhein-Westfalen (Bundestag Wahl 2017)","api_url":"https://www.abgeordnetenwatch.de/api/v2/electoral-lists/274"},"list_position":13,"constituency":{"id":9157,"entity_type":"constituency","label":"147 - Hochsauerlandkreis (Bundestag Wahl 2017)","api_url":"https://www.abgeordnetenwatch.de/api/v2/constituencies/9157"},"constituency_result":26.9,"mandate_won":"list"},"fraction_membership":{},"party":{"id":1,"entity_type":"party","label":"SPD","api_url":"https://www.abgeordnetenwatch.de/api/v2/parties/1"}},{"id":5411,"entity_type":"candidacy_mandate","label":"Dirk Wiese (Bundestag Wahl 2013)","api_url":"https://www.abgeordnetenwatch.de/api/v2/candidacies-mandates/5411","type":"candidacy","parliament_period":{"id":36,"entity_type":"parliament_period","label":"Bundestag Wahl 2013","api_url":"https://www.abgeordnetenwatch.de/api/v2/parliament-periods/36","abgeordnetenwatch_url":"https://www.abgeordnetenwatch.de/bundestag/wahl-2013"},"politician":{"id":78913,"entity_type":"politician","label":"Dirk Wiese","api_url":"https://www.abgeordnetenwatch.de/api/v2/politicians/78913","abgeordnetenwatch_url":"https://www.abgeordnetenwatch.de/profile/dirk-wiese"},"electoral_data":{"id":5411,"entity_type":"electoral_data","label":"Dirk Wiese (Bundestag Wahl 2013)","electoral_list":{},"list_position":25,"constituency":{"id":6054,"entity_type":"constituency","label":"147 - Hochsauerlandkreis (Bundestag Wahl 2013)","api_url":"https://www.abgeordnetenwatch.de/api/v2/constituencies/6054"},"constituency_result":29.9,"mandate_won":"list"},"fraction_membership":{},"party":{"id":1,"entity_type":"party","label":"SPD","api_url":"https://www.abgeordnetenwatch.de/api/v2/parties/1"}}]
