[{"id":53881,"entity_type":"candidacy_mandate","label":"Klaus-Peter Willsch (Bundestag 2021 - 2025)","api_url":"https://www.abgeordnetenwatch.de/api/v2/candidacies-mandates/53881","id_external_administration":"1135","id_external_administration_description":"mdbID aus der info-xml-Datei der Bundestagsverwaltung","type":"mandate","parliament_period":{"id":132,"entity_type":"parliament_period","label":"Bundestag 2021 - 2025","api_url":"https://www.abgeordnetenwatch.de/api/v2/parliament-periods/132","abgeordnetenwatch_url":"https://www.abgeordnetenwatch.de/bundestag"},"politician":{"id":78914,"entity_type":"politician","label":"Klaus-Peter Willsch","api_url":"https://www.abgeordnetenwatch.de/api/v2/politicians/78914","abgeordnetenwatch_url":"https://www.abgeordnetenwatch.de/profile/klaus-peter-willsch"},"electoral_data":{"id":54805,"entity_type":"electoral_data","label":"Klaus-Peter Willsch (Bundestag 2021 - 2025)","electoral_list":{"id":416,"entity_type":"electoral_list","label":"Landesliste Hessen (Bundestag 2021 - 2025)","api_url":"https://www.abgeordnetenwatch.de/api/v2/electoral-lists/416"},"list_position":9,"constituency":{"id":10918,"entity_type":"constituency","label":"178 - Rheingau-Taunus - Limburg (Bundestag 2021 - 2025)","api_url":"https://www.abgeordnetenwatch.de/api/v2/constituencies/10918"},"constituency_result":30,"mandate_won":"constituency"},"fraction_membership":[{"id":9728,"entity_type":"fraction_membership","label":"CDU/CSU","fraction":{"id":320,"entity_type":"fraction","label":"CDU/CSU (Bundestag 2021 - 2025)","api_url":"https://www.abgeordnetenwatch.de/api/v2/fractions/320"}}],"party":{}},{"id":49711,"entity_type":"candidacy_mandate","label":"Klaus-Peter Willsch (Bundestag Wahl 2021)","api_url":"https://www.abgeordnetenwatch.de/api/v2/candidacies-mandates/49711","type":"candidacy","parliament_period":{"id":128,"entity_type":"parliament_period","label":"Bundestag Wahl 2021","api_url":"https://www.abgeordnetenwatch.de/api/v2/parliament-periods/128","abgeordnetenwatch_url":"https://www.abgeordnetenwatch.de/bundestag/wahl-2021"},"politician":{"id":78914,"entity_type":"politician","label":"Klaus-Peter Willsch","api_url":"https://www.abgeordnetenwatch.de/api/v2/politicians/78914","abgeordnetenwatch_url":"https://www.abgeordnetenwatch.de/profile/klaus-peter-willsch"},"electoral_data":{"id":50633,"entity_type":"electoral_data","label":"Klaus-Peter Willsch (Bundestag Wahl 2021)","electoral_list":{"id":362,"entity_type":"electoral_list","label":"Landesliste Hessen (Bundestag Wahl 2021)","api_url":"https://www.abgeordnetenwatch.de/api/v2/electoral-lists/362"},"list_position":9,"constituency":{"id":10235,"entity_type":"constituency","label":"178 - Rheingau-Taunus - Limburg (Bundestag Wahl 2021)","api_url":"https://www.abgeordnetenwatch.de/api/v2/constituencies/10235"},"constituency_result":30.2,"constituency_result_count":51318,"mandate_won":"constituency"},"fraction_membership":{},"party":{"id":2,"entity_type":"party","label":"CDU","api_url":"https://www.abgeordnetenwatch.de/api/v2/parties/2"}},{"id":45443,"entity_type":"candidacy_mandate","label":"Klaus-Peter Willsch (Bundestag 2017 - 2021)","api_url":"https://www.abgeordnetenwatch.de/api/v2/candidacies-mandates/45443","id_external_administration":"1135","id_external_administration_description":"mdbID - ID der Bundestagsverwaltung","type":"mandate","parliament_period":{"id":111,"entity_type":"parliament_period","label":"Bundestag 2017 - 2021","api_url":"https://www.abgeordnetenwatch.de/api/v2/parliament-periods/111","abgeordnetenwatch_url":"https://www.abgeordnetenwatch.de/bundestag/19"},"politician":{"id":78914,"entity_type":"politician","label":"Klaus-Peter Willsch","api_url":"https://www.abgeordnetenwatch.de/api/v2/politicians/78914","abgeordnetenwatch_url":"https://www.abgeordnetenwatch.de/profile/klaus-peter-willsch"},"electoral_data":{"id":45443,"entity_type":"electoral_data","label":"Klaus-Peter Willsch (Bundestag 2017 - 2021)","electoral_list":{"id":112,"entity_type":"electoral_list","label":"Landesliste Hessen (Bundestag 2017 - 2021)","api_url":"https://www.abgeordnetenwatch.de/api/v2/electoral-lists/112"},"list_position":10,"constituency":{"id":4302,"entity_type":"constituency","label":"178 - Rheingau-Taunus - Limburg (Bundestag 2017 - 2021)","api_url":"https://www.abgeordnetenwatch.de/api/v2/constituencies/4302"},"constituency_result":41.8,"mandate_won":"constituency"},"fraction_membership":[{"id":7696,"entity_type":"fraction_membership","label":"CDU/CSU","fraction":{"id":81,"entity_type":"fraction","label":"CDU/CSU (Bundestag 2017 - 2021)","api_url":"https://www.abgeordnetenwatch.de/api/v2/fractions/81"}}],"party":{}},{"id":38828,"entity_type":"candidacy_mandate","label":"Klaus-Peter Willsch (Bundestag 2013-2017)","api_url":"https://www.abgeordnetenwatch.de/api/v2/candidacies-mandates/38828","type":"mandate","parliament_period":{"id":97,"entity_type":"parliament_period","label":"Bundestag 2013 - 2017","api_url":"https://www.abgeordnetenwatch.de/api/v2/parliament-periods/97","abgeordnetenwatch_url":"https://www.abgeordnetenwatch.de/bundestag/18"},"politician":{"id":78914,"entity_type":"politician","label":"Klaus-Peter Willsch","api_url":"https://www.abgeordnetenwatch.de/api/v2/politicians/78914","abgeordnetenwatch_url":"https://www.abgeordnetenwatch.de/profile/klaus-peter-willsch"},"electoral_data":{"id":38828,"entity_type":"electoral_data","label":"Klaus-Peter Willsch (Bundestag 2013-2017)","electoral_list":{"id":32,"entity_type":"electoral_list","label":"Landesliste Hessen (Bundestag 2013-2017)","api_url":"https://www.abgeordnetenwatch.de/api/v2/electoral-lists/32"},"list_position":15,"constituency":{"id":1242,"entity_type":"constituency","label":"178 - Rheingau-Taunus - Limburg (Bundestag 2013-2017)","api_url":"https://www.abgeordnetenwatch.de/api/v2/constituencies/1242"},"constituency_result":52.1,"mandate_won":"constituency"},"fraction_membership":[{"id":1054,"entity_type":"fraction_membership","label":"CDU/CSU","fraction":{"id":111,"entity_type":"fraction","label":"CDU/CSU (Bundestag 2013-2017)","api_url":"https://www.abgeordnetenwatch.de/api/v2/fractions/111"}}],"party":{}},{"id":38827,"entity_type":"candidacy_mandate","label":"Klaus-Peter Willsch (Bundestag 2009-2013)","api_url":"https://www.abgeordnetenwatch.de/api/v2/candidacies-mandates/38827","type":"mandate","parliament_period":{"id":83,"entity_type":"parliament_period","label":"Bundestag 2009 - 2013","api_url":"https://www.abgeordnetenwatch.de/api/v2/parliament-periods/83","abgeordnetenwatch_url":"https://www.abgeordnetenwatch.de/bundestag/17"},"politician":{"id":78914,"entity_type":"politician","label":"Klaus-Peter Willsch","api_url":"https://www.abgeordnetenwatch.de/api/v2/politicians/78914","abgeordnetenwatch_url":"https://www.abgeordnetenwatch.de/profile/klaus-peter-willsch"},"electoral_data":{"id":38827,"entity_type":"electoral_data","label":"Klaus-Peter Willsch (Bundestag 2009-2013)","electoral_list":{"id":61,"entity_type":"electoral_list","label":"Landesliste Hessen (Bundestag 2009-2013)","api_url":"https://www.abgeordnetenwatch.de/api/v2/electoral-lists/61"},"list_position":16,"constituency":{"id":1739,"entity_type":"constituency","label":"178 - Rheingau-Taunus - Limburg (Bundestag 2009-2013)","api_url":"https://www.abgeordnetenwatch.de/api/v2/constituencies/1739"},"constituency_result":46.1},"fraction_membership":[{"id":1053,"entity_type":"fraction_membership","label":"CDU/CSU","fraction":{"id":112,"entity_type":"fraction","label":"CDU/CSU (Bundestag 2009-2013)","api_url":"https://www.abgeordnetenwatch.de/api/v2/fractions/112"}}],"party":{}},{"id":38826,"entity_type":"candidacy_mandate","label":"Klaus-Peter Willsch (Bundestag 2005-2009)","api_url":"https://www.abgeordnetenwatch.de/api/v2/candidacies-mandates/38826","type":"mandate","parliament_period":{"id":67,"entity_type":"parliament_period","label":"Bundestag 2005 - 2009","api_url":"https://www.abgeordnetenwatch.de/api/v2/parliament-periods/67","abgeordnetenwatch_url":"https://www.abgeordnetenwatch.de/bundestag/16"},"politician":{"id":78914,"entity_type":"politician","label":"Klaus-Peter Willsch","api_url":"https://www.abgeordnetenwatch.de/api/v2/politicians/78914","abgeordnetenwatch_url":"https://www.abgeordnetenwatch.de/profile/klaus-peter-willsch"},"start_date":"1997-11-30","electoral_data":{"id":38826,"entity_type":"electoral_data","label":"Klaus-Peter Willsch (Bundestag 2005-2009)","electoral_list":{"id":46,"entity_type":"electoral_list","label":"Landesliste Hessen (Bundestag 2005-2009)","api_url":"https://www.abgeordnetenwatch.de/api/v2/electoral-lists/46"},"list_position":16,"constituency":{"id":1463,"entity_type":"constituency","label":"179 - Rheingau-Taunus - Limburg (Bundestag 2005-2009)","api_url":"https://www.abgeordnetenwatch.de/api/v2/constituencies/1463"}},"fraction_membership":[{"id":1052,"entity_type":"fraction_membership","label":"CDU/CSU","fraction":{"id":26,"entity_type":"fraction","label":"CDU/CSU (Bundestag 2005-2009)","api_url":"https://www.abgeordnetenwatch.de/api/v2/fractions/26"}}],"party":{}},{"id":5416,"entity_type":"candidacy_mandate","label":"Klaus-Peter Willsch (Bundestag Wahl 2017)","api_url":"https://www.abgeordnetenwatch.de/api/v2/candidacies-mandates/5416","type":"candidacy","parliament_period":{"id":50,"entity_type":"parliament_period","label":"Bundestag Wahl 2017","api_url":"https://www.abgeordnetenwatch.de/api/v2/parliament-periods/50","abgeordnetenwatch_url":"https://www.abgeordnetenwatch.de/bundestag/wahl-2017"},"politician":{"id":78914,"entity_type":"politician","label":"Klaus-Peter Willsch","api_url":"https://www.abgeordnetenwatch.de/api/v2/politicians/78914","abgeordnetenwatch_url":"https://www.abgeordnetenwatch.de/profile/klaus-peter-willsch"},"electoral_data":{"id":5416,"entity_type":"electoral_data","label":"Klaus-Peter Willsch (Bundestag Wahl 2017)","electoral_list":{"id":271,"entity_type":"electoral_list","label":"Landesliste Hessen (Bundestag Wahl 2017)","api_url":"https://www.abgeordnetenwatch.de/api/v2/electoral-lists/271"},"list_position":10,"constituency":{"id":9188,"entity_type":"constituency","label":"178 - Rheingau-Taunus - Limburg (Bundestag Wahl 2017)","api_url":"https://www.abgeordnetenwatch.de/api/v2/constituencies/9188"},"constituency_result":41.8,"mandate_won":"constituency"},"fraction_membership":{},"party":{"id":2,"entity_type":"party","label":"CDU","api_url":"https://www.abgeordnetenwatch.de/api/v2/parties/2"}},{"id":5415,"entity_type":"candidacy_mandate","label":"Klaus-Peter Willsch (Bundestag Wahl 2013)","api_url":"https://www.abgeordnetenwatch.de/api/v2/candidacies-mandates/5415","type":"candidacy","parliament_period":{"id":36,"entity_type":"parliament_period","label":"Bundestag Wahl 2013","api_url":"https://www.abgeordnetenwatch.de/api/v2/parliament-periods/36","abgeordnetenwatch_url":"https://www.abgeordnetenwatch.de/bundestag/wahl-2013"},"politician":{"id":78914,"entity_type":"politician","label":"Klaus-Peter Willsch","api_url":"https://www.abgeordnetenwatch.de/api/v2/politicians/78914","abgeordnetenwatch_url":"https://www.abgeordnetenwatch.de/profile/klaus-peter-willsch"},"electoral_data":{"id":5415,"entity_type":"electoral_data","label":"Klaus-Peter Willsch (Bundestag Wahl 2013)","electoral_list":{},"list_position":15,"constituency":{"id":6128,"entity_type":"constituency","label":"178 - Rheingau-Taunus - Limburg (Bundestag Wahl 2013)","api_url":"https://www.abgeordnetenwatch.de/api/v2/constituencies/6128"},"constituency_result":52.1,"mandate_won":"constituency"},"fraction_membership":{},"party":{"id":2,"entity_type":"party","label":"CDU","api_url":"https://www.abgeordnetenwatch.de/api/v2/parties/2"}},{"id":5414,"entity_type":"candidacy_mandate","label":"Klaus-Peter Willsch (Bundestag Wahl 2009)","api_url":"https://www.abgeordnetenwatch.de/api/v2/candidacies-mandates/5414","type":"candidacy","parliament_period":{"id":22,"entity_type":"parliament_period","label":"Bundestag Wahl 2009","api_url":"https://www.abgeordnetenwatch.de/api/v2/parliament-periods/22","abgeordnetenwatch_url":"https://www.abgeordnetenwatch.de/bundestag/wahl-2009"},"politician":{"id":78914,"entity_type":"politician","label":"Klaus-Peter Willsch","api_url":"https://www.abgeordnetenwatch.de/api/v2/politicians/78914","abgeordnetenwatch_url":"https://www.abgeordnetenwatch.de/profile/klaus-peter-willsch"},"electoral_data":{"id":5414,"entity_type":"electoral_data","label":"Klaus-Peter Willsch (Bundestag Wahl 2009)","electoral_list":{},"list_position":16,"constituency":{"id":6625,"entity_type":"constituency","label":"178 - Rheingau-Taunus - Limburg (Bundestag Wahl 2009)","api_url":"https://www.abgeordnetenwatch.de/api/v2/constituencies/6625"},"constituency_result":46.1,"mandate_won":"constituency"},"fraction_membership":{},"party":{"id":2,"entity_type":"party","label":"CDU","api_url":"https://www.abgeordnetenwatch.de/api/v2/parties/2"}},{"id":5413,"entity_type":"candidacy_mandate","label":"Klaus-Peter Willsch (Bundestag Wahl 2005)","api_url":"https://www.abgeordnetenwatch.de/api/v2/candidacies-mandates/5413","type":"candidacy","parliament_period":{"id":6,"entity_type":"parliament_period","label":"Bundestag Wahl 2005","api_url":"https://www.abgeordnetenwatch.de/api/v2/parliament-periods/6","abgeordnetenwatch_url":"https://www.abgeordnetenwatch.de/bundestag/wahl-2005"},"politician":{"id":78914,"entity_type":"politician","label":"Klaus-Peter Willsch","api_url":"https://www.abgeordnetenwatch.de/api/v2/politicians/78914","abgeordnetenwatch_url":"https://www.abgeordnetenwatch.de/profile/klaus-peter-willsch"},"electoral_data":{"id":5413,"entity_type":"electoral_data","label":"Klaus-Peter Willsch (Bundestag Wahl 2005)","electoral_list":{"id":205,"entity_type":"electoral_list","label":"Landesliste Hessen (Bundestag Wahl 2005)","api_url":"https://www.abgeordnetenwatch.de/api/v2/electoral-lists/205"},"list_position":16,"constituency":{"id":6349,"entity_type":"constituency","label":"179 - Rheingau-Taunus - Limburg (Bundestag Wahl 2005)","api_url":"https://www.abgeordnetenwatch.de/api/v2/constituencies/6349"},"constituency_result":47.5},"fraction_membership":{},"party":{"id":2,"entity_type":"party","label":"CDU","api_url":"https://www.abgeordnetenwatch.de/api/v2/parties/2"}}]
