{"id":[78927],"entity_type":["politician"],"label":["Gabi Weber"],"api_url":["https://www.abgeordnetenwatch.de/api/v2/politicians/78927"],"abgeordnetenwatch_url":["https://www.abgeordnetenwatch.de/profile/gabi-weber"],"first_name":["Gabi"],"last_name":["Weber"],"birth_name":{},"sex":["f"],"year_of_birth":[1955],"party":{"id":[1],"entity_type":["party"],"label":["SPD"],"api_url":["https://www.abgeordnetenwatch.de/api/v2/parties/1"]},"party_past":{},"education":["Keramikmalerin"],"residence":{},"occupation":["MdB"],"statistic_questions":[25],"statistic_questions_answered":[11],"qid_wikidata":["Q15433061"],"field_title":{}}
