{"id":[78938],"entity_type":["politician"],"label":["Dirk Vöpel"],"api_url":["https://www.abgeordnetenwatch.de/api/v2/politicians/78938"],"abgeordnetenwatch_url":["https://www.abgeordnetenwatch.de/profile/dirk-voepel"],"first_name":["Dirk"],"last_name":["Vöpel"],"birth_name":{},"sex":["m"],"year_of_birth":[1971],"party":{"id":[1],"entity_type":["party"],"label":["SPD"],"api_url":["https://www.abgeordnetenwatch.de/api/v2/parties/1"]},"party_past":{},"deceased":{},"deceased_date":{},"education":["selbstständiger Kaufmann"],"residence":["Oberhausen"],"occupation":["MdB"],"statistic_questions":{},"statistic_questions_answered":{},"qid_wikidata":["Q15806084"],"field_title":{}}
