{"id":[78942],"entity_type":["politician"],"label":["Matern von Marschall"],"api_url":["https://www.abgeordnetenwatch.de/api/v2/politicians/78942"],"abgeordnetenwatch_url":["https://www.abgeordnetenwatch.de/profile/matern-von-marschall"],"first_name":["Matern"],"last_name":["von Marschall"],"birth_name":{},"sex":["m"],"year_of_birth":[1962],"party":{"id":[2],"entity_type":["party"],"label":["CDU"],"api_url":["https://www.abgeordnetenwatch.de/api/v2/parties/2"]},"party_past":{},"education":["Studium der Romanistik und Geschichte"],"residence":{},"occupation":["MdB"],"statistic_questions":[86],"statistic_questions_answered":[63],"qid_wikidata":["Q15434567"],"field_title":{}}
