{"id":[78956],"entity_type":["politician"],"label":["Axel Troost"],"api_url":["https://www.abgeordnetenwatch.de/api/v2/politicians/78956"],"abgeordnetenwatch_url":["https://www.abgeordnetenwatch.de/profile/axel-troost"],"first_name":["Axel"],"last_name":["Troost"],"birth_name":{},"sex":["m"],"year_of_birth":[1954],"party":{"id":[8],"entity_type":["party"],"label":["DIE LINKE"],"api_url":["https://www.abgeordnetenwatch.de/api/v2/parties/8"]},"party_past":{},"education":["Studium Volkswirtschaftslehre; Diplom und Dr. rer. pol."],"residence":{},"occupation":["MdB"],"statistic_questions":{},"statistic_questions_answered":{},"qid_wikidata":["Q792387"],"field_title":{}}
