[{"id":46011,"entity_type":"candidacy_mandate","label":"Michael Stübgen (Bundestag 2017 - 2021)","api_url":"https://www.abgeordnetenwatch.de/api/v2/candidacies-mandates/46011","id_external_administration":"567","id_external_administration_description":"mdbID - ID der Bundestagsverwaltung","type":"mandate","parliament_period":{"id":111,"entity_type":"parliament_period","label":"Bundestag 2017 - 2021","api_url":"https://www.abgeordnetenwatch.de/api/v2/parliament-periods/111","abgeordnetenwatch_url":"https://www.abgeordnetenwatch.de/bundestag/19"},"politician":{"id":78964,"entity_type":"politician","label":"Michael Stübgen","api_url":"https://www.abgeordnetenwatch.de/api/v2/politicians/78964","abgeordnetenwatch_url":"https://www.abgeordnetenwatch.de/profile/michael-stuebgen"},"end_date":"2019-12-02","electoral_data":{"id":46011,"entity_type":"electoral_data","label":"Michael Stübgen (Bundestag 2017 - 2021)","electoral_list":{"id":109,"entity_type":"electoral_list","label":"Landesliste Brandenburg (Bundestag 2017 - 2021)","api_url":"https://www.abgeordnetenwatch.de/api/v2/electoral-lists/109"},"list_position":1,"constituency":{"id":4189,"entity_type":"constituency","label":"65 - Elbe-Elster - Oberspreewald-Lausitz II (Bundestag 2017 - 2021)","api_url":"https://www.abgeordnetenwatch.de/api/v2/constituencies/4189"},"constituency_result":29.5,"mandate_won":"constituency"},"fraction_membership":[{"id":8276,"entity_type":"fraction_membership","label":"CDU/CSU","fraction":{"id":81,"entity_type":"fraction","label":"CDU/CSU (Bundestag 2017 - 2021)","api_url":"https://www.abgeordnetenwatch.de/api/v2/fractions/81"}}],"party":{}},{"id":38928,"entity_type":"candidacy_mandate","label":"Michael Stübgen (Bundestag 2013-2017)","api_url":"https://www.abgeordnetenwatch.de/api/v2/candidacies-mandates/38928","type":"mandate","parliament_period":{"id":97,"entity_type":"parliament_period","label":"Bundestag 2013 - 2017","api_url":"https://www.abgeordnetenwatch.de/api/v2/parliament-periods/97","abgeordnetenwatch_url":"https://www.abgeordnetenwatch.de/bundestag/18"},"politician":{"id":78964,"entity_type":"politician","label":"Michael Stübgen","api_url":"https://www.abgeordnetenwatch.de/api/v2/politicians/78964","abgeordnetenwatch_url":"https://www.abgeordnetenwatch.de/profile/michael-stuebgen"},"electoral_data":{"id":38928,"entity_type":"electoral_data","label":"Michael Stübgen (Bundestag 2013 - 2017)","electoral_list":{"id":29,"entity_type":"electoral_list","label":"Landesliste Brandenburg (Bundestag 2013-2017)","api_url":"https://www.abgeordnetenwatch.de/api/v2/electoral-lists/29"},"list_position":1,"constituency":{"id":172,"entity_type":"constituency","label":"65 - Elbe-Elster - Oberspreewald-Lausitz II (Bundestag 2013-2017)","api_url":"https://www.abgeordnetenwatch.de/api/v2/constituencies/172"},"constituency_result":40.9,"mandate_won":"constituency"},"fraction_membership":[{"id":1154,"entity_type":"fraction_membership","label":"CDU/CSU","fraction":{"id":111,"entity_type":"fraction","label":"CDU/CSU (Bundestag 2013-2017)","api_url":"https://www.abgeordnetenwatch.de/api/v2/fractions/111"}}],"party":{}},{"id":38927,"entity_type":"candidacy_mandate","label":"Michael Stübgen (Bundestag 2009-2013)","api_url":"https://www.abgeordnetenwatch.de/api/v2/candidacies-mandates/38927","type":"mandate","parliament_period":{"id":83,"entity_type":"parliament_period","label":"Bundestag 2009 - 2013","api_url":"https://www.abgeordnetenwatch.de/api/v2/parliament-periods/83","abgeordnetenwatch_url":"https://www.abgeordnetenwatch.de/bundestag/17"},"politician":{"id":78964,"entity_type":"politician","label":"Michael Stübgen","api_url":"https://www.abgeordnetenwatch.de/api/v2/politicians/78964","abgeordnetenwatch_url":"https://www.abgeordnetenwatch.de/profile/michael-stuebgen"},"electoral_data":{"id":38927,"entity_type":"electoral_data","label":"Michael Stübgen (Bundestag 2009 - 2013)","electoral_list":{"id":59,"entity_type":"electoral_list","label":"Landesliste Brandenburg (Bundestag 2009-2013)","api_url":"https://www.abgeordnetenwatch.de/api/v2/electoral-lists/59"},"list_position":2,"constituency":{"id":764,"entity_type":"constituency","label":"66 - Elbe-Elster - Oberspreewald-Lausitz II (Bundestag 2009-2013)","api_url":"https://www.abgeordnetenwatch.de/api/v2/constituencies/764"},"constituency_result":28.9},"fraction_membership":[{"id":1153,"entity_type":"fraction_membership","label":"CDU/CSU","fraction":{"id":112,"entity_type":"fraction","label":"CDU/CSU (Bundestag 2009-2013)","api_url":"https://www.abgeordnetenwatch.de/api/v2/fractions/112"}}],"party":{}},{"id":38926,"entity_type":"candidacy_mandate","label":"Michael Stübgen (Bundestag 2005-2009)","api_url":"https://www.abgeordnetenwatch.de/api/v2/candidacies-mandates/38926","type":"mandate","parliament_period":{"id":67,"entity_type":"parliament_period","label":"Bundestag 2005 - 2009","api_url":"https://www.abgeordnetenwatch.de/api/v2/parliament-periods/67","abgeordnetenwatch_url":"https://www.abgeordnetenwatch.de/bundestag/16"},"politician":{"id":78964,"entity_type":"politician","label":"Michael Stübgen","api_url":"https://www.abgeordnetenwatch.de/api/v2/politicians/78964","abgeordnetenwatch_url":"https://www.abgeordnetenwatch.de/profile/michael-stuebgen"},"start_date":"1989-11-30","electoral_data":{"id":38926,"entity_type":"electoral_data","label":"Michael Stübgen (Bundestag 2005 - 2009)","electoral_list":{"id":43,"entity_type":"electoral_list","label":"Landesliste Brandenburg (Bundestag 2005-2009)","api_url":"https://www.abgeordnetenwatch.de/api/v2/electoral-lists/43"},"list_position":2,"constituency":{"id":762,"entity_type":"constituency","label":"65 - Elbe-Elster - Oberspreewald-Lausitz II (Bundestag 2005-2009)","api_url":"https://www.abgeordnetenwatch.de/api/v2/constituencies/762"},"mandate_won":"list"},"fraction_membership":[{"id":1152,"entity_type":"fraction_membership","label":"CDU/CSU","fraction":{"id":26,"entity_type":"fraction","label":"CDU/CSU (Bundestag 2005-2009)","api_url":"https://www.abgeordnetenwatch.de/api/v2/fractions/26"}}],"party":{}},{"id":5547,"entity_type":"candidacy_mandate","label":"Michael Stübgen (Bundestag Wahl 2017)","api_url":"https://www.abgeordnetenwatch.de/api/v2/candidacies-mandates/5547","type":"candidacy","parliament_period":{"id":50,"entity_type":"parliament_period","label":"Bundestag Wahl 2017","api_url":"https://www.abgeordnetenwatch.de/api/v2/parliament-periods/50","abgeordnetenwatch_url":"https://www.abgeordnetenwatch.de/bundestag/wahl-2017"},"politician":{"id":78964,"entity_type":"politician","label":"Michael Stübgen","api_url":"https://www.abgeordnetenwatch.de/api/v2/politicians/78964","abgeordnetenwatch_url":"https://www.abgeordnetenwatch.de/profile/michael-stuebgen"},"electoral_data":{"id":5547,"entity_type":"electoral_data","label":"Michael Stübgen (Bundestag Wahl 2017)","electoral_list":{"id":268,"entity_type":"electoral_list","label":"Landesliste Brandenburg (Bundestag Wahl 2017)","api_url":"https://www.abgeordnetenwatch.de/api/v2/electoral-lists/268"},"list_position":1,"constituency":{"id":9075,"entity_type":"constituency","label":"65 - Elbe-Elster - Oberspreewald-Lausitz II (Bundestag Wahl 2017)","api_url":"https://www.abgeordnetenwatch.de/api/v2/constituencies/9075"},"constituency_result":29.5,"mandate_won":"constituency"},"fraction_membership":{},"party":{"id":2,"entity_type":"party","label":"CDU","api_url":"https://www.abgeordnetenwatch.de/api/v2/parties/2"}},{"id":5546,"entity_type":"candidacy_mandate","label":"Michael Stübgen (Bundestag Wahl 2013)","api_url":"https://www.abgeordnetenwatch.de/api/v2/candidacies-mandates/5546","type":"candidacy","parliament_period":{"id":36,"entity_type":"parliament_period","label":"Bundestag Wahl 2013","api_url":"https://www.abgeordnetenwatch.de/api/v2/parliament-periods/36","abgeordnetenwatch_url":"https://www.abgeordnetenwatch.de/bundestag/wahl-2013"},"politician":{"id":78964,"entity_type":"politician","label":"Michael Stübgen","api_url":"https://www.abgeordnetenwatch.de/api/v2/politicians/78964","abgeordnetenwatch_url":"https://www.abgeordnetenwatch.de/profile/michael-stuebgen"},"electoral_data":{"id":5546,"entity_type":"electoral_data","label":"Michael Stübgen (Bundestag Wahl 2013)","electoral_list":{},"list_position":1,"constituency":{"id":5058,"entity_type":"constituency","label":"65 - Elbe-Elster - Oberspreewald-Lausitz II (Bundestag Wahl 2013)","api_url":"https://www.abgeordnetenwatch.de/api/v2/constituencies/5058"},"constituency_result":40.9,"mandate_won":"constituency"},"fraction_membership":{},"party":{"id":2,"entity_type":"party","label":"CDU","api_url":"https://www.abgeordnetenwatch.de/api/v2/parties/2"}},{"id":5545,"entity_type":"candidacy_mandate","label":"Michael Stübgen (Bundestag Wahl 2009)","api_url":"https://www.abgeordnetenwatch.de/api/v2/candidacies-mandates/5545","type":"candidacy","parliament_period":{"id":22,"entity_type":"parliament_period","label":"Bundestag Wahl 2009","api_url":"https://www.abgeordnetenwatch.de/api/v2/parliament-periods/22","abgeordnetenwatch_url":"https://www.abgeordnetenwatch.de/bundestag/wahl-2009"},"politician":{"id":78964,"entity_type":"politician","label":"Michael Stübgen","api_url":"https://www.abgeordnetenwatch.de/api/v2/politicians/78964","abgeordnetenwatch_url":"https://www.abgeordnetenwatch.de/profile/michael-stuebgen"},"electoral_data":{"id":5545,"entity_type":"electoral_data","label":"Michael Stübgen (Bundestag Wahl 2009)","electoral_list":{},"list_position":2,"constituency":{"id":5650,"entity_type":"constituency","label":"66 - Elbe-Elster - Oberspreewald-Lausitz II (Bundestag Wahl 2009)","api_url":"https://www.abgeordnetenwatch.de/api/v2/constituencies/5650"},"constituency_result":28.9,"mandate_won":"constituency"},"fraction_membership":{},"party":{"id":2,"entity_type":"party","label":"CDU","api_url":"https://www.abgeordnetenwatch.de/api/v2/parties/2"}},{"id":5544,"entity_type":"candidacy_mandate","label":"Michael Stübgen (Bundestag Wahl 2005)","api_url":"https://www.abgeordnetenwatch.de/api/v2/candidacies-mandates/5544","type":"candidacy","parliament_period":{"id":6,"entity_type":"parliament_period","label":"Bundestag Wahl 2005","api_url":"https://www.abgeordnetenwatch.de/api/v2/parliament-periods/6","abgeordnetenwatch_url":"https://www.abgeordnetenwatch.de/bundestag/wahl-2005"},"politician":{"id":78964,"entity_type":"politician","label":"Michael Stübgen","api_url":"https://www.abgeordnetenwatch.de/api/v2/politicians/78964","abgeordnetenwatch_url":"https://www.abgeordnetenwatch.de/profile/michael-stuebgen"},"electoral_data":{"id":5544,"entity_type":"electoral_data","label":"Michael Stübgen (Bundestag Wahl 2005)","electoral_list":{"id":202,"entity_type":"electoral_list","label":"Landesliste Brandenburg (Bundestag Wahl 2005)","api_url":"https://www.abgeordnetenwatch.de/api/v2/electoral-lists/202"},"list_position":2,"constituency":{"id":5648,"entity_type":"constituency","label":"65 - Elbe-Elster - Oberspreewald-Lausitz II (Bundestag Wahl 2005)","api_url":"https://www.abgeordnetenwatch.de/api/v2/constituencies/5648"},"constituency_result":25.9,"mandate_won":"list"},"fraction_membership":{},"party":{"id":2,"entity_type":"party","label":"CDU","api_url":"https://www.abgeordnetenwatch.de/api/v2/parties/2"}}]
