{"id":[78967],"entity_type":["politician"],"label":["Kirsten Tackmann"],"api_url":["https://www.abgeordnetenwatch.de/api/v2/politicians/78967"],"abgeordnetenwatch_url":["https://www.abgeordnetenwatch.de/profile/kirsten-tackmann"],"first_name":["Kirsten"],"last_name":["Tackmann"],"birth_name":{},"sex":["f"],"year_of_birth":[1960],"party":{"id":[8],"entity_type":["party"],"label":["DIE LINKE"],"api_url":["https://www.abgeordnetenwatch.de/api/v2/parties/8"]},"party_past":{},"deceased":{},"deceased_date":{},"education":["Veterinärmedizinerin, Chemielaborantin"],"residence":{},"occupation":["MdB"],"statistic_questions":[9],"statistic_questions_answered":[9],"qid_wikidata":["Q1743644"],"field_title":{}}
