[{"id":54085,"entity_type":"candidacy_mandate","label":"Gero Storjohann (Bundestag 2021 - 2025)","api_url":"https://www.abgeordnetenwatch.de/api/v2/candidacies-mandates/54085","id_external_administration":"1194","id_external_administration_description":"mdbID aus der info-xml-Datei der Bundestagsverwaltung","type":"mandate","parliament_period":{"id":132,"entity_type":"parliament_period","label":"Bundestag 2021 - 2025","api_url":"https://www.abgeordnetenwatch.de/api/v2/parliament-periods/132","abgeordnetenwatch_url":"https://www.abgeordnetenwatch.de/bundestag"},"politician":{"id":78978,"entity_type":"politician","label":"Gero Storjohann","api_url":"https://www.abgeordnetenwatch.de/api/v2/politicians/78978","abgeordnetenwatch_url":"https://www.abgeordnetenwatch.de/profile/gero-storjohann"},"electoral_data":{"id":55009,"entity_type":"electoral_data","label":"Gero Storjohann (Bundestag 2021 - 2025)","electoral_list":{"id":424,"entity_type":"electoral_list","label":"Landesliste Schleswig-Holstein (Bundestag 2021 - 2025)","api_url":"https://www.abgeordnetenwatch.de/api/v2/electoral-lists/424"},"list_position":5,"constituency":{"id":10748,"entity_type":"constituency","label":"8 - Segeberg - Stormarn-Mitte (Bundestag 2021 - 2025)","api_url":"https://www.abgeordnetenwatch.de/api/v2/constituencies/10748"},"constituency_result":27.9,"mandate_won":"list"},"fraction_membership":[{"id":9932,"entity_type":"fraction_membership","label":"CDU/CSU","fraction":{"id":320,"entity_type":"fraction","label":"CDU/CSU (Bundestag 2021 - 2025)","api_url":"https://www.abgeordnetenwatch.de/api/v2/fractions/320"}}],"party":{}},{"id":49726,"entity_type":"candidacy_mandate","label":"Gero Storjohann (Bundestag Wahl 2021)","api_url":"https://www.abgeordnetenwatch.de/api/v2/candidacies-mandates/49726","type":"candidacy","parliament_period":{"id":128,"entity_type":"parliament_period","label":"Bundestag Wahl 2021","api_url":"https://www.abgeordnetenwatch.de/api/v2/parliament-periods/128","abgeordnetenwatch_url":"https://www.abgeordnetenwatch.de/bundestag/wahl-2021"},"politician":{"id":78978,"entity_type":"politician","label":"Gero Storjohann","api_url":"https://www.abgeordnetenwatch.de/api/v2/politicians/78978","abgeordnetenwatch_url":"https://www.abgeordnetenwatch.de/profile/gero-storjohann"},"electoral_data":{"id":50648,"entity_type":"electoral_data","label":"Gero Storjohann (Bundestag Wahl 2021)","electoral_list":{"id":370,"entity_type":"electoral_list","label":"Landesliste Schleswig-Holstein (Bundestag Wahl 2021)","api_url":"https://www.abgeordnetenwatch.de/api/v2/electoral-lists/370"},"list_position":5,"constituency":{"id":10065,"entity_type":"constituency","label":"8 - Segeberg - Stormarn-Mitte (Bundestag Wahl 2021)","api_url":"https://www.abgeordnetenwatch.de/api/v2/constituencies/10065"},"constituency_result":27.9},"fraction_membership":{},"party":{"id":2,"entity_type":"party","label":"CDU","api_url":"https://www.abgeordnetenwatch.de/api/v2/parties/2"}},{"id":46194,"entity_type":"candidacy_mandate","label":"Gero Storjohann (Bundestag 2017 - 2021)","api_url":"https://www.abgeordnetenwatch.de/api/v2/candidacies-mandates/46194","id_external_administration":"1194","id_external_administration_description":"mdbID - ID der Bundestagsverwaltung","type":"mandate","parliament_period":{"id":111,"entity_type":"parliament_period","label":"Bundestag 2017 - 2021","api_url":"https://www.abgeordnetenwatch.de/api/v2/parliament-periods/111","abgeordnetenwatch_url":"https://www.abgeordnetenwatch.de/bundestag/19"},"politician":{"id":78978,"entity_type":"politician","label":"Gero Storjohann","api_url":"https://www.abgeordnetenwatch.de/api/v2/politicians/78978","abgeordnetenwatch_url":"https://www.abgeordnetenwatch.de/profile/gero-storjohann"},"electoral_data":{"id":46194,"entity_type":"electoral_data","label":"Gero Storjohann (Bundestag 2017 - 2021)","electoral_list":{"id":120,"entity_type":"electoral_list","label":"Landesliste Schleswig-Holstein (Bundestag 2017 - 2021)","api_url":"https://www.abgeordnetenwatch.de/api/v2/electoral-lists/120"},"list_position":5,"constituency":{"id":4132,"entity_type":"constituency","label":"8 - Segeberg - Stormarn-Mitte (Bundestag 2017 - 2021)","api_url":"https://www.abgeordnetenwatch.de/api/v2/constituencies/4132"},"constituency_result":41.1,"mandate_won":"constituency"},"fraction_membership":[{"id":8492,"entity_type":"fraction_membership","label":"CDU/CSU","fraction":{"id":81,"entity_type":"fraction","label":"CDU/CSU (Bundestag 2017 - 2021)","api_url":"https://www.abgeordnetenwatch.de/api/v2/fractions/81"}}],"party":{}},{"id":38953,"entity_type":"candidacy_mandate","label":"Gero Storjohann (Bundestag 2013-2017)","api_url":"https://www.abgeordnetenwatch.de/api/v2/candidacies-mandates/38953","type":"mandate","parliament_period":{"id":97,"entity_type":"parliament_period","label":"Bundestag 2013 - 2017","api_url":"https://www.abgeordnetenwatch.de/api/v2/parliament-periods/97","abgeordnetenwatch_url":"https://www.abgeordnetenwatch.de/bundestag/18"},"politician":{"id":78978,"entity_type":"politician","label":"Gero Storjohann","api_url":"https://www.abgeordnetenwatch.de/api/v2/politicians/78978","abgeordnetenwatch_url":"https://www.abgeordnetenwatch.de/profile/gero-storjohann"},"electoral_data":{"id":38953,"entity_type":"electoral_data","label":"Gero Storjohann (Bundestag 2013 - 2017)","electoral_list":{"id":39,"entity_type":"electoral_list","label":"Landesliste Schleswig-Holstein (Bundestag 2013-2017)","api_url":"https://www.abgeordnetenwatch.de/api/v2/electoral-lists/39"},"list_position":4,"constituency":{"id":1252,"entity_type":"constituency","label":"8 - Segeberg - Stormarn-Mitte (Bundestag 2013-2017)","api_url":"https://www.abgeordnetenwatch.de/api/v2/constituencies/1252"},"constituency_result":45.4,"mandate_won":"constituency"},"fraction_membership":[{"id":1179,"entity_type":"fraction_membership","label":"CDU/CSU","fraction":{"id":111,"entity_type":"fraction","label":"CDU/CSU (Bundestag 2013-2017)","api_url":"https://www.abgeordnetenwatch.de/api/v2/fractions/111"}}],"party":{}},{"id":38952,"entity_type":"candidacy_mandate","label":"Gero Storjohann (Bundestag 2009-2013)","api_url":"https://www.abgeordnetenwatch.de/api/v2/candidacies-mandates/38952","type":"mandate","parliament_period":{"id":83,"entity_type":"parliament_period","label":"Bundestag 2009 - 2013","api_url":"https://www.abgeordnetenwatch.de/api/v2/parliament-periods/83","abgeordnetenwatch_url":"https://www.abgeordnetenwatch.de/bundestag/17"},"politician":{"id":78978,"entity_type":"politician","label":"Gero Storjohann","api_url":"https://www.abgeordnetenwatch.de/api/v2/politicians/78978","abgeordnetenwatch_url":"https://www.abgeordnetenwatch.de/profile/gero-storjohann"},"electoral_data":{"id":38952,"entity_type":"electoral_data","label":"Gero Storjohann (Bundestag 2009 - 2013)","electoral_list":{"id":69,"entity_type":"electoral_list","label":"Landesliste Schleswig-Holstein (Bundestag 2009-2013)","api_url":"https://www.abgeordnetenwatch.de/api/v2/electoral-lists/69"},"list_position":5,"constituency":{"id":1758,"entity_type":"constituency","label":"8 - Segeberg - Stormarn-Nord (Bundestag 2009-2013)","api_url":"https://www.abgeordnetenwatch.de/api/v2/constituencies/1758"},"constituency_result":39.8},"fraction_membership":[{"id":1178,"entity_type":"fraction_membership","label":"CDU/CSU","fraction":{"id":112,"entity_type":"fraction","label":"CDU/CSU (Bundestag 2009-2013)","api_url":"https://www.abgeordnetenwatch.de/api/v2/fractions/112"}}],"party":{}},{"id":38951,"entity_type":"candidacy_mandate","label":"Gero Storjohann (Bundestag 2005-2009)","api_url":"https://www.abgeordnetenwatch.de/api/v2/candidacies-mandates/38951","type":"mandate","parliament_period":{"id":67,"entity_type":"parliament_period","label":"Bundestag 2005 - 2009","api_url":"https://www.abgeordnetenwatch.de/api/v2/parliament-periods/67","abgeordnetenwatch_url":"https://www.abgeordnetenwatch.de/bundestag/16"},"politician":{"id":78978,"entity_type":"politician","label":"Gero Storjohann","api_url":"https://www.abgeordnetenwatch.de/api/v2/politicians/78978","abgeordnetenwatch_url":"https://www.abgeordnetenwatch.de/profile/gero-storjohann"},"start_date":"2001-11-30","electoral_data":{"id":38951,"entity_type":"electoral_data","label":"Gero Storjohann (Bundestag 2005 - 2009)","electoral_list":{"id":54,"entity_type":"electoral_list","label":"Landesliste Schleswig-Holstein (Bundestag 2005-2009)","api_url":"https://www.abgeordnetenwatch.de/api/v2/electoral-lists/54"},"list_position":5,"constituency":{"id":253,"entity_type":"constituency","label":"8 - Segeberg - Stormarn-Nord (Bundestag 2005-2009)","api_url":"https://www.abgeordnetenwatch.de/api/v2/constituencies/253"}},"fraction_membership":[{"id":1177,"entity_type":"fraction_membership","label":"CDU/CSU","fraction":{"id":26,"entity_type":"fraction","label":"CDU/CSU (Bundestag 2005-2009)","api_url":"https://www.abgeordnetenwatch.de/api/v2/fractions/26"}}],"party":{}},{"id":5588,"entity_type":"candidacy_mandate","label":"Gero Storjohann (Bundestag Wahl 2017)","api_url":"https://www.abgeordnetenwatch.de/api/v2/candidacies-mandates/5588","type":"candidacy","parliament_period":{"id":50,"entity_type":"parliament_period","label":"Bundestag Wahl 2017","api_url":"https://www.abgeordnetenwatch.de/api/v2/parliament-periods/50","abgeordnetenwatch_url":"https://www.abgeordnetenwatch.de/bundestag/wahl-2017"},"politician":{"id":78978,"entity_type":"politician","label":"Gero Storjohann","api_url":"https://www.abgeordnetenwatch.de/api/v2/politicians/78978","abgeordnetenwatch_url":"https://www.abgeordnetenwatch.de/profile/gero-storjohann"},"electoral_data":{"id":5588,"entity_type":"electoral_data","label":"Gero Storjohann (Bundestag Wahl 2017)","electoral_list":{"id":279,"entity_type":"electoral_list","label":"Landesliste Schleswig-Holstein (Bundestag Wahl 2017)","api_url":"https://www.abgeordnetenwatch.de/api/v2/electoral-lists/279"},"list_position":5,"constituency":{"id":9018,"entity_type":"constituency","label":"8 - Segeberg - Stormarn-Mitte (Bundestag Wahl 2017)","api_url":"https://www.abgeordnetenwatch.de/api/v2/constituencies/9018"},"constituency_result":41.1,"mandate_won":"constituency"},"fraction_membership":{},"party":{"id":2,"entity_type":"party","label":"CDU","api_url":"https://www.abgeordnetenwatch.de/api/v2/parties/2"}},{"id":5587,"entity_type":"candidacy_mandate","label":"Gero Storjohann (Bundestag Wahl 2013)","api_url":"https://www.abgeordnetenwatch.de/api/v2/candidacies-mandates/5587","type":"candidacy","parliament_period":{"id":36,"entity_type":"parliament_period","label":"Bundestag Wahl 2013","api_url":"https://www.abgeordnetenwatch.de/api/v2/parliament-periods/36","abgeordnetenwatch_url":"https://www.abgeordnetenwatch.de/bundestag/wahl-2013"},"politician":{"id":78978,"entity_type":"politician","label":"Gero Storjohann","api_url":"https://www.abgeordnetenwatch.de/api/v2/politicians/78978","abgeordnetenwatch_url":"https://www.abgeordnetenwatch.de/profile/gero-storjohann"},"electoral_data":{"id":5587,"entity_type":"electoral_data","label":"Gero Storjohann (Bundestag Wahl 2013)","electoral_list":{},"list_position":4,"constituency":{"id":6138,"entity_type":"constituency","label":"8 - Segeberg - Stormarn-Mitte (Bundestag Wahl 2013)","api_url":"https://www.abgeordnetenwatch.de/api/v2/constituencies/6138"},"constituency_result":45.4,"mandate_won":"constituency"},"fraction_membership":{},"party":{"id":2,"entity_type":"party","label":"CDU","api_url":"https://www.abgeordnetenwatch.de/api/v2/parties/2"}},{"id":5586,"entity_type":"candidacy_mandate","label":"Gero Storjohann (Bundestag Wahl 2009)","api_url":"https://www.abgeordnetenwatch.de/api/v2/candidacies-mandates/5586","type":"candidacy","parliament_period":{"id":22,"entity_type":"parliament_period","label":"Bundestag Wahl 2009","api_url":"https://www.abgeordnetenwatch.de/api/v2/parliament-periods/22","abgeordnetenwatch_url":"https://www.abgeordnetenwatch.de/bundestag/wahl-2009"},"politician":{"id":78978,"entity_type":"politician","label":"Gero Storjohann","api_url":"https://www.abgeordnetenwatch.de/api/v2/politicians/78978","abgeordnetenwatch_url":"https://www.abgeordnetenwatch.de/profile/gero-storjohann"},"electoral_data":{"id":5586,"entity_type":"electoral_data","label":"Gero Storjohann (Bundestag Wahl 2009)","electoral_list":{},"constituency":{"id":6644,"entity_type":"constituency","label":"8 - Segeberg - Stormarn-Nord (Bundestag Wahl 2009)","api_url":"https://www.abgeordnetenwatch.de/api/v2/constituencies/6644"},"constituency_result":39.8,"mandate_won":"constituency"},"fraction_membership":{},"party":{"id":2,"entity_type":"party","label":"CDU","api_url":"https://www.abgeordnetenwatch.de/api/v2/parties/2"}},{"id":5585,"entity_type":"candidacy_mandate","label":"Gero Storjohann (Bundestag Wahl 2005)","api_url":"https://www.abgeordnetenwatch.de/api/v2/candidacies-mandates/5585","type":"candidacy","parliament_period":{"id":6,"entity_type":"parliament_period","label":"Bundestag Wahl 2005","api_url":"https://www.abgeordnetenwatch.de/api/v2/parliament-periods/6","abgeordnetenwatch_url":"https://www.abgeordnetenwatch.de/bundestag/wahl-2005"},"politician":{"id":78978,"entity_type":"politician","label":"Gero Storjohann","api_url":"https://www.abgeordnetenwatch.de/api/v2/politicians/78978","abgeordnetenwatch_url":"https://www.abgeordnetenwatch.de/profile/gero-storjohann"},"electoral_data":{"id":5585,"entity_type":"electoral_data","label":"Gero Storjohann (Bundestag Wahl 2005)","electoral_list":{"id":213,"entity_type":"electoral_list","label":"Landesliste Schleswig-Holstein (Bundestag Wahl 2005)","api_url":"https://www.abgeordnetenwatch.de/api/v2/electoral-lists/213"},"list_position":5,"constituency":{"id":5139,"entity_type":"constituency","label":"8 - Segeberg - Stormarn-Nord (Bundestag Wahl 2005)","api_url":"https://www.abgeordnetenwatch.de/api/v2/constituencies/5139"},"constituency_result":43.9},"fraction_membership":{},"party":{"id":2,"entity_type":"party","label":"CDU","api_url":"https://www.abgeordnetenwatch.de/api/v2/parties/2"}}]
