{"id":[78978],"entity_type":["politician"],"label":["Gero Storjohann"],"api_url":["https://www.abgeordnetenwatch.de/api/v2/politicians/78978"],"abgeordnetenwatch_url":["https://www.abgeordnetenwatch.de/profile/gero-storjohann"],"first_name":["Gero"],"last_name":["Storjohann"],"birth_name":{},"sex":["m"],"year_of_birth":[1958],"party":{"id":[2],"entity_type":["party"],"label":["CDU"],"api_url":["https://www.abgeordnetenwatch.de/api/v2/parties/2"]},"party_past":{},"education":["Diplom Betriebswirt (FH)"],"residence":{},"occupation":["MdB"],"statistic_questions":[3],"statistic_questions_answered":{},"qid_wikidata":["Q1514515"],"field_title":{}}
