[{"id":53943,"entity_type":"candidacy_mandate","label":"Stephan Stracke (Bundestag 2021 - 2025)","api_url":"https://www.abgeordnetenwatch.de/api/v2/candidacies-mandates/53943","id_external_administration":"1597","id_external_administration_description":"mdbID aus der info-xml-Datei der Bundestagsverwaltung","type":"mandate","parliament_period":{"id":132,"entity_type":"parliament_period","label":"Bundestag 2021 - 2025","api_url":"https://www.abgeordnetenwatch.de/api/v2/parliament-periods/132","abgeordnetenwatch_url":"https://www.abgeordnetenwatch.de/bundestag"},"politician":{"id":78976,"entity_type":"politician","label":"Stephan Stracke","api_url":"https://www.abgeordnetenwatch.de/api/v2/politicians/78976","abgeordnetenwatch_url":"https://www.abgeordnetenwatch.de/profile/stephan-stracke"},"electoral_data":{"id":54867,"entity_type":"electoral_data","label":"Stephan Stracke (Bundestag 2021 - 2025)","electoral_list":{},"constituency":{"id":10997,"entity_type":"constituency","label":"257 - Ostallgäu (Bundestag 2021 - 2025)","api_url":"https://www.abgeordnetenwatch.de/api/v2/constituencies/10997"},"constituency_result":38,"mandate_won":"constituency"},"fraction_membership":[{"id":9790,"entity_type":"fraction_membership","label":"CDU/CSU","fraction":{"id":320,"entity_type":"fraction","label":"CDU/CSU (Bundestag 2021 - 2025)","api_url":"https://www.abgeordnetenwatch.de/api/v2/fractions/320"}}],"party":{}},{"id":49725,"entity_type":"candidacy_mandate","label":"Stephan Stracke (Bundestag Wahl 2021)","api_url":"https://www.abgeordnetenwatch.de/api/v2/candidacies-mandates/49725","type":"candidacy","parliament_period":{"id":128,"entity_type":"parliament_period","label":"Bundestag Wahl 2021","api_url":"https://www.abgeordnetenwatch.de/api/v2/parliament-periods/128","abgeordnetenwatch_url":"https://www.abgeordnetenwatch.de/bundestag/wahl-2021"},"politician":{"id":78976,"entity_type":"politician","label":"Stephan Stracke","api_url":"https://www.abgeordnetenwatch.de/api/v2/politicians/78976","abgeordnetenwatch_url":"https://www.abgeordnetenwatch.de/profile/stephan-stracke"},"electoral_data":{"id":50647,"entity_type":"electoral_data","label":"Stephan Stracke (Bundestag Wahl 2021)","electoral_list":{},"constituency":{"id":10314,"entity_type":"constituency","label":"257 - Ostallgäu (Bundestag Wahl 2021)","api_url":"https://www.abgeordnetenwatch.de/api/v2/constituencies/10314"},"constituency_result":38.8,"constituency_result_count":76399,"mandate_won":"constituency"},"fraction_membership":{},"party":{"id":3,"entity_type":"party","label":"CSU","api_url":"https://www.abgeordnetenwatch.de/api/v2/parties/3"}},{"id":45420,"entity_type":"candidacy_mandate","label":"Stephan Stracke (Bundestag 2017 - 2021)","api_url":"https://www.abgeordnetenwatch.de/api/v2/candidacies-mandates/45420","id_external_administration":"1597","id_external_administration_description":"mdbID - ID der Bundestagsverwaltung","type":"mandate","parliament_period":{"id":111,"entity_type":"parliament_period","label":"Bundestag 2017 - 2021","api_url":"https://www.abgeordnetenwatch.de/api/v2/parliament-periods/111","abgeordnetenwatch_url":"https://www.abgeordnetenwatch.de/bundestag/19"},"politician":{"id":78976,"entity_type":"politician","label":"Stephan Stracke","api_url":"https://www.abgeordnetenwatch.de/api/v2/politicians/78976","abgeordnetenwatch_url":"https://www.abgeordnetenwatch.de/profile/stephan-stracke"},"electoral_data":{"id":45420,"entity_type":"electoral_data","label":"Stephan Stracke (Bundestag 2017 - 2021)","electoral_list":{},"list_position":1,"constituency":{"id":4381,"entity_type":"constituency","label":"257 - Ostallgäu (Bundestag 2017 - 2021)","api_url":"https://www.abgeordnetenwatch.de/api/v2/constituencies/4381"},"constituency_result":49.2,"mandate_won":"constituency"},"fraction_membership":[{"id":7673,"entity_type":"fraction_membership","label":"CDU/CSU","fraction":{"id":81,"entity_type":"fraction","label":"CDU/CSU (Bundestag 2017 - 2021)","api_url":"https://www.abgeordnetenwatch.de/api/v2/fractions/81"}}],"party":{}},{"id":38949,"entity_type":"candidacy_mandate","label":"Stephan Stracke (Bundestag 2013-2017)","api_url":"https://www.abgeordnetenwatch.de/api/v2/candidacies-mandates/38949","type":"mandate","parliament_period":{"id":97,"entity_type":"parliament_period","label":"Bundestag 2013 - 2017","api_url":"https://www.abgeordnetenwatch.de/api/v2/parliament-periods/97","abgeordnetenwatch_url":"https://www.abgeordnetenwatch.de/bundestag/18"},"politician":{"id":78976,"entity_type":"politician","label":"Stephan Stracke","api_url":"https://www.abgeordnetenwatch.de/api/v2/politicians/78976","abgeordnetenwatch_url":"https://www.abgeordnetenwatch.de/profile/stephan-stracke"},"electoral_data":{"id":38949,"entity_type":"electoral_data","label":"Stephan Stracke (Bundestag 2013 - 2017)","electoral_list":{},"constituency":{"id":1226,"entity_type":"constituency","label":"257 - Ostallgäu (Bundestag 2013-2017)","api_url":"https://www.abgeordnetenwatch.de/api/v2/constituencies/1226"},"constituency_result":59.8,"mandate_won":"constituency"},"fraction_membership":[{"id":1175,"entity_type":"fraction_membership","label":"CDU/CSU","fraction":{"id":111,"entity_type":"fraction","label":"CDU/CSU (Bundestag 2013-2017)","api_url":"https://www.abgeordnetenwatch.de/api/v2/fractions/111"}}],"party":{}},{"id":38948,"entity_type":"candidacy_mandate","label":"Stephan Stracke (Bundestag 2009-2013)","api_url":"https://www.abgeordnetenwatch.de/api/v2/candidacies-mandates/38948","type":"mandate","parliament_period":{"id":83,"entity_type":"parliament_period","label":"Bundestag 2009 - 2013","api_url":"https://www.abgeordnetenwatch.de/api/v2/parliament-periods/83","abgeordnetenwatch_url":"https://www.abgeordnetenwatch.de/bundestag/17"},"politician":{"id":78976,"entity_type":"politician","label":"Stephan Stracke","api_url":"https://www.abgeordnetenwatch.de/api/v2/politicians/78976","abgeordnetenwatch_url":"https://www.abgeordnetenwatch.de/profile/stephan-stracke"},"electoral_data":{"id":38948,"entity_type":"electoral_data","label":"Stephan Stracke (Bundestag 2009 - 2013)","electoral_list":{"id":57,"entity_type":"electoral_list","label":"Landesliste Bayern (Bundestag 2009-2013)","api_url":"https://www.abgeordnetenwatch.de/api/v2/electoral-lists/57"},"list_position":5,"constituency":{"id":1719,"entity_type":"constituency","label":"257 - Ostallgäu (Bundestag 2009-2013)","api_url":"https://www.abgeordnetenwatch.de/api/v2/constituencies/1719"},"constituency_result":51.1},"fraction_membership":[{"id":1174,"entity_type":"fraction_membership","label":"CDU/CSU","fraction":{"id":112,"entity_type":"fraction","label":"CDU/CSU (Bundestag 2009-2013)","api_url":"https://www.abgeordnetenwatch.de/api/v2/fractions/112"}}],"party":{}},{"id":5583,"entity_type":"candidacy_mandate","label":"Stephan Stracke (Bundestag Wahl 2017)","api_url":"https://www.abgeordnetenwatch.de/api/v2/candidacies-mandates/5583","type":"candidacy","parliament_period":{"id":50,"entity_type":"parliament_period","label":"Bundestag Wahl 2017","api_url":"https://www.abgeordnetenwatch.de/api/v2/parliament-periods/50","abgeordnetenwatch_url":"https://www.abgeordnetenwatch.de/bundestag/wahl-2017"},"politician":{"id":78976,"entity_type":"politician","label":"Stephan Stracke","api_url":"https://www.abgeordnetenwatch.de/api/v2/politicians/78976","abgeordnetenwatch_url":"https://www.abgeordnetenwatch.de/profile/stephan-stracke"},"electoral_data":{"id":5583,"entity_type":"electoral_data","label":"Stephan Stracke (Bundestag Wahl 2017)","electoral_list":{},"constituency":{"id":9267,"entity_type":"constituency","label":"257 - Ostallgäu (Bundestag Wahl 2017)","api_url":"https://www.abgeordnetenwatch.de/api/v2/constituencies/9267"},"constituency_result":49.2,"mandate_won":"constituency"},"fraction_membership":{},"party":{"id":3,"entity_type":"party","label":"CSU","api_url":"https://www.abgeordnetenwatch.de/api/v2/parties/3"}},{"id":5582,"entity_type":"candidacy_mandate","label":"Stephan Stracke (Bundestag Wahl 2013)","api_url":"https://www.abgeordnetenwatch.de/api/v2/candidacies-mandates/5582","type":"candidacy","parliament_period":{"id":36,"entity_type":"parliament_period","label":"Bundestag Wahl 2013","api_url":"https://www.abgeordnetenwatch.de/api/v2/parliament-periods/36","abgeordnetenwatch_url":"https://www.abgeordnetenwatch.de/bundestag/wahl-2013"},"politician":{"id":78976,"entity_type":"politician","label":"Stephan Stracke","api_url":"https://www.abgeordnetenwatch.de/api/v2/politicians/78976","abgeordnetenwatch_url":"https://www.abgeordnetenwatch.de/profile/stephan-stracke"},"electoral_data":{"id":5582,"entity_type":"electoral_data","label":"Stephan Stracke (Bundestag Wahl 2013)","electoral_list":{},"constituency":{"id":6112,"entity_type":"constituency","label":"257 - Ostallgäu (Bundestag Wahl 2013)","api_url":"https://www.abgeordnetenwatch.de/api/v2/constituencies/6112"},"constituency_result":59.8,"mandate_won":"constituency"},"fraction_membership":{},"party":{"id":3,"entity_type":"party","label":"CSU","api_url":"https://www.abgeordnetenwatch.de/api/v2/parties/3"}},{"id":5581,"entity_type":"candidacy_mandate","label":"Stephan Stracke (Bundestag Wahl 2009)","api_url":"https://www.abgeordnetenwatch.de/api/v2/candidacies-mandates/5581","type":"candidacy","parliament_period":{"id":22,"entity_type":"parliament_period","label":"Bundestag Wahl 2009","api_url":"https://www.abgeordnetenwatch.de/api/v2/parliament-periods/22","abgeordnetenwatch_url":"https://www.abgeordnetenwatch.de/bundestag/wahl-2009"},"politician":{"id":78976,"entity_type":"politician","label":"Stephan Stracke","api_url":"https://www.abgeordnetenwatch.de/api/v2/politicians/78976","abgeordnetenwatch_url":"https://www.abgeordnetenwatch.de/profile/stephan-stracke"},"electoral_data":{"id":5581,"entity_type":"electoral_data","label":"Stephan Stracke (Bundestag Wahl 2009)","electoral_list":{},"constituency":{"id":6605,"entity_type":"constituency","label":"257 - Ostallgäu (Bundestag Wahl 2009)","api_url":"https://www.abgeordnetenwatch.de/api/v2/constituencies/6605"},"constituency_result":51.1,"mandate_won":"constituency"},"fraction_membership":{},"party":{"id":3,"entity_type":"party","label":"CSU","api_url":"https://www.abgeordnetenwatch.de/api/v2/parties/3"}}]
