[{"id":53601,"entity_type":"candidacy_mandate","label":"Claudia Tausend (Bundestag 2021 - 2025)","api_url":"https://www.abgeordnetenwatch.de/api/v2/candidacies-mandates/53601","id_external_administration":"1954","id_external_administration_description":"mdbID aus der info-xml-Datei der Bundestagsverwaltung","type":"mandate","parliament_period":{"id":132,"entity_type":"parliament_period","label":"Bundestag 2021 - 2025","api_url":"https://www.abgeordnetenwatch.de/api/v2/parliament-periods/132","abgeordnetenwatch_url":"https://www.abgeordnetenwatch.de/bundestag"},"politician":{"id":78970,"entity_type":"politician","label":"Claudia Tausend","api_url":"https://www.abgeordnetenwatch.de/api/v2/politicians/78970","abgeordnetenwatch_url":"https://www.abgeordnetenwatch.de/profile/claudia-tausend"},"electoral_data":{"id":54525,"entity_type":"electoral_data","label":"Claudia Tausend (Bundestag 2021 - 2025)","electoral_list":{"id":411,"entity_type":"electoral_list","label":"Landesliste Bayern (Bundestag 2021 - 2025)","api_url":"https://www.abgeordnetenwatch.de/api/v2/electoral-lists/411"},"list_position":10,"constituency":{"id":10958,"entity_type":"constituency","label":"218 - München-Ost (Bundestag 2021 - 2025)","api_url":"https://www.abgeordnetenwatch.de/api/v2/constituencies/10958"},"constituency_result":19.8,"mandate_won":"list"},"fraction_membership":[{"id":9448,"entity_type":"fraction_membership","label":"SPD","fraction":{"id":319,"entity_type":"fraction","label":"SPD (Bundestag 2021 - 2025)","api_url":"https://www.abgeordnetenwatch.de/api/v2/fractions/319"}}],"party":{}},{"id":48667,"entity_type":"candidacy_mandate","label":"Claudia Tausend (Bundestag Wahl 2021)","api_url":"https://www.abgeordnetenwatch.de/api/v2/candidacies-mandates/48667","type":"candidacy","parliament_period":{"id":128,"entity_type":"parliament_period","label":"Bundestag Wahl 2021","api_url":"https://www.abgeordnetenwatch.de/api/v2/parliament-periods/128","abgeordnetenwatch_url":"https://www.abgeordnetenwatch.de/bundestag/wahl-2021"},"politician":{"id":78970,"entity_type":"politician","label":"Claudia Tausend","api_url":"https://www.abgeordnetenwatch.de/api/v2/politicians/78970","abgeordnetenwatch_url":"https://www.abgeordnetenwatch.de/profile/claudia-tausend"},"electoral_data":{"id":49589,"entity_type":"electoral_data","label":"Claudia Tausend (Bundestag Wahl 2021)","electoral_list":{"id":357,"entity_type":"electoral_list","label":"Landesliste Bayern (Bundestag Wahl 2021)","api_url":"https://www.abgeordnetenwatch.de/api/v2/electoral-lists/357"},"list_position":10,"constituency":{"id":10275,"entity_type":"constituency","label":"218 - München-Ost (Bundestag Wahl 2021)","api_url":"https://www.abgeordnetenwatch.de/api/v2/constituencies/10275"},"constituency_result":19.8,"constituency_result_count":38243},"fraction_membership":{},"party":{"id":1,"entity_type":"party","label":"SPD","api_url":"https://www.abgeordnetenwatch.de/api/v2/parties/1"}},{"id":44565,"entity_type":"candidacy_mandate","label":"Claudia Tausend (Bundestag 2017 - 2021)","api_url":"https://www.abgeordnetenwatch.de/api/v2/candidacies-mandates/44565","id_external_administration":"1954","id_external_administration_description":"mdbID - ID der Bundestagsverwaltung","type":"mandate","parliament_period":{"id":111,"entity_type":"parliament_period","label":"Bundestag 2017 - 2021","api_url":"https://www.abgeordnetenwatch.de/api/v2/parliament-periods/111","abgeordnetenwatch_url":"https://www.abgeordnetenwatch.de/bundestag/19"},"politician":{"id":78970,"entity_type":"politician","label":"Claudia Tausend","api_url":"https://www.abgeordnetenwatch.de/api/v2/politicians/78970","abgeordnetenwatch_url":"https://www.abgeordnetenwatch.de/profile/claudia-tausend"},"electoral_data":{"id":44565,"entity_type":"electoral_data","label":"Claudia Tausend (Bundestag 2017 - 2021)","electoral_list":{"id":107,"entity_type":"electoral_list","label":"Landesliste Bayern (Bundestag 2017 - 2021)","api_url":"https://www.abgeordnetenwatch.de/api/v2/electoral-lists/107"},"list_position":12,"constituency":{"id":4342,"entity_type":"constituency","label":"218 - München-Ost (Bundestag 2017 - 2021)","api_url":"https://www.abgeordnetenwatch.de/api/v2/constituencies/4342"},"constituency_result":21.3,"mandate_won":"list"},"fraction_membership":[{"id":6810,"entity_type":"fraction_membership","label":"SPD","fraction":{"id":22,"entity_type":"fraction","label":"SPD (Bundestag 2017 - 2021)","api_url":"https://www.abgeordnetenwatch.de/api/v2/fractions/22"}}],"party":{}},{"id":38937,"entity_type":"candidacy_mandate","label":"Claudia Tausend (Bundestag 2013-2017)","api_url":"https://www.abgeordnetenwatch.de/api/v2/candidacies-mandates/38937","type":"mandate","parliament_period":{"id":97,"entity_type":"parliament_period","label":"Bundestag 2013 - 2017","api_url":"https://www.abgeordnetenwatch.de/api/v2/parliament-periods/97","abgeordnetenwatch_url":"https://www.abgeordnetenwatch.de/bundestag/18"},"politician":{"id":78970,"entity_type":"politician","label":"Claudia Tausend","api_url":"https://www.abgeordnetenwatch.de/api/v2/politicians/78970","abgeordnetenwatch_url":"https://www.abgeordnetenwatch.de/profile/claudia-tausend"},"electoral_data":{"id":38937,"entity_type":"electoral_data","label":"Claudia Tausend (Bundestag 2013 - 2017)","electoral_list":{"id":27,"entity_type":"electoral_list","label":"Landesliste Bayern (Bundestag 2013-2017)","api_url":"https://www.abgeordnetenwatch.de/api/v2/electoral-lists/27"},"list_position":14,"constituency":{"id":204,"entity_type":"constituency","label":"219 - München-Ost (Bundestag 2013-2017)","api_url":"https://www.abgeordnetenwatch.de/api/v2/constituencies/204"},"constituency_result":28.7,"mandate_won":"list"},"fraction_membership":[{"id":1163,"entity_type":"fraction_membership","label":"SPD","fraction":{"id":45,"entity_type":"fraction","label":"SPD (Bundestag 2013-2017)","api_url":"https://www.abgeordnetenwatch.de/api/v2/fractions/45"}}],"party":{}},{"id":5563,"entity_type":"candidacy_mandate","label":"Claudia Tausend (Bundestag Wahl 2017)","api_url":"https://www.abgeordnetenwatch.de/api/v2/candidacies-mandates/5563","type":"candidacy","parliament_period":{"id":50,"entity_type":"parliament_period","label":"Bundestag Wahl 2017","api_url":"https://www.abgeordnetenwatch.de/api/v2/parliament-periods/50","abgeordnetenwatch_url":"https://www.abgeordnetenwatch.de/bundestag/wahl-2017"},"politician":{"id":78970,"entity_type":"politician","label":"Claudia Tausend","api_url":"https://www.abgeordnetenwatch.de/api/v2/politicians/78970","abgeordnetenwatch_url":"https://www.abgeordnetenwatch.de/profile/claudia-tausend"},"electoral_data":{"id":5563,"entity_type":"electoral_data","label":"Claudia Tausend (Bundestag Wahl 2017)","electoral_list":{"id":266,"entity_type":"electoral_list","label":"Landesliste Bayern (Bundestag Wahl 2017)","api_url":"https://www.abgeordnetenwatch.de/api/v2/electoral-lists/266"},"list_position":12,"constituency":{"id":9228,"entity_type":"constituency","label":"218 - München-Ost (Bundestag Wahl 2017)","api_url":"https://www.abgeordnetenwatch.de/api/v2/constituencies/9228"},"constituency_result":21.3,"mandate_won":"list"},"fraction_membership":{},"party":{"id":1,"entity_type":"party","label":"SPD","api_url":"https://www.abgeordnetenwatch.de/api/v2/parties/1"}},{"id":5562,"entity_type":"candidacy_mandate","label":"Claudia Tausend (Bundestag Wahl 2013)","api_url":"https://www.abgeordnetenwatch.de/api/v2/candidacies-mandates/5562","type":"candidacy","parliament_period":{"id":36,"entity_type":"parliament_period","label":"Bundestag Wahl 2013","api_url":"https://www.abgeordnetenwatch.de/api/v2/parliament-periods/36","abgeordnetenwatch_url":"https://www.abgeordnetenwatch.de/bundestag/wahl-2013"},"politician":{"id":78970,"entity_type":"politician","label":"Claudia Tausend","api_url":"https://www.abgeordnetenwatch.de/api/v2/politicians/78970","abgeordnetenwatch_url":"https://www.abgeordnetenwatch.de/profile/claudia-tausend"},"electoral_data":{"id":5562,"entity_type":"electoral_data","label":"Claudia Tausend (Bundestag Wahl 2013)","electoral_list":{},"list_position":14,"constituency":{"id":5090,"entity_type":"constituency","label":"219 - München-Ost (Bundestag Wahl 2013)","api_url":"https://www.abgeordnetenwatch.de/api/v2/constituencies/5090"},"constituency_result":28.7,"mandate_won":"list"},"fraction_membership":{},"party":{"id":1,"entity_type":"party","label":"SPD","api_url":"https://www.abgeordnetenwatch.de/api/v2/parties/1"}},{"id":5561,"entity_type":"candidacy_mandate","label":"Claudia Tausend (Bundestag Wahl 2009)","api_url":"https://www.abgeordnetenwatch.de/api/v2/candidacies-mandates/5561","type":"candidacy","parliament_period":{"id":22,"entity_type":"parliament_period","label":"Bundestag Wahl 2009","api_url":"https://www.abgeordnetenwatch.de/api/v2/parliament-periods/22","abgeordnetenwatch_url":"https://www.abgeordnetenwatch.de/bundestag/wahl-2009"},"politician":{"id":78970,"entity_type":"politician","label":"Claudia Tausend","api_url":"https://www.abgeordnetenwatch.de/api/v2/politicians/78970","abgeordnetenwatch_url":"https://www.abgeordnetenwatch.de/profile/claudia-tausend"},"electoral_data":{"id":5561,"entity_type":"electoral_data","label":"Claudia Tausend (Bundestag Wahl 2009)","electoral_list":{},"constituency":{"id":6579,"entity_type":"constituency","label":"219 - München-Ost (Bundestag Wahl 2009)","api_url":"https://www.abgeordnetenwatch.de/api/v2/constituencies/6579"},"constituency_result":26.7},"fraction_membership":{},"party":{"id":1,"entity_type":"party","label":"SPD","api_url":"https://www.abgeordnetenwatch.de/api/v2/parties/1"}},{"id":5560,"entity_type":"candidacy_mandate","label":"Claudia Tausend (Bundestag Wahl 2005)","api_url":"https://www.abgeordnetenwatch.de/api/v2/candidacies-mandates/5560","type":"candidacy","parliament_period":{"id":6,"entity_type":"parliament_period","label":"Bundestag Wahl 2005","api_url":"https://www.abgeordnetenwatch.de/api/v2/parliament-periods/6","abgeordnetenwatch_url":"https://www.abgeordnetenwatch.de/bundestag/wahl-2005"},"politician":{"id":78970,"entity_type":"politician","label":"Claudia Tausend","api_url":"https://www.abgeordnetenwatch.de/api/v2/politicians/78970","abgeordnetenwatch_url":"https://www.abgeordnetenwatch.de/profile/claudia-tausend"},"electoral_data":{"id":5560,"entity_type":"electoral_data","label":"Claudia Tausend (Bundestag Wahl 2005)","electoral_list":{"id":177,"entity_type":"electoral_list","label":"Landesliste Bayern (Bundestag Wahl 2005)","api_url":"https://www.abgeordnetenwatch.de/api/v2/electoral-lists/177"},"list_position":30,"constituency":{"id":6313,"entity_type":"constituency","label":"220 - München-Ost (Bundestag Wahl 2005)","api_url":"https://www.abgeordnetenwatch.de/api/v2/constituencies/6313"},"constituency_result":36.2},"fraction_membership":{},"party":{"id":1,"entity_type":"party","label":"SPD","api_url":"https://www.abgeordnetenwatch.de/api/v2/parties/1"}}]
