[{"id":53736,"entity_type":"candidacy_mandate","label":"Albert Stegemann (Bundestag 2021 - 2025)","api_url":"https://www.abgeordnetenwatch.de/api/v2/candidacies-mandates/53736","id_external_administration":"1946","id_external_administration_description":"mdbID aus der info-xml-Datei der Bundestagsverwaltung","type":"mandate","parliament_period":{"id":132,"entity_type":"parliament_period","label":"Bundestag 2021 - 2025","api_url":"https://www.abgeordnetenwatch.de/api/v2/parliament-periods/132","abgeordnetenwatch_url":"https://www.abgeordnetenwatch.de/bundestag"},"politician":{"id":78981,"entity_type":"politician","label":"Albert Stegemann","api_url":"https://www.abgeordnetenwatch.de/api/v2/politicians/78981","abgeordnetenwatch_url":"https://www.abgeordnetenwatch.de/profile/albert-stegemann"},"electoral_data":{"id":54660,"entity_type":"electoral_data","label":"Albert Stegemann (Bundestag 2021 - 2025)","electoral_list":{"id":418,"entity_type":"electoral_list","label":"Landesliste Niedersachsen (Bundestag 2021 - 2025)","api_url":"https://www.abgeordnetenwatch.de/api/v2/electoral-lists/418"},"list_position":29,"constituency":{"id":10771,"entity_type":"constituency","label":"31 - Mittelems (Bundestag 2021 - 2025)","api_url":"https://www.abgeordnetenwatch.de/api/v2/constituencies/10771"},"constituency_result":40,"mandate_won":"constituency"},"fraction_membership":[{"id":9583,"entity_type":"fraction_membership","label":"CDU/CSU","fraction":{"id":320,"entity_type":"fraction","label":"CDU/CSU (Bundestag 2021 - 2025)","api_url":"https://www.abgeordnetenwatch.de/api/v2/fractions/320"}}],"party":{}},{"id":49728,"entity_type":"candidacy_mandate","label":"Albert Stegemann (Bundestag Wahl 2021)","api_url":"https://www.abgeordnetenwatch.de/api/v2/candidacies-mandates/49728","type":"candidacy","parliament_period":{"id":128,"entity_type":"parliament_period","label":"Bundestag Wahl 2021","api_url":"https://www.abgeordnetenwatch.de/api/v2/parliament-periods/128","abgeordnetenwatch_url":"https://www.abgeordnetenwatch.de/bundestag/wahl-2021"},"politician":{"id":78981,"entity_type":"politician","label":"Albert Stegemann","api_url":"https://www.abgeordnetenwatch.de/api/v2/politicians/78981","abgeordnetenwatch_url":"https://www.abgeordnetenwatch.de/profile/albert-stegemann"},"electoral_data":{"id":50650,"entity_type":"electoral_data","label":"Albert Stegemann (Bundestag Wahl 2021)","electoral_list":{},"constituency":{"id":10088,"entity_type":"constituency","label":"31 - Mittelems (Bundestag Wahl 2021)","api_url":"https://www.abgeordnetenwatch.de/api/v2/constituencies/10088"},"constituency_result":40},"fraction_membership":{},"party":{"id":2,"entity_type":"party","label":"CDU","api_url":"https://www.abgeordnetenwatch.de/api/v2/parties/2"}},{"id":44542,"entity_type":"candidacy_mandate","label":"Albert Stegemann (Bundestag 2017 - 2021)","api_url":"https://www.abgeordnetenwatch.de/api/v2/candidacies-mandates/44542","id_external_administration":"1946","id_external_administration_description":"mdbID - ID der Bundestagsverwaltung","type":"mandate","parliament_period":{"id":111,"entity_type":"parliament_period","label":"Bundestag 2017 - 2021","api_url":"https://www.abgeordnetenwatch.de/api/v2/parliament-periods/111","abgeordnetenwatch_url":"https://www.abgeordnetenwatch.de/bundestag/19"},"politician":{"id":78981,"entity_type":"politician","label":"Albert Stegemann","api_url":"https://www.abgeordnetenwatch.de/api/v2/politicians/78981","abgeordnetenwatch_url":"https://www.abgeordnetenwatch.de/profile/albert-stegemann"},"electoral_data":{"id":44542,"entity_type":"electoral_data","label":"Albert Stegemann (Bundestag 2017 - 2021)","electoral_list":{"id":114,"entity_type":"electoral_list","label":"Landesliste Niedersachsen (Bundestag 2017 - 2021)","api_url":"https://www.abgeordnetenwatch.de/api/v2/electoral-lists/114"},"list_position":30,"constituency":{"id":4155,"entity_type":"constituency","label":"31 - Mittelems (Bundestag 2017 - 2021)","api_url":"https://www.abgeordnetenwatch.de/api/v2/constituencies/4155"},"constituency_result":53.6,"mandate_won":"constituency"},"fraction_membership":[{"id":6787,"entity_type":"fraction_membership","label":"CDU/CSU","fraction":{"id":81,"entity_type":"fraction","label":"CDU/CSU (Bundestag 2017 - 2021)","api_url":"https://www.abgeordnetenwatch.de/api/v2/fractions/81"}}],"party":{}},{"id":38958,"entity_type":"candidacy_mandate","label":"Albert Stegemann (Bundestag 2013-2017)","api_url":"https://www.abgeordnetenwatch.de/api/v2/candidacies-mandates/38958","type":"mandate","parliament_period":{"id":97,"entity_type":"parliament_period","label":"Bundestag 2013 - 2017","api_url":"https://www.abgeordnetenwatch.de/api/v2/parliament-periods/97","abgeordnetenwatch_url":"https://www.abgeordnetenwatch.de/bundestag/18"},"politician":{"id":78981,"entity_type":"politician","label":"Albert Stegemann","api_url":"https://www.abgeordnetenwatch.de/api/v2/politicians/78981","abgeordnetenwatch_url":"https://www.abgeordnetenwatch.de/profile/albert-stegemann"},"electoral_data":{"id":38958,"entity_type":"electoral_data","label":"Albert Stegemann (Bundestag 2013 - 2017)","electoral_list":{"id":34,"entity_type":"electoral_list","label":"Landesliste Niedersachsen (Bundestag 2013-2017)","api_url":"https://www.abgeordnetenwatch.de/api/v2/electoral-lists/34"},"list_position":28,"constituency":{"id":1203,"entity_type":"constituency","label":"31 - Mittelems (Bundestag 2013-2017)","api_url":"https://www.abgeordnetenwatch.de/api/v2/constituencies/1203"},"constituency_result":59,"mandate_won":"constituency"},"fraction_membership":[{"id":1184,"entity_type":"fraction_membership","label":"CDU/CSU","fraction":{"id":111,"entity_type":"fraction","label":"CDU/CSU (Bundestag 2013-2017)","api_url":"https://www.abgeordnetenwatch.de/api/v2/fractions/111"}}],"party":{}},{"id":5597,"entity_type":"candidacy_mandate","label":"Albert Stegemann (Bundestag Wahl 2017)","api_url":"https://www.abgeordnetenwatch.de/api/v2/candidacies-mandates/5597","type":"candidacy","parliament_period":{"id":50,"entity_type":"parliament_period","label":"Bundestag Wahl 2017","api_url":"https://www.abgeordnetenwatch.de/api/v2/parliament-periods/50","abgeordnetenwatch_url":"https://www.abgeordnetenwatch.de/bundestag/wahl-2017"},"politician":{"id":78981,"entity_type":"politician","label":"Albert Stegemann","api_url":"https://www.abgeordnetenwatch.de/api/v2/politicians/78981","abgeordnetenwatch_url":"https://www.abgeordnetenwatch.de/profile/albert-stegemann"},"electoral_data":{"id":5597,"entity_type":"electoral_data","label":"Albert Stegemann (Bundestag Wahl 2017)","electoral_list":{"id":273,"entity_type":"electoral_list","label":"Landesliste Niedersachsen (Bundestag Wahl 2017)","api_url":"https://www.abgeordnetenwatch.de/api/v2/electoral-lists/273"},"list_position":30,"constituency":{"id":9041,"entity_type":"constituency","label":"31 - Mittelems (Bundestag Wahl 2017)","api_url":"https://www.abgeordnetenwatch.de/api/v2/constituencies/9041"},"constituency_result":53.6,"mandate_won":"constituency"},"fraction_membership":{},"party":{"id":2,"entity_type":"party","label":"CDU","api_url":"https://www.abgeordnetenwatch.de/api/v2/parties/2"}},{"id":5596,"entity_type":"candidacy_mandate","label":"Albert Stegemann (Bundestag Wahl 2013)","api_url":"https://www.abgeordnetenwatch.de/api/v2/candidacies-mandates/5596","type":"candidacy","parliament_period":{"id":36,"entity_type":"parliament_period","label":"Bundestag Wahl 2013","api_url":"https://www.abgeordnetenwatch.de/api/v2/parliament-periods/36","abgeordnetenwatch_url":"https://www.abgeordnetenwatch.de/bundestag/wahl-2013"},"politician":{"id":78981,"entity_type":"politician","label":"Albert Stegemann","api_url":"https://www.abgeordnetenwatch.de/api/v2/politicians/78981","abgeordnetenwatch_url":"https://www.abgeordnetenwatch.de/profile/albert-stegemann"},"electoral_data":{"id":5596,"entity_type":"electoral_data","label":"Albert Stegemann (Bundestag Wahl 2013)","electoral_list":{},"list_position":28,"constituency":{"id":6089,"entity_type":"constituency","label":"31 - Mittelems (Bundestag Wahl 2013)","api_url":"https://www.abgeordnetenwatch.de/api/v2/constituencies/6089"},"constituency_result":59,"mandate_won":"constituency"},"fraction_membership":{},"party":{"id":2,"entity_type":"party","label":"CDU","api_url":"https://www.abgeordnetenwatch.de/api/v2/parties/2"}},{"id":5595,"entity_type":"candidacy_mandate","label":"Albert Stegemann (EU-Parlament Wahl 2009)","api_url":"https://www.abgeordnetenwatch.de/api/v2/candidacies-mandates/5595","type":"candidacy","parliament_period":{"id":18,"entity_type":"parliament_period","label":"EU-Parlament Wahl 2009","api_url":"https://www.abgeordnetenwatch.de/api/v2/parliament-periods/18","abgeordnetenwatch_url":"https://www.abgeordnetenwatch.de/eu/wahl-2009"},"politician":{"id":78981,"entity_type":"politician","label":"Albert Stegemann","api_url":"https://www.abgeordnetenwatch.de/api/v2/politicians/78981","abgeordnetenwatch_url":"https://www.abgeordnetenwatch.de/profile/albert-stegemann"},"electoral_data":{"id":5595,"entity_type":"electoral_data","label":"Albert Stegemann (EU-Parlament Wahl 2009)","electoral_list":{},"list_position":16,"constituency":{"id":5198,"entity_type":"constituency","label":"9 - Niedersachsen (EU-Parlament Wahl 2009)","api_url":"https://www.abgeordnetenwatch.de/api/v2/constituencies/5198"}},"fraction_membership":{},"party":{"id":2,"entity_type":"party","label":"CDU","api_url":"https://www.abgeordnetenwatch.de/api/v2/parties/2"}}]
