[{"id":45414,"entity_type":"candidacy_mandate","label":"Sonja Steffen (Bundestag 2017 - 2021)","api_url":"https://www.abgeordnetenwatch.de/api/v2/candidacies-mandates/45414","id_external_administration":"1598","id_external_administration_description":"mdbID - ID der Bundestagsverwaltung","type":"mandate","parliament_period":{"id":111,"entity_type":"parliament_period","label":"Bundestag 2017 - 2021","api_url":"https://www.abgeordnetenwatch.de/api/v2/parliament-periods/111","abgeordnetenwatch_url":"https://www.abgeordnetenwatch.de/bundestag/19"},"politician":{"id":78987,"entity_type":"politician","label":"Sonja Steffen","api_url":"https://www.abgeordnetenwatch.de/api/v2/politicians/78987","abgeordnetenwatch_url":"https://www.abgeordnetenwatch.de/profile/sonja-steffen"},"electoral_data":{"id":45414,"entity_type":"electoral_data","label":"Sonja Steffen (Bundestag 2017 - 2021)","electoral_list":{"id":113,"entity_type":"electoral_list","label":"Landesliste Mecklenburg-Vorpommern (Bundestag 2017 - 2021)","api_url":"https://www.abgeordnetenwatch.de/api/v2/electoral-lists/113"},"list_position":1,"constituency":{"id":4139,"entity_type":"constituency","label":"15 - Vorpommern-Rügen - Vorpommern-Greifswald I (Bundestag 2017 - 2021)","api_url":"https://www.abgeordnetenwatch.de/api/v2/constituencies/4139"},"constituency_result":11.6,"mandate_won":"list"},"fraction_membership":[{"id":7667,"entity_type":"fraction_membership","label":"SPD","fraction":{"id":22,"entity_type":"fraction","label":"SPD (Bundestag 2017 - 2021)","api_url":"https://www.abgeordnetenwatch.de/api/v2/fractions/22"}}],"party":{}},{"id":38968,"entity_type":"candidacy_mandate","label":"Sonja Steffen (Bundestag 2013-2017)","api_url":"https://www.abgeordnetenwatch.de/api/v2/candidacies-mandates/38968","type":"mandate","parliament_period":{"id":97,"entity_type":"parliament_period","label":"Bundestag 2013 - 2017","api_url":"https://www.abgeordnetenwatch.de/api/v2/parliament-periods/97","abgeordnetenwatch_url":"https://www.abgeordnetenwatch.de/bundestag/18"},"politician":{"id":78987,"entity_type":"politician","label":"Sonja Steffen","api_url":"https://www.abgeordnetenwatch.de/api/v2/politicians/78987","abgeordnetenwatch_url":"https://www.abgeordnetenwatch.de/profile/sonja-steffen"},"electoral_data":{"id":38968,"entity_type":"electoral_data","label":"Sonja Steffen (Bundestag 2013 - 2017)","electoral_list":{"id":33,"entity_type":"electoral_list","label":"Landesliste Mecklenburg-Vorpommern (Bundestag 2013-2017)","api_url":"https://www.abgeordnetenwatch.de/api/v2/electoral-lists/33"},"list_position":1,"constituency":{"id":1269,"entity_type":"constituency","label":"15 - Vorpommern-Rügen - Vorpommern-Greifswald I (Bundestag 2013-2017)","api_url":"https://www.abgeordnetenwatch.de/api/v2/constituencies/1269"},"constituency_result":14,"mandate_won":"list"},"fraction_membership":[{"id":1194,"entity_type":"fraction_membership","label":"SPD","fraction":{"id":45,"entity_type":"fraction","label":"SPD (Bundestag 2013-2017)","api_url":"https://www.abgeordnetenwatch.de/api/v2/fractions/45"}}],"party":{}},{"id":38967,"entity_type":"candidacy_mandate","label":"Sonja Steffen (Bundestag 2009-2013)","api_url":"https://www.abgeordnetenwatch.de/api/v2/candidacies-mandates/38967","type":"mandate","parliament_period":{"id":83,"entity_type":"parliament_period","label":"Bundestag 2009 - 2013","api_url":"https://www.abgeordnetenwatch.de/api/v2/parliament-periods/83","abgeordnetenwatch_url":"https://www.abgeordnetenwatch.de/bundestag/17"},"politician":{"id":78987,"entity_type":"politician","label":"Sonja Steffen","api_url":"https://www.abgeordnetenwatch.de/api/v2/politicians/78987","abgeordnetenwatch_url":"https://www.abgeordnetenwatch.de/profile/sonja-steffen"},"electoral_data":{"id":38967,"entity_type":"electoral_data","label":"Sonja Steffen (Bundestag 2009 - 2013)","electoral_list":{"id":62,"entity_type":"electoral_list","label":"Landesliste Mecklenburg-Vorpommern (Bundestag 2009-2013)","api_url":"https://www.abgeordnetenwatch.de/api/v2/electoral-lists/62"},"list_position":2,"constituency":{"id":1770,"entity_type":"constituency","label":"15 - Stralsund - Nordvorpommern - Rügen (Bundestag 2009-2013)","api_url":"https://www.abgeordnetenwatch.de/api/v2/constituencies/1770"},"constituency_result":12},"fraction_membership":[{"id":1193,"entity_type":"fraction_membership","label":"SPD","fraction":{"id":116,"entity_type":"fraction","label":"SPD (Bundestag 2009-2013)","api_url":"https://www.abgeordnetenwatch.de/api/v2/fractions/116"}}],"party":{}},{"id":5613,"entity_type":"candidacy_mandate","label":"Sonja Steffen (Bundestag Wahl 2017)","api_url":"https://www.abgeordnetenwatch.de/api/v2/candidacies-mandates/5613","type":"candidacy","parliament_period":{"id":50,"entity_type":"parliament_period","label":"Bundestag Wahl 2017","api_url":"https://www.abgeordnetenwatch.de/api/v2/parliament-periods/50","abgeordnetenwatch_url":"https://www.abgeordnetenwatch.de/bundestag/wahl-2017"},"politician":{"id":78987,"entity_type":"politician","label":"Sonja Steffen","api_url":"https://www.abgeordnetenwatch.de/api/v2/politicians/78987","abgeordnetenwatch_url":"https://www.abgeordnetenwatch.de/profile/sonja-steffen"},"electoral_data":{"id":5613,"entity_type":"electoral_data","label":"Sonja Steffen (Bundestag Wahl 2017)","electoral_list":{"id":272,"entity_type":"electoral_list","label":"Landesliste Mecklenburg-Vorpommern (Bundestag Wahl 2017)","api_url":"https://www.abgeordnetenwatch.de/api/v2/electoral-lists/272"},"list_position":1,"constituency":{"id":9025,"entity_type":"constituency","label":"15 - Vorpommern-Rügen - Vorpommern-Greifswald I (Bundestag Wahl 2017)","api_url":"https://www.abgeordnetenwatch.de/api/v2/constituencies/9025"},"constituency_result":11.6,"mandate_won":"list"},"fraction_membership":{},"party":{"id":1,"entity_type":"party","label":"SPD","api_url":"https://www.abgeordnetenwatch.de/api/v2/parties/1"}},{"id":5612,"entity_type":"candidacy_mandate","label":"Sonja Steffen (Bundestag Wahl 2013)","api_url":"https://www.abgeordnetenwatch.de/api/v2/candidacies-mandates/5612","type":"candidacy","parliament_period":{"id":36,"entity_type":"parliament_period","label":"Bundestag Wahl 2013","api_url":"https://www.abgeordnetenwatch.de/api/v2/parliament-periods/36","abgeordnetenwatch_url":"https://www.abgeordnetenwatch.de/bundestag/wahl-2013"},"politician":{"id":78987,"entity_type":"politician","label":"Sonja Steffen","api_url":"https://www.abgeordnetenwatch.de/api/v2/politicians/78987","abgeordnetenwatch_url":"https://www.abgeordnetenwatch.de/profile/sonja-steffen"},"electoral_data":{"id":5612,"entity_type":"electoral_data","label":"Sonja Steffen (Bundestag Wahl 2013)","electoral_list":{},"list_position":1,"constituency":{"id":6155,"entity_type":"constituency","label":"15 - Vorpommern-Rügen - Vorpommern-Greifswald I (Bundestag Wahl 2013)","api_url":"https://www.abgeordnetenwatch.de/api/v2/constituencies/6155"},"constituency_result":14,"mandate_won":"list"},"fraction_membership":{},"party":{"id":1,"entity_type":"party","label":"SPD","api_url":"https://www.abgeordnetenwatch.de/api/v2/parties/1"}},{"id":5611,"entity_type":"candidacy_mandate","label":"Sonja Steffen (Bundestag Wahl 2009)","api_url":"https://www.abgeordnetenwatch.de/api/v2/candidacies-mandates/5611","type":"candidacy","parliament_period":{"id":22,"entity_type":"parliament_period","label":"Bundestag Wahl 2009","api_url":"https://www.abgeordnetenwatch.de/api/v2/parliament-periods/22","abgeordnetenwatch_url":"https://www.abgeordnetenwatch.de/bundestag/wahl-2009"},"politician":{"id":78987,"entity_type":"politician","label":"Sonja Steffen","api_url":"https://www.abgeordnetenwatch.de/api/v2/politicians/78987","abgeordnetenwatch_url":"https://www.abgeordnetenwatch.de/profile/sonja-steffen"},"electoral_data":{"id":5611,"entity_type":"electoral_data","label":"Sonja Steffen (Bundestag Wahl 2009)","electoral_list":{},"list_position":2,"constituency":{"id":6656,"entity_type":"constituency","label":"15 - Stralsund - Nordvorpommern - Rügen (Bundestag Wahl 2009)","api_url":"https://www.abgeordnetenwatch.de/api/v2/constituencies/6656"},"constituency_result":12},"fraction_membership":{},"party":{"id":1,"entity_type":"party","label":"SPD","api_url":"https://www.abgeordnetenwatch.de/api/v2/parties/1"}}]
