{"id":[78981],"entity_type":["politician"],"label":["Albert Stegemann"],"api_url":["https://www.abgeordnetenwatch.de/api/v2/politicians/78981"],"abgeordnetenwatch_url":["https://www.abgeordnetenwatch.de/profile/albert-stegemann"],"first_name":["Albert"],"last_name":["Stegemann"],"birth_name":["Stegemann"],"sex":["m"],"year_of_birth":[1976],"party":{"id":[2],"entity_type":["party"],"label":["CDU"],"api_url":["https://www.abgeordnetenwatch.de/api/v2/parties/2"]},"party_past":{},"deceased":{},"deceased_date":{},"education":["Landwirtschaftsmeister"],"residence":["Ringe"],"occupation":["MdB"],"statistic_questions":[1],"statistic_questions_answered":{},"qid_wikidata":["Q15782057"],"field_title":{}}
