[{"id":45413,"entity_type":"candidacy_mandate","label":"Frank Steffel (Bundestag 2017 - 2021)","api_url":"https://www.abgeordnetenwatch.de/api/v2/candidacies-mandates/45413","id_external_administration":"1691","id_external_administration_description":"mdbID - ID der Bundestagsverwaltung","type":"mandate","parliament_period":{"id":111,"entity_type":"parliament_period","label":"Bundestag 2017 - 2021","api_url":"https://www.abgeordnetenwatch.de/api/v2/parliament-periods/111","abgeordnetenwatch_url":"https://www.abgeordnetenwatch.de/bundestag/19"},"politician":{"id":78989,"entity_type":"politician","label":"Frank Steffel","api_url":"https://www.abgeordnetenwatch.de/api/v2/politicians/78989","abgeordnetenwatch_url":"https://www.abgeordnetenwatch.de/profile/frank-steffel"},"electoral_data":{"id":45413,"entity_type":"electoral_data","label":"Frank Steffel (Bundestag 2017 - 2021)","electoral_list":{},"list_position":1,"constituency":{"id":4201,"entity_type":"constituency","label":"77 - Berlin-Reinickendorf (Bundestag 2017 - 2021)","api_url":"https://www.abgeordnetenwatch.de/api/v2/constituencies/4201"},"constituency_result":36.8,"mandate_won":"constituency"},"fraction_membership":[{"id":7666,"entity_type":"fraction_membership","label":"CDU/CSU","fraction":{"id":81,"entity_type":"fraction","label":"CDU/CSU (Bundestag 2017 - 2021)","api_url":"https://www.abgeordnetenwatch.de/api/v2/fractions/81"}}],"party":{}},{"id":38971,"entity_type":"candidacy_mandate","label":"Frank Steffel (Bundestag 2013-2017)","api_url":"https://www.abgeordnetenwatch.de/api/v2/candidacies-mandates/38971","type":"mandate","parliament_period":{"id":97,"entity_type":"parliament_period","label":"Bundestag 2013 - 2017","api_url":"https://www.abgeordnetenwatch.de/api/v2/parliament-periods/97","abgeordnetenwatch_url":"https://www.abgeordnetenwatch.de/bundestag/18"},"politician":{"id":78989,"entity_type":"politician","label":"Frank Steffel","api_url":"https://www.abgeordnetenwatch.de/api/v2/politicians/78989","abgeordnetenwatch_url":"https://www.abgeordnetenwatch.de/profile/frank-steffel"},"electoral_data":{"id":38971,"entity_type":"electoral_data","label":"Frank Steffel (Bundestag 2013 - 2017)","electoral_list":{"id":28,"entity_type":"electoral_list","label":"Landesliste Berlin (Bundestag 2013-2017)","api_url":"https://www.abgeordnetenwatch.de/api/v2/electoral-lists/28"},"list_position":4,"constituency":{"id":1111,"entity_type":"constituency","label":"77 - Berlin-Reinickendorf (Bundestag 2013-2017)","api_url":"https://www.abgeordnetenwatch.de/api/v2/constituencies/1111"},"constituency_result":45,"mandate_won":"constituency"},"fraction_membership":[{"id":1197,"entity_type":"fraction_membership","label":"CDU/CSU","fraction":{"id":111,"entity_type":"fraction","label":"CDU/CSU (Bundestag 2013-2017)","api_url":"https://www.abgeordnetenwatch.de/api/v2/fractions/111"}}],"party":{}},{"id":38970,"entity_type":"candidacy_mandate","label":"Frank Steffel (Bundestag 2009-2013)","api_url":"https://www.abgeordnetenwatch.de/api/v2/candidacies-mandates/38970","type":"mandate","parliament_period":{"id":83,"entity_type":"parliament_period","label":"Bundestag 2009 - 2013","api_url":"https://www.abgeordnetenwatch.de/api/v2/parliament-periods/83","abgeordnetenwatch_url":"https://www.abgeordnetenwatch.de/bundestag/17"},"politician":{"id":78989,"entity_type":"politician","label":"Frank Steffel","api_url":"https://www.abgeordnetenwatch.de/api/v2/politicians/78989","abgeordnetenwatch_url":"https://www.abgeordnetenwatch.de/profile/frank-steffel"},"electoral_data":{"id":38970,"entity_type":"electoral_data","label":"Frank Steffel (Bundestag 2009 - 2013)","electoral_list":{"id":58,"entity_type":"electoral_list","label":"Landesliste Berlin (Bundestag 2009-2013)","api_url":"https://www.abgeordnetenwatch.de/api/v2/electoral-lists/58"},"list_position":4,"constituency":{"id":1536,"entity_type":"constituency","label":"78 - Berlin-Reinickendorf (Bundestag 2009-2013)","api_url":"https://www.abgeordnetenwatch.de/api/v2/constituencies/1536"},"constituency_result":39},"fraction_membership":[{"id":1196,"entity_type":"fraction_membership","label":"CDU/CSU","fraction":{"id":112,"entity_type":"fraction","label":"CDU/CSU (Bundestag 2009-2013)","api_url":"https://www.abgeordnetenwatch.de/api/v2/fractions/112"}}],"party":{}},{"id":5620,"entity_type":"candidacy_mandate","label":"Frank Steffel (Bundestag Wahl 2017)","api_url":"https://www.abgeordnetenwatch.de/api/v2/candidacies-mandates/5620","type":"candidacy","parliament_period":{"id":50,"entity_type":"parliament_period","label":"Bundestag Wahl 2017","api_url":"https://www.abgeordnetenwatch.de/api/v2/parliament-periods/50","abgeordnetenwatch_url":"https://www.abgeordnetenwatch.de/bundestag/wahl-2017"},"politician":{"id":78989,"entity_type":"politician","label":"Frank Steffel","api_url":"https://www.abgeordnetenwatch.de/api/v2/politicians/78989","abgeordnetenwatch_url":"https://www.abgeordnetenwatch.de/profile/frank-steffel"},"electoral_data":{"id":5620,"entity_type":"electoral_data","label":"Frank Steffel (Bundestag Wahl 2017)","electoral_list":{},"constituency":{"id":9087,"entity_type":"constituency","label":"77 - Berlin-Reinickendorf (Bundestag Wahl 2017)","api_url":"https://www.abgeordnetenwatch.de/api/v2/constituencies/9087"},"constituency_result":36.8,"mandate_won":"constituency"},"fraction_membership":{},"party":{"id":2,"entity_type":"party","label":"CDU","api_url":"https://www.abgeordnetenwatch.de/api/v2/parties/2"}},{"id":5619,"entity_type":"candidacy_mandate","label":"Frank Steffel (Bundestag Wahl 2013)","api_url":"https://www.abgeordnetenwatch.de/api/v2/candidacies-mandates/5619","type":"candidacy","parliament_period":{"id":36,"entity_type":"parliament_period","label":"Bundestag Wahl 2013","api_url":"https://www.abgeordnetenwatch.de/api/v2/parliament-periods/36","abgeordnetenwatch_url":"https://www.abgeordnetenwatch.de/bundestag/wahl-2013"},"politician":{"id":78989,"entity_type":"politician","label":"Frank Steffel","api_url":"https://www.abgeordnetenwatch.de/api/v2/politicians/78989","abgeordnetenwatch_url":"https://www.abgeordnetenwatch.de/profile/frank-steffel"},"electoral_data":{"id":5619,"entity_type":"electoral_data","label":"Frank Steffel (Bundestag Wahl 2013)","electoral_list":{},"list_position":4,"constituency":{"id":5997,"entity_type":"constituency","label":"77 - Berlin-Reinickendorf (Bundestag Wahl 2013)","api_url":"https://www.abgeordnetenwatch.de/api/v2/constituencies/5997"},"constituency_result":44.9,"mandate_won":"constituency"},"fraction_membership":{},"party":{"id":2,"entity_type":"party","label":"CDU","api_url":"https://www.abgeordnetenwatch.de/api/v2/parties/2"}},{"id":5618,"entity_type":"candidacy_mandate","label":"Frank Steffel (Bundestag Wahl 2009)","api_url":"https://www.abgeordnetenwatch.de/api/v2/candidacies-mandates/5618","type":"candidacy","parliament_period":{"id":22,"entity_type":"parliament_period","label":"Bundestag Wahl 2009","api_url":"https://www.abgeordnetenwatch.de/api/v2/parliament-periods/22","abgeordnetenwatch_url":"https://www.abgeordnetenwatch.de/bundestag/wahl-2009"},"politician":{"id":78989,"entity_type":"politician","label":"Frank Steffel","api_url":"https://www.abgeordnetenwatch.de/api/v2/politicians/78989","abgeordnetenwatch_url":"https://www.abgeordnetenwatch.de/profile/frank-steffel"},"electoral_data":{"id":5618,"entity_type":"electoral_data","label":"Frank Steffel (Bundestag Wahl 2009)","electoral_list":{},"list_position":4,"constituency":{"id":6422,"entity_type":"constituency","label":"78 - Berlin-Reinickendorf (Bundestag Wahl 2009)","api_url":"https://www.abgeordnetenwatch.de/api/v2/constituencies/6422"},"constituency_result":39,"mandate_won":"constituency"},"fraction_membership":{},"party":{"id":2,"entity_type":"party","label":"CDU","api_url":"https://www.abgeordnetenwatch.de/api/v2/parties/2"}},{"id":5617,"entity_type":"candidacy_mandate","label":"Frank Steffel (Berlin Wahl 2006)","api_url":"https://www.abgeordnetenwatch.de/api/v2/candidacies-mandates/5617","type":"candidacy","parliament_period":{"id":10,"entity_type":"parliament_period","label":"Berlin Wahl 2006","api_url":"https://www.abgeordnetenwatch.de/api/v2/parliament-periods/10","abgeordnetenwatch_url":"https://www.abgeordnetenwatch.de/berlin/wahl-2006"},"politician":{"id":78989,"entity_type":"politician","label":"Frank Steffel","api_url":"https://www.abgeordnetenwatch.de/api/v2/politicians/78989","abgeordnetenwatch_url":"https://www.abgeordnetenwatch.de/profile/frank-steffel"},"electoral_data":{"id":5617,"entity_type":"electoral_data","label":"Frank Steffel (Berlin Wahl 2006)","electoral_list":{},"list_position":1,"constituency":{"id":5965,"entity_type":"constituency","label":"78 - Reinickendorf WK 6 (Berlin Wahl 2006)","api_url":"https://www.abgeordnetenwatch.de/api/v2/constituencies/5965"},"constituency_result":42.3},"fraction_membership":{},"party":{"id":2,"entity_type":"party","label":"CDU","api_url":"https://www.abgeordnetenwatch.de/api/v2/parties/2"}},{"id":5616,"entity_type":"candidacy_mandate","label":"Frank Steffel (Bundestag Wahl 2005)","api_url":"https://www.abgeordnetenwatch.de/api/v2/candidacies-mandates/5616","type":"candidacy","parliament_period":{"id":6,"entity_type":"parliament_period","label":"Bundestag Wahl 2005","api_url":"https://www.abgeordnetenwatch.de/api/v2/parliament-periods/6","abgeordnetenwatch_url":"https://www.abgeordnetenwatch.de/bundestag/wahl-2005"},"politician":{"id":78989,"entity_type":"politician","label":"Frank Steffel","api_url":"https://www.abgeordnetenwatch.de/api/v2/politicians/78989","abgeordnetenwatch_url":"https://www.abgeordnetenwatch.de/profile/frank-steffel"},"electoral_data":{"id":5616,"entity_type":"electoral_data","label":"Frank Steffel (Bundestag Wahl 2005)","electoral_list":{},"constituency":{"id":6187,"entity_type":"constituency","label":"78 - Berlin-Reinickendorf (Bundestag Wahl 2005)","api_url":"https://www.abgeordnetenwatch.de/api/v2/constituencies/6187"},"constituency_result":37.8},"fraction_membership":{},"party":{"id":2,"entity_type":"party","label":"CDU","api_url":"https://www.abgeordnetenwatch.de/api/v2/parties/2"}}]
