{"id":[78985],"entity_type":["politician"],"label":["Sebastian Steineke"],"api_url":["https://www.abgeordnetenwatch.de/api/v2/politicians/78985"],"abgeordnetenwatch_url":["https://www.abgeordnetenwatch.de/profile/sebastian-steineke"],"first_name":["Sebastian"],"last_name":["Steineke"],"birth_name":{},"sex":["m"],"year_of_birth":[1973],"party":{"id":[2],"entity_type":["party"],"label":["CDU"],"api_url":["https://www.abgeordnetenwatch.de/api/v2/parties/2"]},"party_past":{},"deceased":{},"deceased_date":{},"education":["Jurist"],"residence":["Neuruppin"],"occupation":["MdB"],"statistic_questions":[19],"statistic_questions_answered":[19],"qid_wikidata":["Q14944335"],"field_title":{}}
