[{"id":54063,"entity_type":"candidacy_mandate","label":"Wolfgang Stefinger (Bundestag 2021 - 2025)","api_url":"https://www.abgeordnetenwatch.de/api/v2/candidacies-mandates/54063","id_external_administration":"1945","id_external_administration_description":"mdbID aus der info-xml-Datei der Bundestagsverwaltung","type":"mandate","parliament_period":{"id":132,"entity_type":"parliament_period","label":"Bundestag 2021 - 2025","api_url":"https://www.abgeordnetenwatch.de/api/v2/parliament-periods/132","abgeordnetenwatch_url":"https://www.abgeordnetenwatch.de/bundestag"},"politician":{"id":78988,"entity_type":"politician","label":"Wolfgang Stefinger","api_url":"https://www.abgeordnetenwatch.de/api/v2/politicians/78988","abgeordnetenwatch_url":"https://www.abgeordnetenwatch.de/profile/wolfgang-stefinger"},"electoral_data":{"id":54987,"entity_type":"electoral_data","label":"Wolfgang Stefinger (Bundestag 2021 - 2025)","electoral_list":{},"constituency":{"id":10958,"entity_type":"constituency","label":"218 - München-Ost (Bundestag 2021 - 2025)","api_url":"https://www.abgeordnetenwatch.de/api/v2/constituencies/10958"},"constituency_result":31,"mandate_won":"constituency"},"fraction_membership":[{"id":9910,"entity_type":"fraction_membership","label":"CDU/CSU","fraction":{"id":320,"entity_type":"fraction","label":"CDU/CSU (Bundestag 2021 - 2025)","api_url":"https://www.abgeordnetenwatch.de/api/v2/fractions/320"}}],"party":{}},{"id":49730,"entity_type":"candidacy_mandate","label":"Wolfgang Stefinger (Bundestag Wahl 2021)","api_url":"https://www.abgeordnetenwatch.de/api/v2/candidacies-mandates/49730","type":"candidacy","parliament_period":{"id":128,"entity_type":"parliament_period","label":"Bundestag Wahl 2021","api_url":"https://www.abgeordnetenwatch.de/api/v2/parliament-periods/128","abgeordnetenwatch_url":"https://www.abgeordnetenwatch.de/bundestag/wahl-2021"},"politician":{"id":78988,"entity_type":"politician","label":"Wolfgang Stefinger","api_url":"https://www.abgeordnetenwatch.de/api/v2/politicians/78988","abgeordnetenwatch_url":"https://www.abgeordnetenwatch.de/profile/wolfgang-stefinger"},"electoral_data":{"id":50652,"entity_type":"electoral_data","label":"Wolfgang Stefinger (Bundestag Wahl 2021)","electoral_list":{},"constituency":{"id":10275,"entity_type":"constituency","label":"218 - München-Ost (Bundestag Wahl 2021)","api_url":"https://www.abgeordnetenwatch.de/api/v2/constituencies/10275"},"constituency_result":31.7,"constituency_result_count":61159,"mandate_won":"constituency"},"fraction_membership":{},"party":{"id":3,"entity_type":"party","label":"CSU","api_url":"https://www.abgeordnetenwatch.de/api/v2/parties/3"}},{"id":45455,"entity_type":"candidacy_mandate","label":"Wolfgang Stefinger (Bundestag 2017 - 2021)","api_url":"https://www.abgeordnetenwatch.de/api/v2/candidacies-mandates/45455","id_external_administration":"1945","id_external_administration_description":"mdbID - ID der Bundestagsverwaltung","type":"mandate","parliament_period":{"id":111,"entity_type":"parliament_period","label":"Bundestag 2017 - 2021","api_url":"https://www.abgeordnetenwatch.de/api/v2/parliament-periods/111","abgeordnetenwatch_url":"https://www.abgeordnetenwatch.de/bundestag/19"},"politician":{"id":78988,"entity_type":"politician","label":"Wolfgang Stefinger","api_url":"https://www.abgeordnetenwatch.de/api/v2/politicians/78988","abgeordnetenwatch_url":"https://www.abgeordnetenwatch.de/profile/wolfgang-stefinger"},"electoral_data":{"id":45455,"entity_type":"electoral_data","label":"Wolfgang Stefinger (Bundestag 2017 - 2021)","electoral_list":{},"list_position":1,"constituency":{"id":4342,"entity_type":"constituency","label":"218 - München-Ost (Bundestag 2017 - 2021)","api_url":"https://www.abgeordnetenwatch.de/api/v2/constituencies/4342"},"constituency_result":36.8,"mandate_won":"constituency"},"fraction_membership":[{"id":7708,"entity_type":"fraction_membership","label":"CDU/CSU","fraction":{"id":81,"entity_type":"fraction","label":"CDU/CSU (Bundestag 2017 - 2021)","api_url":"https://www.abgeordnetenwatch.de/api/v2/fractions/81"}}],"party":{}},{"id":38969,"entity_type":"candidacy_mandate","label":"Wolfgang Stefinger (Bundestag 2013 - 2017)","api_url":"https://www.abgeordnetenwatch.de/api/v2/candidacies-mandates/38969","type":"mandate","parliament_period":{"id":97,"entity_type":"parliament_period","label":"Bundestag 2013 - 2017","api_url":"https://www.abgeordnetenwatch.de/api/v2/parliament-periods/97","abgeordnetenwatch_url":"https://www.abgeordnetenwatch.de/bundestag/18"},"politician":{"id":78988,"entity_type":"politician","label":"Wolfgang Stefinger","api_url":"https://www.abgeordnetenwatch.de/api/v2/politicians/78988","abgeordnetenwatch_url":"https://www.abgeordnetenwatch.de/profile/wolfgang-stefinger"},"electoral_data":{"id":38969,"entity_type":"electoral_data","label":"Wolfgang Stefinger (Bundestag 2013 - 2017)","electoral_list":{"id":27,"entity_type":"electoral_list","label":"Landesliste Bayern (Bundestag 2013-2017)","api_url":"https://www.abgeordnetenwatch.de/api/v2/electoral-lists/27"},"list_position":18,"constituency":{"id":204,"entity_type":"constituency","label":"219 - München-Ost (Bundestag 2013-2017)","api_url":"https://www.abgeordnetenwatch.de/api/v2/constituencies/204"},"constituency_result":44.7,"mandate_won":"constituency"},"fraction_membership":[{"id":1195,"entity_type":"fraction_membership","label":"CDU/CSU","fraction":{"id":111,"entity_type":"fraction","label":"CDU/CSU (Bundestag 2013-2017)","api_url":"https://www.abgeordnetenwatch.de/api/v2/fractions/111"}}],"party":{}},{"id":5615,"entity_type":"candidacy_mandate","label":"Wolfgang Stefinger (Bundestag Wahl 2017)","api_url":"https://www.abgeordnetenwatch.de/api/v2/candidacies-mandates/5615","type":"candidacy","parliament_period":{"id":50,"entity_type":"parliament_period","label":"Bundestag Wahl 2017","api_url":"https://www.abgeordnetenwatch.de/api/v2/parliament-periods/50","abgeordnetenwatch_url":"https://www.abgeordnetenwatch.de/bundestag/wahl-2017"},"politician":{"id":78988,"entity_type":"politician","label":"Wolfgang Stefinger","api_url":"https://www.abgeordnetenwatch.de/api/v2/politicians/78988","abgeordnetenwatch_url":"https://www.abgeordnetenwatch.de/profile/wolfgang-stefinger"},"electoral_data":{"id":5615,"entity_type":"electoral_data","label":"Wolfgang Stefinger (Bundestag Wahl 2017)","electoral_list":{},"constituency":{"id":9228,"entity_type":"constituency","label":"218 - München-Ost (Bundestag Wahl 2017)","api_url":"https://www.abgeordnetenwatch.de/api/v2/constituencies/9228"},"constituency_result":36.8,"mandate_won":"constituency"},"fraction_membership":{},"party":{"id":3,"entity_type":"party","label":"CSU","api_url":"https://www.abgeordnetenwatch.de/api/v2/parties/3"}},{"id":5614,"entity_type":"candidacy_mandate","label":"Wolfgang Stefinger (Bundestag Wahl 2013)","api_url":"https://www.abgeordnetenwatch.de/api/v2/candidacies-mandates/5614","type":"candidacy","parliament_period":{"id":36,"entity_type":"parliament_period","label":"Bundestag Wahl 2013","api_url":"https://www.abgeordnetenwatch.de/api/v2/parliament-periods/36","abgeordnetenwatch_url":"https://www.abgeordnetenwatch.de/bundestag/wahl-2013"},"politician":{"id":78988,"entity_type":"politician","label":"Wolfgang Stefinger","api_url":"https://www.abgeordnetenwatch.de/api/v2/politicians/78988","abgeordnetenwatch_url":"https://www.abgeordnetenwatch.de/profile/wolfgang-stefinger"},"electoral_data":{"id":5614,"entity_type":"electoral_data","label":"Wolfgang Stefinger (Bundestag Wahl 2013)","electoral_list":{},"list_position":18,"constituency":{"id":5090,"entity_type":"constituency","label":"219 - München-Ost (Bundestag Wahl 2013)","api_url":"https://www.abgeordnetenwatch.de/api/v2/constituencies/5090"},"constituency_result":44.7,"mandate_won":"constituency"},"fraction_membership":{},"party":{"id":3,"entity_type":"party","label":"CSU","api_url":"https://www.abgeordnetenwatch.de/api/v2/parties/3"}}]
