{"id":[78991],"entity_type":["politician"],"label":["Martina Stamm-Fibich"],"api_url":["https://www.abgeordnetenwatch.de/api/v2/politicians/78991"],"abgeordnetenwatch_url":["https://www.abgeordnetenwatch.de/profile/martina-stamm-fibich"],"first_name":["Martina"],"last_name":["Stamm-Fibich"],"birth_name":{},"sex":["f"],"year_of_birth":[1965],"party":{"id":[1],"entity_type":["party"],"label":["SPD"],"api_url":["https://www.abgeordnetenwatch.de/api/v2/parties/1"]},"party_past":{},"education":["Rechtsanwaltsfachangestellte"],"residence":{},"occupation":["MdB"],"statistic_questions":[19],"statistic_questions_answered":[17],"qid_wikidata":["Q15813133"],"field_title":{}}
