[{"id":53500,"entity_type":"candidacy_mandate","label":"Tino Sorge (Bundestag 2021 - 2025)","api_url":"https://www.abgeordnetenwatch.de/api/v2/candidacies-mandates/53500","id_external_administration":"1940","id_external_administration_description":"mdbID aus der info-xml-Datei der Bundestagsverwaltung","type":"mandate","parliament_period":{"id":132,"entity_type":"parliament_period","label":"Bundestag 2021 - 2025","api_url":"https://www.abgeordnetenwatch.de/api/v2/parliament-periods/132","abgeordnetenwatch_url":"https://www.abgeordnetenwatch.de/bundestag"},"politician":{"id":78992,"entity_type":"politician","label":"Tino Sorge","api_url":"https://www.abgeordnetenwatch.de/api/v2/politicians/78992","abgeordnetenwatch_url":"https://www.abgeordnetenwatch.de/profile/tino-sorge"},"electoral_data":{"id":54424,"entity_type":"electoral_data","label":"Tino Sorge (Bundestag 2021 - 2025)","electoral_list":{"id":423,"entity_type":"electoral_list","label":"Landesliste Sachsen-Anhalt (Bundestag 2021 - 2025)","api_url":"https://www.abgeordnetenwatch.de/api/v2/electoral-lists/423"},"list_position":3,"constituency":{"id":10809,"entity_type":"constituency","label":"69 - Magdeburg (Bundestag 2021 - 2025)","api_url":"https://www.abgeordnetenwatch.de/api/v2/constituencies/10809"},"mandate_won":"list"},"fraction_membership":[{"id":9347,"entity_type":"fraction_membership","label":"CDU/CSU","fraction":{"id":320,"entity_type":"fraction","label":"CDU/CSU (Bundestag 2021 - 2025)","api_url":"https://www.abgeordnetenwatch.de/api/v2/fractions/320"}}],"party":{}},{"id":49731,"entity_type":"candidacy_mandate","label":"Tino Sorge (Bundestag Wahl 2021)","api_url":"https://www.abgeordnetenwatch.de/api/v2/candidacies-mandates/49731","type":"candidacy","parliament_period":{"id":128,"entity_type":"parliament_period","label":"Bundestag Wahl 2021","api_url":"https://www.abgeordnetenwatch.de/api/v2/parliament-periods/128","abgeordnetenwatch_url":"https://www.abgeordnetenwatch.de/bundestag/wahl-2021"},"politician":{"id":78992,"entity_type":"politician","label":"Tino Sorge","api_url":"https://www.abgeordnetenwatch.de/api/v2/politicians/78992","abgeordnetenwatch_url":"https://www.abgeordnetenwatch.de/profile/tino-sorge"},"electoral_data":{"id":50653,"entity_type":"electoral_data","label":"Tino Sorge (Bundestag Wahl 2021)","electoral_list":{"id":369,"entity_type":"electoral_list","label":"Landesliste Sachsen-Anhalt (Bundestag Wahl 2021)","api_url":"https://www.abgeordnetenwatch.de/api/v2/electoral-lists/369"},"list_position":3,"constituency":{"id":10126,"entity_type":"constituency","label":"69 - Magdeburg (Bundestag Wahl 2021)","api_url":"https://www.abgeordnetenwatch.de/api/v2/constituencies/10126"},"constituency_result":22},"fraction_membership":{},"party":{"id":2,"entity_type":"party","label":"CDU","api_url":"https://www.abgeordnetenwatch.de/api/v2/parties/2"}},{"id":45408,"entity_type":"candidacy_mandate","label":"Tino Sorge (Bundestag 2017 - 2021)","api_url":"https://www.abgeordnetenwatch.de/api/v2/candidacies-mandates/45408","id_external_administration":"1940","id_external_administration_description":"mdbID - ID der Bundestagsverwaltung","type":"mandate","parliament_period":{"id":111,"entity_type":"parliament_period","label":"Bundestag 2017 - 2021","api_url":"https://www.abgeordnetenwatch.de/api/v2/parliament-periods/111","abgeordnetenwatch_url":"https://www.abgeordnetenwatch.de/bundestag/19"},"politician":{"id":78992,"entity_type":"politician","label":"Tino Sorge","api_url":"https://www.abgeordnetenwatch.de/api/v2/politicians/78992","abgeordnetenwatch_url":"https://www.abgeordnetenwatch.de/profile/tino-sorge"},"electoral_data":{"id":45408,"entity_type":"electoral_data","label":"Tino Sorge (Bundestag 2017 - 2021)","electoral_list":{"id":119,"entity_type":"electoral_list","label":"Landesliste Sachsen-Anhalt (Bundestag 2017 - 2021)","api_url":"https://www.abgeordnetenwatch.de/api/v2/electoral-lists/119"},"list_position":3,"constituency":{"id":4193,"entity_type":"constituency","label":"69 - Magdeburg (Bundestag 2017 - 2021)","api_url":"https://www.abgeordnetenwatch.de/api/v2/constituencies/4193"},"constituency_result":27.4,"mandate_won":"constituency"},"fraction_membership":[{"id":7661,"entity_type":"fraction_membership","label":"CDU/CSU","fraction":{"id":81,"entity_type":"fraction","label":"CDU/CSU (Bundestag 2017 - 2021)","api_url":"https://www.abgeordnetenwatch.de/api/v2/fractions/81"}}],"party":{}},{"id":38975,"entity_type":"candidacy_mandate","label":"Tino Sorge (Bundestag 2013-2017)","api_url":"https://www.abgeordnetenwatch.de/api/v2/candidacies-mandates/38975","type":"mandate","parliament_period":{"id":97,"entity_type":"parliament_period","label":"Bundestag 2013 - 2017","api_url":"https://www.abgeordnetenwatch.de/api/v2/parliament-periods/97","abgeordnetenwatch_url":"https://www.abgeordnetenwatch.de/bundestag/18"},"politician":{"id":78992,"entity_type":"politician","label":"Tino Sorge","api_url":"https://www.abgeordnetenwatch.de/api/v2/politicians/78992","abgeordnetenwatch_url":"https://www.abgeordnetenwatch.de/profile/tino-sorge"},"electoral_data":{"id":38975,"entity_type":"electoral_data","label":"Tino Sorge (Bundestag 2013 - 2017)","electoral_list":{"id":38,"entity_type":"electoral_list","label":"Landesliste Sachsen-Anhalt (Bundestag 2013-2017)","api_url":"https://www.abgeordnetenwatch.de/api/v2/electoral-lists/38"},"list_position":8,"constituency":{"id":1193,"entity_type":"constituency","label":"69 - Magdeburg (Bundestag 2013-2017)","api_url":"https://www.abgeordnetenwatch.de/api/v2/constituencies/1193"},"constituency_result":36.3,"mandate_won":"constituency"},"fraction_membership":[{"id":1201,"entity_type":"fraction_membership","label":"CDU/CSU","fraction":{"id":111,"entity_type":"fraction","label":"CDU/CSU (Bundestag 2013-2017)","api_url":"https://www.abgeordnetenwatch.de/api/v2/fractions/111"}}],"party":{}},{"id":5627,"entity_type":"candidacy_mandate","label":"Tino Sorge (Bundestag Wahl 2017)","api_url":"https://www.abgeordnetenwatch.de/api/v2/candidacies-mandates/5627","type":"candidacy","parliament_period":{"id":50,"entity_type":"parliament_period","label":"Bundestag Wahl 2017","api_url":"https://www.abgeordnetenwatch.de/api/v2/parliament-periods/50","abgeordnetenwatch_url":"https://www.abgeordnetenwatch.de/bundestag/wahl-2017"},"politician":{"id":78992,"entity_type":"politician","label":"Tino Sorge","api_url":"https://www.abgeordnetenwatch.de/api/v2/politicians/78992","abgeordnetenwatch_url":"https://www.abgeordnetenwatch.de/profile/tino-sorge"},"electoral_data":{"id":5627,"entity_type":"electoral_data","label":"Tino Sorge (Bundestag Wahl 2017)","electoral_list":{"id":278,"entity_type":"electoral_list","label":"Landesliste Sachsen-Anhalt (Bundestag Wahl 2017)","api_url":"https://www.abgeordnetenwatch.de/api/v2/electoral-lists/278"},"list_position":3,"constituency":{"id":9079,"entity_type":"constituency","label":"69 - Magdeburg (Bundestag Wahl 2017)","api_url":"https://www.abgeordnetenwatch.de/api/v2/constituencies/9079"},"constituency_result":27.4,"mandate_won":"constituency"},"fraction_membership":{},"party":{"id":2,"entity_type":"party","label":"CDU","api_url":"https://www.abgeordnetenwatch.de/api/v2/parties/2"}},{"id":5626,"entity_type":"candidacy_mandate","label":"Tino Sorge (Bundestag Wahl 2013)","api_url":"https://www.abgeordnetenwatch.de/api/v2/candidacies-mandates/5626","type":"candidacy","parliament_period":{"id":36,"entity_type":"parliament_period","label":"Bundestag Wahl 2013","api_url":"https://www.abgeordnetenwatch.de/api/v2/parliament-periods/36","abgeordnetenwatch_url":"https://www.abgeordnetenwatch.de/bundestag/wahl-2013"},"politician":{"id":78992,"entity_type":"politician","label":"Tino Sorge","api_url":"https://www.abgeordnetenwatch.de/api/v2/politicians/78992","abgeordnetenwatch_url":"https://www.abgeordnetenwatch.de/profile/tino-sorge"},"electoral_data":{"id":5626,"entity_type":"electoral_data","label":"Tino Sorge (Bundestag Wahl 2013)","electoral_list":{},"list_position":8,"constituency":{"id":6079,"entity_type":"constituency","label":"69 - Magdeburg (Bundestag Wahl 2013)","api_url":"https://www.abgeordnetenwatch.de/api/v2/constituencies/6079"},"constituency_result":36.3,"mandate_won":"constituency"},"fraction_membership":{},"party":{"id":2,"entity_type":"party","label":"CDU","api_url":"https://www.abgeordnetenwatch.de/api/v2/parties/2"}}]
