[{"id":45410,"entity_type":"candidacy_mandate","label":"Rainer Spiering (Bundestag 2017 - 2021)","api_url":"https://www.abgeordnetenwatch.de/api/v2/candidacies-mandates/45410","id_external_administration":"1941","id_external_administration_description":"mdbID - ID der Bundestagsverwaltung","type":"mandate","parliament_period":{"id":111,"entity_type":"parliament_period","label":"Bundestag 2017 - 2021","api_url":"https://www.abgeordnetenwatch.de/api/v2/parliament-periods/111","abgeordnetenwatch_url":"https://www.abgeordnetenwatch.de/bundestag/19"},"politician":{"id":78994,"entity_type":"politician","label":"Rainer Spiering","api_url":"https://www.abgeordnetenwatch.de/api/v2/politicians/78994","abgeordnetenwatch_url":"https://www.abgeordnetenwatch.de/profile/rainer-spiering"},"electoral_data":{"id":45410,"entity_type":"electoral_data","label":"Rainer Spiering (Bundestag 2017 - 2021)","electoral_list":{"id":114,"entity_type":"electoral_list","label":"Landesliste Niedersachsen (Bundestag 2017 - 2021)","api_url":"https://www.abgeordnetenwatch.de/api/v2/electoral-lists/114"},"list_position":9,"constituency":{"id":4162,"entity_type":"constituency","label":"38 - Osnabrück-Land (Bundestag 2017 - 2021)","api_url":"https://www.abgeordnetenwatch.de/api/v2/constituencies/4162"},"constituency_result":28.3,"mandate_won":"list"},"fraction_membership":[{"id":7663,"entity_type":"fraction_membership","label":"SPD","fraction":{"id":22,"entity_type":"fraction","label":"SPD (Bundestag 2017 - 2021)","api_url":"https://www.abgeordnetenwatch.de/api/v2/fractions/22"}}],"party":{}},{"id":38979,"entity_type":"candidacy_mandate","label":"Rainer Spiering (Bundestag 2013-2017)","api_url":"https://www.abgeordnetenwatch.de/api/v2/candidacies-mandates/38979","type":"mandate","parliament_period":{"id":97,"entity_type":"parliament_period","label":"Bundestag 2013 - 2017","api_url":"https://www.abgeordnetenwatch.de/api/v2/parliament-periods/97","abgeordnetenwatch_url":"https://www.abgeordnetenwatch.de/bundestag/18"},"politician":{"id":78994,"entity_type":"politician","label":"Rainer Spiering","api_url":"https://www.abgeordnetenwatch.de/api/v2/politicians/78994","abgeordnetenwatch_url":"https://www.abgeordnetenwatch.de/profile/rainer-spiering"},"electoral_data":{"id":38979,"entity_type":"electoral_data","label":"Rainer Spiering (Bundestag 2013 - 2017)","electoral_list":{"id":34,"entity_type":"electoral_list","label":"Landesliste Niedersachsen (Bundestag 2013-2017)","api_url":"https://www.abgeordnetenwatch.de/api/v2/electoral-lists/34"},"list_position":7,"constituency":{"id":1225,"entity_type":"constituency","label":"38 - Osnabrück-Land (Bundestag 2013-2017)","api_url":"https://www.abgeordnetenwatch.de/api/v2/constituencies/1225"},"constituency_result":32.3,"mandate_won":"list"},"fraction_membership":[{"id":1205,"entity_type":"fraction_membership","label":"SPD","fraction":{"id":45,"entity_type":"fraction","label":"SPD (Bundestag 2013-2017)","api_url":"https://www.abgeordnetenwatch.de/api/v2/fractions/45"}}],"party":{}},{"id":5634,"entity_type":"candidacy_mandate","label":"Rainer Spiering (Bundestag Wahl 2017)","api_url":"https://www.abgeordnetenwatch.de/api/v2/candidacies-mandates/5634","type":"candidacy","parliament_period":{"id":50,"entity_type":"parliament_period","label":"Bundestag Wahl 2017","api_url":"https://www.abgeordnetenwatch.de/api/v2/parliament-periods/50","abgeordnetenwatch_url":"https://www.abgeordnetenwatch.de/bundestag/wahl-2017"},"politician":{"id":78994,"entity_type":"politician","label":"Rainer Spiering","api_url":"https://www.abgeordnetenwatch.de/api/v2/politicians/78994","abgeordnetenwatch_url":"https://www.abgeordnetenwatch.de/profile/rainer-spiering"},"electoral_data":{"id":5634,"entity_type":"electoral_data","label":"Rainer Spiering (Bundestag Wahl 2017)","electoral_list":{"id":273,"entity_type":"electoral_list","label":"Landesliste Niedersachsen (Bundestag Wahl 2017)","api_url":"https://www.abgeordnetenwatch.de/api/v2/electoral-lists/273"},"list_position":9,"constituency":{"id":9048,"entity_type":"constituency","label":"38 - Osnabrück-Land (Bundestag Wahl 2017)","api_url":"https://www.abgeordnetenwatch.de/api/v2/constituencies/9048"},"constituency_result":28.3,"mandate_won":"list"},"fraction_membership":{},"party":{"id":1,"entity_type":"party","label":"SPD","api_url":"https://www.abgeordnetenwatch.de/api/v2/parties/1"}},{"id":5633,"entity_type":"candidacy_mandate","label":"Rainer Spiering (Bundestag Wahl 2013)","api_url":"https://www.abgeordnetenwatch.de/api/v2/candidacies-mandates/5633","type":"candidacy","parliament_period":{"id":36,"entity_type":"parliament_period","label":"Bundestag Wahl 2013","api_url":"https://www.abgeordnetenwatch.de/api/v2/parliament-periods/36","abgeordnetenwatch_url":"https://www.abgeordnetenwatch.de/bundestag/wahl-2013"},"politician":{"id":78994,"entity_type":"politician","label":"Rainer Spiering","api_url":"https://www.abgeordnetenwatch.de/api/v2/politicians/78994","abgeordnetenwatch_url":"https://www.abgeordnetenwatch.de/profile/rainer-spiering"},"electoral_data":{"id":5633,"entity_type":"electoral_data","label":"Rainer Spiering (Bundestag Wahl 2013)","electoral_list":{},"list_position":7,"constituency":{"id":6111,"entity_type":"constituency","label":"38 - Osnabrück-Land (Bundestag Wahl 2013)","api_url":"https://www.abgeordnetenwatch.de/api/v2/constituencies/6111"},"constituency_result":32.3,"mandate_won":"list"},"fraction_membership":{},"party":{"id":1,"entity_type":"party","label":"SPD","api_url":"https://www.abgeordnetenwatch.de/api/v2/parties/1"}},{"id":5632,"entity_type":"candidacy_mandate","label":"Rainer Spiering (Bundestag Wahl 2009)","api_url":"https://www.abgeordnetenwatch.de/api/v2/candidacies-mandates/5632","type":"candidacy","parliament_period":{"id":22,"entity_type":"parliament_period","label":"Bundestag Wahl 2009","api_url":"https://www.abgeordnetenwatch.de/api/v2/parliament-periods/22","abgeordnetenwatch_url":"https://www.abgeordnetenwatch.de/bundestag/wahl-2009"},"politician":{"id":78994,"entity_type":"politician","label":"Rainer Spiering","api_url":"https://www.abgeordnetenwatch.de/api/v2/politicians/78994","abgeordnetenwatch_url":"https://www.abgeordnetenwatch.de/profile/rainer-spiering"},"electoral_data":{"id":5632,"entity_type":"electoral_data","label":"Rainer Spiering (Bundestag Wahl 2009)","electoral_list":{},"list_position":26,"constituency":{"id":6604,"entity_type":"constituency","label":"39 - Osnabrück-Land (Bundestag Wahl 2009)","api_url":"https://www.abgeordnetenwatch.de/api/v2/constituencies/6604"},"constituency_result":32.2},"fraction_membership":{},"party":{"id":1,"entity_type":"party","label":"SPD","api_url":"https://www.abgeordnetenwatch.de/api/v2/parties/1"}}]
