{"id":[79000],"entity_type":["politician"],"label":["Andreas Schwarz"],"api_url":["https://www.abgeordnetenwatch.de/api/v2/politicians/79000"],"abgeordnetenwatch_url":["https://www.abgeordnetenwatch.de/profile/andreas-schwarz"],"first_name":["Andreas"],"last_name":["Schwarz"],"birth_name":{},"sex":["m"],"year_of_birth":[1965],"party":{"id":[1],"entity_type":["party"],"label":["SPD"],"api_url":["https://www.abgeordnetenwatch.de/api/v2/parties/1"]},"party_past":{},"education":["Dipl. Betriebswirt (FH)"],"residence":{},"occupation":["MdB"],"statistic_questions":[19],"statistic_questions_answered":[19],"qid_wikidata":["Q15434565"],"field_title":{}}
