{"id":[79004],"entity_type":["politician"],"label":["Kordula Schulz-Asche"],"api_url":["https://www.abgeordnetenwatch.de/api/v2/politicians/79004"],"abgeordnetenwatch_url":["https://www.abgeordnetenwatch.de/profile/kordula-schulz-asche"],"first_name":["Kordula"],"last_name":["Schulz-Asche"],"birth_name":{},"sex":["f"],"year_of_birth":[1956],"party":{"id":[5],"entity_type":["party"],"label":["Bündnis 90/Die Grünen"],"api_url":["https://www.abgeordnetenwatch.de/api/v2/parties/5"]},"party_past":{},"education":["Krankenschwester, Kommunikationswissenschaftlerin"],"residence":{},"occupation":["MdB"],"statistic_questions":[8],"statistic_questions_answered":[8],"qid_wikidata":["Q1784303"],"field_title":{}}
