{"id":[79014],"entity_type":["politician"],"label":["Carsten Schneider"],"api_url":["https://www.abgeordnetenwatch.de/api/v2/politicians/79014"],"abgeordnetenwatch_url":["https://www.abgeordnetenwatch.de/profile/carsten-schneider"],"first_name":["Carsten"],"last_name":["Schneider"],"birth_name":{},"sex":["m"],"year_of_birth":[1976],"party":{"id":[1],"entity_type":["party"],"label":["SPD"],"api_url":["https://www.abgeordnetenwatch.de/api/v2/parties/1"]},"party_past":{},"deceased":{},"deceased_date":{},"education":["Bankkaufmann"],"residence":{},"occupation":["MdB, Parlamentsgeschäftsführer im Bundestag"],"statistic_questions":[6],"statistic_questions_answered":{},"qid_wikidata":["Q1045665"],"field_title":{}}
