[{"id":44600,"entity_type":"candidacy_mandate","label":"Gerhard Schick (Bundestag 2017 - 2021)","api_url":"https://www.abgeordnetenwatch.de/api/v2/candidacies-mandates/44600","id_external_administration":"1491","id_external_administration_description":"mdbID - ID der Bundestagsverwaltung","type":"mandate","parliament_period":{"id":111,"entity_type":"parliament_period","label":"Bundestag 2017 - 2021","api_url":"https://www.abgeordnetenwatch.de/api/v2/parliament-periods/111","abgeordnetenwatch_url":"https://www.abgeordnetenwatch.de/bundestag/19"},"politician":{"id":79025,"entity_type":"politician","label":"Gerhard Schick","api_url":"https://www.abgeordnetenwatch.de/api/v2/politicians/79025","abgeordnetenwatch_url":"https://www.abgeordnetenwatch.de/profile/gerhard-schick"},"end_date":"2018-12-31","electoral_data":{"id":44600,"entity_type":"electoral_data","label":"Gerhard Schick (Bundestag 2017 - 2021)","electoral_list":{"id":106,"entity_type":"electoral_list","label":"Landesliste Baden-Württemberg (Bundestag 2017 - 2021)","api_url":"https://www.abgeordnetenwatch.de/api/v2/electoral-lists/106"},"list_position":4,"constituency":{"id":4399,"entity_type":"constituency","label":"275 - Mannheim (Bundestag 2017 - 2021)","api_url":"https://www.abgeordnetenwatch.de/api/v2/constituencies/4399"},"constituency_result":13.1,"mandate_won":"list"},"fraction_membership":[{"id":6845,"entity_type":"fraction_membership","label":"DIE GRÜNEN","fraction":{"id":153,"entity_type":"fraction","label":"DIE GRÜNEN (Bundestag 2017 - 2021)","api_url":"https://www.abgeordnetenwatch.de/api/v2/fractions/153"}}],"party":{}},{"id":44599,"entity_type":"candidacy_mandate","label":"Gerhard Schick (Bundestag 2013-2017)","api_url":"https://www.abgeordnetenwatch.de/api/v2/candidacies-mandates/44599","type":"mandate","parliament_period":{"id":97,"entity_type":"parliament_period","label":"Bundestag 2013 - 2017","api_url":"https://www.abgeordnetenwatch.de/api/v2/parliament-periods/97","abgeordnetenwatch_url":"https://www.abgeordnetenwatch.de/bundestag/18"},"politician":{"id":79025,"entity_type":"politician","label":"Gerhard Schick","api_url":"https://www.abgeordnetenwatch.de/api/v2/politicians/79025","abgeordnetenwatch_url":"https://www.abgeordnetenwatch.de/profile/gerhard-schick"},"electoral_data":{"id":44599,"entity_type":"electoral_data","label":"Gerhard Schick (Bundestag 2013 - 2017)","electoral_list":{"id":26,"entity_type":"electoral_list","label":"Landesliste Baden-Württemberg (Bundestag 2013-2017)","api_url":"https://www.abgeordnetenwatch.de/api/v2/electoral-lists/26"},"list_position":4,"constituency":{"id":199,"entity_type":"constituency","label":"275 - Mannheim (Bundestag 2013-2017)","api_url":"https://www.abgeordnetenwatch.de/api/v2/constituencies/199"},"constituency_result":12.2,"mandate_won":"list"},"fraction_membership":[{"id":6844,"entity_type":"fraction_membership","label":"DIE GRÜNEN","fraction":{"id":114,"entity_type":"fraction","label":"DIE GRÜNEN (Bundestag 2013-2017)","api_url":"https://www.abgeordnetenwatch.de/api/v2/fractions/114"}}],"party":{}},{"id":44598,"entity_type":"candidacy_mandate","label":"Gerhard Schick (Bundestag 2009-2013)","api_url":"https://www.abgeordnetenwatch.de/api/v2/candidacies-mandates/44598","type":"mandate","parliament_period":{"id":83,"entity_type":"parliament_period","label":"Bundestag 2009 - 2013","api_url":"https://www.abgeordnetenwatch.de/api/v2/parliament-periods/83","abgeordnetenwatch_url":"https://www.abgeordnetenwatch.de/bundestag/17"},"politician":{"id":79025,"entity_type":"politician","label":"Gerhard Schick","api_url":"https://www.abgeordnetenwatch.de/api/v2/politicians/79025","abgeordnetenwatch_url":"https://www.abgeordnetenwatch.de/profile/gerhard-schick"},"electoral_data":{"id":44598,"entity_type":"electoral_data","label":"Gerhard Schick (Bundestag 2009 - 2013)","electoral_list":{"id":56,"entity_type":"electoral_list","label":"Landesliste Baden-Württemberg (Bundestag 2009-2013)","api_url":"https://www.abgeordnetenwatch.de/api/v2/electoral-lists/56"},"list_position":4,"constituency":{"id":1677,"entity_type":"constituency","label":"275 - Mannheim (Bundestag 2009-2013)","api_url":"https://www.abgeordnetenwatch.de/api/v2/constituencies/1677"},"constituency_result":12.6},"fraction_membership":[{"id":6843,"entity_type":"fraction_membership","label":"DIE GRÜNEN","fraction":{"id":113,"entity_type":"fraction","label":"DIE GRÜNEN (Bundestag 2009-2013)","api_url":"https://www.abgeordnetenwatch.de/api/v2/fractions/113"}}],"party":{}},{"id":44597,"entity_type":"candidacy_mandate","label":"Gerhard Schick (Bundestag 2005-2009)","api_url":"https://www.abgeordnetenwatch.de/api/v2/candidacies-mandates/44597","type":"mandate","parliament_period":{"id":67,"entity_type":"parliament_period","label":"Bundestag 2005 - 2009","api_url":"https://www.abgeordnetenwatch.de/api/v2/parliament-periods/67","abgeordnetenwatch_url":"https://www.abgeordnetenwatch.de/bundestag/16"},"politician":{"id":79025,"entity_type":"politician","label":"Gerhard Schick","api_url":"https://www.abgeordnetenwatch.de/api/v2/politicians/79025","abgeordnetenwatch_url":"https://www.abgeordnetenwatch.de/profile/gerhard-schick"},"start_date":"2004-11-30","electoral_data":{"id":44597,"entity_type":"electoral_data","label":"Gerhard Schick (Bundestag 2005 - 2009)","electoral_list":{"id":41,"entity_type":"electoral_list","label":"Landesliste Baden-Württemberg (Bundestag 2005-2009)","api_url":"https://www.abgeordnetenwatch.de/api/v2/electoral-lists/41"},"list_position":8,"constituency":{"id":1415,"entity_type":"constituency","label":"276 - Mannheim (Bundestag 2005-2009)","api_url":"https://www.abgeordnetenwatch.de/api/v2/constituencies/1415"}},"fraction_membership":[{"id":6842,"entity_type":"fraction_membership","label":"DIE GRÜNEN","fraction":{"id":94,"entity_type":"fraction","label":"DIE GRÜNEN (Bundestag 2005-2009)","api_url":"https://www.abgeordnetenwatch.de/api/v2/fractions/94"}}],"party":{}},{"id":35765,"entity_type":"candidacy_mandate","label":"Gerhard Schick (Bundestag Wahl 2017)","api_url":"https://www.abgeordnetenwatch.de/api/v2/candidacies-mandates/35765","type":"candidacy","parliament_period":{"id":50,"entity_type":"parliament_period","label":"Bundestag Wahl 2017","api_url":"https://www.abgeordnetenwatch.de/api/v2/parliament-periods/50","abgeordnetenwatch_url":"https://www.abgeordnetenwatch.de/bundestag/wahl-2017"},"politician":{"id":79025,"entity_type":"politician","label":"Gerhard Schick","api_url":"https://www.abgeordnetenwatch.de/api/v2/politicians/79025","abgeordnetenwatch_url":"https://www.abgeordnetenwatch.de/profile/gerhard-schick"},"electoral_data":{"id":35765,"entity_type":"electoral_data","label":"Gerhard Schick (Bundestag Wahl 2017)","electoral_list":{"id":265,"entity_type":"electoral_list","label":"Landesliste Baden-Württemberg (Bundestag Wahl 2017)","api_url":"https://www.abgeordnetenwatch.de/api/v2/electoral-lists/265"},"list_position":4,"constituency":{"id":9285,"entity_type":"constituency","label":"275 - Mannheim (Bundestag Wahl 2017)","api_url":"https://www.abgeordnetenwatch.de/api/v2/constituencies/9285"},"constituency_result":13.1,"mandate_won":"list"},"fraction_membership":{},"party":{"id":5,"entity_type":"party","label":"Bündnis 90/Die Grünen","api_url":"https://www.abgeordnetenwatch.de/api/v2/parties/5"}},{"id":35231,"entity_type":"candidacy_mandate","label":"Gerhard Schick (Bundestag Wahl 2013)","api_url":"https://www.abgeordnetenwatch.de/api/v2/candidacies-mandates/35231","type":"candidacy","parliament_period":{"id":36,"entity_type":"parliament_period","label":"Bundestag Wahl 2013","api_url":"https://www.abgeordnetenwatch.de/api/v2/parliament-periods/36","abgeordnetenwatch_url":"https://www.abgeordnetenwatch.de/bundestag/wahl-2013"},"politician":{"id":79025,"entity_type":"politician","label":"Gerhard Schick","api_url":"https://www.abgeordnetenwatch.de/api/v2/politicians/79025","abgeordnetenwatch_url":"https://www.abgeordnetenwatch.de/profile/gerhard-schick"},"electoral_data":{"id":35231,"entity_type":"electoral_data","label":"Gerhard Schick (Bundestag Wahl 2013)","electoral_list":{},"list_position":4,"constituency":{"id":5085,"entity_type":"constituency","label":"275 - Mannheim (Bundestag Wahl 2013)","api_url":"https://www.abgeordnetenwatch.de/api/v2/constituencies/5085"},"constituency_result":12.2,"mandate_won":"list"},"fraction_membership":{},"party":{"id":5,"entity_type":"party","label":"Bündnis 90/Die Grünen","api_url":"https://www.abgeordnetenwatch.de/api/v2/parties/5"}},{"id":35230,"entity_type":"candidacy_mandate","label":"Gerhard Schick (Bundestag Wahl 2009)","api_url":"https://www.abgeordnetenwatch.de/api/v2/candidacies-mandates/35230","type":"candidacy","parliament_period":{"id":22,"entity_type":"parliament_period","label":"Bundestag Wahl 2009","api_url":"https://www.abgeordnetenwatch.de/api/v2/parliament-periods/22","abgeordnetenwatch_url":"https://www.abgeordnetenwatch.de/bundestag/wahl-2009"},"politician":{"id":79025,"entity_type":"politician","label":"Gerhard Schick","api_url":"https://www.abgeordnetenwatch.de/api/v2/politicians/79025","abgeordnetenwatch_url":"https://www.abgeordnetenwatch.de/profile/gerhard-schick"},"electoral_data":{"id":35230,"entity_type":"electoral_data","label":"Gerhard Schick (Bundestag Wahl 2009)","electoral_list":{},"list_position":4,"constituency":{"id":6563,"entity_type":"constituency","label":"275 - Mannheim (Bundestag Wahl 2009)","api_url":"https://www.abgeordnetenwatch.de/api/v2/constituencies/6563"},"constituency_result":12.6},"fraction_membership":{},"party":{"id":5,"entity_type":"party","label":"Bündnis 90/Die Grünen","api_url":"https://www.abgeordnetenwatch.de/api/v2/parties/5"}},{"id":35229,"entity_type":"candidacy_mandate","label":"Gerhard Schick (Bundestag Wahl 2005)","api_url":"https://www.abgeordnetenwatch.de/api/v2/candidacies-mandates/35229","type":"candidacy","parliament_period":{"id":6,"entity_type":"parliament_period","label":"Bundestag Wahl 2005","api_url":"https://www.abgeordnetenwatch.de/api/v2/parliament-periods/6","abgeordnetenwatch_url":"https://www.abgeordnetenwatch.de/bundestag/wahl-2005"},"politician":{"id":79025,"entity_type":"politician","label":"Gerhard Schick","api_url":"https://www.abgeordnetenwatch.de/api/v2/politicians/79025","abgeordnetenwatch_url":"https://www.abgeordnetenwatch.de/profile/gerhard-schick"},"electoral_data":{"id":35229,"entity_type":"electoral_data","label":"Gerhard Schick (Bundestag Wahl 2005)","electoral_list":{"id":200,"entity_type":"electoral_list","label":"Landesliste Baden-Württemberg (Bundestag Wahl 2005)","api_url":"https://www.abgeordnetenwatch.de/api/v2/electoral-lists/200"},"list_position":8,"constituency":{"id":6301,"entity_type":"constituency","label":"276 - Mannheim (Bundestag Wahl 2005)","api_url":"https://www.abgeordnetenwatch.de/api/v2/constituencies/6301"},"constituency_result":5.8},"fraction_membership":{},"party":{"id":5,"entity_type":"party","label":"Bündnis 90/Die Grünen","api_url":"https://www.abgeordnetenwatch.de/api/v2/parties/5"}}]
