[{"id":54129,"entity_type":"candidacy_mandate","label":"Nina Scheer (Bundestag 2021 - 2025)","api_url":"https://www.abgeordnetenwatch.de/api/v2/candidacies-mandates/54129","id_external_administration":"1927","id_external_administration_description":"mdbID aus der info-xml-Datei der Bundestagsverwaltung","type":"mandate","parliament_period":{"id":132,"entity_type":"parliament_period","label":"Bundestag 2021 - 2025","api_url":"https://www.abgeordnetenwatch.de/api/v2/parliament-periods/132","abgeordnetenwatch_url":"https://www.abgeordnetenwatch.de/bundestag"},"politician":{"id":79023,"entity_type":"politician","label":"Nina Scheer","api_url":"https://www.abgeordnetenwatch.de/api/v2/politicians/79023","abgeordnetenwatch_url":"https://www.abgeordnetenwatch.de/profile/nina-scheer"},"electoral_data":{"id":55053,"entity_type":"electoral_data","label":"Nina Scheer (Bundestag 2021 - 2025)","electoral_list":{"id":424,"entity_type":"electoral_list","label":"Landesliste Schleswig-Holstein (Bundestag 2021 - 2025)","api_url":"https://www.abgeordnetenwatch.de/api/v2/electoral-lists/424"},"list_position":2,"constituency":{"id":10750,"entity_type":"constituency","label":"10 - Herzogtum Lauenburg - Stormarn-Süd (Bundestag 2021 - 2025)","api_url":"https://www.abgeordnetenwatch.de/api/v2/constituencies/10750"},"constituency_result":31,"mandate_won":"constituency"},"fraction_membership":[{"id":9976,"entity_type":"fraction_membership","label":"SPD","fraction":{"id":319,"entity_type":"fraction","label":"SPD (Bundestag 2021 - 2025)","api_url":"https://www.abgeordnetenwatch.de/api/v2/fractions/319"}}],"party":{}},{"id":48657,"entity_type":"candidacy_mandate","label":"Nina Scheer (Bundestag Wahl 2021)","api_url":"https://www.abgeordnetenwatch.de/api/v2/candidacies-mandates/48657","type":"candidacy","parliament_period":{"id":128,"entity_type":"parliament_period","label":"Bundestag Wahl 2021","api_url":"https://www.abgeordnetenwatch.de/api/v2/parliament-periods/128","abgeordnetenwatch_url":"https://www.abgeordnetenwatch.de/bundestag/wahl-2021"},"politician":{"id":79023,"entity_type":"politician","label":"Nina Scheer","api_url":"https://www.abgeordnetenwatch.de/api/v2/politicians/79023","abgeordnetenwatch_url":"https://www.abgeordnetenwatch.de/profile/nina-scheer"},"electoral_data":{"id":49579,"entity_type":"electoral_data","label":"Nina Scheer (Bundestag Wahl 2021)","electoral_list":{"id":370,"entity_type":"electoral_list","label":"Landesliste Schleswig-Holstein (Bundestag Wahl 2021)","api_url":"https://www.abgeordnetenwatch.de/api/v2/electoral-lists/370"},"list_position":2,"constituency":{"id":10067,"entity_type":"constituency","label":"10 - Herzogtum Lauenburg - Stormarn-Süd (Bundestag Wahl 2021)","api_url":"https://www.abgeordnetenwatch.de/api/v2/constituencies/10067"},"constituency_result":31},"fraction_membership":{},"party":{"id":1,"entity_type":"party","label":"SPD","api_url":"https://www.abgeordnetenwatch.de/api/v2/parties/1"}},{"id":44582,"entity_type":"candidacy_mandate","label":"Nina Scheer (Bundestag 2017 - 2021)","api_url":"https://www.abgeordnetenwatch.de/api/v2/candidacies-mandates/44582","id_external_administration":"1927","id_external_administration_description":"mdbID - ID der Bundestagsverwaltung","type":"mandate","parliament_period":{"id":111,"entity_type":"parliament_period","label":"Bundestag 2017 - 2021","api_url":"https://www.abgeordnetenwatch.de/api/v2/parliament-periods/111","abgeordnetenwatch_url":"https://www.abgeordnetenwatch.de/bundestag/19"},"politician":{"id":79023,"entity_type":"politician","label":"Nina Scheer","api_url":"https://www.abgeordnetenwatch.de/api/v2/politicians/79023","abgeordnetenwatch_url":"https://www.abgeordnetenwatch.de/profile/nina-scheer"},"electoral_data":{"id":44582,"entity_type":"electoral_data","label":"Nina Scheer (Bundestag 2017 - 2021)","electoral_list":{"id":120,"entity_type":"electoral_list","label":"Landesliste Schleswig-Holstein (Bundestag 2017 - 2021)","api_url":"https://www.abgeordnetenwatch.de/api/v2/electoral-lists/120"},"list_position":3,"constituency":{"id":4134,"entity_type":"constituency","label":"10 - Herzogtum Lauenburg - Stormarn-Süd (Bundestag 2017 - 2021)","api_url":"https://www.abgeordnetenwatch.de/api/v2/constituencies/4134"},"constituency_result":27.2,"mandate_won":"list"},"fraction_membership":[{"id":6827,"entity_type":"fraction_membership","label":"SPD","fraction":{"id":22,"entity_type":"fraction","label":"SPD (Bundestag 2017 - 2021)","api_url":"https://www.abgeordnetenwatch.de/api/v2/fractions/22"}}],"party":{}},{"id":39032,"entity_type":"candidacy_mandate","label":"Nina Scheer (Bundestag 2013-2017)","api_url":"https://www.abgeordnetenwatch.de/api/v2/candidacies-mandates/39032","type":"mandate","parliament_period":{"id":97,"entity_type":"parliament_period","label":"Bundestag 2013 - 2017","api_url":"https://www.abgeordnetenwatch.de/api/v2/parliament-periods/97","abgeordnetenwatch_url":"https://www.abgeordnetenwatch.de/bundestag/18"},"politician":{"id":79023,"entity_type":"politician","label":"Nina Scheer","api_url":"https://www.abgeordnetenwatch.de/api/v2/politicians/79023","abgeordnetenwatch_url":"https://www.abgeordnetenwatch.de/profile/nina-scheer"},"electoral_data":{"id":39032,"entity_type":"electoral_data","label":"Nina Scheer (Bundestag 2013 - 2017)","electoral_list":{"id":39,"entity_type":"electoral_list","label":"Landesliste Schleswig-Holstein (Bundestag 2013-2017)","api_url":"https://www.abgeordnetenwatch.de/api/v2/electoral-lists/39"},"list_position":6,"constituency":{"id":1166,"entity_type":"constituency","label":"10 - Herzogtum Lauenburg - Stormarn-Süd (Bundestag 2013-2017)","api_url":"https://www.abgeordnetenwatch.de/api/v2/constituencies/1166"},"constituency_result":34.6,"mandate_won":"list"},"fraction_membership":[{"id":1258,"entity_type":"fraction_membership","label":"SPD","fraction":{"id":45,"entity_type":"fraction","label":"SPD (Bundestag 2013-2017)","api_url":"https://www.abgeordnetenwatch.de/api/v2/fractions/45"}}],"party":{}},{"id":5714,"entity_type":"candidacy_mandate","label":"Nina Scheer (Bundestag Wahl 2017)","api_url":"https://www.abgeordnetenwatch.de/api/v2/candidacies-mandates/5714","type":"candidacy","parliament_period":{"id":50,"entity_type":"parliament_period","label":"Bundestag Wahl 2017","api_url":"https://www.abgeordnetenwatch.de/api/v2/parliament-periods/50","abgeordnetenwatch_url":"https://www.abgeordnetenwatch.de/bundestag/wahl-2017"},"politician":{"id":79023,"entity_type":"politician","label":"Nina Scheer","api_url":"https://www.abgeordnetenwatch.de/api/v2/politicians/79023","abgeordnetenwatch_url":"https://www.abgeordnetenwatch.de/profile/nina-scheer"},"electoral_data":{"id":5714,"entity_type":"electoral_data","label":"Nina Scheer (Bundestag Wahl 2017)","electoral_list":{"id":279,"entity_type":"electoral_list","label":"Landesliste Schleswig-Holstein (Bundestag Wahl 2017)","api_url":"https://www.abgeordnetenwatch.de/api/v2/electoral-lists/279"},"list_position":3,"constituency":{"id":9020,"entity_type":"constituency","label":"10 - Herzogtum Lauenburg - Stormarn-Süd (Bundestag Wahl 2017)","api_url":"https://www.abgeordnetenwatch.de/api/v2/constituencies/9020"},"constituency_result":27.2,"mandate_won":"list"},"fraction_membership":{},"party":{"id":1,"entity_type":"party","label":"SPD","api_url":"https://www.abgeordnetenwatch.de/api/v2/parties/1"}},{"id":5713,"entity_type":"candidacy_mandate","label":"Nina Scheer (Bundestag Wahl 2013)","api_url":"https://www.abgeordnetenwatch.de/api/v2/candidacies-mandates/5713","type":"candidacy","parliament_period":{"id":36,"entity_type":"parliament_period","label":"Bundestag Wahl 2013","api_url":"https://www.abgeordnetenwatch.de/api/v2/parliament-periods/36","abgeordnetenwatch_url":"https://www.abgeordnetenwatch.de/bundestag/wahl-2013"},"politician":{"id":79023,"entity_type":"politician","label":"Nina Scheer","api_url":"https://www.abgeordnetenwatch.de/api/v2/politicians/79023","abgeordnetenwatch_url":"https://www.abgeordnetenwatch.de/profile/nina-scheer"},"electoral_data":{"id":5713,"entity_type":"electoral_data","label":"Nina Scheer (Bundestag Wahl 2013)","electoral_list":{},"list_position":6,"constituency":{"id":6052,"entity_type":"constituency","label":"10 - Herzogtum Lauenburg - Stormarn-Süd (Bundestag Wahl 2013)","api_url":"https://www.abgeordnetenwatch.de/api/v2/constituencies/6052"},"constituency_result":34.6,"mandate_won":"list"},"fraction_membership":{},"party":{"id":1,"entity_type":"party","label":"SPD","api_url":"https://www.abgeordnetenwatch.de/api/v2/parties/1"}}]
