{"id":[79025],"entity_type":["politician"],"label":["Gerhard Schick"],"api_url":["https://www.abgeordnetenwatch.de/api/v2/politicians/79025"],"abgeordnetenwatch_url":["https://www.abgeordnetenwatch.de/profile/gerhard-schick"],"first_name":["Gerhard"],"last_name":["Schick"],"birth_name":{},"sex":["m"],"year_of_birth":[1972],"party":{"id":[5],"entity_type":["party"],"label":["Bündnis 90/Die Grünen"],"api_url":["https://www.abgeordnetenwatch.de/api/v2/parties/5"]},"party_past":{},"deceased":{},"deceased_date":{},"education":["Volkswirt"],"residence":{},"occupation":["MdB"],"statistic_questions":{},"statistic_questions_answered":{},"qid_wikidata":["Q104706"],"field_title":{}}
