{"id":[79021],"entity_type":["politician"],"label":["Ulle Schauws"],"api_url":["https://www.abgeordnetenwatch.de/api/v2/politicians/79021"],"abgeordnetenwatch_url":["https://www.abgeordnetenwatch.de/profile/ulle-schauws"],"first_name":["Ulle"],"last_name":["Schauws"],"birth_name":{},"sex":["f"],"year_of_birth":[1966],"party":{"id":[5],"entity_type":["party"],"label":["Bündnis 90/Die Grünen"],"api_url":["https://www.abgeordnetenwatch.de/api/v2/parties/5"]},"party_past":{},"education":["Film-, Fernseh-, Politikwissenschaften und Geschichte"],"residence":{},"occupation":["MdB"],"statistic_questions":[18],"statistic_questions_answered":[17],"qid_wikidata":["Q14943234"],"field_title":{}}
