[{"id":54069,"entity_type":"candidacy_mandate","label":"Andreas Scheuer (Bundestag 2021 - 2025)","api_url":"https://www.abgeordnetenwatch.de/api/v2/candidacies-mandates/54069","id_external_administration":"1214","id_external_administration_description":"mdbID aus der info-xml-Datei der Bundestagsverwaltung","type":"mandate","parliament_period":{"id":132,"entity_type":"parliament_period","label":"Bundestag 2021 - 2025","api_url":"https://www.abgeordnetenwatch.de/api/v2/parliament-periods/132","abgeordnetenwatch_url":"https://www.abgeordnetenwatch.de/bundestag"},"politician":{"id":79024,"entity_type":"politician","label":"Andreas Scheuer","api_url":"https://www.abgeordnetenwatch.de/api/v2/politicians/79024","abgeordnetenwatch_url":"https://www.abgeordnetenwatch.de/profile/andreas-scheuer"},"electoral_data":{"id":54993,"entity_type":"electoral_data","label":"Andreas Scheuer (Bundestag 2021 - 2025)","electoral_list":{"id":411,"entity_type":"electoral_list","label":"Landesliste Bayern (Bundestag 2021 - 2025)","api_url":"https://www.abgeordnetenwatch.de/api/v2/electoral-lists/411"},"list_position":3,"constituency":{"id":10969,"entity_type":"constituency","label":"229 - Passau (Bundestag 2021 - 2025)","api_url":"https://www.abgeordnetenwatch.de/api/v2/constituencies/10969"},"constituency_result":30,"mandate_won":"constituency"},"fraction_membership":[{"id":9916,"entity_type":"fraction_membership","label":"CDU/CSU","fraction":{"id":320,"entity_type":"fraction","label":"CDU/CSU (Bundestag 2021 - 2025)","api_url":"https://www.abgeordnetenwatch.de/api/v2/fractions/320"}}],"party":{}},{"id":49736,"entity_type":"candidacy_mandate","label":"Andreas Scheuer (Bundestag Wahl 2021)","api_url":"https://www.abgeordnetenwatch.de/api/v2/candidacies-mandates/49736","type":"candidacy","parliament_period":{"id":128,"entity_type":"parliament_period","label":"Bundestag Wahl 2021","api_url":"https://www.abgeordnetenwatch.de/api/v2/parliament-periods/128","abgeordnetenwatch_url":"https://www.abgeordnetenwatch.de/bundestag/wahl-2021"},"politician":{"id":79024,"entity_type":"politician","label":"Andreas Scheuer","api_url":"https://www.abgeordnetenwatch.de/api/v2/politicians/79024","abgeordnetenwatch_url":"https://www.abgeordnetenwatch.de/profile/andreas-scheuer"},"electoral_data":{"id":50658,"entity_type":"electoral_data","label":"Andreas Scheuer (Bundestag Wahl 2021)","electoral_list":{"id":357,"entity_type":"electoral_list","label":"Landesliste Bayern (Bundestag Wahl 2021)","api_url":"https://www.abgeordnetenwatch.de/api/v2/electoral-lists/357"},"list_position":3,"constituency":{"id":10286,"entity_type":"constituency","label":"229 - Passau (Bundestag Wahl 2021)","api_url":"https://www.abgeordnetenwatch.de/api/v2/constituencies/10286"},"constituency_result":30.7,"constituency_result_count":41530,"mandate_won":"constituency"},"fraction_membership":{},"party":{"id":3,"entity_type":"party","label":"CSU","api_url":"https://www.abgeordnetenwatch.de/api/v2/parties/3"}},{"id":45386,"entity_type":"candidacy_mandate","label":"Andreas Scheuer (Bundestag 2017 - 2021)","api_url":"https://www.abgeordnetenwatch.de/api/v2/candidacies-mandates/45386","id_external_administration":"1214","id_external_administration_description":"mdbID - ID der Bundestagsverwaltung","type":"mandate","parliament_period":{"id":111,"entity_type":"parliament_period","label":"Bundestag 2017 - 2021","api_url":"https://www.abgeordnetenwatch.de/api/v2/parliament-periods/111","abgeordnetenwatch_url":"https://www.abgeordnetenwatch.de/bundestag/19"},"politician":{"id":79024,"entity_type":"politician","label":"Andreas Scheuer","api_url":"https://www.abgeordnetenwatch.de/api/v2/politicians/79024","abgeordnetenwatch_url":"https://www.abgeordnetenwatch.de/profile/andreas-scheuer"},"electoral_data":{"id":45386,"entity_type":"electoral_data","label":"Andreas Scheuer (Bundestag 2017 - 2021)","electoral_list":{"id":107,"entity_type":"electoral_list","label":"Landesliste Bayern (Bundestag 2017 - 2021)","api_url":"https://www.abgeordnetenwatch.de/api/v2/electoral-lists/107"},"list_position":4,"constituency":{"id":4353,"entity_type":"constituency","label":"229 - Passau (Bundestag 2017 - 2021)","api_url":"https://www.abgeordnetenwatch.de/api/v2/constituencies/4353"},"constituency_result":47.5,"mandate_won":"constituency"},"fraction_membership":[{"id":7638,"entity_type":"fraction_membership","label":"CDU/CSU","fraction":{"id":81,"entity_type":"fraction","label":"CDU/CSU (Bundestag 2017 - 2021)","api_url":"https://www.abgeordnetenwatch.de/api/v2/fractions/81"}}],"party":{}},{"id":39035,"entity_type":"candidacy_mandate","label":"Andreas Scheuer (Bundestag 2013-2017)","api_url":"https://www.abgeordnetenwatch.de/api/v2/candidacies-mandates/39035","type":"mandate","parliament_period":{"id":97,"entity_type":"parliament_period","label":"Bundestag 2013 - 2017","api_url":"https://www.abgeordnetenwatch.de/api/v2/parliament-periods/97","abgeordnetenwatch_url":"https://www.abgeordnetenwatch.de/bundestag/18"},"politician":{"id":79024,"entity_type":"politician","label":"Andreas Scheuer","api_url":"https://www.abgeordnetenwatch.de/api/v2/politicians/79024","abgeordnetenwatch_url":"https://www.abgeordnetenwatch.de/profile/andreas-scheuer"},"electoral_data":{"id":39035,"entity_type":"electoral_data","label":"Andreas Scheuer (Bundestag 2013 - 2017)","electoral_list":{"id":27,"entity_type":"electoral_list","label":"Landesliste Bayern (Bundestag 2013-2017)","api_url":"https://www.abgeordnetenwatch.de/api/v2/electoral-lists/27"},"list_position":13,"constituency":{"id":1230,"entity_type":"constituency","label":"229 - Passau (Bundestag 2013-2017)","api_url":"https://www.abgeordnetenwatch.de/api/v2/constituencies/1230"},"constituency_result":59.8,"mandate_won":"constituency"},"fraction_membership":[{"id":1261,"entity_type":"fraction_membership","label":"CDU/CSU","fraction":{"id":111,"entity_type":"fraction","label":"CDU/CSU (Bundestag 2013-2017)","api_url":"https://www.abgeordnetenwatch.de/api/v2/fractions/111"}}],"party":{}},{"id":39034,"entity_type":"candidacy_mandate","label":"Andreas Scheuer (Bundestag 2009-2013)","api_url":"https://www.abgeordnetenwatch.de/api/v2/candidacies-mandates/39034","type":"mandate","parliament_period":{"id":83,"entity_type":"parliament_period","label":"Bundestag 2009 - 2013","api_url":"https://www.abgeordnetenwatch.de/api/v2/parliament-periods/83","abgeordnetenwatch_url":"https://www.abgeordnetenwatch.de/bundestag/17"},"politician":{"id":79024,"entity_type":"politician","label":"Andreas Scheuer","api_url":"https://www.abgeordnetenwatch.de/api/v2/politicians/79024","abgeordnetenwatch_url":"https://www.abgeordnetenwatch.de/profile/andreas-scheuer"},"electoral_data":{"id":39034,"entity_type":"electoral_data","label":"Andreas Scheuer (Bundestag 2009 - 2013)","electoral_list":{"id":57,"entity_type":"electoral_list","label":"Landesliste Bayern (Bundestag 2009-2013)","api_url":"https://www.abgeordnetenwatch.de/api/v2/electoral-lists/57"},"list_position":8,"constituency":{"id":1723,"entity_type":"constituency","label":"229 - Passau (Bundestag 2009-2013)","api_url":"https://www.abgeordnetenwatch.de/api/v2/constituencies/1723"},"constituency_result":46.5},"fraction_membership":[{"id":1260,"entity_type":"fraction_membership","label":"CDU/CSU","fraction":{"id":112,"entity_type":"fraction","label":"CDU/CSU (Bundestag 2009-2013)","api_url":"https://www.abgeordnetenwatch.de/api/v2/fractions/112"}}],"party":{}},{"id":39033,"entity_type":"candidacy_mandate","label":"Andreas Scheuer (Bundestag 2005-2009)","api_url":"https://www.abgeordnetenwatch.de/api/v2/candidacies-mandates/39033","type":"mandate","parliament_period":{"id":67,"entity_type":"parliament_period","label":"Bundestag 2005 - 2009","api_url":"https://www.abgeordnetenwatch.de/api/v2/parliament-periods/67","abgeordnetenwatch_url":"https://www.abgeordnetenwatch.de/bundestag/16"},"politician":{"id":79024,"entity_type":"politician","label":"Andreas Scheuer","api_url":"https://www.abgeordnetenwatch.de/api/v2/politicians/79024","abgeordnetenwatch_url":"https://www.abgeordnetenwatch.de/profile/andreas-scheuer"},"start_date":"2001-11-30","electoral_data":{"id":39033,"entity_type":"electoral_data","label":"Andreas Scheuer (Bundestag 2005 - 2009)","electoral_list":{},"constituency":{"id":1451,"entity_type":"constituency","label":"230 - Passau (Bundestag 2005-2009)","api_url":"https://www.abgeordnetenwatch.de/api/v2/constituencies/1451"}},"fraction_membership":[{"id":1259,"entity_type":"fraction_membership","label":"CDU/CSU","fraction":{"id":26,"entity_type":"fraction","label":"CDU/CSU (Bundestag 2005-2009)","api_url":"https://www.abgeordnetenwatch.de/api/v2/fractions/26"}}],"party":{}},{"id":5718,"entity_type":"candidacy_mandate","label":"Andreas Scheuer (Bundestag Wahl 2017)","api_url":"https://www.abgeordnetenwatch.de/api/v2/candidacies-mandates/5718","type":"candidacy","parliament_period":{"id":50,"entity_type":"parliament_period","label":"Bundestag Wahl 2017","api_url":"https://www.abgeordnetenwatch.de/api/v2/parliament-periods/50","abgeordnetenwatch_url":"https://www.abgeordnetenwatch.de/bundestag/wahl-2017"},"politician":{"id":79024,"entity_type":"politician","label":"Andreas Scheuer","api_url":"https://www.abgeordnetenwatch.de/api/v2/politicians/79024","abgeordnetenwatch_url":"https://www.abgeordnetenwatch.de/profile/andreas-scheuer"},"electoral_data":{"id":5718,"entity_type":"electoral_data","label":"Andreas Scheuer (Bundestag Wahl 2017)","electoral_list":{"id":266,"entity_type":"electoral_list","label":"Landesliste Bayern (Bundestag Wahl 2017)","api_url":"https://www.abgeordnetenwatch.de/api/v2/electoral-lists/266"},"list_position":4,"constituency":{"id":9239,"entity_type":"constituency","label":"229 - Passau (Bundestag Wahl 2017)","api_url":"https://www.abgeordnetenwatch.de/api/v2/constituencies/9239"},"constituency_result":47.5,"mandate_won":"constituency"},"fraction_membership":{},"party":{"id":3,"entity_type":"party","label":"CSU","api_url":"https://www.abgeordnetenwatch.de/api/v2/parties/3"}},{"id":5717,"entity_type":"candidacy_mandate","label":"Andreas Scheuer (Bundestag Wahl 2013)","api_url":"https://www.abgeordnetenwatch.de/api/v2/candidacies-mandates/5717","type":"candidacy","parliament_period":{"id":36,"entity_type":"parliament_period","label":"Bundestag Wahl 2013","api_url":"https://www.abgeordnetenwatch.de/api/v2/parliament-periods/36","abgeordnetenwatch_url":"https://www.abgeordnetenwatch.de/bundestag/wahl-2013"},"politician":{"id":79024,"entity_type":"politician","label":"Andreas Scheuer","api_url":"https://www.abgeordnetenwatch.de/api/v2/politicians/79024","abgeordnetenwatch_url":"https://www.abgeordnetenwatch.de/profile/andreas-scheuer"},"electoral_data":{"id":5717,"entity_type":"electoral_data","label":"Andreas Scheuer (Bundestag Wahl 2013)","electoral_list":{},"list_position":13,"constituency":{"id":6116,"entity_type":"constituency","label":"229 - Passau (Bundestag Wahl 2013)","api_url":"https://www.abgeordnetenwatch.de/api/v2/constituencies/6116"},"constituency_result":59.8,"mandate_won":"constituency"},"fraction_membership":{},"party":{"id":3,"entity_type":"party","label":"CSU","api_url":"https://www.abgeordnetenwatch.de/api/v2/parties/3"}},{"id":5716,"entity_type":"candidacy_mandate","label":"Andreas Scheuer (Bundestag Wahl 2009)","api_url":"https://www.abgeordnetenwatch.de/api/v2/candidacies-mandates/5716","type":"candidacy","parliament_period":{"id":22,"entity_type":"parliament_period","label":"Bundestag Wahl 2009","api_url":"https://www.abgeordnetenwatch.de/api/v2/parliament-periods/22","abgeordnetenwatch_url":"https://www.abgeordnetenwatch.de/bundestag/wahl-2009"},"politician":{"id":79024,"entity_type":"politician","label":"Andreas Scheuer","api_url":"https://www.abgeordnetenwatch.de/api/v2/politicians/79024","abgeordnetenwatch_url":"https://www.abgeordnetenwatch.de/profile/andreas-scheuer"},"electoral_data":{"id":5716,"entity_type":"electoral_data","label":"Andreas Scheuer (Bundestag Wahl 2009)","electoral_list":{},"constituency":{"id":6609,"entity_type":"constituency","label":"229 - Passau (Bundestag Wahl 2009)","api_url":"https://www.abgeordnetenwatch.de/api/v2/constituencies/6609"},"constituency_result":46.5,"mandate_won":"constituency"},"fraction_membership":{},"party":{"id":3,"entity_type":"party","label":"CSU","api_url":"https://www.abgeordnetenwatch.de/api/v2/parties/3"}},{"id":5715,"entity_type":"candidacy_mandate","label":"Andreas Scheuer (Bundestag Wahl 2005)","api_url":"https://www.abgeordnetenwatch.de/api/v2/candidacies-mandates/5715","type":"candidacy","parliament_period":{"id":6,"entity_type":"parliament_period","label":"Bundestag Wahl 2005","api_url":"https://www.abgeordnetenwatch.de/api/v2/parliament-periods/6","abgeordnetenwatch_url":"https://www.abgeordnetenwatch.de/bundestag/wahl-2005"},"politician":{"id":79024,"entity_type":"politician","label":"Andreas Scheuer","api_url":"https://www.abgeordnetenwatch.de/api/v2/politicians/79024","abgeordnetenwatch_url":"https://www.abgeordnetenwatch.de/profile/andreas-scheuer"},"electoral_data":{"id":5715,"entity_type":"electoral_data","label":"Andreas Scheuer (Bundestag Wahl 2005)","electoral_list":{},"constituency":{"id":6337,"entity_type":"constituency","label":"230 - Passau (Bundestag Wahl 2005)","api_url":"https://www.abgeordnetenwatch.de/api/v2/constituencies/6337"},"constituency_result":58.5},"fraction_membership":{},"party":{"id":3,"entity_type":"party","label":"CSU","api_url":"https://www.abgeordnetenwatch.de/api/v2/parties/3"}}]
