[{"id":49738,"entity_type":"candidacy_mandate","label":"Tankred Schipanski (Bundestag Wahl 2021)","api_url":"https://www.abgeordnetenwatch.de/api/v2/candidacies-mandates/49738","type":"candidacy","parliament_period":{"id":128,"entity_type":"parliament_period","label":"Bundestag Wahl 2021","api_url":"https://www.abgeordnetenwatch.de/api/v2/parliament-periods/128","abgeordnetenwatch_url":"https://www.abgeordnetenwatch.de/bundestag/wahl-2021"},"politician":{"id":79031,"entity_type":"politician","label":"Tankred Schipanski","api_url":"https://www.abgeordnetenwatch.de/api/v2/politicians/79031","abgeordnetenwatch_url":"https://www.abgeordnetenwatch.de/profile/tankred-schipanski"},"party":{"id":2,"entity_type":"party","label":"CDU","api_url":"https://www.abgeordnetenwatch.de/api/v2/parties/2"},"electoral_data":{"id":50660,"entity_type":"electoral_data","label":"Tankred Schipanski (Bundestag Wahl 2021)","electoral_list":{},"constituency":{"id":10249,"entity_type":"constituency","label":"192 - Gotha - Ilm-Kreis (Bundestag Wahl 2021)","api_url":"https://www.abgeordnetenwatch.de/api/v2/constituencies/10249"},"constituency_result":18.4},"fraction_membership":{}},{"id":45390,"entity_type":"candidacy_mandate","label":"Tankred Schipanski (Bundestag 2017 - 2021)","api_url":"https://www.abgeordnetenwatch.de/api/v2/candidacies-mandates/45390","id_external_administration":"1684","id_external_administration_description":"mdbID - ID der Bundestagsverwaltung","type":"mandate","parliament_period":{"id":111,"entity_type":"parliament_period","label":"Bundestag 2017 - 2021","api_url":"https://www.abgeordnetenwatch.de/api/v2/parliament-periods/111","abgeordnetenwatch_url":"https://www.abgeordnetenwatch.de/bundestag/19"},"politician":{"id":79031,"entity_type":"politician","label":"Tankred Schipanski","api_url":"https://www.abgeordnetenwatch.de/api/v2/politicians/79031","abgeordnetenwatch_url":"https://www.abgeordnetenwatch.de/profile/tankred-schipanski"},"party":{},"electoral_data":{"id":45390,"entity_type":"electoral_data","label":"Tankred Schipanski (Bundestag 2017 - 2021)","electoral_list":{"id":121,"entity_type":"electoral_list","label":"Landesliste Thüringen (Bundestag 2017 - 2021)","api_url":"https://www.abgeordnetenwatch.de/api/v2/electoral-lists/121"},"list_position":5,"constituency":{"id":4316,"entity_type":"constituency","label":"192 - Gotha - Ilm-Kreis (Bundestag 2017 - 2021)","api_url":"https://www.abgeordnetenwatch.de/api/v2/constituencies/4316"},"constituency_result":29,"mandate_won":"constituency"},"fraction_membership":[{"id":7642,"entity_type":"fraction_membership","label":"CDU/CSU","fraction":{"id":81,"entity_type":"fraction","label":"CDU/CSU (Bundestag 2017 - 2021)","api_url":"https://www.abgeordnetenwatch.de/api/v2/fractions/81"}}]},{"id":39048,"entity_type":"candidacy_mandate","label":"Tankred Schipanski (Bundestag 2013-2017)","api_url":"https://www.abgeordnetenwatch.de/api/v2/candidacies-mandates/39048","type":"mandate","parliament_period":{"id":97,"entity_type":"parliament_period","label":"Bundestag 2013 - 2017","api_url":"https://www.abgeordnetenwatch.de/api/v2/parliament-periods/97","abgeordnetenwatch_url":"https://www.abgeordnetenwatch.de/bundestag/18"},"politician":{"id":79031,"entity_type":"politician","label":"Tankred Schipanski","api_url":"https://www.abgeordnetenwatch.de/api/v2/politicians/79031","abgeordnetenwatch_url":"https://www.abgeordnetenwatch.de/profile/tankred-schipanski"},"party":{},"electoral_data":{"id":39048,"entity_type":"electoral_data","label":"Tankred Schipanski (Bundestag 2013 - 2017)","electoral_list":{"id":40,"entity_type":"electoral_list","label":"Landesliste Thüringen (Bundestag 2013-2017)","api_url":"https://www.abgeordnetenwatch.de/api/v2/electoral-lists/40"},"list_position":5,"constituency":{"id":1154,"entity_type":"constituency","label":"192 - Gotha - Ilm-Kreis (Bundestag 2013-2017)","api_url":"https://www.abgeordnetenwatch.de/api/v2/constituencies/1154"},"constituency_result":37.3,"mandate_won":"constituency"},"fraction_membership":[{"id":1274,"entity_type":"fraction_membership","label":"CDU/CSU","fraction":{"id":111,"entity_type":"fraction","label":"CDU/CSU (Bundestag 2013-2017)","api_url":"https://www.abgeordnetenwatch.de/api/v2/fractions/111"}}]},{"id":39047,"entity_type":"candidacy_mandate","label":"Tankred Schipanski (Bundestag 2009-2013)","api_url":"https://www.abgeordnetenwatch.de/api/v2/candidacies-mandates/39047","type":"mandate","parliament_period":{"id":83,"entity_type":"parliament_period","label":"Bundestag 2009 - 2013","api_url":"https://www.abgeordnetenwatch.de/api/v2/parliament-periods/83","abgeordnetenwatch_url":"https://www.abgeordnetenwatch.de/bundestag/17"},"politician":{"id":79031,"entity_type":"politician","label":"Tankred Schipanski","api_url":"https://www.abgeordnetenwatch.de/api/v2/politicians/79031","abgeordnetenwatch_url":"https://www.abgeordnetenwatch.de/profile/tankred-schipanski"},"party":{},"electoral_data":{"id":39047,"entity_type":"electoral_data","label":"Tankred Schipanski (Bundestag 2009 - 2013)","electoral_list":{"id":70,"entity_type":"electoral_list","label":"Landesliste Thüringen (Bundestag 2009-2013)","api_url":"https://www.abgeordnetenwatch.de/api/v2/electoral-lists/70"},"list_position":7,"constituency":{"id":1611,"entity_type":"constituency","label":"192 - Gotha/ Ilm-Kreis (Bundestag 2009-2013)","api_url":"https://www.abgeordnetenwatch.de/api/v2/constituencies/1611"},"constituency_result":29.1},"fraction_membership":[{"id":1273,"entity_type":"fraction_membership","label":"CDU/CSU","fraction":{"id":112,"entity_type":"fraction","label":"CDU/CSU (Bundestag 2009-2013)","api_url":"https://www.abgeordnetenwatch.de/api/v2/fractions/112"}}]},{"id":5737,"entity_type":"candidacy_mandate","label":"Tankred Schipanski (Bundestag Wahl 2017)","api_url":"https://www.abgeordnetenwatch.de/api/v2/candidacies-mandates/5737","type":"candidacy","parliament_period":{"id":50,"entity_type":"parliament_period","label":"Bundestag Wahl 2017","api_url":"https://www.abgeordnetenwatch.de/api/v2/parliament-periods/50","abgeordnetenwatch_url":"https://www.abgeordnetenwatch.de/bundestag/wahl-2017"},"politician":{"id":79031,"entity_type":"politician","label":"Tankred Schipanski","api_url":"https://www.abgeordnetenwatch.de/api/v2/politicians/79031","abgeordnetenwatch_url":"https://www.abgeordnetenwatch.de/profile/tankred-schipanski"},"party":{"id":2,"entity_type":"party","label":"CDU","api_url":"https://www.abgeordnetenwatch.de/api/v2/parties/2"},"electoral_data":{"id":5737,"entity_type":"electoral_data","label":"Tankred Schipanski (Bundestag Wahl 2017)","electoral_list":{"id":280,"entity_type":"electoral_list","label":"Landesliste Thüringen (Bundestag Wahl 2017)","api_url":"https://www.abgeordnetenwatch.de/api/v2/electoral-lists/280"},"list_position":5,"constituency":{"id":9202,"entity_type":"constituency","label":"192 - Gotha - Ilm-Kreis (Bundestag Wahl 2017)","api_url":"https://www.abgeordnetenwatch.de/api/v2/constituencies/9202"},"constituency_result":29,"mandate_won":"constituency"},"fraction_membership":{}},{"id":5736,"entity_type":"candidacy_mandate","label":"Tankred Schipanski (Bundestag Wahl 2013)","api_url":"https://www.abgeordnetenwatch.de/api/v2/candidacies-mandates/5736","type":"candidacy","parliament_period":{"id":36,"entity_type":"parliament_period","label":"Bundestag Wahl 2013","api_url":"https://www.abgeordnetenwatch.de/api/v2/parliament-periods/36","abgeordnetenwatch_url":"https://www.abgeordnetenwatch.de/bundestag/wahl-2013"},"politician":{"id":79031,"entity_type":"politician","label":"Tankred Schipanski","api_url":"https://www.abgeordnetenwatch.de/api/v2/politicians/79031","abgeordnetenwatch_url":"https://www.abgeordnetenwatch.de/profile/tankred-schipanski"},"party":{"id":2,"entity_type":"party","label":"CDU","api_url":"https://www.abgeordnetenwatch.de/api/v2/parties/2"},"electoral_data":{"id":5736,"entity_type":"electoral_data","label":"Tankred Schipanski (Bundestag Wahl 2013)","electoral_list":{},"list_position":5,"constituency":{"id":6040,"entity_type":"constituency","label":"192 - Gotha - Ilm-Kreis (Bundestag Wahl 2013)","api_url":"https://www.abgeordnetenwatch.de/api/v2/constituencies/6040"},"constituency_result":37.3,"mandate_won":"constituency"},"fraction_membership":{}},{"id":5735,"entity_type":"candidacy_mandate","label":"Tankred Schipanski (Bundestag Wahl 2009)","api_url":"https://www.abgeordnetenwatch.de/api/v2/candidacies-mandates/5735","type":"candidacy","parliament_period":{"id":22,"entity_type":"parliament_period","label":"Bundestag Wahl 2009","api_url":"https://www.abgeordnetenwatch.de/api/v2/parliament-periods/22","abgeordnetenwatch_url":"https://www.abgeordnetenwatch.de/bundestag/wahl-2009"},"politician":{"id":79031,"entity_type":"politician","label":"Tankred Schipanski","api_url":"https://www.abgeordnetenwatch.de/api/v2/politicians/79031","abgeordnetenwatch_url":"https://www.abgeordnetenwatch.de/profile/tankred-schipanski"},"party":{"id":2,"entity_type":"party","label":"CDU","api_url":"https://www.abgeordnetenwatch.de/api/v2/parties/2"},"electoral_data":{"id":5735,"entity_type":"electoral_data","label":"Tankred Schipanski (Bundestag Wahl 2009)","electoral_list":{},"list_position":7,"constituency":{"id":6497,"entity_type":"constituency","label":"192 - Gotha/ Ilm-Kreis (Bundestag Wahl 2009)","api_url":"https://www.abgeordnetenwatch.de/api/v2/constituencies/6497"},"constituency_result":29.1,"mandate_won":"constituency"},"fraction_membership":{}}]
