[{"id":45377,"entity_type":"candidacy_mandate","label":"Ernst Dieter Rossmann (Bundestag 2017 - 2021)","api_url":"https://www.abgeordnetenwatch.de/api/v2/candidacies-mandates/45377","id_external_administration":"1090","id_external_administration_description":"mdbID - ID der Bundestagsverwaltung","type":"mandate","parliament_period":{"id":111,"entity_type":"parliament_period","label":"Bundestag 2017 - 2021","api_url":"https://www.abgeordnetenwatch.de/api/v2/parliament-periods/111","abgeordnetenwatch_url":"https://www.abgeordnetenwatch.de/bundestag/19"},"politician":{"id":79039,"entity_type":"politician","label":"Ernst Dieter Rossmann","api_url":"https://www.abgeordnetenwatch.de/api/v2/politicians/79039","abgeordnetenwatch_url":"https://www.abgeordnetenwatch.de/profile/ernst-dieter-rossmann"},"electoral_data":{"id":45377,"entity_type":"electoral_data","label":"Ernst Dieter Rossmann (Bundestag 2017 - 2021)","electoral_list":{"id":120,"entity_type":"electoral_list","label":"Landesliste Schleswig-Holstein (Bundestag 2017 - 2021)","api_url":"https://www.abgeordnetenwatch.de/api/v2/electoral-lists/120"},"list_position":4,"constituency":{"id":4131,"entity_type":"constituency","label":"7 - Pinneberg (Bundestag 2017 - 2021)","api_url":"https://www.abgeordnetenwatch.de/api/v2/constituencies/4131"},"constituency_result":30.3,"mandate_won":"list"},"fraction_membership":[{"id":7629,"entity_type":"fraction_membership","label":"SPD","fraction":{"id":22,"entity_type":"fraction","label":"SPD (Bundestag 2017 - 2021)","api_url":"https://www.abgeordnetenwatch.de/api/v2/fractions/22"}}],"party":{}},{"id":39064,"entity_type":"candidacy_mandate","label":"Ernst Dieter Rossmann (Bundestag 2013-2017)","api_url":"https://www.abgeordnetenwatch.de/api/v2/candidacies-mandates/39064","type":"mandate","parliament_period":{"id":97,"entity_type":"parliament_period","label":"Bundestag 2013 - 2017","api_url":"https://www.abgeordnetenwatch.de/api/v2/parliament-periods/97","abgeordnetenwatch_url":"https://www.abgeordnetenwatch.de/bundestag/18"},"politician":{"id":79039,"entity_type":"politician","label":"Ernst Dieter Rossmann","api_url":"https://www.abgeordnetenwatch.de/api/v2/politicians/79039","abgeordnetenwatch_url":"https://www.abgeordnetenwatch.de/profile/ernst-dieter-rossmann"},"electoral_data":{"id":39064,"entity_type":"electoral_data","label":"Ernst Dieter Rossmann (Bundestag 2013 - 2017)","electoral_list":{"id":39,"entity_type":"electoral_list","label":"Landesliste Schleswig-Holstein (Bundestag 2013-2017)","api_url":"https://www.abgeordnetenwatch.de/api/v2/electoral-lists/39"},"list_position":1,"constituency":{"id":1232,"entity_type":"constituency","label":"7 - Pinneberg (Bundestag 2013-2017)","api_url":"https://www.abgeordnetenwatch.de/api/v2/constituencies/1232"},"constituency_result":36.1,"mandate_won":"list"},"fraction_membership":[{"id":1290,"entity_type":"fraction_membership","label":"SPD","fraction":{"id":45,"entity_type":"fraction","label":"SPD (Bundestag 2013-2017)","api_url":"https://www.abgeordnetenwatch.de/api/v2/fractions/45"}}],"party":{}},{"id":39063,"entity_type":"candidacy_mandate","label":"Ernst Dieter Rossmann (Bundestag 2009-2013)","api_url":"https://www.abgeordnetenwatch.de/api/v2/candidacies-mandates/39063","type":"mandate","parliament_period":{"id":83,"entity_type":"parliament_period","label":"Bundestag 2009 - 2013","api_url":"https://www.abgeordnetenwatch.de/api/v2/parliament-periods/83","abgeordnetenwatch_url":"https://www.abgeordnetenwatch.de/bundestag/17"},"politician":{"id":79039,"entity_type":"politician","label":"Ernst Dieter Rossmann","api_url":"https://www.abgeordnetenwatch.de/api/v2/politicians/79039","abgeordnetenwatch_url":"https://www.abgeordnetenwatch.de/profile/ernst-dieter-rossmann"},"electoral_data":{"id":39063,"entity_type":"electoral_data","label":"Ernst Dieter Rossmann (Bundestag 2009 - 2013)","electoral_list":{"id":69,"entity_type":"electoral_list","label":"Landesliste Schleswig-Holstein (Bundestag 2009-2013)","api_url":"https://www.abgeordnetenwatch.de/api/v2/electoral-lists/69"},"list_position":1,"constituency":{"id":1725,"entity_type":"constituency","label":"7 - Pinneberg (Bundestag 2009-2013)","api_url":"https://www.abgeordnetenwatch.de/api/v2/constituencies/1725"},"constituency_result":31.8},"fraction_membership":[{"id":1289,"entity_type":"fraction_membership","label":"SPD","fraction":{"id":116,"entity_type":"fraction","label":"SPD (Bundestag 2009-2013)","api_url":"https://www.abgeordnetenwatch.de/api/v2/fractions/116"}}],"party":{}},{"id":39062,"entity_type":"candidacy_mandate","label":"Ernst Dieter Rossmann (Bundestag 2005-2009)","api_url":"https://www.abgeordnetenwatch.de/api/v2/candidacies-mandates/39062","type":"mandate","parliament_period":{"id":67,"entity_type":"parliament_period","label":"Bundestag 2005 - 2009","api_url":"https://www.abgeordnetenwatch.de/api/v2/parliament-periods/67","abgeordnetenwatch_url":"https://www.abgeordnetenwatch.de/bundestag/16"},"politician":{"id":79039,"entity_type":"politician","label":"Ernst Dieter Rossmann","api_url":"https://www.abgeordnetenwatch.de/api/v2/politicians/79039","abgeordnetenwatch_url":"https://www.abgeordnetenwatch.de/profile/ernst-dieter-rossmann"},"start_date":"1997-11-30","electoral_data":{"id":39062,"entity_type":"electoral_data","label":"Ernst Dieter Rossmann (Bundestag 2005 - 2009)","electoral_list":{"id":54,"entity_type":"electoral_list","label":"Landesliste Schleswig-Holstein (Bundestag 2005-2009)","api_url":"https://www.abgeordnetenwatch.de/api/v2/electoral-lists/54"},"list_position":1,"constituency":{"id":1453,"entity_type":"constituency","label":"7 - Pinneberg (Bundestag 2005-2009)","api_url":"https://www.abgeordnetenwatch.de/api/v2/constituencies/1453"},"mandate_won":"list"},"fraction_membership":[{"id":1288,"entity_type":"fraction_membership","label":"SPD","fraction":{"id":27,"entity_type":"fraction","label":"SPD (Bundestag 2005-2009)","api_url":"https://www.abgeordnetenwatch.de/api/v2/fractions/27"}}],"party":{}},{"id":5759,"entity_type":"candidacy_mandate","label":"Ernst Dieter Rossmann (Bundestag Wahl 2017)","api_url":"https://www.abgeordnetenwatch.de/api/v2/candidacies-mandates/5759","type":"candidacy","parliament_period":{"id":50,"entity_type":"parliament_period","label":"Bundestag Wahl 2017","api_url":"https://www.abgeordnetenwatch.de/api/v2/parliament-periods/50","abgeordnetenwatch_url":"https://www.abgeordnetenwatch.de/bundestag/wahl-2017"},"politician":{"id":79039,"entity_type":"politician","label":"Ernst Dieter Rossmann","api_url":"https://www.abgeordnetenwatch.de/api/v2/politicians/79039","abgeordnetenwatch_url":"https://www.abgeordnetenwatch.de/profile/ernst-dieter-rossmann"},"electoral_data":{"id":5759,"entity_type":"electoral_data","label":"Ernst Dieter Rossmann (Bundestag Wahl 2017)","electoral_list":{"id":279,"entity_type":"electoral_list","label":"Landesliste Schleswig-Holstein (Bundestag Wahl 2017)","api_url":"https://www.abgeordnetenwatch.de/api/v2/electoral-lists/279"},"list_position":4,"constituency":{"id":9017,"entity_type":"constituency","label":"7 - Pinneberg (Bundestag Wahl 2017)","api_url":"https://www.abgeordnetenwatch.de/api/v2/constituencies/9017"},"constituency_result":30.3,"mandate_won":"list"},"fraction_membership":{},"party":{"id":1,"entity_type":"party","label":"SPD","api_url":"https://www.abgeordnetenwatch.de/api/v2/parties/1"}},{"id":5758,"entity_type":"candidacy_mandate","label":"Ernst Dieter Rossmann (Bundestag Wahl 2013)","api_url":"https://www.abgeordnetenwatch.de/api/v2/candidacies-mandates/5758","type":"candidacy","parliament_period":{"id":36,"entity_type":"parliament_period","label":"Bundestag Wahl 2013","api_url":"https://www.abgeordnetenwatch.de/api/v2/parliament-periods/36","abgeordnetenwatch_url":"https://www.abgeordnetenwatch.de/bundestag/wahl-2013"},"politician":{"id":79039,"entity_type":"politician","label":"Ernst Dieter Rossmann","api_url":"https://www.abgeordnetenwatch.de/api/v2/politicians/79039","abgeordnetenwatch_url":"https://www.abgeordnetenwatch.de/profile/ernst-dieter-rossmann"},"electoral_data":{"id":5758,"entity_type":"electoral_data","label":"Ernst Dieter Rossmann (Bundestag Wahl 2013)","electoral_list":{},"list_position":1,"constituency":{"id":6118,"entity_type":"constituency","label":"7 - Pinneberg (Bundestag Wahl 2013)","api_url":"https://www.abgeordnetenwatch.de/api/v2/constituencies/6118"},"constituency_result":36.1,"mandate_won":"list"},"fraction_membership":{},"party":{"id":1,"entity_type":"party","label":"SPD","api_url":"https://www.abgeordnetenwatch.de/api/v2/parties/1"}},{"id":5757,"entity_type":"candidacy_mandate","label":"Ernst Dieter Rossmann (Bundestag Wahl 2009)","api_url":"https://www.abgeordnetenwatch.de/api/v2/candidacies-mandates/5757","type":"candidacy","parliament_period":{"id":22,"entity_type":"parliament_period","label":"Bundestag Wahl 2009","api_url":"https://www.abgeordnetenwatch.de/api/v2/parliament-periods/22","abgeordnetenwatch_url":"https://www.abgeordnetenwatch.de/bundestag/wahl-2009"},"politician":{"id":79039,"entity_type":"politician","label":"Ernst Dieter Rossmann","api_url":"https://www.abgeordnetenwatch.de/api/v2/politicians/79039","abgeordnetenwatch_url":"https://www.abgeordnetenwatch.de/profile/ernst-dieter-rossmann"},"electoral_data":{"id":5757,"entity_type":"electoral_data","label":"Ernst Dieter Rossmann (Bundestag Wahl 2009)","electoral_list":{},"constituency":{"id":6611,"entity_type":"constituency","label":"7 - Pinneberg (Bundestag Wahl 2009)","api_url":"https://www.abgeordnetenwatch.de/api/v2/constituencies/6611"},"constituency_result":31.8},"fraction_membership":{},"party":{"id":1,"entity_type":"party","label":"SPD","api_url":"https://www.abgeordnetenwatch.de/api/v2/parties/1"}},{"id":5756,"entity_type":"candidacy_mandate","label":"Ernst Dieter Rossmann (Bundestag Wahl 2005)","api_url":"https://www.abgeordnetenwatch.de/api/v2/candidacies-mandates/5756","type":"candidacy","parliament_period":{"id":6,"entity_type":"parliament_period","label":"Bundestag Wahl 2005","api_url":"https://www.abgeordnetenwatch.de/api/v2/parliament-periods/6","abgeordnetenwatch_url":"https://www.abgeordnetenwatch.de/bundestag/wahl-2005"},"politician":{"id":79039,"entity_type":"politician","label":"Ernst Dieter Rossmann","api_url":"https://www.abgeordnetenwatch.de/api/v2/politicians/79039","abgeordnetenwatch_url":"https://www.abgeordnetenwatch.de/profile/ernst-dieter-rossmann"},"electoral_data":{"id":5756,"entity_type":"electoral_data","label":"Ernst Dieter Rossmann (Bundestag Wahl 2005)","electoral_list":{"id":213,"entity_type":"electoral_list","label":"Landesliste Schleswig-Holstein (Bundestag Wahl 2005)","api_url":"https://www.abgeordnetenwatch.de/api/v2/electoral-lists/213"},"list_position":1,"constituency":{"id":6339,"entity_type":"constituency","label":"7 - Pinneberg (Bundestag Wahl 2005)","api_url":"https://www.abgeordnetenwatch.de/api/v2/constituencies/6339"},"constituency_result":42.8,"mandate_won":"list"},"fraction_membership":{},"party":{"id":1,"entity_type":"party","label":"SPD","api_url":"https://www.abgeordnetenwatch.de/api/v2/parties/1"}}]
