{"id":[79035],"entity_type":["politician"],"label":["Christian Schmidt"],"api_url":["https://www.abgeordnetenwatch.de/api/v2/politicians/79035"],"abgeordnetenwatch_url":["https://www.abgeordnetenwatch.de/profile/christian-schmidt"],"first_name":["Christian"],"last_name":["Schmidt"],"birth_name":{},"sex":["m"],"year_of_birth":[1957],"party":{"id":[3],"entity_type":["party"],"label":["CSU"],"api_url":["https://www.abgeordnetenwatch.de/api/v2/parties/3"]},"party_past":{},"education":["Jurist"],"residence":{},"occupation":["Bundeslandwirtschaftsminister, MdB"],"statistic_questions":[121],"statistic_questions_answered":[119],"qid_wikidata":["Q107018"],"field_title":{}}
