[{"id":53875,"entity_type":"candidacy_mandate","label":"Dagmar Schmidt (Bundestag 2021 - 2025)","api_url":"https://www.abgeordnetenwatch.de/api/v2/candidacies-mandates/53875","id_external_administration":"1932","id_external_administration_description":"mdbID aus der info-xml-Datei der Bundestagsverwaltung","type":"mandate","parliament_period":{"id":132,"entity_type":"parliament_period","label":"Bundestag 2021 - 2025","api_url":"https://www.abgeordnetenwatch.de/api/v2/parliament-periods/132","abgeordnetenwatch_url":"https://www.abgeordnetenwatch.de/bundestag"},"politician":{"id":79036,"entity_type":"politician","label":"Dagmar Schmidt","api_url":"https://www.abgeordnetenwatch.de/api/v2/politicians/79036","abgeordnetenwatch_url":"https://www.abgeordnetenwatch.de/profile/dagmar-schmidt"},"electoral_data":{"id":54799,"entity_type":"electoral_data","label":"Dagmar Schmidt (Bundestag 2021 - 2025)","electoral_list":{"id":416,"entity_type":"electoral_list","label":"Landesliste Hessen (Bundestag 2021 - 2025)","api_url":"https://www.abgeordnetenwatch.de/api/v2/electoral-lists/416"},"list_position":2,"constituency":{"id":10912,"entity_type":"constituency","label":"172 - Lahn-Dill (Bundestag 2021 - 2025)","api_url":"https://www.abgeordnetenwatch.de/api/v2/constituencies/10912"},"constituency_result":33,"mandate_won":"constituency"},"fraction_membership":[{"id":9722,"entity_type":"fraction_membership","label":"SPD","fraction":{"id":319,"entity_type":"fraction","label":"SPD (Bundestag 2021 - 2025)","api_url":"https://www.abgeordnetenwatch.de/api/v2/fractions/319"}}],"party":{}},{"id":48653,"entity_type":"candidacy_mandate","label":"Dagmar Schmidt (Bundestag Wahl 2021)","api_url":"https://www.abgeordnetenwatch.de/api/v2/candidacies-mandates/48653","type":"candidacy","parliament_period":{"id":128,"entity_type":"parliament_period","label":"Bundestag Wahl 2021","api_url":"https://www.abgeordnetenwatch.de/api/v2/parliament-periods/128","abgeordnetenwatch_url":"https://www.abgeordnetenwatch.de/bundestag/wahl-2021"},"politician":{"id":79036,"entity_type":"politician","label":"Dagmar Schmidt","api_url":"https://www.abgeordnetenwatch.de/api/v2/politicians/79036","abgeordnetenwatch_url":"https://www.abgeordnetenwatch.de/profile/dagmar-schmidt"},"electoral_data":{"id":49575,"entity_type":"electoral_data","label":"Dagmar Schmidt (Bundestag Wahl 2021)","electoral_list":{"id":362,"entity_type":"electoral_list","label":"Landesliste Hessen (Bundestag Wahl 2021)","api_url":"https://www.abgeordnetenwatch.de/api/v2/electoral-lists/362"},"list_position":2,"constituency":{"id":10229,"entity_type":"constituency","label":"172 - Lahn-Dill (Bundestag Wahl 2021)","api_url":"https://www.abgeordnetenwatch.de/api/v2/constituencies/10229"},"constituency_result":33.1,"constituency_result_count":49923,"mandate_won":"constituency"},"fraction_membership":{},"party":{"id":1,"entity_type":"party","label":"SPD","api_url":"https://www.abgeordnetenwatch.de/api/v2/parties/1"}},{"id":44567,"entity_type":"candidacy_mandate","label":"Dagmar Schmidt (Bundestag 2017 - 2021)","api_url":"https://www.abgeordnetenwatch.de/api/v2/candidacies-mandates/44567","id_external_administration":"1932","id_external_administration_description":"mdbID - ID der Bundestagsverwaltung","type":"mandate","parliament_period":{"id":111,"entity_type":"parliament_period","label":"Bundestag 2017 - 2021","api_url":"https://www.abgeordnetenwatch.de/api/v2/parliament-periods/111","abgeordnetenwatch_url":"https://www.abgeordnetenwatch.de/bundestag/19"},"politician":{"id":79036,"entity_type":"politician","label":"Dagmar Schmidt","api_url":"https://www.abgeordnetenwatch.de/api/v2/politicians/79036","abgeordnetenwatch_url":"https://www.abgeordnetenwatch.de/profile/dagmar-schmidt"},"electoral_data":{"id":44567,"entity_type":"electoral_data","label":"Dagmar Schmidt (Bundestag 2017 - 2021)","electoral_list":{"id":112,"entity_type":"electoral_list","label":"Landesliste Hessen (Bundestag 2017 - 2021)","api_url":"https://www.abgeordnetenwatch.de/api/v2/electoral-lists/112"},"list_position":4,"constituency":{"id":4296,"entity_type":"constituency","label":"172 - Lahn-Dill (Bundestag 2017 - 2021)","api_url":"https://www.abgeordnetenwatch.de/api/v2/constituencies/4296"},"constituency_result":29.7,"mandate_won":"list"},"fraction_membership":[{"id":6812,"entity_type":"fraction_membership","label":"SPD","fraction":{"id":22,"entity_type":"fraction","label":"SPD (Bundestag 2017 - 2021)","api_url":"https://www.abgeordnetenwatch.de/api/v2/fractions/22"}}],"party":{}},{"id":39058,"entity_type":"candidacy_mandate","label":"Dagmar Schmidt (Bundestag 2013-2017)","api_url":"https://www.abgeordnetenwatch.de/api/v2/candidacies-mandates/39058","type":"mandate","parliament_period":{"id":97,"entity_type":"parliament_period","label":"Bundestag 2013 - 2017","api_url":"https://www.abgeordnetenwatch.de/api/v2/parliament-periods/97","abgeordnetenwatch_url":"https://www.abgeordnetenwatch.de/bundestag/18"},"politician":{"id":79036,"entity_type":"politician","label":"Dagmar Schmidt","api_url":"https://www.abgeordnetenwatch.de/api/v2/politicians/79036","abgeordnetenwatch_url":"https://www.abgeordnetenwatch.de/profile/dagmar-schmidt"},"electoral_data":{"id":39058,"entity_type":"electoral_data","label":"Dagmar Schmidt (Bundestag 2013 - 2017)","electoral_list":{"id":32,"entity_type":"electoral_list","label":"Landesliste Hessen (Bundestag 2013-2017)","api_url":"https://www.abgeordnetenwatch.de/api/v2/electoral-lists/32"},"list_position":6,"constituency":{"id":1184,"entity_type":"constituency","label":"172 - Lahn-Dill (Bundestag 2013-2017)","api_url":"https://www.abgeordnetenwatch.de/api/v2/constituencies/1184"},"constituency_result":34.4,"mandate_won":"list"},"fraction_membership":[{"id":1284,"entity_type":"fraction_membership","label":"SPD","fraction":{"id":45,"entity_type":"fraction","label":"SPD (Bundestag 2013-2017)","api_url":"https://www.abgeordnetenwatch.de/api/v2/fractions/45"}}],"party":{}},{"id":39057,"entity_type":"candidacy_mandate","label":"Dagmar Schmidt (Bundestag 2005-2009)","api_url":"https://www.abgeordnetenwatch.de/api/v2/candidacies-mandates/39057","type":"mandate","parliament_period":{"id":67,"entity_type":"parliament_period","label":"Bundestag 2005 - 2009","api_url":"https://www.abgeordnetenwatch.de/api/v2/parliament-periods/67","abgeordnetenwatch_url":"https://www.abgeordnetenwatch.de/bundestag/16"},"politician":{"id":79036,"entity_type":"politician","label":"Dagmar Schmidt","api_url":"https://www.abgeordnetenwatch.de/api/v2/politicians/79036","abgeordnetenwatch_url":"https://www.abgeordnetenwatch.de/profile/dagmar-schmidt"},"end_date":"2005-11-09","electoral_data":{"id":39057,"entity_type":"electoral_data","label":"Dagmar Schmidt (Bundestag 2005 - 2009)","electoral_list":{"id":49,"entity_type":"electoral_list","label":"Landesliste Nordrhein-Westfalen (Bundestag 2005-2009)","api_url":"https://www.abgeordnetenwatch.de/api/v2/electoral-lists/49"},"list_position":6,"constituency":{"id":1384,"entity_type":"constituency","label":"148 - Hochsauerlandkreis (Bundestag 2005-2009)","api_url":"https://www.abgeordnetenwatch.de/api/v2/constituencies/1384"},"mandate_won":"list"},"fraction_membership":[{"id":1283,"entity_type":"fraction_membership","label":"SPD","fraction":{"id":27,"entity_type":"fraction","label":"SPD (Bundestag 2005-2009)","api_url":"https://www.abgeordnetenwatch.de/api/v2/fractions/27"}}],"party":{}},{"id":5752,"entity_type":"candidacy_mandate","label":"Dagmar Schmidt (Bundestag Wahl 2017)","api_url":"https://www.abgeordnetenwatch.de/api/v2/candidacies-mandates/5752","type":"candidacy","parliament_period":{"id":50,"entity_type":"parliament_period","label":"Bundestag Wahl 2017","api_url":"https://www.abgeordnetenwatch.de/api/v2/parliament-periods/50","abgeordnetenwatch_url":"https://www.abgeordnetenwatch.de/bundestag/wahl-2017"},"politician":{"id":79036,"entity_type":"politician","label":"Dagmar Schmidt","api_url":"https://www.abgeordnetenwatch.de/api/v2/politicians/79036","abgeordnetenwatch_url":"https://www.abgeordnetenwatch.de/profile/dagmar-schmidt"},"electoral_data":{"id":5752,"entity_type":"electoral_data","label":"Dagmar Schmidt (Bundestag Wahl 2017)","electoral_list":{"id":271,"entity_type":"electoral_list","label":"Landesliste Hessen (Bundestag Wahl 2017)","api_url":"https://www.abgeordnetenwatch.de/api/v2/electoral-lists/271"},"list_position":4,"constituency":{"id":9182,"entity_type":"constituency","label":"172 - Lahn-Dill (Bundestag Wahl 2017)","api_url":"https://www.abgeordnetenwatch.de/api/v2/constituencies/9182"},"constituency_result":29.7,"mandate_won":"list"},"fraction_membership":{},"party":{"id":1,"entity_type":"party","label":"SPD","api_url":"https://www.abgeordnetenwatch.de/api/v2/parties/1"}},{"id":5751,"entity_type":"candidacy_mandate","label":"Dagmar Schmidt (Bundestag Wahl 2013)","api_url":"https://www.abgeordnetenwatch.de/api/v2/candidacies-mandates/5751","type":"candidacy","parliament_period":{"id":36,"entity_type":"parliament_period","label":"Bundestag Wahl 2013","api_url":"https://www.abgeordnetenwatch.de/api/v2/parliament-periods/36","abgeordnetenwatch_url":"https://www.abgeordnetenwatch.de/bundestag/wahl-2013"},"politician":{"id":79036,"entity_type":"politician","label":"Dagmar Schmidt","api_url":"https://www.abgeordnetenwatch.de/api/v2/politicians/79036","abgeordnetenwatch_url":"https://www.abgeordnetenwatch.de/profile/dagmar-schmidt"},"electoral_data":{"id":5751,"entity_type":"electoral_data","label":"Dagmar Schmidt (Bundestag Wahl 2013)","electoral_list":{},"list_position":6,"constituency":{"id":6070,"entity_type":"constituency","label":"172 - Lahn-Dill (Bundestag Wahl 2013)","api_url":"https://www.abgeordnetenwatch.de/api/v2/constituencies/6070"},"constituency_result":34.4,"mandate_won":"list"},"fraction_membership":{},"party":{"id":1,"entity_type":"party","label":"SPD","api_url":"https://www.abgeordnetenwatch.de/api/v2/parties/1"}},{"id":5750,"entity_type":"candidacy_mandate","label":"Dagmar Schmidt (Bundestag Wahl 2009)","api_url":"https://www.abgeordnetenwatch.de/api/v2/candidacies-mandates/5750","type":"candidacy","parliament_period":{"id":22,"entity_type":"parliament_period","label":"Bundestag Wahl 2009","api_url":"https://www.abgeordnetenwatch.de/api/v2/parliament-periods/22","abgeordnetenwatch_url":"https://www.abgeordnetenwatch.de/bundestag/wahl-2009"},"politician":{"id":79036,"entity_type":"politician","label":"Dagmar Schmidt","api_url":"https://www.abgeordnetenwatch.de/api/v2/politicians/79036","abgeordnetenwatch_url":"https://www.abgeordnetenwatch.de/profile/dagmar-schmidt"},"electoral_data":{"id":5750,"entity_type":"electoral_data","label":"Dagmar Schmidt (Bundestag Wahl 2009)","electoral_list":{},"list_position":12,"constituency":{"id":6547,"entity_type":"constituency","label":"173 - Lahn-Dill (Bundestag Wahl 2009)","api_url":"https://www.abgeordnetenwatch.de/api/v2/constituencies/6547"},"constituency_result":33.1},"fraction_membership":{},"party":{"id":1,"entity_type":"party","label":"SPD","api_url":"https://www.abgeordnetenwatch.de/api/v2/parties/1"}},{"id":5749,"entity_type":"candidacy_mandate","label":"Dagmar Schmidt (Bundestag Wahl 2005)","api_url":"https://www.abgeordnetenwatch.de/api/v2/candidacies-mandates/5749","type":"candidacy","parliament_period":{"id":6,"entity_type":"parliament_period","label":"Bundestag Wahl 2005","api_url":"https://www.abgeordnetenwatch.de/api/v2/parliament-periods/6","abgeordnetenwatch_url":"https://www.abgeordnetenwatch.de/bundestag/wahl-2005"},"politician":{"id":79036,"entity_type":"politician","label":"Dagmar Schmidt","api_url":"https://www.abgeordnetenwatch.de/api/v2/politicians/79036","abgeordnetenwatch_url":"https://www.abgeordnetenwatch.de/profile/dagmar-schmidt"},"electoral_data":{"id":5749,"entity_type":"electoral_data","label":"Dagmar Schmidt (Bundestag Wahl 2005)","electoral_list":{"id":208,"entity_type":"electoral_list","label":"Landesliste Nordrhein-Westfalen (Bundestag Wahl 2005)","api_url":"https://www.abgeordnetenwatch.de/api/v2/electoral-lists/208"},"list_position":6,"constituency":{"id":6270,"entity_type":"constituency","label":"148 - Hochsauerlandkreis (Bundestag Wahl 2005)","api_url":"https://www.abgeordnetenwatch.de/api/v2/constituencies/6270"},"constituency_result":34.1,"mandate_won":"list"},"fraction_membership":{},"party":{"id":1,"entity_type":"party","label":"SPD","api_url":"https://www.abgeordnetenwatch.de/api/v2/parties/1"}}]
