[{"id":53640,"entity_type":"candidacy_mandate","label":"Claudia Roth (Bundestag 2021 - 2025)","api_url":"https://www.abgeordnetenwatch.de/api/v2/candidacies-mandates/53640","id_external_administration":"1307","id_external_administration_description":"mdbID aus der info-xml-Datei der Bundestagsverwaltung","type":"mandate","parliament_period":{"id":132,"entity_type":"parliament_period","label":"Bundestag 2021 - 2025","api_url":"https://www.abgeordnetenwatch.de/api/v2/parliament-periods/132","abgeordnetenwatch_url":"https://www.abgeordnetenwatch.de/bundestag"},"politician":{"id":79041,"entity_type":"politician","label":"Claudia Roth","api_url":"https://www.abgeordnetenwatch.de/api/v2/politicians/79041","abgeordnetenwatch_url":"https://www.abgeordnetenwatch.de/profile/claudia-roth"},"electoral_data":{"id":54564,"entity_type":"electoral_data","label":"Claudia Roth (Bundestag 2021 - 2025)","electoral_list":{"id":411,"entity_type":"electoral_list","label":"Landesliste Bayern (Bundestag 2021 - 2025)","api_url":"https://www.abgeordnetenwatch.de/api/v2/electoral-lists/411"},"list_position":1,"constituency":{"id":10992,"entity_type":"constituency","label":"252 - Augsburg-Stadt (Bundestag 2021 - 2025)","api_url":"https://www.abgeordnetenwatch.de/api/v2/constituencies/10992"},"constituency_result":20.6,"mandate_won":"list"},"fraction_membership":[{"id":9487,"entity_type":"fraction_membership","label":"BÜNDNIS 90/DIE GRÜNEN","fraction":{"id":321,"entity_type":"fraction","label":"BÜNDNIS 90/DIE GRÜNEN (Bundestag 2021 - 2025)","api_url":"https://www.abgeordnetenwatch.de/api/v2/fractions/321"}}],"party":{}},{"id":49121,"entity_type":"candidacy_mandate","label":"Claudia Roth (Bundestag Wahl 2021)","api_url":"https://www.abgeordnetenwatch.de/api/v2/candidacies-mandates/49121","type":"candidacy","parliament_period":{"id":128,"entity_type":"parliament_period","label":"Bundestag Wahl 2021","api_url":"https://www.abgeordnetenwatch.de/api/v2/parliament-periods/128","abgeordnetenwatch_url":"https://www.abgeordnetenwatch.de/bundestag/wahl-2021"},"politician":{"id":79041,"entity_type":"politician","label":"Claudia Roth","api_url":"https://www.abgeordnetenwatch.de/api/v2/politicians/79041","abgeordnetenwatch_url":"https://www.abgeordnetenwatch.de/profile/claudia-roth"},"electoral_data":{"id":50043,"entity_type":"electoral_data","label":"Claudia Roth (Bundestag Wahl 2021)","electoral_list":{"id":357,"entity_type":"electoral_list","label":"Landesliste Bayern (Bundestag Wahl 2021)","api_url":"https://www.abgeordnetenwatch.de/api/v2/electoral-lists/357"},"list_position":1,"constituency":{"id":10309,"entity_type":"constituency","label":"252 - Augsburg-Stadt (Bundestag Wahl 2021)","api_url":"https://www.abgeordnetenwatch.de/api/v2/constituencies/10309"},"constituency_result":20.6},"fraction_membership":{},"party":{"id":5,"entity_type":"party","label":"Bündnis 90/Die Grünen","api_url":"https://www.abgeordnetenwatch.de/api/v2/parties/5"}},{"id":45378,"entity_type":"candidacy_mandate","label":"Claudia Roth (Bundestag 2017 - 2021)","api_url":"https://www.abgeordnetenwatch.de/api/v2/candidacies-mandates/45378","id_external_administration":"1307","id_external_administration_description":"mdbID - ID der Bundestagsverwaltung","type":"mandate","parliament_period":{"id":111,"entity_type":"parliament_period","label":"Bundestag 2017 - 2021","api_url":"https://www.abgeordnetenwatch.de/api/v2/parliament-periods/111","abgeordnetenwatch_url":"https://www.abgeordnetenwatch.de/bundestag/19"},"politician":{"id":79041,"entity_type":"politician","label":"Claudia Roth","api_url":"https://www.abgeordnetenwatch.de/api/v2/politicians/79041","abgeordnetenwatch_url":"https://www.abgeordnetenwatch.de/profile/claudia-roth"},"electoral_data":{"id":45378,"entity_type":"electoral_data","label":"Claudia Roth (Bundestag 2017 - 2021)","electoral_list":{"id":107,"entity_type":"electoral_list","label":"Landesliste Bayern (Bundestag 2017 - 2021)","api_url":"https://www.abgeordnetenwatch.de/api/v2/electoral-lists/107"},"list_position":1,"constituency":{"id":4376,"entity_type":"constituency","label":"252 - Augsburg-Stadt (Bundestag 2017 - 2021)","api_url":"https://www.abgeordnetenwatch.de/api/v2/constituencies/4376"},"constituency_result":13.9,"mandate_won":"list"},"fraction_membership":[{"id":7630,"entity_type":"fraction_membership","label":"DIE GRÜNEN","fraction":{"id":153,"entity_type":"fraction","label":"DIE GRÜNEN (Bundestag 2017 - 2021)","api_url":"https://www.abgeordnetenwatch.de/api/v2/fractions/153"}}],"party":{}},{"id":39069,"entity_type":"candidacy_mandate","label":"Claudia Roth (Bundestag 2013-2017)","api_url":"https://www.abgeordnetenwatch.de/api/v2/candidacies-mandates/39069","type":"mandate","parliament_period":{"id":97,"entity_type":"parliament_period","label":"Bundestag 2013 - 2017","api_url":"https://www.abgeordnetenwatch.de/api/v2/parliament-periods/97","abgeordnetenwatch_url":"https://www.abgeordnetenwatch.de/bundestag/18"},"politician":{"id":79041,"entity_type":"politician","label":"Claudia Roth","api_url":"https://www.abgeordnetenwatch.de/api/v2/politicians/79041","abgeordnetenwatch_url":"https://www.abgeordnetenwatch.de/profile/claudia-roth"},"electoral_data":{"id":39069,"entity_type":"electoral_data","label":"Claudia Roth (Bundestag 2013 - 2017)","electoral_list":{"id":27,"entity_type":"electoral_list","label":"Landesliste Bayern (Bundestag 2013-2017)","api_url":"https://www.abgeordnetenwatch.de/api/v2/electoral-lists/27"},"list_position":1,"constituency":{"id":1103,"entity_type":"constituency","label":"252 - Augsburg-Stadt (Bundestag 2013-2017)","api_url":"https://www.abgeordnetenwatch.de/api/v2/constituencies/1103"},"constituency_result":11,"mandate_won":"list"},"fraction_membership":[{"id":1295,"entity_type":"fraction_membership","label":"DIE GRÜNEN","fraction":{"id":114,"entity_type":"fraction","label":"DIE GRÜNEN (Bundestag 2013-2017)","api_url":"https://www.abgeordnetenwatch.de/api/v2/fractions/114"}}],"party":{}},{"id":39068,"entity_type":"candidacy_mandate","label":"Claudia Roth (Bundestag 2009-2013)","api_url":"https://www.abgeordnetenwatch.de/api/v2/candidacies-mandates/39068","type":"mandate","parliament_period":{"id":83,"entity_type":"parliament_period","label":"Bundestag 2009 - 2013","api_url":"https://www.abgeordnetenwatch.de/api/v2/parliament-periods/83","abgeordnetenwatch_url":"https://www.abgeordnetenwatch.de/bundestag/17"},"politician":{"id":79041,"entity_type":"politician","label":"Claudia Roth","api_url":"https://www.abgeordnetenwatch.de/api/v2/politicians/79041","abgeordnetenwatch_url":"https://www.abgeordnetenwatch.de/profile/claudia-roth"},"electoral_data":{"id":39068,"entity_type":"electoral_data","label":"Claudia Roth (Bundestag 2009 - 2013)","electoral_list":{"id":57,"entity_type":"electoral_list","label":"Landesliste Bayern (Bundestag 2009-2013)","api_url":"https://www.abgeordnetenwatch.de/api/v2/electoral-lists/57"},"list_position":1,"constituency":{"id":1521,"entity_type":"constituency","label":"252 - Augsburg-Stadt (Bundestag 2009-2013)","api_url":"https://www.abgeordnetenwatch.de/api/v2/constituencies/1521"},"constituency_result":14.6},"fraction_membership":[{"id":1294,"entity_type":"fraction_membership","label":"DIE GRÜNEN","fraction":{"id":113,"entity_type":"fraction","label":"DIE GRÜNEN (Bundestag 2009-2013)","api_url":"https://www.abgeordnetenwatch.de/api/v2/fractions/113"}}],"party":{}},{"id":39067,"entity_type":"candidacy_mandate","label":"Claudia Roth (Bundestag 2005-2009)","api_url":"https://www.abgeordnetenwatch.de/api/v2/candidacies-mandates/39067","type":"mandate","parliament_period":{"id":67,"entity_type":"parliament_period","label":"Bundestag 2005 - 2009","api_url":"https://www.abgeordnetenwatch.de/api/v2/parliament-periods/67","abgeordnetenwatch_url":"https://www.abgeordnetenwatch.de/bundestag/16"},"politician":{"id":79041,"entity_type":"politician","label":"Claudia Roth","api_url":"https://www.abgeordnetenwatch.de/api/v2/politicians/79041","abgeordnetenwatch_url":"https://www.abgeordnetenwatch.de/profile/claudia-roth"},"start_date":"2001-11-30","electoral_data":{"id":39067,"entity_type":"electoral_data","label":"Claudia Roth (Bundestag 2005 - 2009)","electoral_list":{"id":18,"entity_type":"electoral_list","label":"Landesliste Bayern (Bundestag 2005-2009)","api_url":"https://www.abgeordnetenwatch.de/api/v2/electoral-lists/18"},"list_position":1,"constituency":{"id":1289,"entity_type":"constituency","label":"253 - Augsburg-Stadt (Bundestag 2005-2009)","api_url":"https://www.abgeordnetenwatch.de/api/v2/constituencies/1289"},"mandate_won":"list"},"fraction_membership":[{"id":1293,"entity_type":"fraction_membership","label":"DIE GRÜNEN","fraction":{"id":94,"entity_type":"fraction","label":"DIE GRÜNEN (Bundestag 2005-2009)","api_url":"https://www.abgeordnetenwatch.de/api/v2/fractions/94"}}],"party":{}},{"id":5767,"entity_type":"candidacy_mandate","label":"Claudia Roth (Bundestag Wahl 2017)","api_url":"https://www.abgeordnetenwatch.de/api/v2/candidacies-mandates/5767","type":"candidacy","parliament_period":{"id":50,"entity_type":"parliament_period","label":"Bundestag Wahl 2017","api_url":"https://www.abgeordnetenwatch.de/api/v2/parliament-periods/50","abgeordnetenwatch_url":"https://www.abgeordnetenwatch.de/bundestag/wahl-2017"},"politician":{"id":79041,"entity_type":"politician","label":"Claudia Roth","api_url":"https://www.abgeordnetenwatch.de/api/v2/politicians/79041","abgeordnetenwatch_url":"https://www.abgeordnetenwatch.de/profile/claudia-roth"},"electoral_data":{"id":5767,"entity_type":"electoral_data","label":"Claudia Roth (Bundestag Wahl 2017)","electoral_list":{"id":266,"entity_type":"electoral_list","label":"Landesliste Bayern (Bundestag Wahl 2017)","api_url":"https://www.abgeordnetenwatch.de/api/v2/electoral-lists/266"},"list_position":1,"constituency":{"id":9262,"entity_type":"constituency","label":"252 - Augsburg-Stadt (Bundestag Wahl 2017)","api_url":"https://www.abgeordnetenwatch.de/api/v2/constituencies/9262"},"constituency_result":13.9,"mandate_won":"list"},"fraction_membership":{},"party":{"id":5,"entity_type":"party","label":"Bündnis 90/Die Grünen","api_url":"https://www.abgeordnetenwatch.de/api/v2/parties/5"}},{"id":5766,"entity_type":"candidacy_mandate","label":"Claudia Roth (Bundestag Wahl 2013)","api_url":"https://www.abgeordnetenwatch.de/api/v2/candidacies-mandates/5766","type":"candidacy","parliament_period":{"id":36,"entity_type":"parliament_period","label":"Bundestag Wahl 2013","api_url":"https://www.abgeordnetenwatch.de/api/v2/parliament-periods/36","abgeordnetenwatch_url":"https://www.abgeordnetenwatch.de/bundestag/wahl-2013"},"politician":{"id":79041,"entity_type":"politician","label":"Claudia Roth","api_url":"https://www.abgeordnetenwatch.de/api/v2/politicians/79041","abgeordnetenwatch_url":"https://www.abgeordnetenwatch.de/profile/claudia-roth"},"electoral_data":{"id":5766,"entity_type":"electoral_data","label":"Claudia Roth (Bundestag Wahl 2013)","electoral_list":{},"list_position":1,"constituency":{"id":5989,"entity_type":"constituency","label":"252 - Augsburg-Stadt (Bundestag Wahl 2013)","api_url":"https://www.abgeordnetenwatch.de/api/v2/constituencies/5989"},"constituency_result":11,"mandate_won":"list"},"fraction_membership":{},"party":{"id":5,"entity_type":"party","label":"Bündnis 90/Die Grünen","api_url":"https://www.abgeordnetenwatch.de/api/v2/parties/5"}},{"id":5765,"entity_type":"candidacy_mandate","label":"Claudia Roth (Bundestag Wahl 2009)","api_url":"https://www.abgeordnetenwatch.de/api/v2/candidacies-mandates/5765","type":"candidacy","parliament_period":{"id":22,"entity_type":"parliament_period","label":"Bundestag Wahl 2009","api_url":"https://www.abgeordnetenwatch.de/api/v2/parliament-periods/22","abgeordnetenwatch_url":"https://www.abgeordnetenwatch.de/bundestag/wahl-2009"},"politician":{"id":79041,"entity_type":"politician","label":"Claudia Roth","api_url":"https://www.abgeordnetenwatch.de/api/v2/politicians/79041","abgeordnetenwatch_url":"https://www.abgeordnetenwatch.de/profile/claudia-roth"},"electoral_data":{"id":5765,"entity_type":"electoral_data","label":"Claudia Roth (Bundestag Wahl 2009)","electoral_list":{},"list_position":1,"constituency":{"id":6407,"entity_type":"constituency","label":"252 - Augsburg-Stadt (Bundestag Wahl 2009)","api_url":"https://www.abgeordnetenwatch.de/api/v2/constituencies/6407"},"constituency_result":14.6},"fraction_membership":{},"party":{"id":5,"entity_type":"party","label":"Bündnis 90/Die Grünen","api_url":"https://www.abgeordnetenwatch.de/api/v2/parties/5"}},{"id":5764,"entity_type":"candidacy_mandate","label":"Claudia Roth (Bundestag Wahl 2005)","api_url":"https://www.abgeordnetenwatch.de/api/v2/candidacies-mandates/5764","type":"candidacy","parliament_period":{"id":6,"entity_type":"parliament_period","label":"Bundestag Wahl 2005","api_url":"https://www.abgeordnetenwatch.de/api/v2/parliament-periods/6","abgeordnetenwatch_url":"https://www.abgeordnetenwatch.de/bundestag/wahl-2005"},"politician":{"id":79041,"entity_type":"politician","label":"Claudia Roth","api_url":"https://www.abgeordnetenwatch.de/api/v2/politicians/79041","abgeordnetenwatch_url":"https://www.abgeordnetenwatch.de/profile/claudia-roth"},"electoral_data":{"id":5764,"entity_type":"electoral_data","label":"Claudia Roth (Bundestag Wahl 2005)","electoral_list":{"id":177,"entity_type":"electoral_list","label":"Landesliste Bayern (Bundestag Wahl 2005)","api_url":"https://www.abgeordnetenwatch.de/api/v2/electoral-lists/177"},"list_position":1,"constituency":{"id":6175,"entity_type":"constituency","label":"253 - Augsburg-Stadt (Bundestag Wahl 2005)","api_url":"https://www.abgeordnetenwatch.de/api/v2/constituencies/6175"},"constituency_result":11.8,"mandate_won":"list"},"fraction_membership":{},"party":{"id":5,"entity_type":"party","label":"Bündnis 90/Die Grünen","api_url":"https://www.abgeordnetenwatch.de/api/v2/parties/5"}}]
