{"id":[79044],"entity_type":["politician"],"label":["Erwin Rüddel"],"api_url":["https://www.abgeordnetenwatch.de/api/v2/politicians/79044"],"abgeordnetenwatch_url":["https://www.abgeordnetenwatch.de/profile/erwin-rueddel"],"first_name":["Erwin"],"last_name":["Rüddel"],"birth_name":{},"sex":["m"],"year_of_birth":[1955],"party":{"id":[2],"entity_type":["party"],"label":["CDU"],"api_url":["https://www.abgeordnetenwatch.de/api/v2/parties/2"]},"party_past":{},"education":["Dipl.-Betriebswirt"],"residence":{},"occupation":["MdB"],"statistic_questions":[46],"statistic_questions_answered":[44],"qid_wikidata":["Q1363394"],"field_title":{}}
