{"id":[79040],"entity_type":["politician"],"label":["Tabea Rößner"],"api_url":["https://www.abgeordnetenwatch.de/api/v2/politicians/79040"],"abgeordnetenwatch_url":["https://www.abgeordnetenwatch.de/profile/tabea-roessner"],"first_name":["Tabea"],"last_name":["Rößner"],"birth_name":{},"sex":["f"],"year_of_birth":[1966],"party":{"id":[5],"entity_type":["party"],"label":["Bündnis 90/Die Grünen"],"api_url":["https://www.abgeordnetenwatch.de/api/v2/parties/5"]},"party_past":{},"deceased":{},"deceased_date":{},"education":["Musikwissenschaftlerin (M.A.) und Journalistin"],"residence":{},"occupation":["MdB"],"statistic_questions":[4],"statistic_questions_answered":[2],"qid_wikidata":["Q1564660"],"field_title":{}}
