[{"id":45381,"entity_type":"candidacy_mandate","label":"Susann Rüthrich (Bundestag 2017 - 2021)","api_url":"https://www.abgeordnetenwatch.de/api/v2/candidacies-mandates/45381","id_external_administration":"1922","id_external_administration_description":"mdbID - ID der Bundestagsverwaltung","type":"mandate","parliament_period":{"id":111,"entity_type":"parliament_period","label":"Bundestag 2017 - 2021","api_url":"https://www.abgeordnetenwatch.de/api/v2/parliament-periods/111","abgeordnetenwatch_url":"https://www.abgeordnetenwatch.de/bundestag/19"},"politician":{"id":79048,"entity_type":"politician","label":"Susann Rüthrich","api_url":"https://www.abgeordnetenwatch.de/api/v2/politicians/79048","abgeordnetenwatch_url":"https://www.abgeordnetenwatch.de/profile/susann-ruethrich"},"electoral_data":{"id":45381,"entity_type":"electoral_data","label":"Susann Rüthrich (Bundestag 2017 - 2021)","electoral_list":{"id":118,"entity_type":"electoral_list","label":"Landesliste Sachsen (Bundestag 2017 - 2021)","api_url":"https://www.abgeordnetenwatch.de/api/v2/electoral-lists/118"},"list_position":3,"constituency":{"id":4279,"entity_type":"constituency","label":"155 - Meißen (Bundestag 2017 - 2021)","api_url":"https://www.abgeordnetenwatch.de/api/v2/constituencies/4279"},"constituency_result":8.9,"mandate_won":"list"},"fraction_membership":[{"id":7633,"entity_type":"fraction_membership","label":"SPD","fraction":{"id":22,"entity_type":"fraction","label":"SPD (Bundestag 2017 - 2021)","api_url":"https://www.abgeordnetenwatch.de/api/v2/fractions/22"}}],"party":{}},{"id":39086,"entity_type":"candidacy_mandate","label":"Susann Rüthrich (Bundestag 2013-2017)","api_url":"https://www.abgeordnetenwatch.de/api/v2/candidacies-mandates/39086","type":"mandate","parliament_period":{"id":97,"entity_type":"parliament_period","label":"Bundestag 2013 - 2017","api_url":"https://www.abgeordnetenwatch.de/api/v2/parliament-periods/97","abgeordnetenwatch_url":"https://www.abgeordnetenwatch.de/bundestag/18"},"politician":{"id":79048,"entity_type":"politician","label":"Susann Rüthrich","api_url":"https://www.abgeordnetenwatch.de/api/v2/politicians/79048","abgeordnetenwatch_url":"https://www.abgeordnetenwatch.de/profile/susann-ruethrich"},"electoral_data":{"id":39086,"entity_type":"electoral_data","label":"Susann Rüthrich (Bundestag 2013 - 2017)","electoral_list":{"id":37,"entity_type":"electoral_list","label":"Landesliste Sachsen (Bundestag 2013-2017)","api_url":"https://www.abgeordnetenwatch.de/api/v2/electoral-lists/37"},"list_position":6,"constituency":{"id":201,"entity_type":"constituency","label":"155 - Meißen (Bundestag 2013-2017)","api_url":"https://www.abgeordnetenwatch.de/api/v2/constituencies/201"},"constituency_result":12.7,"mandate_won":"list"},"fraction_membership":[{"id":1312,"entity_type":"fraction_membership","label":"SPD","fraction":{"id":45,"entity_type":"fraction","label":"SPD (Bundestag 2013-2017)","api_url":"https://www.abgeordnetenwatch.de/api/v2/fractions/45"}}],"party":{}},{"id":5793,"entity_type":"candidacy_mandate","label":"Susann Rüthrich (Bundestag Wahl 2017)","api_url":"https://www.abgeordnetenwatch.de/api/v2/candidacies-mandates/5793","type":"candidacy","parliament_period":{"id":50,"entity_type":"parliament_period","label":"Bundestag Wahl 2017","api_url":"https://www.abgeordnetenwatch.de/api/v2/parliament-periods/50","abgeordnetenwatch_url":"https://www.abgeordnetenwatch.de/bundestag/wahl-2017"},"politician":{"id":79048,"entity_type":"politician","label":"Susann Rüthrich","api_url":"https://www.abgeordnetenwatch.de/api/v2/politicians/79048","abgeordnetenwatch_url":"https://www.abgeordnetenwatch.de/profile/susann-ruethrich"},"electoral_data":{"id":5793,"entity_type":"electoral_data","label":"Susann Rüthrich (Bundestag Wahl 2017)","electoral_list":{"id":277,"entity_type":"electoral_list","label":"Landesliste Sachsen (Bundestag Wahl 2017)","api_url":"https://www.abgeordnetenwatch.de/api/v2/electoral-lists/277"},"list_position":3,"constituency":{"id":9165,"entity_type":"constituency","label":"155 - Meißen (Bundestag Wahl 2017)","api_url":"https://www.abgeordnetenwatch.de/api/v2/constituencies/9165"},"constituency_result":8.9,"mandate_won":"list"},"fraction_membership":{},"party":{"id":1,"entity_type":"party","label":"SPD","api_url":"https://www.abgeordnetenwatch.de/api/v2/parties/1"}},{"id":5792,"entity_type":"candidacy_mandate","label":"Susann Rüthrich (Bundestag Wahl 2013)","api_url":"https://www.abgeordnetenwatch.de/api/v2/candidacies-mandates/5792","type":"candidacy","parliament_period":{"id":36,"entity_type":"parliament_period","label":"Bundestag Wahl 2013","api_url":"https://www.abgeordnetenwatch.de/api/v2/parliament-periods/36","abgeordnetenwatch_url":"https://www.abgeordnetenwatch.de/bundestag/wahl-2013"},"politician":{"id":79048,"entity_type":"politician","label":"Susann Rüthrich","api_url":"https://www.abgeordnetenwatch.de/api/v2/politicians/79048","abgeordnetenwatch_url":"https://www.abgeordnetenwatch.de/profile/susann-ruethrich"},"electoral_data":{"id":5792,"entity_type":"electoral_data","label":"Susann Rüthrich (Bundestag Wahl 2013)","electoral_list":{},"list_position":6,"constituency":{"id":5087,"entity_type":"constituency","label":"155 - Meißen (Bundestag Wahl 2013)","api_url":"https://www.abgeordnetenwatch.de/api/v2/constituencies/5087"},"constituency_result":12.7,"mandate_won":"list"},"fraction_membership":{},"party":{"id":1,"entity_type":"party","label":"SPD","api_url":"https://www.abgeordnetenwatch.de/api/v2/parties/1"}},{"id":5791,"entity_type":"candidacy_mandate","label":"Susann Rüthrich (Bundestag Wahl 2009)","api_url":"https://www.abgeordnetenwatch.de/api/v2/candidacies-mandates/5791","type":"candidacy","parliament_period":{"id":22,"entity_type":"parliament_period","label":"Bundestag Wahl 2009","api_url":"https://www.abgeordnetenwatch.de/api/v2/parliament-periods/22","abgeordnetenwatch_url":"https://www.abgeordnetenwatch.de/bundestag/wahl-2009"},"politician":{"id":79048,"entity_type":"politician","label":"Susann Rüthrich","api_url":"https://www.abgeordnetenwatch.de/api/v2/politicians/79048","abgeordnetenwatch_url":"https://www.abgeordnetenwatch.de/profile/susann-ruethrich"},"electoral_data":{"id":5791,"entity_type":"electoral_data","label":"Susann Rüthrich (Bundestag Wahl 2009)","electoral_list":{},"constituency":{"id":5164,"entity_type":"constituency","label":"156 - Meißen (Bundestag Wahl 2009)","api_url":"https://www.abgeordnetenwatch.de/api/v2/constituencies/5164"},"constituency_result":12.5},"fraction_membership":{},"party":{"id":1,"entity_type":"party","label":"SPD","api_url":"https://www.abgeordnetenwatch.de/api/v2/parties/1"}}]
