[{"id":54071,"entity_type":"candidacy_mandate","label":"Albert Rupprecht (Bundestag 2021 - 2025)","api_url":"https://www.abgeordnetenwatch.de/api/v2/candidacies-mandates/54071","id_external_administration":"1314","id_external_administration_description":"mdbID aus der info-xml-Datei der Bundestagsverwaltung","type":"mandate","parliament_period":{"id":132,"entity_type":"parliament_period","label":"Bundestag 2021 - 2025","api_url":"https://www.abgeordnetenwatch.de/api/v2/parliament-periods/132","abgeordnetenwatch_url":"https://www.abgeordnetenwatch.de/bundestag"},"politician":{"id":79047,"entity_type":"politician","label":"Albert Rupprecht","api_url":"https://www.abgeordnetenwatch.de/api/v2/politicians/79047","abgeordnetenwatch_url":"https://www.abgeordnetenwatch.de/profile/albert-rupprecht"},"electoral_data":{"id":54995,"entity_type":"electoral_data","label":"Albert Rupprecht (Bundestag 2021 - 2025)","electoral_list":{},"constituency":{"id":10975,"entity_type":"constituency","label":"235 - Weiden (Bundestag 2021 - 2025)","api_url":"https://www.abgeordnetenwatch.de/api/v2/constituencies/10975"},"constituency_result":38,"mandate_won":"constituency"},"fraction_membership":[{"id":9918,"entity_type":"fraction_membership","label":"CDU/CSU","fraction":{"id":320,"entity_type":"fraction","label":"CDU/CSU (Bundestag 2021 - 2025)","api_url":"https://www.abgeordnetenwatch.de/api/v2/fractions/320"}}],"party":{}},{"id":49742,"entity_type":"candidacy_mandate","label":"Albert Rupprecht (Bundestag Wahl 2021)","api_url":"https://www.abgeordnetenwatch.de/api/v2/candidacies-mandates/49742","type":"candidacy","parliament_period":{"id":128,"entity_type":"parliament_period","label":"Bundestag Wahl 2021","api_url":"https://www.abgeordnetenwatch.de/api/v2/parliament-periods/128","abgeordnetenwatch_url":"https://www.abgeordnetenwatch.de/bundestag/wahl-2021"},"politician":{"id":79047,"entity_type":"politician","label":"Albert Rupprecht","api_url":"https://www.abgeordnetenwatch.de/api/v2/politicians/79047","abgeordnetenwatch_url":"https://www.abgeordnetenwatch.de/profile/albert-rupprecht"},"electoral_data":{"id":50664,"entity_type":"electoral_data","label":"Albert Rupprecht (Bundestag Wahl 2021)","electoral_list":{},"constituency":{"id":10292,"entity_type":"constituency","label":"235 - Weiden (Bundestag Wahl 2021)","api_url":"https://www.abgeordnetenwatch.de/api/v2/constituencies/10292"},"constituency_result":38.5,"constituency_result_count":50576},"fraction_membership":{},"party":{"id":3,"entity_type":"party","label":"CSU","api_url":"https://www.abgeordnetenwatch.de/api/v2/parties/3"}},{"id":45636,"entity_type":"candidacy_mandate","label":"Albert Rupprecht (Bundestag 2017 - 2021)","api_url":"https://www.abgeordnetenwatch.de/api/v2/candidacies-mandates/45636","id_external_administration":"1314","id_external_administration_description":"mdbID - ID der Bundestagsverwaltung","type":"mandate","parliament_period":{"id":111,"entity_type":"parliament_period","label":"Bundestag 2017 - 2021","api_url":"https://www.abgeordnetenwatch.de/api/v2/parliament-periods/111","abgeordnetenwatch_url":"https://www.abgeordnetenwatch.de/bundestag/19"},"politician":{"id":79047,"entity_type":"politician","label":"Albert Rupprecht","api_url":"https://www.abgeordnetenwatch.de/api/v2/politicians/79047","abgeordnetenwatch_url":"https://www.abgeordnetenwatch.de/profile/albert-rupprecht"},"electoral_data":{"id":45636,"entity_type":"electoral_data","label":"Albert Rupprecht (Bundestag 2017 - 2021)","electoral_list":{"id":107,"entity_type":"electoral_list","label":"Landesliste Bayern (Bundestag 2017 - 2021)","api_url":"https://www.abgeordnetenwatch.de/api/v2/electoral-lists/107"},"list_position":35,"constituency":{"id":4359,"entity_type":"constituency","label":"235 - Weiden (Bundestag 2017 - 2021)","api_url":"https://www.abgeordnetenwatch.de/api/v2/constituencies/4359"},"constituency_result":46.2,"mandate_won":"constituency"},"fraction_membership":[{"id":7892,"entity_type":"fraction_membership","label":"CDU/CSU","fraction":{"id":81,"entity_type":"fraction","label":"CDU/CSU (Bundestag 2017 - 2021)","api_url":"https://www.abgeordnetenwatch.de/api/v2/fractions/81"}}],"party":{}},{"id":39085,"entity_type":"candidacy_mandate","label":"Albert Rupprecht (Bundestag 2013-2017)","api_url":"https://www.abgeordnetenwatch.de/api/v2/candidacies-mandates/39085","type":"mandate","parliament_period":{"id":97,"entity_type":"parliament_period","label":"Bundestag 2013 - 2017","api_url":"https://www.abgeordnetenwatch.de/api/v2/parliament-periods/97","abgeordnetenwatch_url":"https://www.abgeordnetenwatch.de/bundestag/18"},"politician":{"id":79047,"entity_type":"politician","label":"Albert Rupprecht","api_url":"https://www.abgeordnetenwatch.de/api/v2/politicians/79047","abgeordnetenwatch_url":"https://www.abgeordnetenwatch.de/profile/albert-rupprecht"},"electoral_data":{"id":39085,"entity_type":"electoral_data","label":"Albert Rupprecht (Bundestag 2013 - 2017)","electoral_list":{"id":27,"entity_type":"electoral_list","label":"Landesliste Bayern (Bundestag 2013-2017)","api_url":"https://www.abgeordnetenwatch.de/api/v2/electoral-lists/27"},"list_position":22,"constituency":{"id":1274,"entity_type":"constituency","label":"235 - Weiden (Bundestag 2013-2017)","api_url":"https://www.abgeordnetenwatch.de/api/v2/constituencies/1274"},"constituency_result":55.1,"mandate_won":"constituency"},"fraction_membership":[{"id":1311,"entity_type":"fraction_membership","label":"CDU/CSU","fraction":{"id":111,"entity_type":"fraction","label":"CDU/CSU (Bundestag 2013-2017)","api_url":"https://www.abgeordnetenwatch.de/api/v2/fractions/111"}}],"party":{}},{"id":39084,"entity_type":"candidacy_mandate","label":"Albert Rupprecht (Bundestag 2009-2013)","api_url":"https://www.abgeordnetenwatch.de/api/v2/candidacies-mandates/39084","type":"mandate","parliament_period":{"id":83,"entity_type":"parliament_period","label":"Bundestag 2009 - 2013","api_url":"https://www.abgeordnetenwatch.de/api/v2/parliament-periods/83","abgeordnetenwatch_url":"https://www.abgeordnetenwatch.de/bundestag/17"},"politician":{"id":79047,"entity_type":"politician","label":"Albert Rupprecht","api_url":"https://www.abgeordnetenwatch.de/api/v2/politicians/79047","abgeordnetenwatch_url":"https://www.abgeordnetenwatch.de/profile/albert-rupprecht"},"electoral_data":{"id":39084,"entity_type":"electoral_data","label":"Albert Rupprecht (Bundestag 2009 - 2013)","electoral_list":{"id":57,"entity_type":"electoral_list","label":"Landesliste Bayern (Bundestag 2009-2013)","api_url":"https://www.abgeordnetenwatch.de/api/v2/electoral-lists/57"},"list_position":22,"constituency":{"id":1789,"entity_type":"constituency","label":"235 - Weiden (Bundestag 2009-2013)","api_url":"https://www.abgeordnetenwatch.de/api/v2/constituencies/1789"},"constituency_result":44.9},"fraction_membership":[{"id":1310,"entity_type":"fraction_membership","label":"CDU/CSU","fraction":{"id":112,"entity_type":"fraction","label":"CDU/CSU (Bundestag 2009-2013)","api_url":"https://www.abgeordnetenwatch.de/api/v2/fractions/112"}}],"party":{}},{"id":39083,"entity_type":"candidacy_mandate","label":"Albert Rupprecht (Bundestag 2005-2009)","api_url":"https://www.abgeordnetenwatch.de/api/v2/candidacies-mandates/39083","type":"mandate","parliament_period":{"id":67,"entity_type":"parliament_period","label":"Bundestag 2005 - 2009","api_url":"https://www.abgeordnetenwatch.de/api/v2/parliament-periods/67","abgeordnetenwatch_url":"https://www.abgeordnetenwatch.de/bundestag/16"},"politician":{"id":79047,"entity_type":"politician","label":"Albert Rupprecht","api_url":"https://www.abgeordnetenwatch.de/api/v2/politicians/79047","abgeordnetenwatch_url":"https://www.abgeordnetenwatch.de/profile/albert-rupprecht"},"start_date":"2001-11-30","electoral_data":{"id":39083,"entity_type":"electoral_data","label":"Albert Rupprecht (Bundestag 2005 - 2009)","electoral_list":{"id":18,"entity_type":"electoral_list","label":"Landesliste Bayern (Bundestag 2005-2009)","api_url":"https://www.abgeordnetenwatch.de/api/v2/electoral-lists/18"},"list_position":20,"constituency":{"id":1506,"entity_type":"constituency","label":"236 - Weiden (Bundestag 2005-2009)","api_url":"https://www.abgeordnetenwatch.de/api/v2/constituencies/1506"}},"fraction_membership":[{"id":1309,"entity_type":"fraction_membership","label":"CDU/CSU","fraction":{"id":26,"entity_type":"fraction","label":"CDU/CSU (Bundestag 2005-2009)","api_url":"https://www.abgeordnetenwatch.de/api/v2/fractions/26"}}],"party":{}},{"id":5790,"entity_type":"candidacy_mandate","label":"Albert Rupprecht (Bundestag Wahl 2017)","api_url":"https://www.abgeordnetenwatch.de/api/v2/candidacies-mandates/5790","type":"candidacy","parliament_period":{"id":50,"entity_type":"parliament_period","label":"Bundestag Wahl 2017","api_url":"https://www.abgeordnetenwatch.de/api/v2/parliament-periods/50","abgeordnetenwatch_url":"https://www.abgeordnetenwatch.de/bundestag/wahl-2017"},"politician":{"id":79047,"entity_type":"politician","label":"Albert Rupprecht","api_url":"https://www.abgeordnetenwatch.de/api/v2/politicians/79047","abgeordnetenwatch_url":"https://www.abgeordnetenwatch.de/profile/albert-rupprecht"},"electoral_data":{"id":5790,"entity_type":"electoral_data","label":"Albert Rupprecht (Bundestag Wahl 2017)","electoral_list":{"id":266,"entity_type":"electoral_list","label":"Landesliste Bayern (Bundestag Wahl 2017)","api_url":"https://www.abgeordnetenwatch.de/api/v2/electoral-lists/266"},"list_position":35,"constituency":{"id":9245,"entity_type":"constituency","label":"235 - Weiden (Bundestag Wahl 2017)","api_url":"https://www.abgeordnetenwatch.de/api/v2/constituencies/9245"},"constituency_result":46.2,"mandate_won":"constituency"},"fraction_membership":{},"party":{"id":3,"entity_type":"party","label":"CSU","api_url":"https://www.abgeordnetenwatch.de/api/v2/parties/3"}},{"id":5789,"entity_type":"candidacy_mandate","label":"Albert Rupprecht (Bundestag Wahl 2013)","api_url":"https://www.abgeordnetenwatch.de/api/v2/candidacies-mandates/5789","type":"candidacy","parliament_period":{"id":36,"entity_type":"parliament_period","label":"Bundestag Wahl 2013","api_url":"https://www.abgeordnetenwatch.de/api/v2/parliament-periods/36","abgeordnetenwatch_url":"https://www.abgeordnetenwatch.de/bundestag/wahl-2013"},"politician":{"id":79047,"entity_type":"politician","label":"Albert Rupprecht","api_url":"https://www.abgeordnetenwatch.de/api/v2/politicians/79047","abgeordnetenwatch_url":"https://www.abgeordnetenwatch.de/profile/albert-rupprecht"},"electoral_data":{"id":5789,"entity_type":"electoral_data","label":"Albert Rupprecht (Bundestag Wahl 2013)","electoral_list":{},"list_position":22,"constituency":{"id":6160,"entity_type":"constituency","label":"235 - Weiden (Bundestag Wahl 2013)","api_url":"https://www.abgeordnetenwatch.de/api/v2/constituencies/6160"},"constituency_result":55.1,"mandate_won":"constituency"},"fraction_membership":{},"party":{"id":3,"entity_type":"party","label":"CSU","api_url":"https://www.abgeordnetenwatch.de/api/v2/parties/3"}},{"id":5788,"entity_type":"candidacy_mandate","label":"Albert Rupprecht (Bundestag Wahl 2009)","api_url":"https://www.abgeordnetenwatch.de/api/v2/candidacies-mandates/5788","type":"candidacy","parliament_period":{"id":22,"entity_type":"parliament_period","label":"Bundestag Wahl 2009","api_url":"https://www.abgeordnetenwatch.de/api/v2/parliament-periods/22","abgeordnetenwatch_url":"https://www.abgeordnetenwatch.de/bundestag/wahl-2009"},"politician":{"id":79047,"entity_type":"politician","label":"Albert Rupprecht","api_url":"https://www.abgeordnetenwatch.de/api/v2/politicians/79047","abgeordnetenwatch_url":"https://www.abgeordnetenwatch.de/profile/albert-rupprecht"},"electoral_data":{"id":5788,"entity_type":"electoral_data","label":"Albert Rupprecht (Bundestag Wahl 2009)","electoral_list":{},"list_position":22,"constituency":{"id":6675,"entity_type":"constituency","label":"235 - Weiden (Bundestag Wahl 2009)","api_url":"https://www.abgeordnetenwatch.de/api/v2/constituencies/6675"},"constituency_result":44.9,"mandate_won":"constituency"},"fraction_membership":{},"party":{"id":3,"entity_type":"party","label":"CSU","api_url":"https://www.abgeordnetenwatch.de/api/v2/parties/3"}},{"id":5787,"entity_type":"candidacy_mandate","label":"Albert Rupprecht (Bundestag Wahl 2005)","api_url":"https://www.abgeordnetenwatch.de/api/v2/candidacies-mandates/5787","type":"candidacy","parliament_period":{"id":6,"entity_type":"parliament_period","label":"Bundestag Wahl 2005","api_url":"https://www.abgeordnetenwatch.de/api/v2/parliament-periods/6","abgeordnetenwatch_url":"https://www.abgeordnetenwatch.de/bundestag/wahl-2005"},"politician":{"id":79047,"entity_type":"politician","label":"Albert Rupprecht","api_url":"https://www.abgeordnetenwatch.de/api/v2/politicians/79047","abgeordnetenwatch_url":"https://www.abgeordnetenwatch.de/profile/albert-rupprecht"},"electoral_data":{"id":5787,"entity_type":"electoral_data","label":"Albert Rupprecht (Bundestag Wahl 2005)","electoral_list":{"id":177,"entity_type":"electoral_list","label":"Landesliste Bayern (Bundestag Wahl 2005)","api_url":"https://www.abgeordnetenwatch.de/api/v2/electoral-lists/177"},"list_position":20,"constituency":{"id":6392,"entity_type":"constituency","label":"236 - Weiden (Bundestag Wahl 2005)","api_url":"https://www.abgeordnetenwatch.de/api/v2/constituencies/6392"},"constituency_result":48.4},"fraction_membership":{},"party":{"id":3,"entity_type":"party","label":"CSU","api_url":"https://www.abgeordnetenwatch.de/api/v2/parties/3"}}]
