[{"id":53588,"entity_type":"candidacy_mandate","label":"Corinna Rüffer (Bundestag 2021 - 2025)","api_url":"https://www.abgeordnetenwatch.de/api/v2/candidacies-mandates/53588","id_external_administration":"1921","id_external_administration_description":"mdbID aus der info-xml-Datei der Bundestagsverwaltung","type":"mandate","parliament_period":{"id":132,"entity_type":"parliament_period","label":"Bundestag 2021 - 2025","api_url":"https://www.abgeordnetenwatch.de/api/v2/parliament-periods/132","abgeordnetenwatch_url":"https://www.abgeordnetenwatch.de/bundestag"},"politician":{"id":79046,"entity_type":"politician","label":"Corinna Rüffer","api_url":"https://www.abgeordnetenwatch.de/api/v2/politicians/79046","abgeordnetenwatch_url":"https://www.abgeordnetenwatch.de/profile/corinna-rueffer"},"electoral_data":{"id":54512,"entity_type":"electoral_data","label":"Corinna Rüffer (Bundestag 2021 - 2025)","electoral_list":{"id":420,"entity_type":"electoral_list","label":"Landesliste Rheinland-Pfalz (Bundestag 2021 - 2025)","api_url":"https://www.abgeordnetenwatch.de/api/v2/electoral-lists/420"},"list_position":3,"constituency":{"id":10943,"entity_type":"constituency","label":"203 - Trier (Bundestag 2021 - 2025)","api_url":"https://www.abgeordnetenwatch.de/api/v2/constituencies/10943"},"constituency_result":13,"constituency_result_count":18917,"mandate_won":"list"},"fraction_membership":[{"id":9435,"entity_type":"fraction_membership","label":"BÜNDNIS 90/DIE GRÜNEN","fraction":{"id":321,"entity_type":"fraction","label":"BÜNDNIS 90/DIE GRÜNEN (Bundestag 2021 - 2025)","api_url":"https://www.abgeordnetenwatch.de/api/v2/fractions/321"}}],"party":{}},{"id":49122,"entity_type":"candidacy_mandate","label":"Corinna Rüffer (Bundestag Wahl 2021)","api_url":"https://www.abgeordnetenwatch.de/api/v2/candidacies-mandates/49122","type":"candidacy","parliament_period":{"id":128,"entity_type":"parliament_period","label":"Bundestag Wahl 2021","api_url":"https://www.abgeordnetenwatch.de/api/v2/parliament-periods/128","abgeordnetenwatch_url":"https://www.abgeordnetenwatch.de/bundestag/wahl-2021"},"politician":{"id":79046,"entity_type":"politician","label":"Corinna Rüffer","api_url":"https://www.abgeordnetenwatch.de/api/v2/politicians/79046","abgeordnetenwatch_url":"https://www.abgeordnetenwatch.de/profile/corinna-rueffer"},"electoral_data":{"id":50044,"entity_type":"electoral_data","label":"Corinna Rüffer (Bundestag Wahl 2021)","electoral_list":{"id":366,"entity_type":"electoral_list","label":"Landesliste Rheinland-Pfalz (Bundestag Wahl 2021)","api_url":"https://www.abgeordnetenwatch.de/api/v2/electoral-lists/366"},"list_position":3,"constituency":{"id":10260,"entity_type":"constituency","label":"203 - Trier (Bundestag Wahl 2021)","api_url":"https://www.abgeordnetenwatch.de/api/v2/constituencies/10260"},"constituency_result":13},"fraction_membership":{},"party":{"id":5,"entity_type":"party","label":"Bündnis 90/Die Grünen","api_url":"https://www.abgeordnetenwatch.de/api/v2/parties/5"}},{"id":45497,"entity_type":"candidacy_mandate","label":"Corinna Rüffer (Bundestag 2017 - 2021)","api_url":"https://www.abgeordnetenwatch.de/api/v2/candidacies-mandates/45497","id_external_administration":"1921","id_external_administration_description":"mdbID - ID der Bundestagsverwaltung","type":"mandate","parliament_period":{"id":111,"entity_type":"parliament_period","label":"Bundestag 2017 - 2021","api_url":"https://www.abgeordnetenwatch.de/api/v2/parliament-periods/111","abgeordnetenwatch_url":"https://www.abgeordnetenwatch.de/bundestag/19"},"politician":{"id":79046,"entity_type":"politician","label":"Corinna Rüffer","api_url":"https://www.abgeordnetenwatch.de/api/v2/politicians/79046","abgeordnetenwatch_url":"https://www.abgeordnetenwatch.de/profile/corinna-rueffer"},"electoral_data":{"id":45497,"entity_type":"electoral_data","label":"Corinna Rüffer (Bundestag 2017 - 2021)","electoral_list":{"id":116,"entity_type":"electoral_list","label":"Landesliste Rheinland-Pfalz (Bundestag 2017 - 2021)","api_url":"https://www.abgeordnetenwatch.de/api/v2/electoral-lists/116"},"list_position":3,"constituency":{"id":4327,"entity_type":"constituency","label":"203 - Trier (Bundestag 2017 - 2021)","api_url":"https://www.abgeordnetenwatch.de/api/v2/constituencies/4327"},"constituency_result":6.5,"mandate_won":"list"},"fraction_membership":[{"id":7752,"entity_type":"fraction_membership","label":"DIE GRÜNEN","fraction":{"id":153,"entity_type":"fraction","label":"DIE GRÜNEN (Bundestag 2017 - 2021)","api_url":"https://www.abgeordnetenwatch.de/api/v2/fractions/153"}}],"party":{}},{"id":39082,"entity_type":"candidacy_mandate","label":"Corinna Rüffer (Bundestag 2013-2017)","api_url":"https://www.abgeordnetenwatch.de/api/v2/candidacies-mandates/39082","type":"mandate","parliament_period":{"id":97,"entity_type":"parliament_period","label":"Bundestag 2013 - 2017","api_url":"https://www.abgeordnetenwatch.de/api/v2/parliament-periods/97","abgeordnetenwatch_url":"https://www.abgeordnetenwatch.de/bundestag/18"},"politician":{"id":79046,"entity_type":"politician","label":"Corinna Rüffer","api_url":"https://www.abgeordnetenwatch.de/api/v2/politicians/79046","abgeordnetenwatch_url":"https://www.abgeordnetenwatch.de/profile/corinna-rueffer"},"electoral_data":{"id":39082,"entity_type":"electoral_data","label":"Corinna Rüffer (Bundestag 2013 - 2017)","electoral_list":{"id":36,"entity_type":"electoral_list","label":"Landesliste Rheinland-Pfalz (Bundestag 2013-2017)","api_url":"https://www.abgeordnetenwatch.de/api/v2/electoral-lists/36"},"list_position":3,"constituency":{"id":1265,"entity_type":"constituency","label":"204 - Trier (Bundestag 2013-2017)","api_url":"https://www.abgeordnetenwatch.de/api/v2/constituencies/1265"},"constituency_result":6.9,"mandate_won":"list"},"fraction_membership":[{"id":1308,"entity_type":"fraction_membership","label":"DIE GRÜNEN","fraction":{"id":114,"entity_type":"fraction","label":"DIE GRÜNEN (Bundestag 2013-2017)","api_url":"https://www.abgeordnetenwatch.de/api/v2/fractions/114"}}],"party":{}},{"id":5786,"entity_type":"candidacy_mandate","label":"Corinna Rüffer (Bundestag Wahl 2017)","api_url":"https://www.abgeordnetenwatch.de/api/v2/candidacies-mandates/5786","type":"candidacy","parliament_period":{"id":50,"entity_type":"parliament_period","label":"Bundestag Wahl 2017","api_url":"https://www.abgeordnetenwatch.de/api/v2/parliament-periods/50","abgeordnetenwatch_url":"https://www.abgeordnetenwatch.de/bundestag/wahl-2017"},"politician":{"id":79046,"entity_type":"politician","label":"Corinna Rüffer","api_url":"https://www.abgeordnetenwatch.de/api/v2/politicians/79046","abgeordnetenwatch_url":"https://www.abgeordnetenwatch.de/profile/corinna-rueffer"},"electoral_data":{"id":5786,"entity_type":"electoral_data","label":"Corinna Rüffer (Bundestag Wahl 2017)","electoral_list":{"id":275,"entity_type":"electoral_list","label":"Landesliste Rheinland-Pfalz (Bundestag Wahl 2017)","api_url":"https://www.abgeordnetenwatch.de/api/v2/electoral-lists/275"},"list_position":3,"constituency":{"id":9213,"entity_type":"constituency","label":"203 - Trier (Bundestag Wahl 2017)","api_url":"https://www.abgeordnetenwatch.de/api/v2/constituencies/9213"},"constituency_result":6.5,"mandate_won":"list"},"fraction_membership":{},"party":{"id":5,"entity_type":"party","label":"Bündnis 90/Die Grünen","api_url":"https://www.abgeordnetenwatch.de/api/v2/parties/5"}},{"id":5785,"entity_type":"candidacy_mandate","label":"Corinna Rüffer (Bundestag Wahl 2013)","api_url":"https://www.abgeordnetenwatch.de/api/v2/candidacies-mandates/5785","type":"candidacy","parliament_period":{"id":36,"entity_type":"parliament_period","label":"Bundestag Wahl 2013","api_url":"https://www.abgeordnetenwatch.de/api/v2/parliament-periods/36","abgeordnetenwatch_url":"https://www.abgeordnetenwatch.de/bundestag/wahl-2013"},"politician":{"id":79046,"entity_type":"politician","label":"Corinna Rüffer","api_url":"https://www.abgeordnetenwatch.de/api/v2/politicians/79046","abgeordnetenwatch_url":"https://www.abgeordnetenwatch.de/profile/corinna-rueffer"},"electoral_data":{"id":5785,"entity_type":"electoral_data","label":"Corinna Rüffer (Bundestag Wahl 2013)","electoral_list":{},"list_position":3,"constituency":{"id":6151,"entity_type":"constituency","label":"204 - Trier (Bundestag Wahl 2013)","api_url":"https://www.abgeordnetenwatch.de/api/v2/constituencies/6151"},"constituency_result":6.9,"mandate_won":"list"},"fraction_membership":{},"party":{"id":5,"entity_type":"party","label":"Bündnis 90/Die Grünen","api_url":"https://www.abgeordnetenwatch.de/api/v2/parties/5"}},{"id":5784,"entity_type":"candidacy_mandate","label":"Corinna Rüffer (Bundestag Wahl 2005)","api_url":"https://www.abgeordnetenwatch.de/api/v2/candidacies-mandates/5784","type":"candidacy","parliament_period":{"id":6,"entity_type":"parliament_period","label":"Bundestag Wahl 2005","api_url":"https://www.abgeordnetenwatch.de/api/v2/parliament-periods/6","abgeordnetenwatch_url":"https://www.abgeordnetenwatch.de/bundestag/wahl-2005"},"politician":{"id":79046,"entity_type":"politician","label":"Corinna Rüffer","api_url":"https://www.abgeordnetenwatch.de/api/v2/politicians/79046","abgeordnetenwatch_url":"https://www.abgeordnetenwatch.de/profile/corinna-rueffer"},"electoral_data":{"id":5784,"entity_type":"electoral_data","label":"Corinna Rüffer (Bundestag Wahl 2005)","electoral_list":{"id":209,"entity_type":"electoral_list","label":"Landesliste Rheinland-Pfalz (Bundestag Wahl 2005)","api_url":"https://www.abgeordnetenwatch.de/api/v2/electoral-lists/209"},"list_position":3,"constituency":{"id":6382,"entity_type":"constituency","label":"205 - Trier (Bundestag Wahl 2005)","api_url":"https://www.abgeordnetenwatch.de/api/v2/constituencies/6382"},"constituency_result":5.6},"fraction_membership":{},"party":{"id":5,"entity_type":"party","label":"Bündnis 90/Die Grünen","api_url":"https://www.abgeordnetenwatch.de/api/v2/parties/5"}}]
