[{"id":53586,"entity_type":"candidacy_mandate","label":"Tabea Rößner (Bundestag 2021 - 2025)","api_url":"https://www.abgeordnetenwatch.de/api/v2/candidacies-mandates/53586","id_external_administration":"1677","id_external_administration_description":"mdbID aus der info-xml-Datei der Bundestagsverwaltung","type":"mandate","parliament_period":{"id":132,"entity_type":"parliament_period","label":"Bundestag 2021 - 2025","api_url":"https://www.abgeordnetenwatch.de/api/v2/parliament-periods/132","abgeordnetenwatch_url":"https://www.abgeordnetenwatch.de/bundestag"},"politician":{"id":79040,"entity_type":"politician","label":"Tabea Rößner","api_url":"https://www.abgeordnetenwatch.de/api/v2/politicians/79040","abgeordnetenwatch_url":"https://www.abgeordnetenwatch.de/profile/tabea-roessner"},"electoral_data":{"id":54510,"entity_type":"electoral_data","label":"Tabea Rößner (Bundestag 2021 - 2025)","electoral_list":{"id":420,"entity_type":"electoral_list","label":"Landesliste Rheinland-Pfalz (Bundestag 2021 - 2025)","api_url":"https://www.abgeordnetenwatch.de/api/v2/electoral-lists/420"},"list_position":1,"constituency":{"id":10945,"entity_type":"constituency","label":"205 - Mainz (Bundestag 2021 - 2025)","api_url":"https://www.abgeordnetenwatch.de/api/v2/constituencies/10945"},"constituency_result":18.7,"constituency_result_count":37390,"mandate_won":"list"},"fraction_membership":[{"id":9433,"entity_type":"fraction_membership","label":"BÜNDNIS 90/DIE GRÜNEN","fraction":{"id":321,"entity_type":"fraction","label":"BÜNDNIS 90/DIE GRÜNEN (Bundestag 2021 - 2025)","api_url":"https://www.abgeordnetenwatch.de/api/v2/fractions/321"}}],"party":{}},{"id":49120,"entity_type":"candidacy_mandate","label":"Tabea Rößner (Bundestag Wahl 2021)","api_url":"https://www.abgeordnetenwatch.de/api/v2/candidacies-mandates/49120","type":"candidacy","parliament_period":{"id":128,"entity_type":"parliament_period","label":"Bundestag Wahl 2021","api_url":"https://www.abgeordnetenwatch.de/api/v2/parliament-periods/128","abgeordnetenwatch_url":"https://www.abgeordnetenwatch.de/bundestag/wahl-2021"},"politician":{"id":79040,"entity_type":"politician","label":"Tabea Rößner","api_url":"https://www.abgeordnetenwatch.de/api/v2/politicians/79040","abgeordnetenwatch_url":"https://www.abgeordnetenwatch.de/profile/tabea-roessner"},"electoral_data":{"id":50042,"entity_type":"electoral_data","label":"Tabea Rößner (Bundestag Wahl 2021)","electoral_list":{"id":366,"entity_type":"electoral_list","label":"Landesliste Rheinland-Pfalz (Bundestag Wahl 2021)","api_url":"https://www.abgeordnetenwatch.de/api/v2/electoral-lists/366"},"list_position":1,"constituency":{"id":10262,"entity_type":"constituency","label":"205 - Mainz (Bundestag Wahl 2021)","api_url":"https://www.abgeordnetenwatch.de/api/v2/constituencies/10262"},"constituency_result":18.7},"fraction_membership":{},"party":{"id":5,"entity_type":"party","label":"Bündnis 90/Die Grünen","api_url":"https://www.abgeordnetenwatch.de/api/v2/parties/5"}},{"id":45562,"entity_type":"candidacy_mandate","label":"Tabea Rößner (Bundestag 2017 - 2021)","api_url":"https://www.abgeordnetenwatch.de/api/v2/candidacies-mandates/45562","id_external_administration":"1677","id_external_administration_description":"mdbID - ID der Bundestagsverwaltung","type":"mandate","parliament_period":{"id":111,"entity_type":"parliament_period","label":"Bundestag 2017 - 2021","api_url":"https://www.abgeordnetenwatch.de/api/v2/parliament-periods/111","abgeordnetenwatch_url":"https://www.abgeordnetenwatch.de/bundestag/19"},"politician":{"id":79040,"entity_type":"politician","label":"Tabea Rößner","api_url":"https://www.abgeordnetenwatch.de/api/v2/politicians/79040","abgeordnetenwatch_url":"https://www.abgeordnetenwatch.de/profile/tabea-roessner"},"electoral_data":{"id":45562,"entity_type":"electoral_data","label":"Tabea Rößner (Bundestag 2017 - 2021)","electoral_list":{"id":116,"entity_type":"electoral_list","label":"Landesliste Rheinland-Pfalz (Bundestag 2017 - 2021)","api_url":"https://www.abgeordnetenwatch.de/api/v2/electoral-lists/116"},"list_position":1,"constituency":{"id":4329,"entity_type":"constituency","label":"205 - Mainz (Bundestag 2017 - 2021)","api_url":"https://www.abgeordnetenwatch.de/api/v2/constituencies/4329"},"constituency_result":10.8,"mandate_won":"list"},"fraction_membership":[{"id":7817,"entity_type":"fraction_membership","label":"DIE GRÜNEN","fraction":{"id":153,"entity_type":"fraction","label":"DIE GRÜNEN (Bundestag 2017 - 2021)","api_url":"https://www.abgeordnetenwatch.de/api/v2/fractions/153"}}],"party":{}},{"id":39066,"entity_type":"candidacy_mandate","label":"Tabea Rößner (Bundestag 2013-2017)","api_url":"https://www.abgeordnetenwatch.de/api/v2/candidacies-mandates/39066","type":"mandate","parliament_period":{"id":97,"entity_type":"parliament_period","label":"Bundestag 2013 - 2017","api_url":"https://www.abgeordnetenwatch.de/api/v2/parliament-periods/97","abgeordnetenwatch_url":"https://www.abgeordnetenwatch.de/bundestag/18"},"politician":{"id":79040,"entity_type":"politician","label":"Tabea Rößner","api_url":"https://www.abgeordnetenwatch.de/api/v2/politicians/79040","abgeordnetenwatch_url":"https://www.abgeordnetenwatch.de/profile/tabea-roessner"},"electoral_data":{"id":39066,"entity_type":"electoral_data","label":"Tabea Rößner (Bundestag 2013 - 2017)","electoral_list":{"id":36,"entity_type":"electoral_list","label":"Landesliste Rheinland-Pfalz (Bundestag 2013-2017)","api_url":"https://www.abgeordnetenwatch.de/api/v2/electoral-lists/36"},"list_position":1,"constituency":{"id":198,"entity_type":"constituency","label":"206 - Mainz (Bundestag 2013-2017)","api_url":"https://www.abgeordnetenwatch.de/api/v2/constituencies/198"},"constituency_result":10,"mandate_won":"list"},"fraction_membership":[{"id":1292,"entity_type":"fraction_membership","label":"DIE GRÜNEN","fraction":{"id":114,"entity_type":"fraction","label":"DIE GRÜNEN (Bundestag 2013-2017)","api_url":"https://www.abgeordnetenwatch.de/api/v2/fractions/114"}}],"party":{}},{"id":39065,"entity_type":"candidacy_mandate","label":"Tabea Rößner (Bundestag 2009-2013)","api_url":"https://www.abgeordnetenwatch.de/api/v2/candidacies-mandates/39065","type":"mandate","parliament_period":{"id":83,"entity_type":"parliament_period","label":"Bundestag 2009 - 2013","api_url":"https://www.abgeordnetenwatch.de/api/v2/parliament-periods/83","abgeordnetenwatch_url":"https://www.abgeordnetenwatch.de/bundestag/17"},"politician":{"id":79040,"entity_type":"politician","label":"Tabea Rößner","api_url":"https://www.abgeordnetenwatch.de/api/v2/politicians/79040","abgeordnetenwatch_url":"https://www.abgeordnetenwatch.de/profile/tabea-roessner"},"electoral_data":{"id":39065,"entity_type":"electoral_data","label":"Tabea Rößner (Bundestag 2009 - 2013)","electoral_list":{"id":65,"entity_type":"electoral_list","label":"Landesliste Rheinland-Pfalz (Bundestag 2009-2013)","api_url":"https://www.abgeordnetenwatch.de/api/v2/electoral-lists/65"},"list_position":3,"constituency":{"id":1676,"entity_type":"constituency","label":"206 - Mainz (Bundestag 2009-2013)","api_url":"https://www.abgeordnetenwatch.de/api/v2/constituencies/1676"},"constituency_result":12.6},"fraction_membership":[{"id":1291,"entity_type":"fraction_membership","label":"DIE GRÜNEN","fraction":{"id":113,"entity_type":"fraction","label":"DIE GRÜNEN (Bundestag 2009-2013)","api_url":"https://www.abgeordnetenwatch.de/api/v2/fractions/113"}}],"party":{}},{"id":5763,"entity_type":"candidacy_mandate","label":"Tabea Rößner (Bundestag Wahl 2017)","api_url":"https://www.abgeordnetenwatch.de/api/v2/candidacies-mandates/5763","type":"candidacy","parliament_period":{"id":50,"entity_type":"parliament_period","label":"Bundestag Wahl 2017","api_url":"https://www.abgeordnetenwatch.de/api/v2/parliament-periods/50","abgeordnetenwatch_url":"https://www.abgeordnetenwatch.de/bundestag/wahl-2017"},"politician":{"id":79040,"entity_type":"politician","label":"Tabea Rößner","api_url":"https://www.abgeordnetenwatch.de/api/v2/politicians/79040","abgeordnetenwatch_url":"https://www.abgeordnetenwatch.de/profile/tabea-roessner"},"electoral_data":{"id":5763,"entity_type":"electoral_data","label":"Tabea Rößner (Bundestag Wahl 2017)","electoral_list":{"id":275,"entity_type":"electoral_list","label":"Landesliste Rheinland-Pfalz (Bundestag Wahl 2017)","api_url":"https://www.abgeordnetenwatch.de/api/v2/electoral-lists/275"},"list_position":1,"constituency":{"id":9215,"entity_type":"constituency","label":"205 - Mainz (Bundestag Wahl 2017)","api_url":"https://www.abgeordnetenwatch.de/api/v2/constituencies/9215"},"constituency_result":10.8,"mandate_won":"list"},"fraction_membership":{},"party":{"id":5,"entity_type":"party","label":"Bündnis 90/Die Grünen","api_url":"https://www.abgeordnetenwatch.de/api/v2/parties/5"}},{"id":5762,"entity_type":"candidacy_mandate","label":"Tabea Rößner (Bundestag Wahl 2013)","api_url":"https://www.abgeordnetenwatch.de/api/v2/candidacies-mandates/5762","type":"candidacy","parliament_period":{"id":36,"entity_type":"parliament_period","label":"Bundestag Wahl 2013","api_url":"https://www.abgeordnetenwatch.de/api/v2/parliament-periods/36","abgeordnetenwatch_url":"https://www.abgeordnetenwatch.de/bundestag/wahl-2013"},"politician":{"id":79040,"entity_type":"politician","label":"Tabea Rößner","api_url":"https://www.abgeordnetenwatch.de/api/v2/politicians/79040","abgeordnetenwatch_url":"https://www.abgeordnetenwatch.de/profile/tabea-roessner"},"electoral_data":{"id":5762,"entity_type":"electoral_data","label":"Tabea Rößner (Bundestag Wahl 2013)","electoral_list":{},"list_position":1,"constituency":{"id":5084,"entity_type":"constituency","label":"206 - Mainz (Bundestag Wahl 2013)","api_url":"https://www.abgeordnetenwatch.de/api/v2/constituencies/5084"},"constituency_result":10,"mandate_won":"list"},"fraction_membership":{},"party":{"id":5,"entity_type":"party","label":"Bündnis 90/Die Grünen","api_url":"https://www.abgeordnetenwatch.de/api/v2/parties/5"}},{"id":5761,"entity_type":"candidacy_mandate","label":"Tabea Rößner (Bundestag Wahl 2009)","api_url":"https://www.abgeordnetenwatch.de/api/v2/candidacies-mandates/5761","type":"candidacy","parliament_period":{"id":22,"entity_type":"parliament_period","label":"Bundestag Wahl 2009","api_url":"https://www.abgeordnetenwatch.de/api/v2/parliament-periods/22","abgeordnetenwatch_url":"https://www.abgeordnetenwatch.de/bundestag/wahl-2009"},"politician":{"id":79040,"entity_type":"politician","label":"Tabea Rößner","api_url":"https://www.abgeordnetenwatch.de/api/v2/politicians/79040","abgeordnetenwatch_url":"https://www.abgeordnetenwatch.de/profile/tabea-roessner"},"electoral_data":{"id":5761,"entity_type":"electoral_data","label":"Tabea Rößner (Bundestag Wahl 2009)","electoral_list":{},"list_position":3,"constituency":{"id":6562,"entity_type":"constituency","label":"206 - Mainz (Bundestag Wahl 2009)","api_url":"https://www.abgeordnetenwatch.de/api/v2/constituencies/6562"},"constituency_result":12.6},"fraction_membership":{},"party":{"id":5,"entity_type":"party","label":"Bündnis 90/Die Grünen","api_url":"https://www.abgeordnetenwatch.de/api/v2/parties/5"}},{"id":5760,"entity_type":"candidacy_mandate","label":"Tabea Rößner (Rheinland-Pfalz Wahl 2006)","api_url":"https://www.abgeordnetenwatch.de/api/v2/candidacies-mandates/5760","type":"candidacy","parliament_period":{"id":8,"entity_type":"parliament_period","label":"Rheinland-Pfalz Wahl 2006","api_url":"https://www.abgeordnetenwatch.de/api/v2/parliament-periods/8","abgeordnetenwatch_url":"https://www.abgeordnetenwatch.de/rheinland-pfalz/wahl-2006"},"politician":{"id":79040,"entity_type":"politician","label":"Tabea Rößner","api_url":"https://www.abgeordnetenwatch.de/api/v2/politicians/79040","abgeordnetenwatch_url":"https://www.abgeordnetenwatch.de/profile/tabea-roessner"},"electoral_data":{"id":5760,"entity_type":"electoral_data","label":"Tabea Rößner (Rheinland-Pfalz Wahl 2006)","electoral_list":{},"list_position":3,"constituency":{"id":6899,"entity_type":"constituency","label":"27 - Mainz I (Rheinland-Pfalz Wahl 2006)","api_url":"https://www.abgeordnetenwatch.de/api/v2/constituencies/6899"},"constituency_result":14.3},"fraction_membership":{},"party":{"id":5,"entity_type":"party","label":"Bündnis 90/Die Grünen","api_url":"https://www.abgeordnetenwatch.de/api/v2/parties/5"}}]
