[{"id":45375,"entity_type":"candidacy_mandate","label":"Johannes Röring (Bundestag 2017 - 2021)","api_url":"https://www.abgeordnetenwatch.de/api/v2/candidacies-mandates/45375","id_external_administration":"1485","id_external_administration_description":"mdbID - ID der Bundestagsverwaltung","type":"mandate","parliament_period":{"id":111,"entity_type":"parliament_period","label":"Bundestag 2017 - 2021","api_url":"https://www.abgeordnetenwatch.de/api/v2/parliament-periods/111","abgeordnetenwatch_url":"https://www.abgeordnetenwatch.de/bundestag/19"},"politician":{"id":79052,"entity_type":"politician","label":"Johannes Röring","api_url":"https://www.abgeordnetenwatch.de/api/v2/politicians/79052","abgeordnetenwatch_url":"https://www.abgeordnetenwatch.de/profile/johannes-roering"},"electoral_data":{"id":45375,"entity_type":"electoral_data","label":"Johannes Röring (Bundestag 2017 - 2021)","electoral_list":{},"list_position":1,"constituency":{"id":4250,"entity_type":"constituency","label":"126 - Borken II (Bundestag 2017 - 2021)","api_url":"https://www.abgeordnetenwatch.de/api/v2/constituencies/4250"},"constituency_result":52.3,"mandate_won":"constituency"},"fraction_membership":[{"id":7627,"entity_type":"fraction_membership","label":"CDU/CSU","fraction":{"id":81,"entity_type":"fraction","label":"CDU/CSU (Bundestag 2017 - 2021)","api_url":"https://www.abgeordnetenwatch.de/api/v2/fractions/81"}}],"party":{}},{"id":39090,"entity_type":"candidacy_mandate","label":"Johannes Röring (Bundestag 2013-2017)","api_url":"https://www.abgeordnetenwatch.de/api/v2/candidacies-mandates/39090","type":"mandate","parliament_period":{"id":97,"entity_type":"parliament_period","label":"Bundestag 2013 - 2017","api_url":"https://www.abgeordnetenwatch.de/api/v2/parliament-periods/97","abgeordnetenwatch_url":"https://www.abgeordnetenwatch.de/bundestag/18"},"politician":{"id":79052,"entity_type":"politician","label":"Johannes Röring","api_url":"https://www.abgeordnetenwatch.de/api/v2/politicians/79052","abgeordnetenwatch_url":"https://www.abgeordnetenwatch.de/profile/johannes-roering"},"electoral_data":{"id":39090,"entity_type":"electoral_data","label":"Johannes Röring (Bundestag 2013 - 2017)","electoral_list":{},"constituency":{"id":163,"entity_type":"constituency","label":"126 - Borken II (Bundestag 2013-2017)","api_url":"https://www.abgeordnetenwatch.de/api/v2/constituencies/163"},"constituency_result":57.4,"mandate_won":"constituency"},"fraction_membership":[{"id":1316,"entity_type":"fraction_membership","label":"CDU/CSU","fraction":{"id":111,"entity_type":"fraction","label":"CDU/CSU (Bundestag 2013-2017)","api_url":"https://www.abgeordnetenwatch.de/api/v2/fractions/111"}}],"party":{}},{"id":39089,"entity_type":"candidacy_mandate","label":"Johannes Röring (Bundestag 2009-2013)","api_url":"https://www.abgeordnetenwatch.de/api/v2/candidacies-mandates/39089","type":"mandate","parliament_period":{"id":83,"entity_type":"parliament_period","label":"Bundestag 2009 - 2013","api_url":"https://www.abgeordnetenwatch.de/api/v2/parliament-periods/83","abgeordnetenwatch_url":"https://www.abgeordnetenwatch.de/bundestag/17"},"politician":{"id":79052,"entity_type":"politician","label":"Johannes Röring","api_url":"https://www.abgeordnetenwatch.de/api/v2/politicians/79052","abgeordnetenwatch_url":"https://www.abgeordnetenwatch.de/profile/johannes-roering"},"electoral_data":{"id":39089,"entity_type":"electoral_data","label":"Johannes Röring (Bundestag 2009 - 2013)","electoral_list":{"id":64,"entity_type":"electoral_list","label":"Landesliste Nordrhein-Westfalen (Bundestag 2009-2013)","api_url":"https://www.abgeordnetenwatch.de/api/v2/electoral-lists/64"},"list_position":2,"constituency":{"id":1549,"entity_type":"constituency","label":"127 - Borken II (Bundestag 2009-2013)","api_url":"https://www.abgeordnetenwatch.de/api/v2/constituencies/1549"},"constituency_result":54.2},"fraction_membership":[{"id":1315,"entity_type":"fraction_membership","label":"CDU/CSU","fraction":{"id":112,"entity_type":"fraction","label":"CDU/CSU (Bundestag 2009-2013)","api_url":"https://www.abgeordnetenwatch.de/api/v2/fractions/112"}}],"party":{}},{"id":39088,"entity_type":"candidacy_mandate","label":"Johannes Röring (Bundestag 2005-2009)","api_url":"https://www.abgeordnetenwatch.de/api/v2/candidacies-mandates/39088","type":"mandate","parliament_period":{"id":67,"entity_type":"parliament_period","label":"Bundestag 2005 - 2009","api_url":"https://www.abgeordnetenwatch.de/api/v2/parliament-periods/67","abgeordnetenwatch_url":"https://www.abgeordnetenwatch.de/bundestag/16"},"politician":{"id":79052,"entity_type":"politician","label":"Johannes Röring","api_url":"https://www.abgeordnetenwatch.de/api/v2/politicians/79052","abgeordnetenwatch_url":"https://www.abgeordnetenwatch.de/profile/johannes-roering"},"start_date":"2004-11-30","electoral_data":{"id":39088,"entity_type":"electoral_data","label":"Johannes Röring (Bundestag 2005 - 2009)","electoral_list":{},"constituency":{"id":1313,"entity_type":"constituency","label":"127 - Borken II (Bundestag 2005-2009)","api_url":"https://www.abgeordnetenwatch.de/api/v2/constituencies/1313"}},"fraction_membership":[{"id":1314,"entity_type":"fraction_membership","label":"CDU/CSU","fraction":{"id":26,"entity_type":"fraction","label":"CDU/CSU (Bundestag 2005-2009)","api_url":"https://www.abgeordnetenwatch.de/api/v2/fractions/26"}}],"party":{}},{"id":5800,"entity_type":"candidacy_mandate","label":"Johannes Röring (Bundestag Wahl 2017)","api_url":"https://www.abgeordnetenwatch.de/api/v2/candidacies-mandates/5800","type":"candidacy","parliament_period":{"id":50,"entity_type":"parliament_period","label":"Bundestag Wahl 2017","api_url":"https://www.abgeordnetenwatch.de/api/v2/parliament-periods/50","abgeordnetenwatch_url":"https://www.abgeordnetenwatch.de/bundestag/wahl-2017"},"politician":{"id":79052,"entity_type":"politician","label":"Johannes Röring","api_url":"https://www.abgeordnetenwatch.de/api/v2/politicians/79052","abgeordnetenwatch_url":"https://www.abgeordnetenwatch.de/profile/johannes-roering"},"electoral_data":{"id":5800,"entity_type":"electoral_data","label":"Johannes Röring (Bundestag Wahl 2017)","electoral_list":{},"constituency":{"id":9136,"entity_type":"constituency","label":"126 - Borken II (Bundestag Wahl 2017)","api_url":"https://www.abgeordnetenwatch.de/api/v2/constituencies/9136"},"constituency_result":52.3,"mandate_won":"constituency"},"fraction_membership":{},"party":{"id":2,"entity_type":"party","label":"CDU","api_url":"https://www.abgeordnetenwatch.de/api/v2/parties/2"}},{"id":5799,"entity_type":"candidacy_mandate","label":"Johannes Röring (Bundestag Wahl 2013)","api_url":"https://www.abgeordnetenwatch.de/api/v2/candidacies-mandates/5799","type":"candidacy","parliament_period":{"id":36,"entity_type":"parliament_period","label":"Bundestag Wahl 2013","api_url":"https://www.abgeordnetenwatch.de/api/v2/parliament-periods/36","abgeordnetenwatch_url":"https://www.abgeordnetenwatch.de/bundestag/wahl-2013"},"politician":{"id":79052,"entity_type":"politician","label":"Johannes Röring","api_url":"https://www.abgeordnetenwatch.de/api/v2/politicians/79052","abgeordnetenwatch_url":"https://www.abgeordnetenwatch.de/profile/johannes-roering"},"electoral_data":{"id":5799,"entity_type":"electoral_data","label":"Johannes Röring (Bundestag Wahl 2013)","electoral_list":{},"constituency":{"id":5049,"entity_type":"constituency","label":"126 - Borken II (Bundestag Wahl 2013)","api_url":"https://www.abgeordnetenwatch.de/api/v2/constituencies/5049"},"constituency_result":57.4,"mandate_won":"constituency"},"fraction_membership":{},"party":{"id":2,"entity_type":"party","label":"CDU","api_url":"https://www.abgeordnetenwatch.de/api/v2/parties/2"}},{"id":5798,"entity_type":"candidacy_mandate","label":"Johannes Röring (Bundestag Wahl 2009)","api_url":"https://www.abgeordnetenwatch.de/api/v2/candidacies-mandates/5798","type":"candidacy","parliament_period":{"id":22,"entity_type":"parliament_period","label":"Bundestag Wahl 2009","api_url":"https://www.abgeordnetenwatch.de/api/v2/parliament-periods/22","abgeordnetenwatch_url":"https://www.abgeordnetenwatch.de/bundestag/wahl-2009"},"politician":{"id":79052,"entity_type":"politician","label":"Johannes Röring","api_url":"https://www.abgeordnetenwatch.de/api/v2/politicians/79052","abgeordnetenwatch_url":"https://www.abgeordnetenwatch.de/profile/johannes-roering"},"electoral_data":{"id":5798,"entity_type":"electoral_data","label":"Johannes Röring (Bundestag Wahl 2009)","electoral_list":{},"constituency":{"id":6435,"entity_type":"constituency","label":"127 - Borken II (Bundestag Wahl 2009)","api_url":"https://www.abgeordnetenwatch.de/api/v2/constituencies/6435"},"constituency_result":54.2,"mandate_won":"constituency"},"fraction_membership":{},"party":{"id":2,"entity_type":"party","label":"CDU","api_url":"https://www.abgeordnetenwatch.de/api/v2/parties/2"}},{"id":5797,"entity_type":"candidacy_mandate","label":"Johannes Röring (Bundestag Wahl 2005)","api_url":"https://www.abgeordnetenwatch.de/api/v2/candidacies-mandates/5797","type":"candidacy","parliament_period":{"id":6,"entity_type":"parliament_period","label":"Bundestag Wahl 2005","api_url":"https://www.abgeordnetenwatch.de/api/v2/parliament-periods/6","abgeordnetenwatch_url":"https://www.abgeordnetenwatch.de/bundestag/wahl-2005"},"politician":{"id":79052,"entity_type":"politician","label":"Johannes Röring","api_url":"https://www.abgeordnetenwatch.de/api/v2/politicians/79052","abgeordnetenwatch_url":"https://www.abgeordnetenwatch.de/profile/johannes-roering"},"electoral_data":{"id":5797,"entity_type":"electoral_data","label":"Johannes Röring (Bundestag Wahl 2005)","electoral_list":{},"constituency":{"id":6199,"entity_type":"constituency","label":"127 - Borken II (Bundestag Wahl 2005)","api_url":"https://www.abgeordnetenwatch.de/api/v2/constituencies/6199"},"constituency_result":56.1},"fraction_membership":{},"party":{"id":2,"entity_type":"party","label":"CDU","api_url":"https://www.abgeordnetenwatch.de/api/v2/parties/2"}}]
