[{"id":45376,"entity_type":"candidacy_mandate","label":"René Röspel (Bundestag 2017 - 2021)","api_url":"https://www.abgeordnetenwatch.de/api/v2/candidacies-mandates/45376","id_external_administration":"1089","id_external_administration_description":"mdbID - ID der Bundestagsverwaltung","type":"mandate","parliament_period":{"id":111,"entity_type":"parliament_period","label":"Bundestag 2017 - 2021","api_url":"https://www.abgeordnetenwatch.de/api/v2/parliament-periods/111","abgeordnetenwatch_url":"https://www.abgeordnetenwatch.de/bundestag/19"},"politician":{"id":79054,"entity_type":"politician","label":"René Röspel","api_url":"https://www.abgeordnetenwatch.de/api/v2/politicians/79054","abgeordnetenwatch_url":"https://www.abgeordnetenwatch.de/profile/rene-roespel"},"electoral_data":{"id":45376,"entity_type":"electoral_data","label":"René Röspel (Bundestag 2017 - 2021)","electoral_list":{"id":115,"entity_type":"electoral_list","label":"Landesliste Nordrhein-Westfalen (Bundestag 2017 - 2021)","api_url":"https://www.abgeordnetenwatch.de/api/v2/electoral-lists/115"},"list_position":47,"constituency":{"id":4262,"entity_type":"constituency","label":"138 - Hagen - Ennepe-Ruhr-Kreis I (Bundestag 2017 - 2021)","api_url":"https://www.abgeordnetenwatch.de/api/v2/constituencies/4262"},"constituency_result":39.2,"mandate_won":"constituency"},"fraction_membership":[{"id":7628,"entity_type":"fraction_membership","label":"SPD","fraction":{"id":22,"entity_type":"fraction","label":"SPD (Bundestag 2017 - 2021)","api_url":"https://www.abgeordnetenwatch.de/api/v2/fractions/22"}}],"party":{}},{"id":39094,"entity_type":"candidacy_mandate","label":"René Röspel (Bundestag 2013-2017)","api_url":"https://www.abgeordnetenwatch.de/api/v2/candidacies-mandates/39094","type":"mandate","parliament_period":{"id":97,"entity_type":"parliament_period","label":"Bundestag 2013 - 2017","api_url":"https://www.abgeordnetenwatch.de/api/v2/parliament-periods/97","abgeordnetenwatch_url":"https://www.abgeordnetenwatch.de/bundestag/18"},"politician":{"id":79054,"entity_type":"politician","label":"René Röspel","api_url":"https://www.abgeordnetenwatch.de/api/v2/politicians/79054","abgeordnetenwatch_url":"https://www.abgeordnetenwatch.de/profile/rene-roespel"},"electoral_data":{"id":39094,"entity_type":"electoral_data","label":"René Röspel (Bundestag 2013 - 2017)","electoral_list":{"id":35,"entity_type":"electoral_list","label":"Landesliste Nordrhein-Westfalen (Bundestag 2013-2017)","api_url":"https://www.abgeordnetenwatch.de/api/v2/electoral-lists/35"},"list_position":46,"constituency":{"id":1159,"entity_type":"constituency","label":"138 - Hagen - Ennepe-Ruhr-Kreis I (Bundestag 2013-2017)","api_url":"https://www.abgeordnetenwatch.de/api/v2/constituencies/1159"},"constituency_result":47.1,"mandate_won":"constituency"},"fraction_membership":[{"id":1320,"entity_type":"fraction_membership","label":"SPD","fraction":{"id":45,"entity_type":"fraction","label":"SPD (Bundestag 2013-2017)","api_url":"https://www.abgeordnetenwatch.de/api/v2/fractions/45"}}],"party":{}},{"id":39093,"entity_type":"candidacy_mandate","label":"René Röspel (Bundestag 2009-2013)","api_url":"https://www.abgeordnetenwatch.de/api/v2/candidacies-mandates/39093","type":"mandate","parliament_period":{"id":83,"entity_type":"parliament_period","label":"Bundestag 2009 - 2013","api_url":"https://www.abgeordnetenwatch.de/api/v2/parliament-periods/83","abgeordnetenwatch_url":"https://www.abgeordnetenwatch.de/bundestag/17"},"politician":{"id":79054,"entity_type":"politician","label":"René Röspel","api_url":"https://www.abgeordnetenwatch.de/api/v2/politicians/79054","abgeordnetenwatch_url":"https://www.abgeordnetenwatch.de/profile/rene-roespel"},"electoral_data":{"id":39093,"entity_type":"electoral_data","label":"René Röspel (Bundestag 2009 - 2013)","electoral_list":{"id":64,"entity_type":"electoral_list","label":"Landesliste Nordrhein-Westfalen (Bundestag 2009-2013)","api_url":"https://www.abgeordnetenwatch.de/api/v2/electoral-lists/64"},"list_position":39,"constituency":{"id":1617,"entity_type":"constituency","label":"139 - Hagen - Ennepe-Ruhr-Kreis I (Bundestag 2009-2013)","api_url":"https://www.abgeordnetenwatch.de/api/v2/constituencies/1617"},"constituency_result":43},"fraction_membership":[{"id":1319,"entity_type":"fraction_membership","label":"SPD","fraction":{"id":116,"entity_type":"fraction","label":"SPD (Bundestag 2009-2013)","api_url":"https://www.abgeordnetenwatch.de/api/v2/fractions/116"}}],"party":{}},{"id":39092,"entity_type":"candidacy_mandate","label":"René Röspel (Bundestag 2005-2009)","api_url":"https://www.abgeordnetenwatch.de/api/v2/candidacies-mandates/39092","type":"mandate","parliament_period":{"id":67,"entity_type":"parliament_period","label":"Bundestag 2005 - 2009","api_url":"https://www.abgeordnetenwatch.de/api/v2/parliament-periods/67","abgeordnetenwatch_url":"https://www.abgeordnetenwatch.de/bundestag/16"},"politician":{"id":79054,"entity_type":"politician","label":"René Röspel","api_url":"https://www.abgeordnetenwatch.de/api/v2/politicians/79054","abgeordnetenwatch_url":"https://www.abgeordnetenwatch.de/profile/rene-roespel"},"start_date":"1997-11-30","electoral_data":{"id":39092,"entity_type":"electoral_data","label":"René Röspel (Bundestag 2005 - 2009)","electoral_list":{"id":49,"entity_type":"electoral_list","label":"Landesliste Nordrhein-Westfalen (Bundestag 2005-2009)","api_url":"https://www.abgeordnetenwatch.de/api/v2/electoral-lists/49"},"list_position":36,"constituency":{"id":1364,"entity_type":"constituency","label":"139 - Hagen - Ennepe-Ruhr-Kreis I (Bundestag 2005-2009)","api_url":"https://www.abgeordnetenwatch.de/api/v2/constituencies/1364"}},"fraction_membership":[{"id":1318,"entity_type":"fraction_membership","label":"SPD","fraction":{"id":27,"entity_type":"fraction","label":"SPD (Bundestag 2005-2009)","api_url":"https://www.abgeordnetenwatch.de/api/v2/fractions/27"}}],"party":{}},{"id":5807,"entity_type":"candidacy_mandate","label":"René Röspel (Bundestag Wahl 2017)","api_url":"https://www.abgeordnetenwatch.de/api/v2/candidacies-mandates/5807","type":"candidacy","parliament_period":{"id":50,"entity_type":"parliament_period","label":"Bundestag Wahl 2017","api_url":"https://www.abgeordnetenwatch.de/api/v2/parliament-periods/50","abgeordnetenwatch_url":"https://www.abgeordnetenwatch.de/bundestag/wahl-2017"},"politician":{"id":79054,"entity_type":"politician","label":"René Röspel","api_url":"https://www.abgeordnetenwatch.de/api/v2/politicians/79054","abgeordnetenwatch_url":"https://www.abgeordnetenwatch.de/profile/rene-roespel"},"electoral_data":{"id":5807,"entity_type":"electoral_data","label":"René Röspel (Bundestag Wahl 2017)","electoral_list":{"id":274,"entity_type":"electoral_list","label":"Landesliste Nordrhein-Westfalen (Bundestag Wahl 2017)","api_url":"https://www.abgeordnetenwatch.de/api/v2/electoral-lists/274"},"list_position":47,"constituency":{"id":9148,"entity_type":"constituency","label":"138 - Hagen - Ennepe-Ruhr-Kreis I (Bundestag Wahl 2017)","api_url":"https://www.abgeordnetenwatch.de/api/v2/constituencies/9148"},"constituency_result":39.2,"mandate_won":"constituency"},"fraction_membership":{},"party":{"id":1,"entity_type":"party","label":"SPD","api_url":"https://www.abgeordnetenwatch.de/api/v2/parties/1"}},{"id":5806,"entity_type":"candidacy_mandate","label":"René Röspel (Bundestag Wahl 2013)","api_url":"https://www.abgeordnetenwatch.de/api/v2/candidacies-mandates/5806","type":"candidacy","parliament_period":{"id":36,"entity_type":"parliament_period","label":"Bundestag Wahl 2013","api_url":"https://www.abgeordnetenwatch.de/api/v2/parliament-periods/36","abgeordnetenwatch_url":"https://www.abgeordnetenwatch.de/bundestag/wahl-2013"},"politician":{"id":79054,"entity_type":"politician","label":"René Röspel","api_url":"https://www.abgeordnetenwatch.de/api/v2/politicians/79054","abgeordnetenwatch_url":"https://www.abgeordnetenwatch.de/profile/rene-roespel"},"electoral_data":{"id":5806,"entity_type":"electoral_data","label":"René Röspel (Bundestag Wahl 2013)","electoral_list":{},"list_position":46,"constituency":{"id":6045,"entity_type":"constituency","label":"138 - Hagen - Ennepe-Ruhr-Kreis I (Bundestag Wahl 2013)","api_url":"https://www.abgeordnetenwatch.de/api/v2/constituencies/6045"},"constituency_result":47.1,"mandate_won":"constituency"},"fraction_membership":{},"party":{"id":1,"entity_type":"party","label":"SPD","api_url":"https://www.abgeordnetenwatch.de/api/v2/parties/1"}},{"id":5805,"entity_type":"candidacy_mandate","label":"René Röspel (Bundestag Wahl 2009)","api_url":"https://www.abgeordnetenwatch.de/api/v2/candidacies-mandates/5805","type":"candidacy","parliament_period":{"id":22,"entity_type":"parliament_period","label":"Bundestag Wahl 2009","api_url":"https://www.abgeordnetenwatch.de/api/v2/parliament-periods/22","abgeordnetenwatch_url":"https://www.abgeordnetenwatch.de/bundestag/wahl-2009"},"politician":{"id":79054,"entity_type":"politician","label":"René Röspel","api_url":"https://www.abgeordnetenwatch.de/api/v2/politicians/79054","abgeordnetenwatch_url":"https://www.abgeordnetenwatch.de/profile/rene-roespel"},"electoral_data":{"id":5805,"entity_type":"electoral_data","label":"René Röspel (Bundestag Wahl 2009)","electoral_list":{},"list_position":39,"constituency":{"id":6503,"entity_type":"constituency","label":"139 - Hagen - Ennepe-Ruhr-Kreis I (Bundestag Wahl 2009)","api_url":"https://www.abgeordnetenwatch.de/api/v2/constituencies/6503"},"constituency_result":43,"mandate_won":"constituency"},"fraction_membership":{},"party":{"id":1,"entity_type":"party","label":"SPD","api_url":"https://www.abgeordnetenwatch.de/api/v2/parties/1"}},{"id":5804,"entity_type":"candidacy_mandate","label":"René Röspel (Bundestag Wahl 2005)","api_url":"https://www.abgeordnetenwatch.de/api/v2/candidacies-mandates/5804","type":"candidacy","parliament_period":{"id":6,"entity_type":"parliament_period","label":"Bundestag Wahl 2005","api_url":"https://www.abgeordnetenwatch.de/api/v2/parliament-periods/6","abgeordnetenwatch_url":"https://www.abgeordnetenwatch.de/bundestag/wahl-2005"},"politician":{"id":79054,"entity_type":"politician","label":"René Röspel","api_url":"https://www.abgeordnetenwatch.de/api/v2/politicians/79054","abgeordnetenwatch_url":"https://www.abgeordnetenwatch.de/profile/rene-roespel"},"electoral_data":{"id":5804,"entity_type":"electoral_data","label":"René Röspel (Bundestag Wahl 2005)","electoral_list":{"id":208,"entity_type":"electoral_list","label":"Landesliste Nordrhein-Westfalen (Bundestag Wahl 2005)","api_url":"https://www.abgeordnetenwatch.de/api/v2/electoral-lists/208"},"list_position":36,"constituency":{"id":6250,"entity_type":"constituency","label":"139 - Hagen - Ennepe-Ruhr-Kreis I (Bundestag Wahl 2005)","api_url":"https://www.abgeordnetenwatch.de/api/v2/constituencies/6250"},"constituency_result":52.3},"fraction_membership":{},"party":{"id":1,"entity_type":"party","label":"SPD","api_url":"https://www.abgeordnetenwatch.de/api/v2/parties/1"}}]
