[{"id":53667,"entity_type":"candidacy_mandate","label":"Martin Rosemann (Bundestag 2021 - 2025)","api_url":"https://www.abgeordnetenwatch.de/api/v2/candidacies-mandates/53667","id_external_administration":"1920","id_external_administration_description":"mdbID aus der info-xml-Datei der Bundestagsverwaltung","type":"mandate","parliament_period":{"id":132,"entity_type":"parliament_period","label":"Bundestag 2021 - 2025","api_url":"https://www.abgeordnetenwatch.de/api/v2/parliament-periods/132","abgeordnetenwatch_url":"https://www.abgeordnetenwatch.de/bundestag"},"politician":{"id":79053,"entity_type":"politician","label":"Martin Rosemann","api_url":"https://www.abgeordnetenwatch.de/api/v2/politicians/79053","abgeordnetenwatch_url":"https://www.abgeordnetenwatch.de/profile/martin-rosemann"},"electoral_data":{"id":54591,"entity_type":"electoral_data","label":"Martin Rosemann (Bundestag 2021 - 2025)","electoral_list":{"id":410,"entity_type":"electoral_list","label":"Landesliste Baden-Württemberg (Bundestag 2021 - 2025)","api_url":"https://www.abgeordnetenwatch.de/api/v2/electoral-lists/410"},"list_position":4,"constituency":{"id":11030,"entity_type":"constituency","label":"290 - Tübingen (Bundestag 2021 - 2025)","api_url":"https://www.abgeordnetenwatch.de/api/v2/constituencies/11030"},"constituency_result":18.2,"constituency_result_count":28981,"mandate_won":"list"},"fraction_membership":[{"id":9514,"entity_type":"fraction_membership","label":"SPD","fraction":{"id":319,"entity_type":"fraction","label":"SPD (Bundestag 2021 - 2025)","api_url":"https://www.abgeordnetenwatch.de/api/v2/fractions/319"}}],"party":{}},{"id":48649,"entity_type":"candidacy_mandate","label":"Martin Rosemann (Bundestag Wahl 2021)","api_url":"https://www.abgeordnetenwatch.de/api/v2/candidacies-mandates/48649","type":"candidacy","parliament_period":{"id":128,"entity_type":"parliament_period","label":"Bundestag Wahl 2021","api_url":"https://www.abgeordnetenwatch.de/api/v2/parliament-periods/128","abgeordnetenwatch_url":"https://www.abgeordnetenwatch.de/bundestag/wahl-2021"},"politician":{"id":79053,"entity_type":"politician","label":"Martin Rosemann","api_url":"https://www.abgeordnetenwatch.de/api/v2/politicians/79053","abgeordnetenwatch_url":"https://www.abgeordnetenwatch.de/profile/martin-rosemann"},"electoral_data":{"id":49571,"entity_type":"electoral_data","label":"Martin Rosemann (Bundestag Wahl 2021)","electoral_list":{"id":358,"entity_type":"electoral_list","label":"Landesliste Baden-Württemberg (Bundestag Wahl 2021)","api_url":"https://www.abgeordnetenwatch.de/api/v2/electoral-lists/358"},"list_position":4,"constituency":{"id":10347,"entity_type":"constituency","label":"290 - Tübingen (Bundestag Wahl 2021)","api_url":"https://www.abgeordnetenwatch.de/api/v2/constituencies/10347"},"constituency_result":18.2,"constituency_result_count":28981},"fraction_membership":{},"party":{"id":1,"entity_type":"party","label":"SPD","api_url":"https://www.abgeordnetenwatch.de/api/v2/parties/1"}},{"id":44580,"entity_type":"candidacy_mandate","label":"Martin Rosemann (Bundestag 2017 - 2021)","api_url":"https://www.abgeordnetenwatch.de/api/v2/candidacies-mandates/44580","id_external_administration":"1920","id_external_administration_description":"mdbID - ID der Bundestagsverwaltung","type":"mandate","parliament_period":{"id":111,"entity_type":"parliament_period","label":"Bundestag 2017 - 2021","api_url":"https://www.abgeordnetenwatch.de/api/v2/parliament-periods/111","abgeordnetenwatch_url":"https://www.abgeordnetenwatch.de/bundestag/19"},"politician":{"id":79053,"entity_type":"politician","label":"Martin Rosemann","api_url":"https://www.abgeordnetenwatch.de/api/v2/politicians/79053","abgeordnetenwatch_url":"https://www.abgeordnetenwatch.de/profile/martin-rosemann"},"electoral_data":{"id":44580,"entity_type":"electoral_data","label":"Martin Rosemann (Bundestag 2017 - 2021)","electoral_list":{"id":106,"entity_type":"electoral_list","label":"Landesliste Baden-Württemberg (Bundestag 2017 - 2021)","api_url":"https://www.abgeordnetenwatch.de/api/v2/electoral-lists/106"},"list_position":14,"constituency":{"id":4414,"entity_type":"constituency","label":"290 - Tübingen (Bundestag 2017 - 2021)","api_url":"https://www.abgeordnetenwatch.de/api/v2/constituencies/4414"},"constituency_result":17.3,"mandate_won":"list"},"fraction_membership":[{"id":6825,"entity_type":"fraction_membership","label":"SPD","fraction":{"id":22,"entity_type":"fraction","label":"SPD (Bundestag 2017 - 2021)","api_url":"https://www.abgeordnetenwatch.de/api/v2/fractions/22"}}],"party":{}},{"id":39091,"entity_type":"candidacy_mandate","label":"Martin Rosemann (Bundestag 2013-2017)","api_url":"https://www.abgeordnetenwatch.de/api/v2/candidacies-mandates/39091","type":"mandate","parliament_period":{"id":97,"entity_type":"parliament_period","label":"Bundestag 2013 - 2017","api_url":"https://www.abgeordnetenwatch.de/api/v2/parliament-periods/97","abgeordnetenwatch_url":"https://www.abgeordnetenwatch.de/bundestag/18"},"politician":{"id":79053,"entity_type":"politician","label":"Martin Rosemann","api_url":"https://www.abgeordnetenwatch.de/api/v2/politicians/79053","abgeordnetenwatch_url":"https://www.abgeordnetenwatch.de/profile/martin-rosemann"},"electoral_data":{"id":39091,"entity_type":"electoral_data","label":"Martin Rosemann (Bundestag 2013 - 2017)","electoral_list":{"id":26,"entity_type":"electoral_list","label":"Landesliste Baden-Württemberg (Bundestag 2013-2017)","api_url":"https://www.abgeordnetenwatch.de/api/v2/electoral-lists/26"},"list_position":17,"constituency":{"id":226,"entity_type":"constituency","label":"290 - Tübingen (Bundestag 2013-2017)","api_url":"https://www.abgeordnetenwatch.de/api/v2/constituencies/226"},"constituency_result":20.4,"mandate_won":"list"},"fraction_membership":[{"id":1317,"entity_type":"fraction_membership","label":"SPD","fraction":{"id":45,"entity_type":"fraction","label":"SPD (Bundestag 2013-2017)","api_url":"https://www.abgeordnetenwatch.de/api/v2/fractions/45"}}],"party":{}},{"id":5803,"entity_type":"candidacy_mandate","label":"Martin Rosemann (Bundestag Wahl 2017)","api_url":"https://www.abgeordnetenwatch.de/api/v2/candidacies-mandates/5803","type":"candidacy","parliament_period":{"id":50,"entity_type":"parliament_period","label":"Bundestag Wahl 2017","api_url":"https://www.abgeordnetenwatch.de/api/v2/parliament-periods/50","abgeordnetenwatch_url":"https://www.abgeordnetenwatch.de/bundestag/wahl-2017"},"politician":{"id":79053,"entity_type":"politician","label":"Martin Rosemann","api_url":"https://www.abgeordnetenwatch.de/api/v2/politicians/79053","abgeordnetenwatch_url":"https://www.abgeordnetenwatch.de/profile/martin-rosemann"},"electoral_data":{"id":5803,"entity_type":"electoral_data","label":"Martin Rosemann (Bundestag Wahl 2017)","electoral_list":{"id":265,"entity_type":"electoral_list","label":"Landesliste Baden-Württemberg (Bundestag Wahl 2017)","api_url":"https://www.abgeordnetenwatch.de/api/v2/electoral-lists/265"},"list_position":14,"constituency":{"id":9300,"entity_type":"constituency","label":"290 - Tübingen (Bundestag Wahl 2017)","api_url":"https://www.abgeordnetenwatch.de/api/v2/constituencies/9300"},"constituency_result":17.3,"mandate_won":"list"},"fraction_membership":{},"party":{"id":1,"entity_type":"party","label":"SPD","api_url":"https://www.abgeordnetenwatch.de/api/v2/parties/1"}},{"id":5802,"entity_type":"candidacy_mandate","label":"Martin Rosemann (Bundestag Wahl 2013)","api_url":"https://www.abgeordnetenwatch.de/api/v2/candidacies-mandates/5802","type":"candidacy","parliament_period":{"id":36,"entity_type":"parliament_period","label":"Bundestag Wahl 2013","api_url":"https://www.abgeordnetenwatch.de/api/v2/parliament-periods/36","abgeordnetenwatch_url":"https://www.abgeordnetenwatch.de/bundestag/wahl-2013"},"politician":{"id":79053,"entity_type":"politician","label":"Martin Rosemann","api_url":"https://www.abgeordnetenwatch.de/api/v2/politicians/79053","abgeordnetenwatch_url":"https://www.abgeordnetenwatch.de/profile/martin-rosemann"},"electoral_data":{"id":5802,"entity_type":"electoral_data","label":"Martin Rosemann (Bundestag Wahl 2013)","electoral_list":{},"list_position":17,"constituency":{"id":5112,"entity_type":"constituency","label":"290 - Tübingen (Bundestag Wahl 2013)","api_url":"https://www.abgeordnetenwatch.de/api/v2/constituencies/5112"},"constituency_result":20.4,"mandate_won":"list"},"fraction_membership":{},"party":{"id":1,"entity_type":"party","label":"SPD","api_url":"https://www.abgeordnetenwatch.de/api/v2/parties/1"}},{"id":5801,"entity_type":"candidacy_mandate","label":"Martin Rosemann (Bundestag Wahl 2009)","api_url":"https://www.abgeordnetenwatch.de/api/v2/candidacies-mandates/5801","type":"candidacy","parliament_period":{"id":22,"entity_type":"parliament_period","label":"Bundestag Wahl 2009","api_url":"https://www.abgeordnetenwatch.de/api/v2/parliament-periods/22","abgeordnetenwatch_url":"https://www.abgeordnetenwatch.de/bundestag/wahl-2009"},"politician":{"id":79053,"entity_type":"politician","label":"Martin Rosemann","api_url":"https://www.abgeordnetenwatch.de/api/v2/politicians/79053","abgeordnetenwatch_url":"https://www.abgeordnetenwatch.de/profile/martin-rosemann"},"electoral_data":{"id":5801,"entity_type":"electoral_data","label":"Martin Rosemann (Bundestag Wahl 2009)","electoral_list":{},"list_position":21,"constituency":{"id":5175,"entity_type":"constituency","label":"290 - Tübingen (Bundestag Wahl 2009)","api_url":"https://www.abgeordnetenwatch.de/api/v2/constituencies/5175"},"constituency_result":20.1},"fraction_membership":{},"party":{"id":1,"entity_type":"party","label":"SPD","api_url":"https://www.abgeordnetenwatch.de/api/v2/parties/1"}}]
