[{"id":46547,"entity_type":"candidacy_mandate","label":"Mechthild Rawert (Bundestag 2017 - 2021)","api_url":"https://www.abgeordnetenwatch.de/api/v2/candidacies-mandates/46547","id_external_administration":"1479","id_external_administration_description":"mdbID - ID der Bundestagsverwaltung","type":"mandate","parliament_period":{"id":111,"entity_type":"parliament_period","label":"Bundestag 2017 - 2021","api_url":"https://www.abgeordnetenwatch.de/api/v2/parliament-periods/111","abgeordnetenwatch_url":"https://www.abgeordnetenwatch.de/bundestag/19"},"politician":{"id":79055,"entity_type":"politician","label":"Mechthild Rawert","api_url":"https://www.abgeordnetenwatch.de/api/v2/politicians/79055","abgeordnetenwatch_url":"https://www.abgeordnetenwatch.de/profile/mechthild-rawert"},"start_date":"2020-05-25","electoral_data":{"id":47000,"entity_type":"electoral_data","label":"Mechthild Rawert (Bundestag 2017 - 2021)","electoral_list":{"id":108,"entity_type":"electoral_list","label":"Landesliste Berlin (Bundestag 2017 - 2021)","api_url":"https://www.abgeordnetenwatch.de/api/v2/electoral-lists/108"},"list_position":5,"constituency":{"id":4205,"entity_type":"constituency","label":"81 - Berlin-Tempelhof-Schöneberg (Bundestag 2017 - 2021)","api_url":"https://www.abgeordnetenwatch.de/api/v2/constituencies/4205"},"mandate_won":"moved_up"},"fraction_membership":[{"id":8806,"entity_type":"fraction_membership","label":"SPD seit 25.05.2020","fraction":{"id":22,"entity_type":"fraction","label":"SPD (Bundestag 2017 - 2021)","api_url":"https://www.abgeordnetenwatch.de/api/v2/fractions/22"},"valid_from":"2020-05-25"}],"party":{}},{"id":39097,"entity_type":"candidacy_mandate","label":"Mechthild Rawert (Bundestag 2013-2017)","api_url":"https://www.abgeordnetenwatch.de/api/v2/candidacies-mandates/39097","type":"mandate","parliament_period":{"id":97,"entity_type":"parliament_period","label":"Bundestag 2013 - 2017","api_url":"https://www.abgeordnetenwatch.de/api/v2/parliament-periods/97","abgeordnetenwatch_url":"https://www.abgeordnetenwatch.de/bundestag/18"},"politician":{"id":79055,"entity_type":"politician","label":"Mechthild Rawert","api_url":"https://www.abgeordnetenwatch.de/api/v2/politicians/79055","abgeordnetenwatch_url":"https://www.abgeordnetenwatch.de/profile/mechthild-rawert"},"electoral_data":{"id":39097,"entity_type":"electoral_data","label":"Mechthild Rawert (Bundestag 2013 - 2017)","electoral_list":{"id":28,"entity_type":"electoral_list","label":"Landesliste Berlin (Bundestag 2013-2017)","api_url":"https://www.abgeordnetenwatch.de/api/v2/electoral-lists/28"},"list_position":3,"constituency":{"id":159,"entity_type":"constituency","label":"81 - Berlin-Tempelhof-Schöneberg (Bundestag 2013-2017)","api_url":"https://www.abgeordnetenwatch.de/api/v2/constituencies/159"},"constituency_result":26.2,"mandate_won":"list"},"fraction_membership":[{"id":1323,"entity_type":"fraction_membership","label":"SPD","fraction":{"id":45,"entity_type":"fraction","label":"SPD (Bundestag 2013-2017)","api_url":"https://www.abgeordnetenwatch.de/api/v2/fractions/45"}}],"party":{}},{"id":39096,"entity_type":"candidacy_mandate","label":"Mechthild Rawert (Bundestag 2009-2013)","api_url":"https://www.abgeordnetenwatch.de/api/v2/candidacies-mandates/39096","type":"mandate","parliament_period":{"id":83,"entity_type":"parliament_period","label":"Bundestag 2009 - 2013","api_url":"https://www.abgeordnetenwatch.de/api/v2/parliament-periods/83","abgeordnetenwatch_url":"https://www.abgeordnetenwatch.de/bundestag/17"},"politician":{"id":79055,"entity_type":"politician","label":"Mechthild Rawert","api_url":"https://www.abgeordnetenwatch.de/api/v2/politicians/79055","abgeordnetenwatch_url":"https://www.abgeordnetenwatch.de/profile/mechthild-rawert"},"electoral_data":{"id":39096,"entity_type":"electoral_data","label":"Mechthild Rawert (Bundestag 2009 - 2013)","electoral_list":{"id":58,"entity_type":"electoral_list","label":"Landesliste Berlin (Bundestag 2009-2013)","api_url":"https://www.abgeordnetenwatch.de/api/v2/electoral-lists/58"},"list_position":4,"constituency":{"id":1539,"entity_type":"constituency","label":"82 - Berlin-Tempelhof - Schöneberg (Bundestag 2009-2013)","api_url":"https://www.abgeordnetenwatch.de/api/v2/constituencies/1539"},"constituency_result":22.6},"fraction_membership":[{"id":1322,"entity_type":"fraction_membership","label":"SPD","fraction":{"id":116,"entity_type":"fraction","label":"SPD (Bundestag 2009-2013)","api_url":"https://www.abgeordnetenwatch.de/api/v2/fractions/116"}}],"party":{}},{"id":39095,"entity_type":"candidacy_mandate","label":"Mechthild Rawert (Bundestag 2005-2009)","api_url":"https://www.abgeordnetenwatch.de/api/v2/candidacies-mandates/39095","type":"mandate","parliament_period":{"id":67,"entity_type":"parliament_period","label":"Bundestag 2005 - 2009","api_url":"https://www.abgeordnetenwatch.de/api/v2/parliament-periods/67","abgeordnetenwatch_url":"https://www.abgeordnetenwatch.de/bundestag/16"},"politician":{"id":79055,"entity_type":"politician","label":"Mechthild Rawert","api_url":"https://www.abgeordnetenwatch.de/api/v2/politicians/79055","abgeordnetenwatch_url":"https://www.abgeordnetenwatch.de/profile/mechthild-rawert"},"start_date":"2004-11-30","electoral_data":{"id":39095,"entity_type":"electoral_data","label":"Mechthild Rawert (Bundestag 2005 - 2009)","electoral_list":{"id":42,"entity_type":"electoral_list","label":"Landesliste Berlin (Bundestag 2005-2009)","api_url":"https://www.abgeordnetenwatch.de/api/v2/electoral-lists/42"},"list_position":4,"constituency":{"id":1304,"entity_type":"constituency","label":"82 - Berlin-Tempelhof-Schöneberg (Bundestag 2005-2009)","api_url":"https://www.abgeordnetenwatch.de/api/v2/constituencies/1304"}},"fraction_membership":[{"id":1321,"entity_type":"fraction_membership","label":"SPD","fraction":{"id":27,"entity_type":"fraction","label":"SPD (Bundestag 2005-2009)","api_url":"https://www.abgeordnetenwatch.de/api/v2/fractions/27"}}],"party":{}},{"id":35759,"entity_type":"candidacy_mandate","label":"Mechthild Rawert (Bundestag Wahl 2017)","api_url":"https://www.abgeordnetenwatch.de/api/v2/candidacies-mandates/35759","type":"candidacy","parliament_period":{"id":50,"entity_type":"parliament_period","label":"Bundestag Wahl 2017","api_url":"https://www.abgeordnetenwatch.de/api/v2/parliament-periods/50","abgeordnetenwatch_url":"https://www.abgeordnetenwatch.de/bundestag/wahl-2017"},"politician":{"id":79055,"entity_type":"politician","label":"Mechthild Rawert","api_url":"https://www.abgeordnetenwatch.de/api/v2/politicians/79055","abgeordnetenwatch_url":"https://www.abgeordnetenwatch.de/profile/mechthild-rawert"},"electoral_data":{"id":35759,"entity_type":"electoral_data","label":"Mechthild Rawert (Bundestag Wahl 2017)","electoral_list":{"id":267,"entity_type":"electoral_list","label":"Landesliste Berlin (Bundestag Wahl 2017)","api_url":"https://www.abgeordnetenwatch.de/api/v2/electoral-lists/267"},"list_position":5,"constituency":{"id":9091,"entity_type":"constituency","label":"81 - Berlin-Tempelhof-Schöneberg (Bundestag Wahl 2017)","api_url":"https://www.abgeordnetenwatch.de/api/v2/constituencies/9091"},"constituency_result":22},"fraction_membership":{},"party":{"id":1,"entity_type":"party","label":"SPD","api_url":"https://www.abgeordnetenwatch.de/api/v2/parties/1"}},{"id":5810,"entity_type":"candidacy_mandate","label":"Mechthild Rawert (Bundestag Wahl 2013)","api_url":"https://www.abgeordnetenwatch.de/api/v2/candidacies-mandates/5810","type":"candidacy","parliament_period":{"id":36,"entity_type":"parliament_period","label":"Bundestag Wahl 2013","api_url":"https://www.abgeordnetenwatch.de/api/v2/parliament-periods/36","abgeordnetenwatch_url":"https://www.abgeordnetenwatch.de/bundestag/wahl-2013"},"politician":{"id":79055,"entity_type":"politician","label":"Mechthild Rawert","api_url":"https://www.abgeordnetenwatch.de/api/v2/politicians/79055","abgeordnetenwatch_url":"https://www.abgeordnetenwatch.de/profile/mechthild-rawert"},"electoral_data":{"id":5810,"entity_type":"electoral_data","label":"Mechthild Rawert (Bundestag Wahl 2013)","electoral_list":{},"list_position":3,"constituency":{"id":5045,"entity_type":"constituency","label":"81 - Berlin-Tempelhof-Schöneberg (Bundestag Wahl 2013)","api_url":"https://www.abgeordnetenwatch.de/api/v2/constituencies/5045"},"constituency_result":26.2,"mandate_won":"list"},"fraction_membership":{},"party":{"id":1,"entity_type":"party","label":"SPD","api_url":"https://www.abgeordnetenwatch.de/api/v2/parties/1"}},{"id":5809,"entity_type":"candidacy_mandate","label":"Mechthild Rawert (Bundestag Wahl 2009)","api_url":"https://www.abgeordnetenwatch.de/api/v2/candidacies-mandates/5809","type":"candidacy","parliament_period":{"id":22,"entity_type":"parliament_period","label":"Bundestag Wahl 2009","api_url":"https://www.abgeordnetenwatch.de/api/v2/parliament-periods/22","abgeordnetenwatch_url":"https://www.abgeordnetenwatch.de/bundestag/wahl-2009"},"politician":{"id":79055,"entity_type":"politician","label":"Mechthild Rawert","api_url":"https://www.abgeordnetenwatch.de/api/v2/politicians/79055","abgeordnetenwatch_url":"https://www.abgeordnetenwatch.de/profile/mechthild-rawert"},"electoral_data":{"id":5809,"entity_type":"electoral_data","label":"Mechthild Rawert (Bundestag Wahl 2009)","electoral_list":{},"list_position":4,"constituency":{"id":6425,"entity_type":"constituency","label":"82 - Berlin-Tempelhof - Schöneberg (Bundestag Wahl 2009)","api_url":"https://www.abgeordnetenwatch.de/api/v2/constituencies/6425"},"constituency_result":22.6},"fraction_membership":{},"party":{"id":1,"entity_type":"party","label":"SPD","api_url":"https://www.abgeordnetenwatch.de/api/v2/parties/1"}},{"id":5808,"entity_type":"candidacy_mandate","label":"Mechthild Rawert (Bundestag Wahl 2005)","api_url":"https://www.abgeordnetenwatch.de/api/v2/candidacies-mandates/5808","type":"candidacy","parliament_period":{"id":6,"entity_type":"parliament_period","label":"Bundestag Wahl 2005","api_url":"https://www.abgeordnetenwatch.de/api/v2/parliament-periods/6","abgeordnetenwatch_url":"https://www.abgeordnetenwatch.de/bundestag/wahl-2005"},"politician":{"id":79055,"entity_type":"politician","label":"Mechthild Rawert","api_url":"https://www.abgeordnetenwatch.de/api/v2/politicians/79055","abgeordnetenwatch_url":"https://www.abgeordnetenwatch.de/profile/mechthild-rawert"},"electoral_data":{"id":5808,"entity_type":"electoral_data","label":"Mechthild Rawert (Bundestag Wahl 2005)","electoral_list":{"id":201,"entity_type":"electoral_list","label":"Landesliste Berlin (Bundestag Wahl 2005)","api_url":"https://www.abgeordnetenwatch.de/api/v2/electoral-lists/201"},"list_position":4,"constituency":{"id":6190,"entity_type":"constituency","label":"82 - Berlin-Tempelhof-Schöneberg (Bundestag Wahl 2005)","api_url":"https://www.abgeordnetenwatch.de/api/v2/constituencies/6190"},"constituency_result":34.2},"fraction_membership":{},"party":{"id":1,"entity_type":"party","label":"SPD","api_url":"https://www.abgeordnetenwatch.de/api/v2/parties/1"}}]
