{"id":[79061],"entity_type":["politician"],"label":["Lothar Riebsamen"],"api_url":["https://www.abgeordnetenwatch.de/api/v2/politicians/79061"],"abgeordnetenwatch_url":["https://www.abgeordnetenwatch.de/profile/lothar-riebsamen"],"first_name":["Lothar"],"last_name":["Riebsamen"],"birth_name":{},"sex":["m"],"year_of_birth":[1957],"party":{"id":[2],"entity_type":["party"],"label":["CDU"],"api_url":["https://www.abgeordnetenwatch.de/api/v2/parties/2"]},"party_past":{},"education":["Verwaltungs-Betriebswirt (VWA)"],"residence":{},"occupation":["MdB"],"statistic_questions":[29],"statistic_questions_answered":[18],"qid_wikidata":["Q1270207"],"field_title":{}}
