{"id":[79065],"entity_type":["politician"],"label":["Sönke Rix"],"api_url":["https://www.abgeordnetenwatch.de/api/v2/politicians/79065"],"abgeordnetenwatch_url":["https://www.abgeordnetenwatch.de/profile/soenke-rix"],"first_name":["Sönke"],"last_name":["Rix"],"birth_name":{},"sex":["m"],"year_of_birth":[1975],"party":{"id":[1],"entity_type":["party"],"label":["SPD"],"api_url":["https://www.abgeordnetenwatch.de/api/v2/parties/1"]},"party_past":{},"education":["Erzieher"],"residence":{},"occupation":["Mitglied des Deutschen Bundestages"],"statistic_questions":[5],"statistic_questions_answered":[5],"qid_wikidata":["Q1651406"],"field_title":{}}
