{"id":[79071],"entity_type":["politician"],"label":["Thomas Rachel"],"api_url":["https://www.abgeordnetenwatch.de/api/v2/politicians/79071"],"abgeordnetenwatch_url":["https://www.abgeordnetenwatch.de/profile/thomas-rachel"],"first_name":["Thomas"],"last_name":["Rachel"],"birth_name":{},"sex":["m"],"year_of_birth":[1962],"party":{"id":[2],"entity_type":["party"],"label":["CDU"],"api_url":["https://www.abgeordnetenwatch.de/api/v2/parties/2"]},"party_past":{},"deceased":{},"deceased_date":{},"education":["Studium der Politologie, der Geschichte und des Staatsrechts"],"residence":{},"occupation":["MdB"],"statistic_questions":{},"statistic_questions_answered":{},"qid_wikidata":["Q2426649"],"field_title":{}}
