{"id":[79083],"entity_type":["politician"],"label":["Florian Pronold"],"api_url":["https://www.abgeordnetenwatch.de/api/v2/politicians/79083"],"abgeordnetenwatch_url":["https://www.abgeordnetenwatch.de/profile/florian-pronold"],"first_name":["Florian"],"last_name":["Pronold"],"birth_name":{},"sex":["m"],"year_of_birth":[1972],"party":{"id":[1],"entity_type":["party"],"label":["SPD"],"api_url":["https://www.abgeordnetenwatch.de/api/v2/parties/1"]},"party_past":{},"deceased":{},"deceased_date":{},"education":["Jurist"],"residence":{},"occupation":["MdB"],"statistic_questions":[14],"statistic_questions_answered":[14],"qid_wikidata":["Q100797"],"field_title":{}}
