{"id":[79098],"entity_type":["politician"],"label":["Friedrich Ostendorff"],"api_url":["https://www.abgeordnetenwatch.de/api/v2/politicians/79098"],"abgeordnetenwatch_url":["https://www.abgeordnetenwatch.de/profile/friedrich-ostendorff"],"first_name":["Friedrich"],"last_name":["Ostendorff"],"birth_name":{},"sex":["m"],"year_of_birth":[1953],"party":{"id":[5],"entity_type":["party"],"label":["Bündnis 90/Die Grünen"],"api_url":["https://www.abgeordnetenwatch.de/api/v2/parties/5"]},"party_past":{},"deceased":{},"deceased_date":{},"education":["Landwirt"],"residence":{},"occupation":["MdB"],"statistic_questions":[8],"statistic_questions_answered":[5],"qid_wikidata":["Q1461384"],"field_title":{}}
