{"id":[79093],"entity_type":["politician"],"label":["Martin Patzelt"],"api_url":["https://www.abgeordnetenwatch.de/api/v2/politicians/79093"],"abgeordnetenwatch_url":["https://www.abgeordnetenwatch.de/profile/martin-patzelt"],"first_name":["Martin"],"last_name":["Patzelt"],"birth_name":{},"sex":["m"],"year_of_birth":[1947],"party":{"id":[2],"entity_type":["party"],"label":["CDU"],"api_url":["https://www.abgeordnetenwatch.de/api/v2/parties/2"]},"party_past":{},"deceased":{},"deceased_date":{},"education":["Betonfacharbeiter, Sozialarbeiter"],"residence":{},"occupation":["MdB Ausschuss für Menschenrechte und humanitäre Hilfe, Ausschuss für Familie, Senioren, Frauen und Jugend"],"statistic_questions":[22],"statistic_questions_answered":[15],"qid_wikidata":["Q118115"],"field_title":{}}
