{"id":[79097],"entity_type":["politician"],"label":["Aydan Özoğuz"],"api_url":["https://www.abgeordnetenwatch.de/api/v2/politicians/79097"],"abgeordnetenwatch_url":["https://www.abgeordnetenwatch.de/profile/aydan-oezoguz"],"first_name":["Aydan"],"last_name":["Özoğuz"],"birth_name":{},"sex":["f"],"year_of_birth":[1967],"party":{"id":[1],"entity_type":["party"],"label":["SPD"],"api_url":["https://www.abgeordnetenwatch.de/api/v2/parties/1"]},"party_past":{},"deceased":{},"deceased_date":{},"education":["Magister Anglistik"],"residence":{},"occupation":["MdB"],"statistic_questions":[6],"statistic_questions_answered":[3],"qid_wikidata":["Q792859"],"field_title":{}}
