{"id":[79107],"entity_type":["politician"],"label":["Thomas Oppermann"],"api_url":["https://www.abgeordnetenwatch.de/api/v2/politicians/79107"],"abgeordnetenwatch_url":["https://www.abgeordnetenwatch.de/profile/thomas-oppermann"],"first_name":["Thomas"],"last_name":["Oppermann"],"birth_name":{},"sex":["m"],"year_of_birth":[1954],"party":{"id":[1],"entity_type":["party"],"label":["SPD"],"api_url":["https://www.abgeordnetenwatch.de/api/v2/parties/1"]},"party_past":{},"deceased":[true],"deceased_date":["2020-10-25"],"education":["Jurist"],"residence":{},"occupation":["MdB"],"statistic_questions":[266],"statistic_questions_answered":[260],"qid_wikidata":["Q90833"],"field_title":{}}
