{"id":[79103],"entity_type":["politician"],"label":["Omid Nouripour"],"api_url":["https://www.abgeordnetenwatch.de/api/v2/politicians/79103"],"abgeordnetenwatch_url":["https://www.abgeordnetenwatch.de/profile/omid-nouripour"],"first_name":["Omid"],"last_name":["Nouripour"],"birth_name":{},"sex":["m"],"year_of_birth":[1975],"party":{"id":[5],"entity_type":["party"],"label":["Bündnis 90/Die Grünen"],"api_url":["https://www.abgeordnetenwatch.de/api/v2/parties/5"]},"party_past":{},"education":{},"residence":{},"occupation":["MdB"],"statistic_questions":[79],"statistic_questions_answered":[48],"qid_wikidata":["Q71635"],"field_title":{}}
