{"id":[79117],"entity_type":["politician"],"label":["Beate Müller-Gemmeke"],"api_url":["https://www.abgeordnetenwatch.de/api/v2/politicians/79117"],"abgeordnetenwatch_url":["https://www.abgeordnetenwatch.de/profile/beate-mueller-gemmeke"],"first_name":["Beate"],"last_name":["Müller-Gemmeke"],"birth_name":{},"sex":["f"],"year_of_birth":[1960],"party":{"id":[5],"entity_type":["party"],"label":["Bündnis 90/Die Grünen"],"api_url":["https://www.abgeordnetenwatch.de/api/v2/parties/5"]},"party_past":{},"education":["Dipl. Sozialpädagogin (FH)"],"residence":["Pliezhausen"],"occupation":["MdB"],"statistic_questions":[13],"statistic_questions_answered":[13],"qid_wikidata":["Q813168"],"field_title":{}}
