{"id":[79113],"entity_type":["politician"],"label":["Michaela Noll"],"api_url":["https://www.abgeordnetenwatch.de/api/v2/politicians/79113"],"abgeordnetenwatch_url":["https://www.abgeordnetenwatch.de/profile/michaela-noll"],"first_name":["Michaela"],"last_name":["Noll"],"birth_name":{},"sex":["f"],"year_of_birth":[1959],"party":{"id":[2],"entity_type":["party"],"label":["CDU"],"api_url":["https://www.abgeordnetenwatch.de/api/v2/parties/2"]},"party_past":{},"education":["Dolmetscherin für die Sprachen Englisch, Französisch und Spanisch, Studium der Rechtswissenschaften"],"residence":{},"occupation":["MdB"],"statistic_questions":[21],"statistic_questions_answered":[11],"qid_wikidata":["Q1562647"],"field_title":{}}
