{"id":[79118],"entity_type":["politician"],"label":["Michelle Müntefering"],"api_url":["https://www.abgeordnetenwatch.de/api/v2/politicians/79118"],"abgeordnetenwatch_url":["https://www.abgeordnetenwatch.de/profile/michelle-muentefering"],"first_name":["Michelle"],"last_name":["Müntefering"],"birth_name":{},"sex":["f"],"year_of_birth":[1980],"party":{"id":[1],"entity_type":["party"],"label":["SPD"],"api_url":["https://www.abgeordnetenwatch.de/api/v2/parties/1"]},"party_past":{},"deceased":{},"deceased_date":{},"education":["Journalistin"],"residence":{},"occupation":["MdB"],"statistic_questions":[1],"statistic_questions_answered":{},"qid_wikidata":["Q1404562"],"field_title":{}}
