{"id":[79122],"entity_type":["politician"],"label":["Niema Movassat"],"api_url":["https://www.abgeordnetenwatch.de/api/v2/politicians/79122"],"abgeordnetenwatch_url":["https://www.abgeordnetenwatch.de/profile/niema-movassat"],"first_name":["Niema"],"last_name":["Movassat"],"birth_name":{},"sex":["m"],"year_of_birth":[1984],"party":{"id":[8],"entity_type":["party"],"label":["DIE LINKE"],"api_url":["https://www.abgeordnetenwatch.de/api/v2/parties/8"]},"party_past":{},"deceased":{},"deceased_date":{},"education":["Jurist"],"residence":["Oberhausen"],"occupation":["MdB"],"statistic_questions":[27],"statistic_questions_answered":[27],"qid_wikidata":["Q1989055"],"field_title":{}}
