[{"id":53733,"entity_type":"candidacy_mandate","label":"Susanne Mittag (Bundestag 2021 - 2025)","api_url":"https://www.abgeordnetenwatch.de/api/v2/candidacies-mandates/53733","id_external_administration":"1885","id_external_administration_description":"mdbID aus der info-xml-Datei der Bundestagsverwaltung","type":"mandate","parliament_period":{"id":132,"entity_type":"parliament_period","label":"Bundestag 2021 - 2025","api_url":"https://www.abgeordnetenwatch.de/api/v2/parliament-periods/132","abgeordnetenwatch_url":"https://www.abgeordnetenwatch.de/bundestag"},"politician":{"id":79127,"entity_type":"politician","label":"Susanne Mittag","api_url":"https://www.abgeordnetenwatch.de/api/v2/politicians/79127","abgeordnetenwatch_url":"https://www.abgeordnetenwatch.de/profile/susanne-mittag"},"electoral_data":{"id":54657,"entity_type":"electoral_data","label":"Susanne Mittag (Bundestag 2021 - 2025)","electoral_list":{"id":418,"entity_type":"electoral_list","label":"Landesliste Niedersachsen (Bundestag 2021 - 2025)","api_url":"https://www.abgeordnetenwatch.de/api/v2/electoral-lists/418"},"list_position":2,"constituency":{"id":10768,"entity_type":"constituency","label":"28 - Delmenhorst - Wesermarsch - Oldenburg-Land (Bundestag 2021 - 2025)","api_url":"https://www.abgeordnetenwatch.de/api/v2/constituencies/10768"},"constituency_result":36,"mandate_won":"constituency"},"fraction_membership":[{"id":9580,"entity_type":"fraction_membership","label":"SPD","fraction":{"id":319,"entity_type":"fraction","label":"SPD (Bundestag 2021 - 2025)","api_url":"https://www.abgeordnetenwatch.de/api/v2/fractions/319"}}],"party":{}},{"id":48638,"entity_type":"candidacy_mandate","label":"Susanne Mittag (Bundestag Wahl 2021)","api_url":"https://www.abgeordnetenwatch.de/api/v2/candidacies-mandates/48638","type":"candidacy","parliament_period":{"id":128,"entity_type":"parliament_period","label":"Bundestag Wahl 2021","api_url":"https://www.abgeordnetenwatch.de/api/v2/parliament-periods/128","abgeordnetenwatch_url":"https://www.abgeordnetenwatch.de/bundestag/wahl-2021"},"politician":{"id":79127,"entity_type":"politician","label":"Susanne Mittag","api_url":"https://www.abgeordnetenwatch.de/api/v2/politicians/79127","abgeordnetenwatch_url":"https://www.abgeordnetenwatch.de/profile/susanne-mittag"},"electoral_data":{"id":49560,"entity_type":"electoral_data","label":"Susanne Mittag (Bundestag Wahl 2021)","electoral_list":{},"constituency":{"id":10085,"entity_type":"constituency","label":"28 - Delmenhorst - Wesermarsch - Oldenburg-Land (Bundestag Wahl 2021)","api_url":"https://www.abgeordnetenwatch.de/api/v2/constituencies/10085"},"constituency_result":36},"fraction_membership":{},"party":{"id":1,"entity_type":"party","label":"SPD","api_url":"https://www.abgeordnetenwatch.de/api/v2/parties/1"}},{"id":45335,"entity_type":"candidacy_mandate","label":"Susanne Mittag (Bundestag 2017 - 2021)","api_url":"https://www.abgeordnetenwatch.de/api/v2/candidacies-mandates/45335","id_external_administration":"1885","id_external_administration_description":"mdbID - ID der Bundestagsverwaltung","type":"mandate","parliament_period":{"id":111,"entity_type":"parliament_period","label":"Bundestag 2017 - 2021","api_url":"https://www.abgeordnetenwatch.de/api/v2/parliament-periods/111","abgeordnetenwatch_url":"https://www.abgeordnetenwatch.de/bundestag/19"},"politician":{"id":79127,"entity_type":"politician","label":"Susanne Mittag","api_url":"https://www.abgeordnetenwatch.de/api/v2/politicians/79127","abgeordnetenwatch_url":"https://www.abgeordnetenwatch.de/profile/susanne-mittag"},"electoral_data":{"id":45335,"entity_type":"electoral_data","label":"Susanne Mittag (Bundestag 2017 - 2021)","electoral_list":{"id":114,"entity_type":"electoral_list","label":"Landesliste Niedersachsen (Bundestag 2017 - 2021)","api_url":"https://www.abgeordnetenwatch.de/api/v2/electoral-lists/114"},"list_position":2,"constituency":{"id":4152,"entity_type":"constituency","label":"28 - Delmenhorst - Wesermarsch - Oldenburg-Land (Bundestag 2017 - 2021)","api_url":"https://www.abgeordnetenwatch.de/api/v2/constituencies/4152"},"constituency_result":32.9,"mandate_won":"list"},"fraction_membership":[{"id":7587,"entity_type":"fraction_membership","label":"SPD","fraction":{"id":22,"entity_type":"fraction","label":"SPD (Bundestag 2017 - 2021)","api_url":"https://www.abgeordnetenwatch.de/api/v2/fractions/22"}}],"party":{}},{"id":39226,"entity_type":"candidacy_mandate","label":"Susanne Mittag (Bundestag 2013-2017)","api_url":"https://www.abgeordnetenwatch.de/api/v2/candidacies-mandates/39226","type":"mandate","parliament_period":{"id":97,"entity_type":"parliament_period","label":"Bundestag 2013 - 2017","api_url":"https://www.abgeordnetenwatch.de/api/v2/parliament-periods/97","abgeordnetenwatch_url":"https://www.abgeordnetenwatch.de/bundestag/18"},"politician":{"id":79127,"entity_type":"politician","label":"Susanne Mittag","api_url":"https://www.abgeordnetenwatch.de/api/v2/politicians/79127","abgeordnetenwatch_url":"https://www.abgeordnetenwatch.de/profile/susanne-mittag"},"electoral_data":{"id":39226,"entity_type":"electoral_data","label":"Susanne Mittag (Bundestag 2013 - 2017)","electoral_list":{"id":34,"entity_type":"electoral_list","label":"Landesliste Niedersachsen (Bundestag 2013-2017)","api_url":"https://www.abgeordnetenwatch.de/api/v2/electoral-lists/34"},"list_position":4,"constituency":{"id":1131,"entity_type":"constituency","label":"28 - Delmenhorst - Wesermarsch - Oldenburg-Land (Bundestag 2013-2017)","api_url":"https://www.abgeordnetenwatch.de/api/v2/constituencies/1131"},"constituency_result":39.3,"mandate_won":"list"},"fraction_membership":[{"id":1452,"entity_type":"fraction_membership","label":"SPD","fraction":{"id":45,"entity_type":"fraction","label":"SPD (Bundestag 2013-2017)","api_url":"https://www.abgeordnetenwatch.de/api/v2/fractions/45"}}],"party":{}},{"id":6004,"entity_type":"candidacy_mandate","label":"Susanne Mittag (Bundestag Wahl 2017)","api_url":"https://www.abgeordnetenwatch.de/api/v2/candidacies-mandates/6004","type":"candidacy","parliament_period":{"id":50,"entity_type":"parliament_period","label":"Bundestag Wahl 2017","api_url":"https://www.abgeordnetenwatch.de/api/v2/parliament-periods/50","abgeordnetenwatch_url":"https://www.abgeordnetenwatch.de/bundestag/wahl-2017"},"politician":{"id":79127,"entity_type":"politician","label":"Susanne Mittag","api_url":"https://www.abgeordnetenwatch.de/api/v2/politicians/79127","abgeordnetenwatch_url":"https://www.abgeordnetenwatch.de/profile/susanne-mittag"},"electoral_data":{"id":6004,"entity_type":"electoral_data","label":"Susanne Mittag (Bundestag Wahl 2017)","electoral_list":{"id":273,"entity_type":"electoral_list","label":"Landesliste Niedersachsen (Bundestag Wahl 2017)","api_url":"https://www.abgeordnetenwatch.de/api/v2/electoral-lists/273"},"list_position":2,"constituency":{"id":9038,"entity_type":"constituency","label":"28 - Delmenhorst - Wesermarsch - Oldenburg-Land (Bundestag Wahl 2017)","api_url":"https://www.abgeordnetenwatch.de/api/v2/constituencies/9038"},"constituency_result":32.9,"mandate_won":"list"},"fraction_membership":{},"party":{"id":1,"entity_type":"party","label":"SPD","api_url":"https://www.abgeordnetenwatch.de/api/v2/parties/1"}},{"id":6003,"entity_type":"candidacy_mandate","label":"Susanne Mittag (Bundestag Wahl 2013)","api_url":"https://www.abgeordnetenwatch.de/api/v2/candidacies-mandates/6003","type":"candidacy","parliament_period":{"id":36,"entity_type":"parliament_period","label":"Bundestag Wahl 2013","api_url":"https://www.abgeordnetenwatch.de/api/v2/parliament-periods/36","abgeordnetenwatch_url":"https://www.abgeordnetenwatch.de/bundestag/wahl-2013"},"politician":{"id":79127,"entity_type":"politician","label":"Susanne Mittag","api_url":"https://www.abgeordnetenwatch.de/api/v2/politicians/79127","abgeordnetenwatch_url":"https://www.abgeordnetenwatch.de/profile/susanne-mittag"},"electoral_data":{"id":6003,"entity_type":"electoral_data","label":"Susanne Mittag (Bundestag Wahl 2013)","electoral_list":{},"list_position":4,"constituency":{"id":6017,"entity_type":"constituency","label":"28 - Delmenhorst - Wesermarsch - Oldenburg-Land (Bundestag Wahl 2013)","api_url":"https://www.abgeordnetenwatch.de/api/v2/constituencies/6017"},"constituency_result":39.3,"mandate_won":"list"},"fraction_membership":{},"party":{"id":1,"entity_type":"party","label":"SPD","api_url":"https://www.abgeordnetenwatch.de/api/v2/parties/1"}}]
