[{"id":48637,"entity_type":"candidacy_mandate","label":"Klaus Mindrup (Bundestag Wahl 2021)","api_url":"https://www.abgeordnetenwatch.de/api/v2/candidacies-mandates/48637","type":"candidacy","parliament_period":{"id":128,"entity_type":"parliament_period","label":"Bundestag Wahl 2021","api_url":"https://www.abgeordnetenwatch.de/api/v2/parliament-periods/128","abgeordnetenwatch_url":"https://www.abgeordnetenwatch.de/bundestag/wahl-2021"},"politician":{"id":79128,"entity_type":"politician","label":"Klaus Mindrup","api_url":"https://www.abgeordnetenwatch.de/api/v2/politicians/79128","abgeordnetenwatch_url":"https://www.abgeordnetenwatch.de/profile/klaus-mindrup"},"party":{"id":1,"entity_type":"party","label":"SPD","api_url":"https://www.abgeordnetenwatch.de/api/v2/parties/1"},"electoral_data":{"id":49559,"entity_type":"electoral_data","label":"Klaus Mindrup (Bundestag Wahl 2021)","electoral_list":{},"constituency":{"id":10133,"entity_type":"constituency","label":"76 - Berlin-Pankow (Bundestag Wahl 2021)","api_url":"https://www.abgeordnetenwatch.de/api/v2/constituencies/10133"},"constituency_result":21.5},"fraction_membership":{}},{"id":45334,"entity_type":"candidacy_mandate","label":"Klaus Mindrup (Bundestag 2017 - 2021)","api_url":"https://www.abgeordnetenwatch.de/api/v2/candidacies-mandates/45334","id_external_administration":"1884","id_external_administration_description":"mdbID - ID der Bundestagsverwaltung","type":"mandate","parliament_period":{"id":111,"entity_type":"parliament_period","label":"Bundestag 2017 - 2021","api_url":"https://www.abgeordnetenwatch.de/api/v2/parliament-periods/111","abgeordnetenwatch_url":"https://www.abgeordnetenwatch.de/bundestag/19"},"politician":{"id":79128,"entity_type":"politician","label":"Klaus Mindrup","api_url":"https://www.abgeordnetenwatch.de/api/v2/politicians/79128","abgeordnetenwatch_url":"https://www.abgeordnetenwatch.de/profile/klaus-mindrup"},"party":{},"electoral_data":{"id":45334,"entity_type":"electoral_data","label":"Klaus Mindrup (Bundestag 2017 - 2021)","electoral_list":{"id":108,"entity_type":"electoral_list","label":"Landesliste Berlin (Bundestag 2017 - 2021)","api_url":"https://www.abgeordnetenwatch.de/api/v2/electoral-lists/108"},"list_position":4,"constituency":{"id":4200,"entity_type":"constituency","label":"76 - Berlin-Pankow (Bundestag 2017 - 2021)","api_url":"https://www.abgeordnetenwatch.de/api/v2/constituencies/4200"},"constituency_result":16.4,"mandate_won":"list"},"fraction_membership":[{"id":7586,"entity_type":"fraction_membership","label":"SPD","fraction":{"id":22,"entity_type":"fraction","label":"SPD (Bundestag 2017 - 2021)","api_url":"https://www.abgeordnetenwatch.de/api/v2/fractions/22"}}]},{"id":39227,"entity_type":"candidacy_mandate","label":"Klaus Mindrup (Bundestag 2013-2017)","api_url":"https://www.abgeordnetenwatch.de/api/v2/candidacies-mandates/39227","type":"mandate","parliament_period":{"id":97,"entity_type":"parliament_period","label":"Bundestag 2013 - 2017","api_url":"https://www.abgeordnetenwatch.de/api/v2/parliament-periods/97","abgeordnetenwatch_url":"https://www.abgeordnetenwatch.de/bundestag/18"},"politician":{"id":79128,"entity_type":"politician","label":"Klaus Mindrup","api_url":"https://www.abgeordnetenwatch.de/api/v2/politicians/79128","abgeordnetenwatch_url":"https://www.abgeordnetenwatch.de/profile/klaus-mindrup"},"party":{},"electoral_data":{"id":39227,"entity_type":"electoral_data","label":"Klaus Mindrup (Bundestag 2013 - 2017)","electoral_list":{"id":28,"entity_type":"electoral_list","label":"Landesliste Berlin (Bundestag 2013-2017)","api_url":"https://www.abgeordnetenwatch.de/api/v2/electoral-lists/28"},"list_position":4,"constituency":{"id":157,"entity_type":"constituency","label":"76 - Berlin-Pankow (Bundestag 2013-2017)","api_url":"https://www.abgeordnetenwatch.de/api/v2/constituencies/157"},"constituency_result":21,"mandate_won":"list"},"fraction_membership":[{"id":1453,"entity_type":"fraction_membership","label":"SPD","fraction":{"id":45,"entity_type":"fraction","label":"SPD (Bundestag 2013-2017)","api_url":"https://www.abgeordnetenwatch.de/api/v2/fractions/45"}}]},{"id":6007,"entity_type":"candidacy_mandate","label":"Klaus Mindrup (Bundestag Wahl 2017)","api_url":"https://www.abgeordnetenwatch.de/api/v2/candidacies-mandates/6007","type":"candidacy","parliament_period":{"id":50,"entity_type":"parliament_period","label":"Bundestag Wahl 2017","api_url":"https://www.abgeordnetenwatch.de/api/v2/parliament-periods/50","abgeordnetenwatch_url":"https://www.abgeordnetenwatch.de/bundestag/wahl-2017"},"politician":{"id":79128,"entity_type":"politician","label":"Klaus Mindrup","api_url":"https://www.abgeordnetenwatch.de/api/v2/politicians/79128","abgeordnetenwatch_url":"https://www.abgeordnetenwatch.de/profile/klaus-mindrup"},"party":{"id":1,"entity_type":"party","label":"SPD","api_url":"https://www.abgeordnetenwatch.de/api/v2/parties/1"},"electoral_data":{"id":6007,"entity_type":"electoral_data","label":"Klaus Mindrup (Bundestag Wahl 2017)","electoral_list":{"id":267,"entity_type":"electoral_list","label":"Landesliste Berlin (Bundestag Wahl 2017)","api_url":"https://www.abgeordnetenwatch.de/api/v2/electoral-lists/267"},"list_position":4,"constituency":{"id":9086,"entity_type":"constituency","label":"76 - Berlin-Pankow (Bundestag Wahl 2017)","api_url":"https://www.abgeordnetenwatch.de/api/v2/constituencies/9086"},"constituency_result":16.4,"mandate_won":"list"},"fraction_membership":{}},{"id":6006,"entity_type":"candidacy_mandate","label":"Klaus Mindrup (Bundestag Wahl 2013)","api_url":"https://www.abgeordnetenwatch.de/api/v2/candidacies-mandates/6006","type":"candidacy","parliament_period":{"id":36,"entity_type":"parliament_period","label":"Bundestag Wahl 2013","api_url":"https://www.abgeordnetenwatch.de/api/v2/parliament-periods/36","abgeordnetenwatch_url":"https://www.abgeordnetenwatch.de/bundestag/wahl-2013"},"politician":{"id":79128,"entity_type":"politician","label":"Klaus Mindrup","api_url":"https://www.abgeordnetenwatch.de/api/v2/politicians/79128","abgeordnetenwatch_url":"https://www.abgeordnetenwatch.de/profile/klaus-mindrup"},"party":{"id":1,"entity_type":"party","label":"SPD","api_url":"https://www.abgeordnetenwatch.de/api/v2/parties/1"},"electoral_data":{"id":6006,"entity_type":"electoral_data","label":"Klaus Mindrup (Bundestag Wahl 2013)","electoral_list":{},"list_position":4,"constituency":{"id":5043,"entity_type":"constituency","label":"76 - Berlin-Pankow (Bundestag Wahl 2013)","api_url":"https://www.abgeordnetenwatch.de/api/v2/constituencies/5043"},"constituency_result":21,"mandate_won":"list"},"fraction_membership":{}},{"id":6005,"entity_type":"candidacy_mandate","label":"Klaus Mindrup (Berlin Wahl 2006)","api_url":"https://www.abgeordnetenwatch.de/api/v2/candidacies-mandates/6005","type":"candidacy","parliament_period":{"id":10,"entity_type":"parliament_period","label":"Berlin Wahl 2006","api_url":"https://www.abgeordnetenwatch.de/api/v2/parliament-periods/10","abgeordnetenwatch_url":"https://www.abgeordnetenwatch.de/berlin/wahl-2006"},"politician":{"id":79128,"entity_type":"politician","label":"Klaus Mindrup","api_url":"https://www.abgeordnetenwatch.de/api/v2/politicians/79128","abgeordnetenwatch_url":"https://www.abgeordnetenwatch.de/profile/klaus-mindrup"},"party":{"id":1,"entity_type":"party","label":"SPD","api_url":"https://www.abgeordnetenwatch.de/api/v2/parties/1"},"electoral_data":{"id":6005,"entity_type":"electoral_data","label":"Klaus Mindrup (Berlin Wahl 2006)","electoral_list":{},"list_position":5,"constituency":{"id":5962,"entity_type":"constituency","label":"19 - Pankow WK 8 (Berlin Wahl 2006)","api_url":"https://www.abgeordnetenwatch.de/api/v2/constituencies/5962"},"constituency_result":28},"fraction_membership":{}}]
