{"id":[79129],"entity_type":["politician"],"label":["Irene Mihalic"],"api_url":["https://www.abgeordnetenwatch.de/api/v2/politicians/79129"],"abgeordnetenwatch_url":["https://www.abgeordnetenwatch.de/profile/irene-mihalic"],"first_name":["Irene"],"last_name":["Mihalic"],"birth_name":{},"sex":["f"],"year_of_birth":[1976],"party":{"id":[5],"entity_type":["party"],"label":["Bündnis 90/Die Grünen"],"api_url":["https://www.abgeordnetenwatch.de/api/v2/parties/5"]},"party_past":{},"deceased":{},"deceased_date":{},"education":["Polizeibeamtin"],"residence":["Gelsenkirchen"],"occupation":["MdB"],"statistic_questions":[2],"statistic_questions_answered":{},"qid_wikidata":["Q15433827"],"field_title":["Dr."]}
