[{"id":53413,"entity_type":"candidacy_mandate","label":"Irene Mihalic (Bundestag 2021 - 2025)","api_url":"https://www.abgeordnetenwatch.de/api/v2/candidacies-mandates/53413","id_external_administration":"1883","id_external_administration_description":"mdbID aus der info-xml-Datei der Bundestagsverwaltung","type":"mandate","parliament_period":{"id":132,"entity_type":"parliament_period","label":"Bundestag 2021 - 2025","api_url":"https://www.abgeordnetenwatch.de/api/v2/parliament-periods/132","abgeordnetenwatch_url":"https://www.abgeordnetenwatch.de/bundestag"},"politician":{"id":79129,"entity_type":"politician","label":"Irene Mihalic","api_url":"https://www.abgeordnetenwatch.de/api/v2/politicians/79129","abgeordnetenwatch_url":"https://www.abgeordnetenwatch.de/profile/irene-mihalic"},"electoral_data":{"id":54337,"entity_type":"electoral_data","label":"Irene Mihalic (Bundestag 2021 - 2025)","electoral_list":{"id":419,"entity_type":"electoral_list","label":"Landesliste Nordrhein-Westfalen (Bundestag 2021 - 2025)","api_url":"https://www.abgeordnetenwatch.de/api/v2/electoral-lists/419"},"list_position":3,"constituency":{"id":10863,"entity_type":"constituency","label":"123 - Gelsenkirchen (Bundestag 2021 - 2025)","api_url":"https://www.abgeordnetenwatch.de/api/v2/constituencies/10863"},"mandate_won":"list"},"fraction_membership":[{"id":9260,"entity_type":"fraction_membership","label":"BÜNDNIS 90/DIE GRÜNEN","fraction":{"id":321,"entity_type":"fraction","label":"BÜNDNIS 90/DIE GRÜNEN (Bundestag 2021 - 2025)","api_url":"https://www.abgeordnetenwatch.de/api/v2/fractions/321"}}],"party":{}},{"id":49127,"entity_type":"candidacy_mandate","label":"Irene Mihalic (Bundestag Wahl 2021)","api_url":"https://www.abgeordnetenwatch.de/api/v2/candidacies-mandates/49127","type":"candidacy","parliament_period":{"id":128,"entity_type":"parliament_period","label":"Bundestag Wahl 2021","api_url":"https://www.abgeordnetenwatch.de/api/v2/parliament-periods/128","abgeordnetenwatch_url":"https://www.abgeordnetenwatch.de/bundestag/wahl-2021"},"politician":{"id":79129,"entity_type":"politician","label":"Irene Mihalic","api_url":"https://www.abgeordnetenwatch.de/api/v2/politicians/79129","abgeordnetenwatch_url":"https://www.abgeordnetenwatch.de/profile/irene-mihalic"},"electoral_data":{"id":50049,"entity_type":"electoral_data","label":"Irene Mihalic (Bundestag Wahl 2021)","electoral_list":{"id":365,"entity_type":"electoral_list","label":"Landesliste Nordrhein-Westfalen (Bundestag Wahl 2021)","api_url":"https://www.abgeordnetenwatch.de/api/v2/electoral-lists/365"},"list_position":3,"constituency":{"id":10180,"entity_type":"constituency","label":"123 - Gelsenkirchen (Bundestag Wahl 2021)","api_url":"https://www.abgeordnetenwatch.de/api/v2/constituencies/10180"},"constituency_result":10.2,"constituency_result_count":11286,"mandate_won":"list"},"fraction_membership":{},"party":{"id":5,"entity_type":"party","label":"Bündnis 90/Die Grünen","api_url":"https://www.abgeordnetenwatch.de/api/v2/parties/5"}},{"id":45510,"entity_type":"candidacy_mandate","label":"Irene Mihalic (Bundestag 2017 - 2021)","api_url":"https://www.abgeordnetenwatch.de/api/v2/candidacies-mandates/45510","id_external_administration":"1883","id_external_administration_description":"mdbID - ID der Bundestagsverwaltung","type":"mandate","parliament_period":{"id":111,"entity_type":"parliament_period","label":"Bundestag 2017 - 2021","api_url":"https://www.abgeordnetenwatch.de/api/v2/parliament-periods/111","abgeordnetenwatch_url":"https://www.abgeordnetenwatch.de/bundestag/19"},"politician":{"id":79129,"entity_type":"politician","label":"Irene Mihalic","api_url":"https://www.abgeordnetenwatch.de/api/v2/politicians/79129","abgeordnetenwatch_url":"https://www.abgeordnetenwatch.de/profile/irene-mihalic"},"electoral_data":{"id":45510,"entity_type":"electoral_data","label":"Irene Mihalic (Bundestag 2017 - 2021)","electoral_list":{"id":115,"entity_type":"electoral_list","label":"Landesliste Nordrhein-Westfalen (Bundestag 2017 - 2021)","api_url":"https://www.abgeordnetenwatch.de/api/v2/electoral-lists/115"},"list_position":5,"constituency":{"id":4247,"entity_type":"constituency","label":"123 - Gelsenkirchen (Bundestag 2017 - 2021)","api_url":"https://www.abgeordnetenwatch.de/api/v2/constituencies/4247"},"constituency_result":4.6,"mandate_won":"list"},"fraction_membership":[{"id":7765,"entity_type":"fraction_membership","label":"DIE GRÜNEN","fraction":{"id":153,"entity_type":"fraction","label":"DIE GRÜNEN (Bundestag 2017 - 2021)","api_url":"https://www.abgeordnetenwatch.de/api/v2/fractions/153"}}],"party":{}},{"id":39228,"entity_type":"candidacy_mandate","label":"Irene Mihalic (Bundestag 2013-2017)","api_url":"https://www.abgeordnetenwatch.de/api/v2/candidacies-mandates/39228","type":"mandate","parliament_period":{"id":97,"entity_type":"parliament_period","label":"Bundestag 2013 - 2017","api_url":"https://www.abgeordnetenwatch.de/api/v2/parliament-periods/97","abgeordnetenwatch_url":"https://www.abgeordnetenwatch.de/bundestag/18"},"politician":{"id":79129,"entity_type":"politician","label":"Irene Mihalic","api_url":"https://www.abgeordnetenwatch.de/api/v2/politicians/79129","abgeordnetenwatch_url":"https://www.abgeordnetenwatch.de/profile/irene-mihalic"},"electoral_data":{"id":39228,"entity_type":"electoral_data","label":"Irene Mihalic (Bundestag 2013 - 2017)","electoral_list":{"id":35,"entity_type":"electoral_list","label":"Landesliste Nordrhein-Westfalen (Bundestag 2013-2017)","api_url":"https://www.abgeordnetenwatch.de/api/v2/electoral-lists/35"},"list_position":7,"constituency":{"id":178,"entity_type":"constituency","label":"123 - Gelsenkirchen (Bundestag 2013-2017)","api_url":"https://www.abgeordnetenwatch.de/api/v2/constituencies/178"},"constituency_result":3.7,"mandate_won":"list"},"fraction_membership":[{"id":1454,"entity_type":"fraction_membership","label":"DIE GRÜNEN","fraction":{"id":114,"entity_type":"fraction","label":"DIE GRÜNEN (Bundestag 2013-2017)","api_url":"https://www.abgeordnetenwatch.de/api/v2/fractions/114"}}],"party":{}},{"id":6009,"entity_type":"candidacy_mandate","label":"Irene Mihalic (Bundestag Wahl 2017)","api_url":"https://www.abgeordnetenwatch.de/api/v2/candidacies-mandates/6009","type":"candidacy","parliament_period":{"id":50,"entity_type":"parliament_period","label":"Bundestag Wahl 2017","api_url":"https://www.abgeordnetenwatch.de/api/v2/parliament-periods/50","abgeordnetenwatch_url":"https://www.abgeordnetenwatch.de/bundestag/wahl-2017"},"politician":{"id":79129,"entity_type":"politician","label":"Irene Mihalic","api_url":"https://www.abgeordnetenwatch.de/api/v2/politicians/79129","abgeordnetenwatch_url":"https://www.abgeordnetenwatch.de/profile/irene-mihalic"},"electoral_data":{"id":6009,"entity_type":"electoral_data","label":"Irene Mihalic (Bundestag Wahl 2017)","electoral_list":{"id":274,"entity_type":"electoral_list","label":"Landesliste Nordrhein-Westfalen (Bundestag Wahl 2017)","api_url":"https://www.abgeordnetenwatch.de/api/v2/electoral-lists/274"},"list_position":5,"constituency":{"id":9133,"entity_type":"constituency","label":"123 - Gelsenkirchen (Bundestag Wahl 2017)","api_url":"https://www.abgeordnetenwatch.de/api/v2/constituencies/9133"},"constituency_result":4.6,"mandate_won":"list"},"fraction_membership":{},"party":{"id":5,"entity_type":"party","label":"Bündnis 90/Die Grünen","api_url":"https://www.abgeordnetenwatch.de/api/v2/parties/5"}},{"id":6008,"entity_type":"candidacy_mandate","label":"Irene Mihalic (Bundestag Wahl 2013)","api_url":"https://www.abgeordnetenwatch.de/api/v2/candidacies-mandates/6008","type":"candidacy","parliament_period":{"id":36,"entity_type":"parliament_period","label":"Bundestag Wahl 2013","api_url":"https://www.abgeordnetenwatch.de/api/v2/parliament-periods/36","abgeordnetenwatch_url":"https://www.abgeordnetenwatch.de/bundestag/wahl-2013"},"politician":{"id":79129,"entity_type":"politician","label":"Irene Mihalic","api_url":"https://www.abgeordnetenwatch.de/api/v2/politicians/79129","abgeordnetenwatch_url":"https://www.abgeordnetenwatch.de/profile/irene-mihalic"},"electoral_data":{"id":6008,"entity_type":"electoral_data","label":"Irene Mihalic (Bundestag Wahl 2013)","electoral_list":{},"list_position":7,"constituency":{"id":5064,"entity_type":"constituency","label":"123 - Gelsenkirchen (Bundestag Wahl 2013)","api_url":"https://www.abgeordnetenwatch.de/api/v2/constituencies/5064"},"constituency_result":3.7,"mandate_won":"list"},"fraction_membership":{},"party":{"id":5,"entity_type":"party","label":"Bündnis 90/Die Grünen","api_url":"https://www.abgeordnetenwatch.de/api/v2/parties/5"}}]
