[{"id":45342,"entity_type":"candidacy_mandate","label":"Gerd Müller (Bundestag 2017 - 2021)","api_url":"https://www.abgeordnetenwatch.de/api/v2/candidacies-mandates/45342","id_external_administration":"783","id_external_administration_description":"mdbID - ID der Bundestagsverwaltung","type":"mandate","parliament_period":{"id":111,"entity_type":"parliament_period","label":"Bundestag 2017 - 2021","api_url":"https://www.abgeordnetenwatch.de/api/v2/parliament-periods/111","abgeordnetenwatch_url":"https://www.abgeordnetenwatch.de/bundestag/19"},"politician":{"id":79121,"entity_type":"politician","label":"Gerd Müller","api_url":"https://www.abgeordnetenwatch.de/api/v2/politicians/79121","abgeordnetenwatch_url":"https://www.abgeordnetenwatch.de/profile/gerd-mueller-0"},"electoral_data":{"id":45342,"entity_type":"electoral_data","label":"Gerd Müller (Bundestag 2017 - 2021)","electoral_list":{"id":107,"entity_type":"electoral_list","label":"Landesliste Bayern (Bundestag 2017 - 2021)","api_url":"https://www.abgeordnetenwatch.de/api/v2/electoral-lists/107"},"list_position":5,"constituency":{"id":4380,"entity_type":"constituency","label":"256 - Oberallgäu (Bundestag 2017 - 2021)","api_url":"https://www.abgeordnetenwatch.de/api/v2/constituencies/4380"},"constituency_result":50.4,"mandate_won":"constituency"},"fraction_membership":[{"id":7594,"entity_type":"fraction_membership","label":"CDU/CSU","fraction":{"id":81,"entity_type":"fraction","label":"CDU/CSU (Bundestag 2017 - 2021)","api_url":"https://www.abgeordnetenwatch.de/api/v2/fractions/81"}}],"party":{}},{"id":39215,"entity_type":"candidacy_mandate","label":"Gerd Müller (Bundestag 2013-2017)","api_url":"https://www.abgeordnetenwatch.de/api/v2/candidacies-mandates/39215","type":"mandate","parliament_period":{"id":97,"entity_type":"parliament_period","label":"Bundestag 2013 - 2017","api_url":"https://www.abgeordnetenwatch.de/api/v2/parliament-periods/97","abgeordnetenwatch_url":"https://www.abgeordnetenwatch.de/bundestag/18"},"politician":{"id":79121,"entity_type":"politician","label":"Gerd Müller","api_url":"https://www.abgeordnetenwatch.de/api/v2/politicians/79121","abgeordnetenwatch_url":"https://www.abgeordnetenwatch.de/profile/gerd-mueller-0"},"electoral_data":{"id":39215,"entity_type":"electoral_data","label":"Gerd Müller (Bundestag 2013 - 2017)","electoral_list":{"id":27,"entity_type":"electoral_list","label":"Landesliste Bayern (Bundestag 2013-2017)","api_url":"https://www.abgeordnetenwatch.de/api/v2/electoral-lists/27"},"list_position":10,"constituency":{"id":1217,"entity_type":"constituency","label":"256 - Oberallgäu (Bundestag 2013-2017)","api_url":"https://www.abgeordnetenwatch.de/api/v2/constituencies/1217"},"constituency_result":60.7,"mandate_won":"constituency"},"fraction_membership":[{"id":1441,"entity_type":"fraction_membership","label":"CDU/CSU","fraction":{"id":111,"entity_type":"fraction","label":"CDU/CSU (Bundestag 2013-2017)","api_url":"https://www.abgeordnetenwatch.de/api/v2/fractions/111"}}],"party":{}},{"id":39214,"entity_type":"candidacy_mandate","label":"Gerd Müller (Bundestag 2009-2013)","api_url":"https://www.abgeordnetenwatch.de/api/v2/candidacies-mandates/39214","type":"mandate","parliament_period":{"id":83,"entity_type":"parliament_period","label":"Bundestag 2009 - 2013","api_url":"https://www.abgeordnetenwatch.de/api/v2/parliament-periods/83","abgeordnetenwatch_url":"https://www.abgeordnetenwatch.de/bundestag/17"},"politician":{"id":79121,"entity_type":"politician","label":"Gerd Müller","api_url":"https://www.abgeordnetenwatch.de/api/v2/politicians/79121","abgeordnetenwatch_url":"https://www.abgeordnetenwatch.de/profile/gerd-mueller-0"},"electoral_data":{"id":39214,"entity_type":"electoral_data","label":"Gerd Müller (Bundestag 2009 - 2013)","electoral_list":{"id":57,"entity_type":"electoral_list","label":"Landesliste Bayern (Bundestag 2009-2013)","api_url":"https://www.abgeordnetenwatch.de/api/v2/electoral-lists/57"},"list_position":11,"constituency":{"id":1708,"entity_type":"constituency","label":"256 - Oberallgäu (Bundestag 2009-2013)","api_url":"https://www.abgeordnetenwatch.de/api/v2/constituencies/1708"},"constituency_result":53},"fraction_membership":[{"id":1440,"entity_type":"fraction_membership","label":"CDU/CSU","fraction":{"id":112,"entity_type":"fraction","label":"CDU/CSU (Bundestag 2009-2013)","api_url":"https://www.abgeordnetenwatch.de/api/v2/fractions/112"}}],"party":{}},{"id":39213,"entity_type":"candidacy_mandate","label":"Gerd Müller (Bundestag 2005-2009)","api_url":"https://www.abgeordnetenwatch.de/api/v2/candidacies-mandates/39213","type":"mandate","parliament_period":{"id":67,"entity_type":"parliament_period","label":"Bundestag 2005 - 2009","api_url":"https://www.abgeordnetenwatch.de/api/v2/parliament-periods/67","abgeordnetenwatch_url":"https://www.abgeordnetenwatch.de/bundestag/16"},"politician":{"id":79121,"entity_type":"politician","label":"Gerd Müller","api_url":"https://www.abgeordnetenwatch.de/api/v2/politicians/79121","abgeordnetenwatch_url":"https://www.abgeordnetenwatch.de/profile/gerd-mueller-0"},"start_date":"1993-11-30","electoral_data":{"id":39213,"entity_type":"electoral_data","label":"Gerd Müller (Bundestag 2005 - 2009)","electoral_list":{},"constituency":{"id":1441,"entity_type":"constituency","label":"257 - Oberallgäu (Bundestag 2005-2009)","api_url":"https://www.abgeordnetenwatch.de/api/v2/constituencies/1441"}},"fraction_membership":[{"id":1439,"entity_type":"fraction_membership","label":"CDU/CSU","fraction":{"id":26,"entity_type":"fraction","label":"CDU/CSU (Bundestag 2005-2009)","api_url":"https://www.abgeordnetenwatch.de/api/v2/fractions/26"}}],"party":{}},{"id":5988,"entity_type":"candidacy_mandate","label":"Gerd Müller (Bundestag Wahl 2017)","api_url":"https://www.abgeordnetenwatch.de/api/v2/candidacies-mandates/5988","type":"candidacy","parliament_period":{"id":50,"entity_type":"parliament_period","label":"Bundestag Wahl 2017","api_url":"https://www.abgeordnetenwatch.de/api/v2/parliament-periods/50","abgeordnetenwatch_url":"https://www.abgeordnetenwatch.de/bundestag/wahl-2017"},"politician":{"id":79121,"entity_type":"politician","label":"Gerd Müller","api_url":"https://www.abgeordnetenwatch.de/api/v2/politicians/79121","abgeordnetenwatch_url":"https://www.abgeordnetenwatch.de/profile/gerd-mueller-0"},"electoral_data":{"id":5988,"entity_type":"electoral_data","label":"Gerd Müller (Bundestag Wahl 2017)","electoral_list":{"id":266,"entity_type":"electoral_list","label":"Landesliste Bayern (Bundestag Wahl 2017)","api_url":"https://www.abgeordnetenwatch.de/api/v2/electoral-lists/266"},"list_position":5,"constituency":{"id":9266,"entity_type":"constituency","label":"256 - Oberallgäu (Bundestag Wahl 2017)","api_url":"https://www.abgeordnetenwatch.de/api/v2/constituencies/9266"},"constituency_result":50.4,"mandate_won":"constituency"},"fraction_membership":{},"party":{"id":3,"entity_type":"party","label":"CSU","api_url":"https://www.abgeordnetenwatch.de/api/v2/parties/3"}},{"id":5987,"entity_type":"candidacy_mandate","label":"Gerd Müller (Bundestag Wahl 2013)","api_url":"https://www.abgeordnetenwatch.de/api/v2/candidacies-mandates/5987","type":"candidacy","parliament_period":{"id":36,"entity_type":"parliament_period","label":"Bundestag Wahl 2013","api_url":"https://www.abgeordnetenwatch.de/api/v2/parliament-periods/36","abgeordnetenwatch_url":"https://www.abgeordnetenwatch.de/bundestag/wahl-2013"},"politician":{"id":79121,"entity_type":"politician","label":"Gerd Müller","api_url":"https://www.abgeordnetenwatch.de/api/v2/politicians/79121","abgeordnetenwatch_url":"https://www.abgeordnetenwatch.de/profile/gerd-mueller-0"},"electoral_data":{"id":5987,"entity_type":"electoral_data","label":"Gerd Müller (Bundestag Wahl 2013)","electoral_list":{},"list_position":10,"constituency":{"id":6103,"entity_type":"constituency","label":"256 - Oberallgäu (Bundestag Wahl 2013)","api_url":"https://www.abgeordnetenwatch.de/api/v2/constituencies/6103"},"constituency_result":60.7,"mandate_won":"constituency"},"fraction_membership":{},"party":{"id":3,"entity_type":"party","label":"CSU","api_url":"https://www.abgeordnetenwatch.de/api/v2/parties/3"}},{"id":5986,"entity_type":"candidacy_mandate","label":"Gerd Müller (Bundestag Wahl 2009)","api_url":"https://www.abgeordnetenwatch.de/api/v2/candidacies-mandates/5986","type":"candidacy","parliament_period":{"id":22,"entity_type":"parliament_period","label":"Bundestag Wahl 2009","api_url":"https://www.abgeordnetenwatch.de/api/v2/parliament-periods/22","abgeordnetenwatch_url":"https://www.abgeordnetenwatch.de/bundestag/wahl-2009"},"politician":{"id":79121,"entity_type":"politician","label":"Gerd Müller","api_url":"https://www.abgeordnetenwatch.de/api/v2/politicians/79121","abgeordnetenwatch_url":"https://www.abgeordnetenwatch.de/profile/gerd-mueller-0"},"electoral_data":{"id":5986,"entity_type":"electoral_data","label":"Gerd Müller (Bundestag Wahl 2009)","electoral_list":{},"list_position":11,"constituency":{"id":6594,"entity_type":"constituency","label":"256 - Oberallgäu (Bundestag Wahl 2009)","api_url":"https://www.abgeordnetenwatch.de/api/v2/constituencies/6594"},"constituency_result":53,"mandate_won":"constituency"},"fraction_membership":{},"party":{"id":3,"entity_type":"party","label":"CSU","api_url":"https://www.abgeordnetenwatch.de/api/v2/parties/3"}},{"id":5985,"entity_type":"candidacy_mandate","label":"Gerd Müller (Bundestag Wahl 2005)","api_url":"https://www.abgeordnetenwatch.de/api/v2/candidacies-mandates/5985","type":"candidacy","parliament_period":{"id":6,"entity_type":"parliament_period","label":"Bundestag Wahl 2005","api_url":"https://www.abgeordnetenwatch.de/api/v2/parliament-periods/6","abgeordnetenwatch_url":"https://www.abgeordnetenwatch.de/bundestag/wahl-2005"},"politician":{"id":79121,"entity_type":"politician","label":"Gerd Müller","api_url":"https://www.abgeordnetenwatch.de/api/v2/politicians/79121","abgeordnetenwatch_url":"https://www.abgeordnetenwatch.de/profile/gerd-mueller-0"},"electoral_data":{"id":5985,"entity_type":"electoral_data","label":"Gerd Müller (Bundestag Wahl 2005)","electoral_list":{},"constituency":{"id":6327,"entity_type":"constituency","label":"257 - Oberallgäu (Bundestag Wahl 2005)","api_url":"https://www.abgeordnetenwatch.de/api/v2/constituencies/6327"},"constituency_result":61.5},"fraction_membership":{},"party":{"id":3,"entity_type":"party","label":"CSU","api_url":"https://www.abgeordnetenwatch.de/api/v2/parties/3"}}]
