[{"id":53443,"entity_type":"candidacy_mandate","label":"Mathias Middelberg (Bundestag 2021 - 2025)","api_url":"https://www.abgeordnetenwatch.de/api/v2/candidacies-mandates/53443","id_external_administration":"1652","id_external_administration_description":"mdbID aus der info-xml-Datei der Bundestagsverwaltung","type":"mandate","parliament_period":{"id":132,"entity_type":"parliament_period","label":"Bundestag 2021 - 2025","api_url":"https://www.abgeordnetenwatch.de/api/v2/parliament-periods/132","abgeordnetenwatch_url":"https://www.abgeordnetenwatch.de/bundestag"},"politician":{"id":79132,"entity_type":"politician","label":"Mathias Middelberg","api_url":"https://www.abgeordnetenwatch.de/api/v2/politicians/79132","abgeordnetenwatch_url":"https://www.abgeordnetenwatch.de/profile/mathias-middelberg"},"electoral_data":{"id":54367,"entity_type":"electoral_data","label":"Mathias Middelberg (Bundestag 2021 - 2025)","electoral_list":{"id":418,"entity_type":"electoral_list","label":"Landesliste Niedersachsen (Bundestag 2021 - 2025)","api_url":"https://www.abgeordnetenwatch.de/api/v2/electoral-lists/418"},"list_position":4,"constituency":{"id":10779,"entity_type":"constituency","label":"39 - Stadt Osnabrück (Bundestag 2021 - 2025)","api_url":"https://www.abgeordnetenwatch.de/api/v2/constituencies/10779"},"constituency_result":29.2,"mandate_won":"list"},"fraction_membership":[{"id":9290,"entity_type":"fraction_membership","label":"CDU/CSU","fraction":{"id":320,"entity_type":"fraction","label":"CDU/CSU (Bundestag 2021 - 2025)","api_url":"https://www.abgeordnetenwatch.de/api/v2/fractions/320"}}],"party":{}},{"id":49757,"entity_type":"candidacy_mandate","label":"Mathias Middelberg (Bundestag Wahl 2021)","api_url":"https://www.abgeordnetenwatch.de/api/v2/candidacies-mandates/49757","type":"candidacy","parliament_period":{"id":128,"entity_type":"parliament_period","label":"Bundestag Wahl 2021","api_url":"https://www.abgeordnetenwatch.de/api/v2/parliament-periods/128","abgeordnetenwatch_url":"https://www.abgeordnetenwatch.de/bundestag/wahl-2021"},"politician":{"id":79132,"entity_type":"politician","label":"Mathias Middelberg","api_url":"https://www.abgeordnetenwatch.de/api/v2/politicians/79132","abgeordnetenwatch_url":"https://www.abgeordnetenwatch.de/profile/mathias-middelberg"},"electoral_data":{"id":50679,"entity_type":"electoral_data","label":"Mathias Middelberg (Bundestag Wahl 2021)","electoral_list":{},"constituency":{"id":10096,"entity_type":"constituency","label":"39 - Stadt Osnabrück (Bundestag Wahl 2021)","api_url":"https://www.abgeordnetenwatch.de/api/v2/constituencies/10096"},"constituency_result":29.2},"fraction_membership":{},"party":{"id":2,"entity_type":"party","label":"CDU","api_url":"https://www.abgeordnetenwatch.de/api/v2/parties/2"}},{"id":45333,"entity_type":"candidacy_mandate","label":"Mathias Middelberg (Bundestag 2017 - 2021)","api_url":"https://www.abgeordnetenwatch.de/api/v2/candidacies-mandates/45333","id_external_administration":"1652","id_external_administration_description":"mdbID - ID der Bundestagsverwaltung","type":"mandate","parliament_period":{"id":111,"entity_type":"parliament_period","label":"Bundestag 2017 - 2021","api_url":"https://www.abgeordnetenwatch.de/api/v2/parliament-periods/111","abgeordnetenwatch_url":"https://www.abgeordnetenwatch.de/bundestag/19"},"politician":{"id":79132,"entity_type":"politician","label":"Mathias Middelberg","api_url":"https://www.abgeordnetenwatch.de/api/v2/politicians/79132","abgeordnetenwatch_url":"https://www.abgeordnetenwatch.de/profile/mathias-middelberg"},"electoral_data":{"id":45333,"entity_type":"electoral_data","label":"Mathias Middelberg (Bundestag 2017 - 2021)","electoral_list":{"id":114,"entity_type":"electoral_list","label":"Landesliste Niedersachsen (Bundestag 2017 - 2021)","api_url":"https://www.abgeordnetenwatch.de/api/v2/electoral-lists/114"},"list_position":5,"constituency":{"id":4163,"entity_type":"constituency","label":"39 - Stadt Osnabrück (Bundestag 2017 - 2021)","api_url":"https://www.abgeordnetenwatch.de/api/v2/constituencies/4163"},"constituency_result":40.3,"mandate_won":"constituency"},"fraction_membership":[{"id":7585,"entity_type":"fraction_membership","label":"CDU/CSU","fraction":{"id":81,"entity_type":"fraction","label":"CDU/CSU (Bundestag 2017 - 2021)","api_url":"https://www.abgeordnetenwatch.de/api/v2/fractions/81"}}],"party":{}},{"id":39233,"entity_type":"candidacy_mandate","label":"Mathias Middelberg (Bundestag 2013-2017)","api_url":"https://www.abgeordnetenwatch.de/api/v2/candidacies-mandates/39233","type":"mandate","parliament_period":{"id":97,"entity_type":"parliament_period","label":"Bundestag 2013 - 2017","api_url":"https://www.abgeordnetenwatch.de/api/v2/parliament-periods/97","abgeordnetenwatch_url":"https://www.abgeordnetenwatch.de/bundestag/18"},"politician":{"id":79132,"entity_type":"politician","label":"Mathias Middelberg","api_url":"https://www.abgeordnetenwatch.de/api/v2/politicians/79132","abgeordnetenwatch_url":"https://www.abgeordnetenwatch.de/profile/mathias-middelberg"},"electoral_data":{"id":39233,"entity_type":"electoral_data","label":"Mathias Middelberg (Bundestag 2013 - 2017)","electoral_list":{"id":34,"entity_type":"electoral_list","label":"Landesliste Niedersachsen (Bundestag 2013-2017)","api_url":"https://www.abgeordnetenwatch.de/api/v2/electoral-lists/34"},"list_position":7,"constituency":{"id":222,"entity_type":"constituency","label":"39 - Stadt Osnabrück (Bundestag 2013-2017)","api_url":"https://www.abgeordnetenwatch.de/api/v2/constituencies/222"},"constituency_result":45.7,"mandate_won":"constituency"},"fraction_membership":[{"id":1459,"entity_type":"fraction_membership","label":"CDU/CSU","fraction":{"id":111,"entity_type":"fraction","label":"CDU/CSU (Bundestag 2013-2017)","api_url":"https://www.abgeordnetenwatch.de/api/v2/fractions/111"}}],"party":{}},{"id":39232,"entity_type":"candidacy_mandate","label":"Mathias Middelberg (Bundestag 2009-2013)","api_url":"https://www.abgeordnetenwatch.de/api/v2/candidacies-mandates/39232","type":"mandate","parliament_period":{"id":83,"entity_type":"parliament_period","label":"Bundestag 2009 - 2013","api_url":"https://www.abgeordnetenwatch.de/api/v2/parliament-periods/83","abgeordnetenwatch_url":"https://www.abgeordnetenwatch.de/bundestag/17"},"politician":{"id":79132,"entity_type":"politician","label":"Mathias Middelberg","api_url":"https://www.abgeordnetenwatch.de/api/v2/politicians/79132","abgeordnetenwatch_url":"https://www.abgeordnetenwatch.de/profile/mathias-middelberg"},"electoral_data":{"id":39232,"entity_type":"electoral_data","label":"Mathias Middelberg (Bundestag 2009 - 2013)","electoral_list":{"id":63,"entity_type":"electoral_list","label":"Landesliste Niedersachsen (Bundestag 2009-2013)","api_url":"https://www.abgeordnetenwatch.de/api/v2/electoral-lists/63"},"list_position":14,"constituency":{"id":1766,"entity_type":"constituency","label":"40 - Stadt Osnabrück (Bundestag 2009-2013)","api_url":"https://www.abgeordnetenwatch.de/api/v2/constituencies/1766"},"constituency_result":38.4,"mandate_won":"constituency"},"fraction_membership":[{"id":1458,"entity_type":"fraction_membership","label":"CDU/CSU","fraction":{"id":112,"entity_type":"fraction","label":"CDU/CSU (Bundestag 2009-2013)","api_url":"https://www.abgeordnetenwatch.de/api/v2/fractions/112"}}],"party":{}},{"id":6017,"entity_type":"candidacy_mandate","label":"Mathias Middelberg (Bundestag Wahl 2017)","api_url":"https://www.abgeordnetenwatch.de/api/v2/candidacies-mandates/6017","type":"candidacy","parliament_period":{"id":50,"entity_type":"parliament_period","label":"Bundestag Wahl 2017","api_url":"https://www.abgeordnetenwatch.de/api/v2/parliament-periods/50","abgeordnetenwatch_url":"https://www.abgeordnetenwatch.de/bundestag/wahl-2017"},"politician":{"id":79132,"entity_type":"politician","label":"Mathias Middelberg","api_url":"https://www.abgeordnetenwatch.de/api/v2/politicians/79132","abgeordnetenwatch_url":"https://www.abgeordnetenwatch.de/profile/mathias-middelberg"},"electoral_data":{"id":6017,"entity_type":"electoral_data","label":"Mathias Middelberg (Bundestag Wahl 2017)","electoral_list":{"id":273,"entity_type":"electoral_list","label":"Landesliste Niedersachsen (Bundestag Wahl 2017)","api_url":"https://www.abgeordnetenwatch.de/api/v2/electoral-lists/273"},"list_position":5,"constituency":{"id":9049,"entity_type":"constituency","label":"39 - Stadt Osnabrück (Bundestag Wahl 2017)","api_url":"https://www.abgeordnetenwatch.de/api/v2/constituencies/9049"},"constituency_result":40.3,"mandate_won":"constituency"},"fraction_membership":{},"party":{"id":2,"entity_type":"party","label":"CDU","api_url":"https://www.abgeordnetenwatch.de/api/v2/parties/2"}},{"id":6016,"entity_type":"candidacy_mandate","label":"Mathias Middelberg (Bundestag Wahl 2013)","api_url":"https://www.abgeordnetenwatch.de/api/v2/candidacies-mandates/6016","type":"candidacy","parliament_period":{"id":36,"entity_type":"parliament_period","label":"Bundestag Wahl 2013","api_url":"https://www.abgeordnetenwatch.de/api/v2/parliament-periods/36","abgeordnetenwatch_url":"https://www.abgeordnetenwatch.de/bundestag/wahl-2013"},"politician":{"id":79132,"entity_type":"politician","label":"Mathias Middelberg","api_url":"https://www.abgeordnetenwatch.de/api/v2/politicians/79132","abgeordnetenwatch_url":"https://www.abgeordnetenwatch.de/profile/mathias-middelberg"},"electoral_data":{"id":6016,"entity_type":"electoral_data","label":"Mathias Middelberg (Bundestag Wahl 2013)","electoral_list":{},"list_position":7,"constituency":{"id":5108,"entity_type":"constituency","label":"39 - Stadt Osnabrück (Bundestag Wahl 2013)","api_url":"https://www.abgeordnetenwatch.de/api/v2/constituencies/5108"},"constituency_result":45.7,"mandate_won":"constituency"},"fraction_membership":{},"party":{"id":2,"entity_type":"party","label":"CDU","api_url":"https://www.abgeordnetenwatch.de/api/v2/parties/2"}},{"id":6015,"entity_type":"candidacy_mandate","label":"Mathias Middelberg (Bundestag Wahl 2009)","api_url":"https://www.abgeordnetenwatch.de/api/v2/candidacies-mandates/6015","type":"candidacy","parliament_period":{"id":22,"entity_type":"parliament_period","label":"Bundestag Wahl 2009","api_url":"https://www.abgeordnetenwatch.de/api/v2/parliament-periods/22","abgeordnetenwatch_url":"https://www.abgeordnetenwatch.de/bundestag/wahl-2009"},"politician":{"id":79132,"entity_type":"politician","label":"Mathias Middelberg","api_url":"https://www.abgeordnetenwatch.de/api/v2/politicians/79132","abgeordnetenwatch_url":"https://www.abgeordnetenwatch.de/profile/mathias-middelberg"},"electoral_data":{"id":6015,"entity_type":"electoral_data","label":"Mathias Middelberg (Bundestag Wahl 2009)","electoral_list":{},"list_position":14,"constituency":{"id":6652,"entity_type":"constituency","label":"40 - Stadt Osnabrück (Bundestag Wahl 2009)","api_url":"https://www.abgeordnetenwatch.de/api/v2/constituencies/6652"},"constituency_result":38.4,"mandate_won":"constituency"},"fraction_membership":{},"party":{"id":2,"entity_type":"party","label":"CDU","api_url":"https://www.abgeordnetenwatch.de/api/v2/parties/2"}},{"id":6014,"entity_type":"candidacy_mandate","label":"Mathias Middelberg (Bundestag Wahl 2005)","api_url":"https://www.abgeordnetenwatch.de/api/v2/candidacies-mandates/6014","type":"candidacy","parliament_period":{"id":6,"entity_type":"parliament_period","label":"Bundestag Wahl 2005","api_url":"https://www.abgeordnetenwatch.de/api/v2/parliament-periods/6","abgeordnetenwatch_url":"https://www.abgeordnetenwatch.de/bundestag/wahl-2005"},"politician":{"id":79132,"entity_type":"politician","label":"Mathias Middelberg","api_url":"https://www.abgeordnetenwatch.de/api/v2/politicians/79132","abgeordnetenwatch_url":"https://www.abgeordnetenwatch.de/profile/mathias-middelberg"},"electoral_data":{"id":6014,"entity_type":"electoral_data","label":"Mathias Middelberg (Bundestag Wahl 2005)","electoral_list":{"id":207,"entity_type":"electoral_list","label":"Landesliste Niedersachsen (Bundestag Wahl 2005)","api_url":"https://www.abgeordnetenwatch.de/api/v2/electoral-lists/207"},"list_position":25,"constituency":{"id":6371,"entity_type":"constituency","label":"39 - Stadt Osnabrück (Bundestag Wahl 2005)","api_url":"https://www.abgeordnetenwatch.de/api/v2/constituencies/6371"},"constituency_result":40.4},"fraction_membership":{},"party":{"id":2,"entity_type":"party","label":"CDU","api_url":"https://www.abgeordnetenwatch.de/api/v2/parties/2"}}]
