[{"id":53913,"entity_type":"candidacy_mandate","label":"Stephan Mayer (Bundestag 2021 - 2025)","api_url":"https://www.abgeordnetenwatch.de/api/v2/candidacies-mandates/53913","id_external_administration":"1347","id_external_administration_description":"mdbID aus der info-xml-Datei der Bundestagsverwaltung","type":"mandate","parliament_period":{"id":132,"entity_type":"parliament_period","label":"Bundestag 2021 - 2025","api_url":"https://www.abgeordnetenwatch.de/api/v2/parliament-periods/132","abgeordnetenwatch_url":"https://www.abgeordnetenwatch.de/bundestag"},"politician":{"id":79134,"entity_type":"politician","label":"Stephan Mayer","api_url":"https://www.abgeordnetenwatch.de/api/v2/politicians/79134","abgeordnetenwatch_url":"https://www.abgeordnetenwatch.de/profile/stephan-mayer"},"electoral_data":{"id":54837,"entity_type":"electoral_data","label":"Stephan Mayer (Bundestag 2021 - 2025)","electoral_list":{},"constituency":{"id":10952,"entity_type":"constituency","label":"212 - Altötting (Bundestag 2021 - 2025)","api_url":"https://www.abgeordnetenwatch.de/api/v2/constituencies/10952"},"constituency_result":43,"mandate_won":"constituency"},"fraction_membership":[{"id":9760,"entity_type":"fraction_membership","label":"CDU/CSU","fraction":{"id":320,"entity_type":"fraction","label":"CDU/CSU (Bundestag 2021 - 2025)","api_url":"https://www.abgeordnetenwatch.de/api/v2/fractions/320"}}],"party":{}},{"id":49758,"entity_type":"candidacy_mandate","label":"Stephan Mayer (Bundestag Wahl 2021)","api_url":"https://www.abgeordnetenwatch.de/api/v2/candidacies-mandates/49758","type":"candidacy","parliament_period":{"id":128,"entity_type":"parliament_period","label":"Bundestag Wahl 2021","api_url":"https://www.abgeordnetenwatch.de/api/v2/parliament-periods/128","abgeordnetenwatch_url":"https://www.abgeordnetenwatch.de/bundestag/wahl-2021"},"politician":{"id":79134,"entity_type":"politician","label":"Stephan Mayer","api_url":"https://www.abgeordnetenwatch.de/api/v2/politicians/79134","abgeordnetenwatch_url":"https://www.abgeordnetenwatch.de/profile/stephan-mayer"},"electoral_data":{"id":50680,"entity_type":"electoral_data","label":"Stephan Mayer (Bundestag Wahl 2021)","electoral_list":{},"constituency":{"id":10269,"entity_type":"constituency","label":"212 - Altötting (Bundestag Wahl 2021)","api_url":"https://www.abgeordnetenwatch.de/api/v2/constituencies/10269"},"constituency_result":43.3},"fraction_membership":{},"party":{"id":3,"entity_type":"party","label":"CSU","api_url":"https://www.abgeordnetenwatch.de/api/v2/parties/3"}},{"id":45331,"entity_type":"candidacy_mandate","label":"Stephan Mayer (Bundestag 2017 - 2021)","api_url":"https://www.abgeordnetenwatch.de/api/v2/candidacies-mandates/45331","id_external_administration":"1347","id_external_administration_description":"mdbID - ID der Bundestagsverwaltung","type":"mandate","parliament_period":{"id":111,"entity_type":"parliament_period","label":"Bundestag 2017 - 2021","api_url":"https://www.abgeordnetenwatch.de/api/v2/parliament-periods/111","abgeordnetenwatch_url":"https://www.abgeordnetenwatch.de/bundestag/19"},"politician":{"id":79134,"entity_type":"politician","label":"Stephan Mayer","api_url":"https://www.abgeordnetenwatch.de/api/v2/politicians/79134","abgeordnetenwatch_url":"https://www.abgeordnetenwatch.de/profile/stephan-mayer"},"electoral_data":{"id":45331,"entity_type":"electoral_data","label":"Stephan Mayer (Bundestag 2017 - 2021)","electoral_list":{},"list_position":1,"constituency":{"id":4336,"entity_type":"constituency","label":"212 - Altötting (Bundestag 2017 - 2021)","api_url":"https://www.abgeordnetenwatch.de/api/v2/constituencies/4336"},"constituency_result":54.5,"mandate_won":"constituency"},"fraction_membership":[{"id":7583,"entity_type":"fraction_membership","label":"CDU/CSU","fraction":{"id":81,"entity_type":"fraction","label":"CDU/CSU (Bundestag 2017 - 2021)","api_url":"https://www.abgeordnetenwatch.de/api/v2/fractions/81"}}],"party":{}},{"id":39239,"entity_type":"candidacy_mandate","label":"Stephan Mayer (Bundestag 2013-2017)","api_url":"https://www.abgeordnetenwatch.de/api/v2/candidacies-mandates/39239","type":"mandate","parliament_period":{"id":97,"entity_type":"parliament_period","label":"Bundestag 2013 - 2017","api_url":"https://www.abgeordnetenwatch.de/api/v2/parliament-periods/97","abgeordnetenwatch_url":"https://www.abgeordnetenwatch.de/bundestag/18"},"politician":{"id":79134,"entity_type":"politician","label":"Stephan Mayer","api_url":"https://www.abgeordnetenwatch.de/api/v2/politicians/79134","abgeordnetenwatch_url":"https://www.abgeordnetenwatch.de/profile/stephan-mayer"},"electoral_data":{"id":39239,"entity_type":"electoral_data","label":"Stephan Mayer (Bundestag 2013 - 2017)","electoral_list":{},"constituency":{"id":1100,"entity_type":"constituency","label":"213 - Altötting (Bundestag 2013-2017)","api_url":"https://www.abgeordnetenwatch.de/api/v2/constituencies/1100"},"constituency_result":65.8,"mandate_won":"constituency"},"fraction_membership":[{"id":1465,"entity_type":"fraction_membership","label":"CDU/CSU","fraction":{"id":111,"entity_type":"fraction","label":"CDU/CSU (Bundestag 2013-2017)","api_url":"https://www.abgeordnetenwatch.de/api/v2/fractions/111"}}],"party":{}},{"id":39238,"entity_type":"candidacy_mandate","label":"Stephan Mayer (Bundestag 2009-2013)","api_url":"https://www.abgeordnetenwatch.de/api/v2/candidacies-mandates/39238","type":"mandate","parliament_period":{"id":83,"entity_type":"parliament_period","label":"Bundestag 2009 - 2013","api_url":"https://www.abgeordnetenwatch.de/api/v2/parliament-periods/83","abgeordnetenwatch_url":"https://www.abgeordnetenwatch.de/bundestag/17"},"politician":{"id":79134,"entity_type":"politician","label":"Stephan Mayer","api_url":"https://www.abgeordnetenwatch.de/api/v2/politicians/79134","abgeordnetenwatch_url":"https://www.abgeordnetenwatch.de/profile/stephan-mayer"},"electoral_data":{"id":39238,"entity_type":"electoral_data","label":"Stephan Mayer (Bundestag 2009 - 2013)","electoral_list":{"id":57,"entity_type":"electoral_list","label":"Landesliste Bayern (Bundestag 2009-2013)","api_url":"https://www.abgeordnetenwatch.de/api/v2/electoral-lists/57"},"list_position":1,"constituency":{"id":1517,"entity_type":"constituency","label":"213 - Altötting (Bundestag 2009-2013)","api_url":"https://www.abgeordnetenwatch.de/api/v2/constituencies/1517"},"constituency_result":60.7},"fraction_membership":[{"id":1464,"entity_type":"fraction_membership","label":"CDU/CSU","fraction":{"id":112,"entity_type":"fraction","label":"CDU/CSU (Bundestag 2009-2013)","api_url":"https://www.abgeordnetenwatch.de/api/v2/fractions/112"}}],"party":{}},{"id":39237,"entity_type":"candidacy_mandate","label":"Stephan Mayer (Bundestag 2005-2009)","api_url":"https://www.abgeordnetenwatch.de/api/v2/candidacies-mandates/39237","type":"mandate","parliament_period":{"id":67,"entity_type":"parliament_period","label":"Bundestag 2005 - 2009","api_url":"https://www.abgeordnetenwatch.de/api/v2/parliament-periods/67","abgeordnetenwatch_url":"https://www.abgeordnetenwatch.de/bundestag/16"},"politician":{"id":79134,"entity_type":"politician","label":"Stephan Mayer","api_url":"https://www.abgeordnetenwatch.de/api/v2/politicians/79134","abgeordnetenwatch_url":"https://www.abgeordnetenwatch.de/profile/stephan-mayer"},"start_date":"2001-11-30","electoral_data":{"id":39237,"entity_type":"electoral_data","label":"Stephan Mayer (Bundestag 2005 - 2009)","electoral_list":{},"constituency":{"id":1283,"entity_type":"constituency","label":"214 - Altötting (Bundestag 2005-2009)","api_url":"https://www.abgeordnetenwatch.de/api/v2/constituencies/1283"}},"fraction_membership":[{"id":1463,"entity_type":"fraction_membership","label":"CDU/CSU","fraction":{"id":26,"entity_type":"fraction","label":"CDU/CSU (Bundestag 2005-2009)","api_url":"https://www.abgeordnetenwatch.de/api/v2/fractions/26"}}],"party":{}},{"id":6025,"entity_type":"candidacy_mandate","label":"Stephan Mayer (Bundestag Wahl 2017)","api_url":"https://www.abgeordnetenwatch.de/api/v2/candidacies-mandates/6025","type":"candidacy","parliament_period":{"id":50,"entity_type":"parliament_period","label":"Bundestag Wahl 2017","api_url":"https://www.abgeordnetenwatch.de/api/v2/parliament-periods/50","abgeordnetenwatch_url":"https://www.abgeordnetenwatch.de/bundestag/wahl-2017"},"politician":{"id":79134,"entity_type":"politician","label":"Stephan Mayer","api_url":"https://www.abgeordnetenwatch.de/api/v2/politicians/79134","abgeordnetenwatch_url":"https://www.abgeordnetenwatch.de/profile/stephan-mayer"},"electoral_data":{"id":6025,"entity_type":"electoral_data","label":"Stephan Mayer (Bundestag Wahl 2017)","electoral_list":{},"constituency":{"id":9222,"entity_type":"constituency","label":"212 - Altötting (Bundestag Wahl 2017)","api_url":"https://www.abgeordnetenwatch.de/api/v2/constituencies/9222"},"constituency_result":54.5,"mandate_won":"constituency"},"fraction_membership":{},"party":{"id":3,"entity_type":"party","label":"CSU","api_url":"https://www.abgeordnetenwatch.de/api/v2/parties/3"}},{"id":6024,"entity_type":"candidacy_mandate","label":"Stephan Mayer (Bundestag Wahl 2013)","api_url":"https://www.abgeordnetenwatch.de/api/v2/candidacies-mandates/6024","type":"candidacy","parliament_period":{"id":36,"entity_type":"parliament_period","label":"Bundestag Wahl 2013","api_url":"https://www.abgeordnetenwatch.de/api/v2/parliament-periods/36","abgeordnetenwatch_url":"https://www.abgeordnetenwatch.de/bundestag/wahl-2013"},"politician":{"id":79134,"entity_type":"politician","label":"Stephan Mayer","api_url":"https://www.abgeordnetenwatch.de/api/v2/politicians/79134","abgeordnetenwatch_url":"https://www.abgeordnetenwatch.de/profile/stephan-mayer"},"electoral_data":{"id":6024,"entity_type":"electoral_data","label":"Stephan Mayer (Bundestag Wahl 2013)","electoral_list":{},"constituency":{"id":5986,"entity_type":"constituency","label":"213 - Altötting (Bundestag Wahl 2013)","api_url":"https://www.abgeordnetenwatch.de/api/v2/constituencies/5986"},"constituency_result":65.8,"mandate_won":"constituency"},"fraction_membership":{},"party":{"id":3,"entity_type":"party","label":"CSU","api_url":"https://www.abgeordnetenwatch.de/api/v2/parties/3"}},{"id":6023,"entity_type":"candidacy_mandate","label":"Stephan Mayer (Bundestag Wahl 2009)","api_url":"https://www.abgeordnetenwatch.de/api/v2/candidacies-mandates/6023","type":"candidacy","parliament_period":{"id":22,"entity_type":"parliament_period","label":"Bundestag Wahl 2009","api_url":"https://www.abgeordnetenwatch.de/api/v2/parliament-periods/22","abgeordnetenwatch_url":"https://www.abgeordnetenwatch.de/bundestag/wahl-2009"},"politician":{"id":79134,"entity_type":"politician","label":"Stephan Mayer","api_url":"https://www.abgeordnetenwatch.de/api/v2/politicians/79134","abgeordnetenwatch_url":"https://www.abgeordnetenwatch.de/profile/stephan-mayer"},"electoral_data":{"id":6023,"entity_type":"electoral_data","label":"Stephan Mayer (Bundestag Wahl 2009)","electoral_list":{},"constituency":{"id":6403,"entity_type":"constituency","label":"213 - Altötting (Bundestag Wahl 2009)","api_url":"https://www.abgeordnetenwatch.de/api/v2/constituencies/6403"},"constituency_result":60.7,"mandate_won":"constituency"},"fraction_membership":{},"party":{"id":3,"entity_type":"party","label":"CSU","api_url":"https://www.abgeordnetenwatch.de/api/v2/parties/3"}},{"id":6022,"entity_type":"candidacy_mandate","label":"Stephan Mayer (Bundestag Wahl 2005)","api_url":"https://www.abgeordnetenwatch.de/api/v2/candidacies-mandates/6022","type":"candidacy","parliament_period":{"id":6,"entity_type":"parliament_period","label":"Bundestag Wahl 2005","api_url":"https://www.abgeordnetenwatch.de/api/v2/parliament-periods/6","abgeordnetenwatch_url":"https://www.abgeordnetenwatch.de/bundestag/wahl-2005"},"politician":{"id":79134,"entity_type":"politician","label":"Stephan Mayer","api_url":"https://www.abgeordnetenwatch.de/api/v2/politicians/79134","abgeordnetenwatch_url":"https://www.abgeordnetenwatch.de/profile/stephan-mayer"},"electoral_data":{"id":6022,"entity_type":"electoral_data","label":"Stephan Mayer (Bundestag Wahl 2005)","electoral_list":{},"constituency":{"id":6169,"entity_type":"constituency","label":"214 - Altötting (Bundestag Wahl 2005)","api_url":"https://www.abgeordnetenwatch.de/api/v2/constituencies/6169"},"constituency_result":64.7},"fraction_membership":{},"party":{"id":3,"entity_type":"party","label":"CSU","api_url":"https://www.abgeordnetenwatch.de/api/v2/parties/3"}}]
