[{"id":53752,"entity_type":"candidacy_mandate","label":"Matthias Miersch (Bundestag 2021 - 2025)","api_url":"https://www.abgeordnetenwatch.de/api/v2/candidacies-mandates/53752","id_external_administration":"1463","id_external_administration_description":"mdbID aus der info-xml-Datei der Bundestagsverwaltung","type":"mandate","parliament_period":{"id":132,"entity_type":"parliament_period","label":"Bundestag 2021 - 2025","api_url":"https://www.abgeordnetenwatch.de/api/v2/parliament-periods/132","abgeordnetenwatch_url":"https://www.abgeordnetenwatch.de/bundestag"},"politician":{"id":79133,"entity_type":"politician","label":"Matthias Miersch","api_url":"https://www.abgeordnetenwatch.de/api/v2/politicians/79133","abgeordnetenwatch_url":"https://www.abgeordnetenwatch.de/profile/matthias-miersch"},"electoral_data":{"id":54676,"entity_type":"electoral_data","label":"Matthias Miersch (Bundestag 2021 - 2025)","electoral_list":{"id":418,"entity_type":"electoral_list","label":"Landesliste Niedersachsen (Bundestag 2021 - 2025)","api_url":"https://www.abgeordnetenwatch.de/api/v2/electoral-lists/418"},"list_position":3,"constituency":{"id":10787,"entity_type":"constituency","label":"47 - Hannover-Land II (Bundestag 2021 - 2025)","api_url":"https://www.abgeordnetenwatch.de/api/v2/constituencies/10787"},"constituency_result":40,"mandate_won":"constituency"},"fraction_membership":[{"id":9599,"entity_type":"fraction_membership","label":"SPD","fraction":{"id":319,"entity_type":"fraction","label":"SPD (Bundestag 2021 - 2025)","api_url":"https://www.abgeordnetenwatch.de/api/v2/fractions/319"}}],"party":{}},{"id":48636,"entity_type":"candidacy_mandate","label":"Matthias Miersch (Bundestag Wahl 2021)","api_url":"https://www.abgeordnetenwatch.de/api/v2/candidacies-mandates/48636","type":"candidacy","parliament_period":{"id":128,"entity_type":"parliament_period","label":"Bundestag Wahl 2021","api_url":"https://www.abgeordnetenwatch.de/api/v2/parliament-periods/128","abgeordnetenwatch_url":"https://www.abgeordnetenwatch.de/bundestag/wahl-2021"},"politician":{"id":79133,"entity_type":"politician","label":"Matthias Miersch","api_url":"https://www.abgeordnetenwatch.de/api/v2/politicians/79133","abgeordnetenwatch_url":"https://www.abgeordnetenwatch.de/profile/matthias-miersch"},"electoral_data":{"id":49558,"entity_type":"electoral_data","label":"Matthias Miersch (Bundestag Wahl 2021)","electoral_list":{"id":364,"entity_type":"electoral_list","label":"Landesliste Niedersachsen (Bundestag Wahl 2021)","api_url":"https://www.abgeordnetenwatch.de/api/v2/electoral-lists/364"},"list_position":3,"constituency":{"id":10104,"entity_type":"constituency","label":"47 - Hannover-Land II (Bundestag Wahl 2021)","api_url":"https://www.abgeordnetenwatch.de/api/v2/constituencies/10104"},"constituency_result":40.7,"constituency_result_count":73088,"mandate_won":"constituency"},"fraction_membership":{},"party":{"id":1,"entity_type":"party","label":"SPD","api_url":"https://www.abgeordnetenwatch.de/api/v2/parties/1"}},{"id":44581,"entity_type":"candidacy_mandate","label":"Matthias Miersch (Bundestag 2017 - 2021)","api_url":"https://www.abgeordnetenwatch.de/api/v2/candidacies-mandates/44581","id_external_administration":"1463","id_external_administration_description":"mdbID - ID der Bundestagsverwaltung","type":"mandate","parliament_period":{"id":111,"entity_type":"parliament_period","label":"Bundestag 2017 - 2021","api_url":"https://www.abgeordnetenwatch.de/api/v2/parliament-periods/111","abgeordnetenwatch_url":"https://www.abgeordnetenwatch.de/bundestag/19"},"politician":{"id":79133,"entity_type":"politician","label":"Matthias Miersch","api_url":"https://www.abgeordnetenwatch.de/api/v2/politicians/79133","abgeordnetenwatch_url":"https://www.abgeordnetenwatch.de/profile/matthias-miersch"},"electoral_data":{"id":44581,"entity_type":"electoral_data","label":"Matthias Miersch (Bundestag 2017 - 2021)","electoral_list":{"id":114,"entity_type":"electoral_list","label":"Landesliste Niedersachsen (Bundestag 2017 - 2021)","api_url":"https://www.abgeordnetenwatch.de/api/v2/electoral-lists/114"},"list_position":3,"constituency":{"id":4171,"entity_type":"constituency","label":"47 - Hannover-Land II (Bundestag 2017 - 2021)","api_url":"https://www.abgeordnetenwatch.de/api/v2/constituencies/4171"},"constituency_result":37,"mandate_won":"constituency"},"fraction_membership":[{"id":6826,"entity_type":"fraction_membership","label":"SPD","fraction":{"id":22,"entity_type":"fraction","label":"SPD (Bundestag 2017 - 2021)","api_url":"https://www.abgeordnetenwatch.de/api/v2/fractions/22"}}],"party":{}},{"id":39236,"entity_type":"candidacy_mandate","label":"Matthias Miersch (Bundestag 2013-2017)","api_url":"https://www.abgeordnetenwatch.de/api/v2/candidacies-mandates/39236","type":"mandate","parliament_period":{"id":97,"entity_type":"parliament_period","label":"Bundestag 2013 - 2017","api_url":"https://www.abgeordnetenwatch.de/api/v2/parliament-periods/97","abgeordnetenwatch_url":"https://www.abgeordnetenwatch.de/bundestag/18"},"politician":{"id":79133,"entity_type":"politician","label":"Matthias Miersch","api_url":"https://www.abgeordnetenwatch.de/api/v2/politicians/79133","abgeordnetenwatch_url":"https://www.abgeordnetenwatch.de/profile/matthias-miersch"},"electoral_data":{"id":39236,"entity_type":"electoral_data","label":"Matthias Miersch (Bundestag 2013 - 2017)","electoral_list":{"id":34,"entity_type":"electoral_list","label":"Landesliste Niedersachsen (Bundestag 2013-2017)","api_url":"https://www.abgeordnetenwatch.de/api/v2/electoral-lists/34"},"list_position":11,"constituency":{"id":1163,"entity_type":"constituency","label":"47 - Hannover-Land II (Bundestag 2013-2017)","api_url":"https://www.abgeordnetenwatch.de/api/v2/constituencies/1163"},"constituency_result":43.4,"mandate_won":"constituency"},"fraction_membership":[{"id":1462,"entity_type":"fraction_membership","label":"SPD","fraction":{"id":45,"entity_type":"fraction","label":"SPD (Bundestag 2013-2017)","api_url":"https://www.abgeordnetenwatch.de/api/v2/fractions/45"}}],"party":{}},{"id":39235,"entity_type":"candidacy_mandate","label":"Matthias Miersch (Bundestag 2009-2013)","api_url":"https://www.abgeordnetenwatch.de/api/v2/candidacies-mandates/39235","type":"mandate","parliament_period":{"id":83,"entity_type":"parliament_period","label":"Bundestag 2009 - 2013","api_url":"https://www.abgeordnetenwatch.de/api/v2/parliament-periods/83","abgeordnetenwatch_url":"https://www.abgeordnetenwatch.de/bundestag/17"},"politician":{"id":79133,"entity_type":"politician","label":"Matthias Miersch","api_url":"https://www.abgeordnetenwatch.de/api/v2/politicians/79133","abgeordnetenwatch_url":"https://www.abgeordnetenwatch.de/profile/matthias-miersch"},"electoral_data":{"id":39235,"entity_type":"electoral_data","label":"Matthias Miersch (Bundestag 2009 - 2013)","electoral_list":{"id":63,"entity_type":"electoral_list","label":"Landesliste Niedersachsen (Bundestag 2009-2013)","api_url":"https://www.abgeordnetenwatch.de/api/v2/electoral-lists/63"},"list_position":10,"constituency":{"id":1628,"entity_type":"constituency","label":"48 - Hannover-Land II (Bundestag 2009-2013)","api_url":"https://www.abgeordnetenwatch.de/api/v2/constituencies/1628"},"constituency_result":40.4},"fraction_membership":[{"id":1461,"entity_type":"fraction_membership","label":"SPD","fraction":{"id":116,"entity_type":"fraction","label":"SPD (Bundestag 2009-2013)","api_url":"https://www.abgeordnetenwatch.de/api/v2/fractions/116"}}],"party":{}},{"id":39234,"entity_type":"candidacy_mandate","label":"Matthias Miersch (Bundestag 2005-2009)","api_url":"https://www.abgeordnetenwatch.de/api/v2/candidacies-mandates/39234","type":"mandate","parliament_period":{"id":67,"entity_type":"parliament_period","label":"Bundestag 2005 - 2009","api_url":"https://www.abgeordnetenwatch.de/api/v2/parliament-periods/67","abgeordnetenwatch_url":"https://www.abgeordnetenwatch.de/bundestag/16"},"politician":{"id":79133,"entity_type":"politician","label":"Matthias Miersch","api_url":"https://www.abgeordnetenwatch.de/api/v2/politicians/79133","abgeordnetenwatch_url":"https://www.abgeordnetenwatch.de/profile/matthias-miersch"},"start_date":"2004-11-30","electoral_data":{"id":39234,"entity_type":"electoral_data","label":"Matthias Miersch (Bundestag 2005 - 2009)","electoral_list":{"id":48,"entity_type":"electoral_list","label":"Landesliste Niedersachsen (Bundestag 2005-2009)","api_url":"https://www.abgeordnetenwatch.de/api/v2/electoral-lists/48"},"list_position":8,"constituency":{"id":1376,"entity_type":"constituency","label":"47 - Hannover - Land II (Bundestag 2005-2009)","api_url":"https://www.abgeordnetenwatch.de/api/v2/constituencies/1376"}},"fraction_membership":[{"id":1460,"entity_type":"fraction_membership","label":"SPD","fraction":{"id":27,"entity_type":"fraction","label":"SPD (Bundestag 2005-2009)","api_url":"https://www.abgeordnetenwatch.de/api/v2/fractions/27"}}],"party":{}},{"id":6021,"entity_type":"candidacy_mandate","label":"Matthias Miersch (Bundestag Wahl 2017)","api_url":"https://www.abgeordnetenwatch.de/api/v2/candidacies-mandates/6021","type":"candidacy","parliament_period":{"id":50,"entity_type":"parliament_period","label":"Bundestag Wahl 2017","api_url":"https://www.abgeordnetenwatch.de/api/v2/parliament-periods/50","abgeordnetenwatch_url":"https://www.abgeordnetenwatch.de/bundestag/wahl-2017"},"politician":{"id":79133,"entity_type":"politician","label":"Matthias Miersch","api_url":"https://www.abgeordnetenwatch.de/api/v2/politicians/79133","abgeordnetenwatch_url":"https://www.abgeordnetenwatch.de/profile/matthias-miersch"},"electoral_data":{"id":6021,"entity_type":"electoral_data","label":"Matthias Miersch (Bundestag Wahl 2017)","electoral_list":{"id":273,"entity_type":"electoral_list","label":"Landesliste Niedersachsen (Bundestag Wahl 2017)","api_url":"https://www.abgeordnetenwatch.de/api/v2/electoral-lists/273"},"list_position":3,"constituency":{"id":9057,"entity_type":"constituency","label":"47 - Hannover-Land II (Bundestag Wahl 2017)","api_url":"https://www.abgeordnetenwatch.de/api/v2/constituencies/9057"},"constituency_result":37,"mandate_won":"constituency"},"fraction_membership":{},"party":{"id":1,"entity_type":"party","label":"SPD","api_url":"https://www.abgeordnetenwatch.de/api/v2/parties/1"}},{"id":6020,"entity_type":"candidacy_mandate","label":"Matthias Miersch (Bundestag Wahl 2013)","api_url":"https://www.abgeordnetenwatch.de/api/v2/candidacies-mandates/6020","type":"candidacy","parliament_period":{"id":36,"entity_type":"parliament_period","label":"Bundestag Wahl 2013","api_url":"https://www.abgeordnetenwatch.de/api/v2/parliament-periods/36","abgeordnetenwatch_url":"https://www.abgeordnetenwatch.de/bundestag/wahl-2013"},"politician":{"id":79133,"entity_type":"politician","label":"Matthias Miersch","api_url":"https://www.abgeordnetenwatch.de/api/v2/politicians/79133","abgeordnetenwatch_url":"https://www.abgeordnetenwatch.de/profile/matthias-miersch"},"electoral_data":{"id":6020,"entity_type":"electoral_data","label":"Matthias Miersch (Bundestag Wahl 2013)","electoral_list":{},"list_position":11,"constituency":{"id":6049,"entity_type":"constituency","label":"47 - Hannover-Land II (Bundestag Wahl 2013)","api_url":"https://www.abgeordnetenwatch.de/api/v2/constituencies/6049"},"constituency_result":43.4,"mandate_won":"constituency"},"fraction_membership":{},"party":{"id":1,"entity_type":"party","label":"SPD","api_url":"https://www.abgeordnetenwatch.de/api/v2/parties/1"}},{"id":6019,"entity_type":"candidacy_mandate","label":"Matthias Miersch (Bundestag Wahl 2009)","api_url":"https://www.abgeordnetenwatch.de/api/v2/candidacies-mandates/6019","type":"candidacy","parliament_period":{"id":22,"entity_type":"parliament_period","label":"Bundestag Wahl 2009","api_url":"https://www.abgeordnetenwatch.de/api/v2/parliament-periods/22","abgeordnetenwatch_url":"https://www.abgeordnetenwatch.de/bundestag/wahl-2009"},"politician":{"id":79133,"entity_type":"politician","label":"Matthias Miersch","api_url":"https://www.abgeordnetenwatch.de/api/v2/politicians/79133","abgeordnetenwatch_url":"https://www.abgeordnetenwatch.de/profile/matthias-miersch"},"electoral_data":{"id":6019,"entity_type":"electoral_data","label":"Matthias Miersch (Bundestag Wahl 2009)","electoral_list":{},"list_position":10,"constituency":{"id":6514,"entity_type":"constituency","label":"48 - Hannover-Land II (Bundestag Wahl 2009)","api_url":"https://www.abgeordnetenwatch.de/api/v2/constituencies/6514"},"constituency_result":40.4,"mandate_won":"constituency"},"fraction_membership":{},"party":{"id":1,"entity_type":"party","label":"SPD","api_url":"https://www.abgeordnetenwatch.de/api/v2/parties/1"}},{"id":6018,"entity_type":"candidacy_mandate","label":"Matthias Miersch (Bundestag Wahl 2005)","api_url":"https://www.abgeordnetenwatch.de/api/v2/candidacies-mandates/6018","type":"candidacy","parliament_period":{"id":6,"entity_type":"parliament_period","label":"Bundestag Wahl 2005","api_url":"https://www.abgeordnetenwatch.de/api/v2/parliament-periods/6","abgeordnetenwatch_url":"https://www.abgeordnetenwatch.de/bundestag/wahl-2005"},"politician":{"id":79133,"entity_type":"politician","label":"Matthias Miersch","api_url":"https://www.abgeordnetenwatch.de/api/v2/politicians/79133","abgeordnetenwatch_url":"https://www.abgeordnetenwatch.de/profile/matthias-miersch"},"electoral_data":{"id":6018,"entity_type":"electoral_data","label":"Matthias Miersch (Bundestag Wahl 2005)","electoral_list":{"id":207,"entity_type":"electoral_list","label":"Landesliste Niedersachsen (Bundestag Wahl 2005)","api_url":"https://www.abgeordnetenwatch.de/api/v2/electoral-lists/207"},"list_position":8,"constituency":{"id":6262,"entity_type":"constituency","label":"47 - Hannover - Land II (Bundestag Wahl 2005)","api_url":"https://www.abgeordnetenwatch.de/api/v2/constituencies/6262"},"constituency_result":51.5},"fraction_membership":{},"party":{"id":1,"entity_type":"party","label":"SPD","api_url":"https://www.abgeordnetenwatch.de/api/v2/parties/1"}}]
