{"id":[79132],"entity_type":["politician"],"label":["Mathias Middelberg"],"api_url":["https://www.abgeordnetenwatch.de/api/v2/politicians/79132"],"abgeordnetenwatch_url":["https://www.abgeordnetenwatch.de/profile/mathias-middelberg"],"first_name":["Mathias"],"last_name":["Middelberg"],"birth_name":{},"sex":["m"],"year_of_birth":[1964],"party":{"id":[2],"entity_type":["party"],"label":["CDU"],"api_url":["https://www.abgeordnetenwatch.de/api/v2/parties/2"]},"party_past":{},"deceased":{},"deceased_date":{},"education":["Studium der Rechtswissenschaften"],"residence":{},"occupation":["MdB"],"statistic_questions":{},"statistic_questions_answered":{},"qid_wikidata":["Q1908516"],"field_title":{}}
