{"id":[79139],"entity_type":["politician"],"label":["Caren Marks"],"api_url":["https://www.abgeordnetenwatch.de/api/v2/politicians/79139"],"abgeordnetenwatch_url":["https://www.abgeordnetenwatch.de/profile/caren-marks"],"first_name":["Caren"],"last_name":["Marks"],"birth_name":{},"sex":["f"],"year_of_birth":[1963],"party":{"id":[1],"entity_type":["party"],"label":["SPD"],"api_url":["https://www.abgeordnetenwatch.de/api/v2/parties/1"]},"party_past":{},"education":["Diplom-Geographin"],"residence":{},"occupation":["MdB, Parlamentarische Staatssekretärin bei der Bundesministerin für Familie, Senioren, Frauen und Jugend"],"statistic_questions":[11],"statistic_questions_answered":[7],"qid_wikidata":["Q1035897"],"field_title":{}}
