[{"id":53890,"entity_type":"candidacy_mandate","label":"Michael Meister (Bundestag 2021 - 2025)","api_url":"https://www.abgeordnetenwatch.de/api/v2/candidacies-mandates/53890","id_external_administration":"779","id_external_administration_description":"mdbID aus der info-xml-Datei der Bundestagsverwaltung","type":"mandate","parliament_period":{"id":132,"entity_type":"parliament_period","label":"Bundestag 2021 - 2025","api_url":"https://www.abgeordnetenwatch.de/api/v2/parliament-periods/132","abgeordnetenwatch_url":"https://www.abgeordnetenwatch.de/bundestag"},"politician":{"id":79135,"entity_type":"politician","label":"Michael Meister","api_url":"https://www.abgeordnetenwatch.de/api/v2/politicians/79135","abgeordnetenwatch_url":"https://www.abgeordnetenwatch.de/profile/michael-meister"},"electoral_data":{"id":54814,"entity_type":"electoral_data","label":"Michael Meister (Bundestag 2021 - 2025)","electoral_list":{"id":416,"entity_type":"electoral_list","label":"Landesliste Hessen (Bundestag 2021 - 2025)","api_url":"https://www.abgeordnetenwatch.de/api/v2/electoral-lists/416"},"list_position":3,"constituency":{"id":10928,"entity_type":"constituency","label":"188 - Bergstraße (Bundestag 2021 - 2025)","api_url":"https://www.abgeordnetenwatch.de/api/v2/constituencies/10928"},"constituency_result":30.5,"mandate_won":"constituency"},"fraction_membership":[{"id":9737,"entity_type":"fraction_membership","label":"CDU/CSU","fraction":{"id":320,"entity_type":"fraction","label":"CDU/CSU (Bundestag 2021 - 2025)","api_url":"https://www.abgeordnetenwatch.de/api/v2/fractions/320"}}],"party":{}},{"id":49759,"entity_type":"candidacy_mandate","label":"Michael Meister (Bundestag Wahl 2021)","api_url":"https://www.abgeordnetenwatch.de/api/v2/candidacies-mandates/49759","type":"candidacy","parliament_period":{"id":128,"entity_type":"parliament_period","label":"Bundestag Wahl 2021","api_url":"https://www.abgeordnetenwatch.de/api/v2/parliament-periods/128","abgeordnetenwatch_url":"https://www.abgeordnetenwatch.de/bundestag/wahl-2021"},"politician":{"id":79135,"entity_type":"politician","label":"Michael Meister","api_url":"https://www.abgeordnetenwatch.de/api/v2/politicians/79135","abgeordnetenwatch_url":"https://www.abgeordnetenwatch.de/profile/michael-meister"},"electoral_data":{"id":50681,"entity_type":"electoral_data","label":"Michael Meister (Bundestag Wahl 2021)","electoral_list":{},"constituency":{"id":10245,"entity_type":"constituency","label":"188 - Bergstraße (Bundestag Wahl 2021)","api_url":"https://www.abgeordnetenwatch.de/api/v2/constituencies/10245"},"constituency_result":30.5},"fraction_membership":{},"party":{"id":2,"entity_type":"party","label":"CDU","api_url":"https://www.abgeordnetenwatch.de/api/v2/parties/2"}},{"id":44061,"entity_type":"candidacy_mandate","label":"Michael Meister (Bundestag 2017 - 2021)","api_url":"https://www.abgeordnetenwatch.de/api/v2/candidacies-mandates/44061","id_external_administration":"779","id_external_administration_description":"mdbID - ID der Bundestagsverwaltung","type":"mandate","parliament_period":{"id":111,"entity_type":"parliament_period","label":"Bundestag 2017 - 2021","api_url":"https://www.abgeordnetenwatch.de/api/v2/parliament-periods/111","abgeordnetenwatch_url":"https://www.abgeordnetenwatch.de/bundestag/19"},"politician":{"id":79135,"entity_type":"politician","label":"Michael Meister","api_url":"https://www.abgeordnetenwatch.de/api/v2/politicians/79135","abgeordnetenwatch_url":"https://www.abgeordnetenwatch.de/profile/michael-meister"},"electoral_data":{"id":44061,"entity_type":"electoral_data","label":"Michael Meister (Bundestag 2017 - 2021)","electoral_list":{"id":112,"entity_type":"electoral_list","label":"Landesliste Hessen (Bundestag 2017 - 2021)","api_url":"https://www.abgeordnetenwatch.de/api/v2/electoral-lists/112"},"list_position":2,"constituency":{"id":4312,"entity_type":"constituency","label":"188 - Bergstraße (Bundestag 2017 - 2021)","api_url":"https://www.abgeordnetenwatch.de/api/v2/constituencies/4312"},"constituency_result":38.9,"mandate_won":"constituency"},"fraction_membership":[{"id":6296,"entity_type":"fraction_membership","label":"CDU/CSU","fraction":{"id":81,"entity_type":"fraction","label":"CDU/CSU (Bundestag 2017 - 2021)","api_url":"https://www.abgeordnetenwatch.de/api/v2/fractions/81"}}],"party":{}},{"id":39242,"entity_type":"candidacy_mandate","label":"Michael Meister (Bundestag 2013-2017)","api_url":"https://www.abgeordnetenwatch.de/api/v2/candidacies-mandates/39242","type":"mandate","parliament_period":{"id":97,"entity_type":"parliament_period","label":"Bundestag 2013 - 2017","api_url":"https://www.abgeordnetenwatch.de/api/v2/parliament-periods/97","abgeordnetenwatch_url":"https://www.abgeordnetenwatch.de/bundestag/18"},"politician":{"id":79135,"entity_type":"politician","label":"Michael Meister","api_url":"https://www.abgeordnetenwatch.de/api/v2/politicians/79135","abgeordnetenwatch_url":"https://www.abgeordnetenwatch.de/profile/michael-meister"},"electoral_data":{"id":39242,"entity_type":"electoral_data","label":"Michael Meister (Bundestag 2013 - 2017)","electoral_list":{"id":32,"entity_type":"electoral_list","label":"Landesliste Hessen (Bundestag 2013-2017)","api_url":"https://www.abgeordnetenwatch.de/api/v2/electoral-lists/32"},"list_position":3,"constituency":{"id":1109,"entity_type":"constituency","label":"188 - Bergstraße (Bundestag 2013-2017)","api_url":"https://www.abgeordnetenwatch.de/api/v2/constituencies/1109"},"constituency_result":48.3,"mandate_won":"constituency"},"fraction_membership":[{"id":1468,"entity_type":"fraction_membership","label":"CDU/CSU","fraction":{"id":111,"entity_type":"fraction","label":"CDU/CSU (Bundestag 2013-2017)","api_url":"https://www.abgeordnetenwatch.de/api/v2/fractions/111"}}],"party":{}},{"id":39241,"entity_type":"candidacy_mandate","label":"Michael Meister (Bundestag 2009-2013)","api_url":"https://www.abgeordnetenwatch.de/api/v2/candidacies-mandates/39241","type":"mandate","parliament_period":{"id":83,"entity_type":"parliament_period","label":"Bundestag 2009 - 2013","api_url":"https://www.abgeordnetenwatch.de/api/v2/parliament-periods/83","abgeordnetenwatch_url":"https://www.abgeordnetenwatch.de/bundestag/17"},"politician":{"id":79135,"entity_type":"politician","label":"Michael Meister","api_url":"https://www.abgeordnetenwatch.de/api/v2/politicians/79135","abgeordnetenwatch_url":"https://www.abgeordnetenwatch.de/profile/michael-meister"},"electoral_data":{"id":39241,"entity_type":"electoral_data","label":"Michael Meister (Bundestag 2009 - 2013)","electoral_list":{"id":61,"entity_type":"electoral_list","label":"Landesliste Hessen (Bundestag 2009-2013)","api_url":"https://www.abgeordnetenwatch.de/api/v2/electoral-lists/61"},"list_position":7,"constituency":{"id":1529,"entity_type":"constituency","label":"188 - Bergstraße (Bundestag 2009-2013)","api_url":"https://www.abgeordnetenwatch.de/api/v2/constituencies/1529"},"constituency_result":44.4},"fraction_membership":[{"id":1467,"entity_type":"fraction_membership","label":"CDU/CSU","fraction":{"id":112,"entity_type":"fraction","label":"CDU/CSU (Bundestag 2009-2013)","api_url":"https://www.abgeordnetenwatch.de/api/v2/fractions/112"}}],"party":{}},{"id":39240,"entity_type":"candidacy_mandate","label":"Michael Meister (Bundestag 2005-2009)","api_url":"https://www.abgeordnetenwatch.de/api/v2/candidacies-mandates/39240","type":"mandate","parliament_period":{"id":67,"entity_type":"parliament_period","label":"Bundestag 2005 - 2009","api_url":"https://www.abgeordnetenwatch.de/api/v2/parliament-periods/67","abgeordnetenwatch_url":"https://www.abgeordnetenwatch.de/bundestag/16"},"politician":{"id":79135,"entity_type":"politician","label":"Michael Meister","api_url":"https://www.abgeordnetenwatch.de/api/v2/politicians/79135","abgeordnetenwatch_url":"https://www.abgeordnetenwatch.de/profile/michael-meister"},"start_date":"1993-11-30","electoral_data":{"id":39240,"entity_type":"electoral_data","label":"Michael Meister (Bundestag 2005 - 2009)","electoral_list":{"id":46,"entity_type":"electoral_list","label":"Landesliste Hessen (Bundestag 2005-2009)","api_url":"https://www.abgeordnetenwatch.de/api/v2/electoral-lists/46"},"list_position":10,"constituency":{"id":1295,"entity_type":"constituency","label":"189 - Bergstraße (Bundestag 2005-2009)","api_url":"https://www.abgeordnetenwatch.de/api/v2/constituencies/1295"}},"fraction_membership":[{"id":1466,"entity_type":"fraction_membership","label":"CDU/CSU","fraction":{"id":26,"entity_type":"fraction","label":"CDU/CSU (Bundestag 2005-2009)","api_url":"https://www.abgeordnetenwatch.de/api/v2/fractions/26"}}],"party":{}},{"id":6029,"entity_type":"candidacy_mandate","label":"Michael Meister (Bundestag Wahl 2017)","api_url":"https://www.abgeordnetenwatch.de/api/v2/candidacies-mandates/6029","type":"candidacy","parliament_period":{"id":50,"entity_type":"parliament_period","label":"Bundestag Wahl 2017","api_url":"https://www.abgeordnetenwatch.de/api/v2/parliament-periods/50","abgeordnetenwatch_url":"https://www.abgeordnetenwatch.de/bundestag/wahl-2017"},"politician":{"id":79135,"entity_type":"politician","label":"Michael Meister","api_url":"https://www.abgeordnetenwatch.de/api/v2/politicians/79135","abgeordnetenwatch_url":"https://www.abgeordnetenwatch.de/profile/michael-meister"},"electoral_data":{"id":6029,"entity_type":"electoral_data","label":"Michael Meister (Bundestag Wahl 2017)","electoral_list":{"id":271,"entity_type":"electoral_list","label":"Landesliste Hessen (Bundestag Wahl 2017)","api_url":"https://www.abgeordnetenwatch.de/api/v2/electoral-lists/271"},"list_position":2,"constituency":{"id":9198,"entity_type":"constituency","label":"188 - Bergstraße (Bundestag Wahl 2017)","api_url":"https://www.abgeordnetenwatch.de/api/v2/constituencies/9198"},"constituency_result":38.9,"mandate_won":"constituency"},"fraction_membership":{},"party":{"id":2,"entity_type":"party","label":"CDU","api_url":"https://www.abgeordnetenwatch.de/api/v2/parties/2"}},{"id":6028,"entity_type":"candidacy_mandate","label":"Michael Meister (Bundestag Wahl 2013)","api_url":"https://www.abgeordnetenwatch.de/api/v2/candidacies-mandates/6028","type":"candidacy","parliament_period":{"id":36,"entity_type":"parliament_period","label":"Bundestag Wahl 2013","api_url":"https://www.abgeordnetenwatch.de/api/v2/parliament-periods/36","abgeordnetenwatch_url":"https://www.abgeordnetenwatch.de/bundestag/wahl-2013"},"politician":{"id":79135,"entity_type":"politician","label":"Michael Meister","api_url":"https://www.abgeordnetenwatch.de/api/v2/politicians/79135","abgeordnetenwatch_url":"https://www.abgeordnetenwatch.de/profile/michael-meister"},"electoral_data":{"id":6028,"entity_type":"electoral_data","label":"Michael Meister (Bundestag Wahl 2013)","electoral_list":{},"list_position":3,"constituency":{"id":5995,"entity_type":"constituency","label":"188 - Bergstraße (Bundestag Wahl 2013)","api_url":"https://www.abgeordnetenwatch.de/api/v2/constituencies/5995"},"constituency_result":48.3,"mandate_won":"constituency"},"fraction_membership":{},"party":{"id":2,"entity_type":"party","label":"CDU","api_url":"https://www.abgeordnetenwatch.de/api/v2/parties/2"}},{"id":6027,"entity_type":"candidacy_mandate","label":"Michael Meister (Bundestag Wahl 2009)","api_url":"https://www.abgeordnetenwatch.de/api/v2/candidacies-mandates/6027","type":"candidacy","parliament_period":{"id":22,"entity_type":"parliament_period","label":"Bundestag Wahl 2009","api_url":"https://www.abgeordnetenwatch.de/api/v2/parliament-periods/22","abgeordnetenwatch_url":"https://www.abgeordnetenwatch.de/bundestag/wahl-2009"},"politician":{"id":79135,"entity_type":"politician","label":"Michael Meister","api_url":"https://www.abgeordnetenwatch.de/api/v2/politicians/79135","abgeordnetenwatch_url":"https://www.abgeordnetenwatch.de/profile/michael-meister"},"electoral_data":{"id":6027,"entity_type":"electoral_data","label":"Michael Meister (Bundestag Wahl 2009)","electoral_list":{},"list_position":7,"constituency":{"id":6415,"entity_type":"constituency","label":"188 - Bergstraße (Bundestag Wahl 2009)","api_url":"https://www.abgeordnetenwatch.de/api/v2/constituencies/6415"},"constituency_result":44.4,"mandate_won":"constituency"},"fraction_membership":{},"party":{"id":2,"entity_type":"party","label":"CDU","api_url":"https://www.abgeordnetenwatch.de/api/v2/parties/2"}},{"id":6026,"entity_type":"candidacy_mandate","label":"Michael Meister (Bundestag Wahl 2005)","api_url":"https://www.abgeordnetenwatch.de/api/v2/candidacies-mandates/6026","type":"candidacy","parliament_period":{"id":6,"entity_type":"parliament_period","label":"Bundestag Wahl 2005","api_url":"https://www.abgeordnetenwatch.de/api/v2/parliament-periods/6","abgeordnetenwatch_url":"https://www.abgeordnetenwatch.de/bundestag/wahl-2005"},"politician":{"id":79135,"entity_type":"politician","label":"Michael Meister","api_url":"https://www.abgeordnetenwatch.de/api/v2/politicians/79135","abgeordnetenwatch_url":"https://www.abgeordnetenwatch.de/profile/michael-meister"},"electoral_data":{"id":6026,"entity_type":"electoral_data","label":"Michael Meister (Bundestag Wahl 2005)","electoral_list":{"id":205,"entity_type":"electoral_list","label":"Landesliste Hessen (Bundestag Wahl 2005)","api_url":"https://www.abgeordnetenwatch.de/api/v2/electoral-lists/205"},"list_position":10,"constituency":{"id":6181,"entity_type":"constituency","label":"189 - Bergstraße (Bundestag Wahl 2005)","api_url":"https://www.abgeordnetenwatch.de/api/v2/constituencies/6181"},"constituency_result":44.4},"fraction_membership":{},"party":{"id":2,"entity_type":"party","label":"CDU","api_url":"https://www.abgeordnetenwatch.de/api/v2/parties/2"}}]
