{"id":[79147],"entity_type":["politician"],"label":["Jan-Marco Luczak"],"api_url":["https://www.abgeordnetenwatch.de/api/v2/politicians/79147"],"abgeordnetenwatch_url":["https://www.abgeordnetenwatch.de/profile/jan-marco-luczak"],"first_name":["Jan-Marco"],"last_name":["Luczak"],"birth_name":{},"sex":["m"],"year_of_birth":[1975],"party":{"id":[2],"entity_type":["party"],"label":["CDU"],"api_url":["https://www.abgeordnetenwatch.de/api/v2/parties/2"]},"party_past":{},"deceased":{},"deceased_date":{},"education":["Jurist, Rechtsanwalt"],"residence":{},"occupation":["MdB"],"statistic_questions":[3],"statistic_questions_answered":[1],"qid_wikidata":["Q96427"],"field_title":["Dr."]}
