[{"id":44620,"entity_type":"candidacy_mandate","label":"Karin Maag (Bundestag 2017 - 2021)","api_url":"https://www.abgeordnetenwatch.de/api/v2/candidacies-mandates/44620","id_external_administration":"1594","id_external_administration_description":"mdbID - ID der Bundestagsverwaltung","type":"mandate","parliament_period":{"id":111,"entity_type":"parliament_period","label":"Bundestag 2017 - 2021","api_url":"https://www.abgeordnetenwatch.de/api/v2/parliament-periods/111","abgeordnetenwatch_url":"https://www.abgeordnetenwatch.de/bundestag/19"},"politician":{"id":79144,"entity_type":"politician","label":"Karin Maag","api_url":"https://www.abgeordnetenwatch.de/api/v2/politicians/79144","abgeordnetenwatch_url":"https://www.abgeordnetenwatch.de/profile/karin-maag"},"end_date":"2021-07-01","electoral_data":{"id":44620,"entity_type":"electoral_data","label":"Karin Maag (Bundestag 2017 - 2021)","electoral_list":{},"list_position":1,"constituency":{"id":4383,"entity_type":"constituency","label":"259 - Stuttgart II (Bundestag 2017 - 2021)","api_url":"https://www.abgeordnetenwatch.de/api/v2/constituencies/4383"},"constituency_result":33.5,"mandate_won":"constituency"},"fraction_membership":[{"id":6865,"entity_type":"fraction_membership","label":"CDU/CSU","fraction":{"id":81,"entity_type":"fraction","label":"CDU/CSU (Bundestag 2017 - 2021)","api_url":"https://www.abgeordnetenwatch.de/api/v2/fractions/81"}}],"party":{}},{"id":39260,"entity_type":"candidacy_mandate","label":"Karin Maag (Bundestag 2013-2017)","api_url":"https://www.abgeordnetenwatch.de/api/v2/candidacies-mandates/39260","type":"mandate","parliament_period":{"id":97,"entity_type":"parliament_period","label":"Bundestag 2013 - 2017","api_url":"https://www.abgeordnetenwatch.de/api/v2/parliament-periods/97","abgeordnetenwatch_url":"https://www.abgeordnetenwatch.de/bundestag/18"},"politician":{"id":79144,"entity_type":"politician","label":"Karin Maag","api_url":"https://www.abgeordnetenwatch.de/api/v2/politicians/79144","abgeordnetenwatch_url":"https://www.abgeordnetenwatch.de/profile/karin-maag"},"electoral_data":{"id":39260,"entity_type":"electoral_data","label":"Karin Maag (Bundestag 2013 - 2017)","electoral_list":{"id":26,"entity_type":"electoral_list","label":"Landesliste Baden-Württemberg (Bundestag 2013-2017)","api_url":"https://www.abgeordnetenwatch.de/api/v2/electoral-lists/26"},"list_position":9,"constituency":{"id":225,"entity_type":"constituency","label":"259 - Stuttgart II (Bundestag 2013-2017)","api_url":"https://www.abgeordnetenwatch.de/api/v2/constituencies/225"},"constituency_result":43.8,"mandate_won":"constituency"},"fraction_membership":[{"id":1486,"entity_type":"fraction_membership","label":"CDU/CSU","fraction":{"id":111,"entity_type":"fraction","label":"CDU/CSU (Bundestag 2013-2017)","api_url":"https://www.abgeordnetenwatch.de/api/v2/fractions/111"}}],"party":{}},{"id":39259,"entity_type":"candidacy_mandate","label":"Karin Maag (Bundestag 2009-2013)","api_url":"https://www.abgeordnetenwatch.de/api/v2/candidacies-mandates/39259","type":"mandate","parliament_period":{"id":83,"entity_type":"parliament_period","label":"Bundestag 2009 - 2013","api_url":"https://www.abgeordnetenwatch.de/api/v2/parliament-periods/83","abgeordnetenwatch_url":"https://www.abgeordnetenwatch.de/bundestag/17"},"politician":{"id":79144,"entity_type":"politician","label":"Karin Maag","api_url":"https://www.abgeordnetenwatch.de/api/v2/politicians/79144","abgeordnetenwatch_url":"https://www.abgeordnetenwatch.de/profile/karin-maag"},"electoral_data":{"id":39259,"entity_type":"electoral_data","label":"Karin Maag (Bundestag 2009 - 2013)","electoral_list":{"id":56,"entity_type":"electoral_list","label":"Landesliste Baden-Württemberg (Bundestag 2009-2013)","api_url":"https://www.abgeordnetenwatch.de/api/v2/electoral-lists/56"},"list_position":8,"constituency":{"id":1773,"entity_type":"constituency","label":"259 - Stuttgart II (Bundestag 2009-2013)","api_url":"https://www.abgeordnetenwatch.de/api/v2/constituencies/1773"},"constituency_result":34.5},"fraction_membership":[{"id":1485,"entity_type":"fraction_membership","label":"CDU/CSU","fraction":{"id":112,"entity_type":"fraction","label":"CDU/CSU (Bundestag 2009-2013)","api_url":"https://www.abgeordnetenwatch.de/api/v2/fractions/112"}}],"party":{}},{"id":6058,"entity_type":"candidacy_mandate","label":"Karin Maag (Bundestag Wahl 2017)","api_url":"https://www.abgeordnetenwatch.de/api/v2/candidacies-mandates/6058","type":"candidacy","parliament_period":{"id":50,"entity_type":"parliament_period","label":"Bundestag Wahl 2017","api_url":"https://www.abgeordnetenwatch.de/api/v2/parliament-periods/50","abgeordnetenwatch_url":"https://www.abgeordnetenwatch.de/bundestag/wahl-2017"},"politician":{"id":79144,"entity_type":"politician","label":"Karin Maag","api_url":"https://www.abgeordnetenwatch.de/api/v2/politicians/79144","abgeordnetenwatch_url":"https://www.abgeordnetenwatch.de/profile/karin-maag"},"electoral_data":{"id":6058,"entity_type":"electoral_data","label":"Karin Maag (Bundestag Wahl 2017)","electoral_list":{},"constituency":{"id":9269,"entity_type":"constituency","label":"259 - Stuttgart II (Bundestag Wahl 2017)","api_url":"https://www.abgeordnetenwatch.de/api/v2/constituencies/9269"},"constituency_result":33.5,"mandate_won":"constituency"},"fraction_membership":{},"party":{"id":2,"entity_type":"party","label":"CDU","api_url":"https://www.abgeordnetenwatch.de/api/v2/parties/2"}},{"id":6057,"entity_type":"candidacy_mandate","label":"Karin Maag (Bundestag Wahl 2013)","api_url":"https://www.abgeordnetenwatch.de/api/v2/candidacies-mandates/6057","type":"candidacy","parliament_period":{"id":36,"entity_type":"parliament_period","label":"Bundestag Wahl 2013","api_url":"https://www.abgeordnetenwatch.de/api/v2/parliament-periods/36","abgeordnetenwatch_url":"https://www.abgeordnetenwatch.de/bundestag/wahl-2013"},"politician":{"id":79144,"entity_type":"politician","label":"Karin Maag","api_url":"https://www.abgeordnetenwatch.de/api/v2/politicians/79144","abgeordnetenwatch_url":"https://www.abgeordnetenwatch.de/profile/karin-maag"},"electoral_data":{"id":6057,"entity_type":"electoral_data","label":"Karin Maag (Bundestag Wahl 2013)","electoral_list":{},"list_position":9,"constituency":{"id":5111,"entity_type":"constituency","label":"259 - Stuttgart II (Bundestag Wahl 2013)","api_url":"https://www.abgeordnetenwatch.de/api/v2/constituencies/5111"},"constituency_result":43.8,"mandate_won":"constituency"},"fraction_membership":{},"party":{"id":2,"entity_type":"party","label":"CDU","api_url":"https://www.abgeordnetenwatch.de/api/v2/parties/2"}},{"id":6056,"entity_type":"candidacy_mandate","label":"Karin Maag (Bundestag Wahl 2009)","api_url":"https://www.abgeordnetenwatch.de/api/v2/candidacies-mandates/6056","type":"candidacy","parliament_period":{"id":22,"entity_type":"parliament_period","label":"Bundestag Wahl 2009","api_url":"https://www.abgeordnetenwatch.de/api/v2/parliament-periods/22","abgeordnetenwatch_url":"https://www.abgeordnetenwatch.de/bundestag/wahl-2009"},"politician":{"id":79144,"entity_type":"politician","label":"Karin Maag","api_url":"https://www.abgeordnetenwatch.de/api/v2/politicians/79144","abgeordnetenwatch_url":"https://www.abgeordnetenwatch.de/profile/karin-maag"},"electoral_data":{"id":6056,"entity_type":"electoral_data","label":"Karin Maag (Bundestag Wahl 2009)","electoral_list":{},"list_position":8,"constituency":{"id":6659,"entity_type":"constituency","label":"259 - Stuttgart II (Bundestag Wahl 2009)","api_url":"https://www.abgeordnetenwatch.de/api/v2/constituencies/6659"},"constituency_result":34.5,"mandate_won":"constituency"},"fraction_membership":{},"party":{"id":2,"entity_type":"party","label":"CDU","api_url":"https://www.abgeordnetenwatch.de/api/v2/parties/2"}}]
