[{"id":44096,"entity_type":"candidacy_mandate","label":"Kirsten Lühmann (Bundestag 2017 - 2021)","api_url":"https://www.abgeordnetenwatch.de/api/v2/candidacies-mandates/44096","id_external_administration":"1626","id_external_administration_description":"mdbID - ID der Bundestagsverwaltung","type":"mandate","parliament_period":{"id":111,"entity_type":"parliament_period","label":"Bundestag 2017 - 2021","api_url":"https://www.abgeordnetenwatch.de/api/v2/parliament-periods/111","abgeordnetenwatch_url":"https://www.abgeordnetenwatch.de/bundestag/19"},"politician":{"id":79145,"entity_type":"politician","label":"Kirsten Lühmann","api_url":"https://www.abgeordnetenwatch.de/api/v2/politicians/79145","abgeordnetenwatch_url":"https://www.abgeordnetenwatch.de/profile/kirsten-luehmann"},"electoral_data":{"id":44096,"entity_type":"electoral_data","label":"Kirsten Lühmann (Bundestag 2017 - 2021)","electoral_list":{"id":114,"entity_type":"electoral_list","label":"Landesliste Niedersachsen (Bundestag 2017 - 2021)","api_url":"https://www.abgeordnetenwatch.de/api/v2/electoral-lists/114"},"list_position":10,"constituency":{"id":4168,"entity_type":"constituency","label":"44 - Celle - Uelzen (Bundestag 2017 - 2021)","api_url":"https://www.abgeordnetenwatch.de/api/v2/constituencies/4168"},"constituency_result":30,"mandate_won":"list"},"fraction_membership":[{"id":6333,"entity_type":"fraction_membership","label":"SPD","fraction":{"id":22,"entity_type":"fraction","label":"SPD (Bundestag 2017 - 2021)","api_url":"https://www.abgeordnetenwatch.de/api/v2/fractions/22"}}],"party":{}},{"id":39262,"entity_type":"candidacy_mandate","label":"Kirsten Lühmann (Bundestag 2013-2017)","api_url":"https://www.abgeordnetenwatch.de/api/v2/candidacies-mandates/39262","type":"mandate","parliament_period":{"id":97,"entity_type":"parliament_period","label":"Bundestag 2013 - 2017","api_url":"https://www.abgeordnetenwatch.de/api/v2/parliament-periods/97","abgeordnetenwatch_url":"https://www.abgeordnetenwatch.de/bundestag/18"},"politician":{"id":79145,"entity_type":"politician","label":"Kirsten Lühmann","api_url":"https://www.abgeordnetenwatch.de/api/v2/politicians/79145","abgeordnetenwatch_url":"https://www.abgeordnetenwatch.de/profile/kirsten-luehmann"},"electoral_data":{"id":39262,"entity_type":"electoral_data","label":"Kirsten Lühmann (Bundestag 2013 - 2017)","electoral_list":{"id":34,"entity_type":"electoral_list","label":"Landesliste Niedersachsen (Bundestag 2013-2017)","api_url":"https://www.abgeordnetenwatch.de/api/v2/electoral-lists/34"},"list_position":14,"constituency":{"id":1124,"entity_type":"constituency","label":"44 - Celle - Uelzen (Bundestag 2013-2017)","api_url":"https://www.abgeordnetenwatch.de/api/v2/constituencies/1124"},"constituency_result":34.2,"mandate_won":"list"},"fraction_membership":[{"id":1488,"entity_type":"fraction_membership","label":"SPD","fraction":{"id":45,"entity_type":"fraction","label":"SPD (Bundestag 2013-2017)","api_url":"https://www.abgeordnetenwatch.de/api/v2/fractions/45"}}],"party":{}},{"id":39261,"entity_type":"candidacy_mandate","label":"Kirsten Lühmann (Bundestag 2009-2013)","api_url":"https://www.abgeordnetenwatch.de/api/v2/candidacies-mandates/39261","type":"mandate","parliament_period":{"id":83,"entity_type":"parliament_period","label":"Bundestag 2009 - 2013","api_url":"https://www.abgeordnetenwatch.de/api/v2/parliament-periods/83","abgeordnetenwatch_url":"https://www.abgeordnetenwatch.de/bundestag/17"},"politician":{"id":79145,"entity_type":"politician","label":"Kirsten Lühmann","api_url":"https://www.abgeordnetenwatch.de/api/v2/politicians/79145","abgeordnetenwatch_url":"https://www.abgeordnetenwatch.de/profile/kirsten-luehmann"},"electoral_data":{"id":39261,"entity_type":"electoral_data","label":"Kirsten Lühmann (Bundestag 2009 - 2013)","electoral_list":{"id":63,"entity_type":"electoral_list","label":"Landesliste Niedersachsen (Bundestag 2009-2013)","api_url":"https://www.abgeordnetenwatch.de/api/v2/electoral-lists/63"},"list_position":8,"constituency":{"id":1558,"entity_type":"constituency","label":"45 - Celle - Uelzen (Bundestag 2009-2013)","api_url":"https://www.abgeordnetenwatch.de/api/v2/constituencies/1558"},"constituency_result":32.3},"fraction_membership":[{"id":1487,"entity_type":"fraction_membership","label":"SPD","fraction":{"id":116,"entity_type":"fraction","label":"SPD (Bundestag 2009-2013)","api_url":"https://www.abgeordnetenwatch.de/api/v2/fractions/116"}}],"party":{}},{"id":6061,"entity_type":"candidacy_mandate","label":"Kirsten Lühmann (Bundestag Wahl 2017)","api_url":"https://www.abgeordnetenwatch.de/api/v2/candidacies-mandates/6061","type":"candidacy","parliament_period":{"id":50,"entity_type":"parliament_period","label":"Bundestag Wahl 2017","api_url":"https://www.abgeordnetenwatch.de/api/v2/parliament-periods/50","abgeordnetenwatch_url":"https://www.abgeordnetenwatch.de/bundestag/wahl-2017"},"politician":{"id":79145,"entity_type":"politician","label":"Kirsten Lühmann","api_url":"https://www.abgeordnetenwatch.de/api/v2/politicians/79145","abgeordnetenwatch_url":"https://www.abgeordnetenwatch.de/profile/kirsten-luehmann"},"electoral_data":{"id":6061,"entity_type":"electoral_data","label":"Kirsten Lühmann (Bundestag Wahl 2017)","electoral_list":{"id":273,"entity_type":"electoral_list","label":"Landesliste Niedersachsen (Bundestag Wahl 2017)","api_url":"https://www.abgeordnetenwatch.de/api/v2/electoral-lists/273"},"list_position":10,"constituency":{"id":9054,"entity_type":"constituency","label":"44 - Celle - Uelzen (Bundestag Wahl 2017)","api_url":"https://www.abgeordnetenwatch.de/api/v2/constituencies/9054"},"constituency_result":30,"mandate_won":"list"},"fraction_membership":{},"party":{"id":1,"entity_type":"party","label":"SPD","api_url":"https://www.abgeordnetenwatch.de/api/v2/parties/1"}},{"id":6060,"entity_type":"candidacy_mandate","label":"Kirsten Lühmann (Bundestag Wahl 2013)","api_url":"https://www.abgeordnetenwatch.de/api/v2/candidacies-mandates/6060","type":"candidacy","parliament_period":{"id":36,"entity_type":"parliament_period","label":"Bundestag Wahl 2013","api_url":"https://www.abgeordnetenwatch.de/api/v2/parliament-periods/36","abgeordnetenwatch_url":"https://www.abgeordnetenwatch.de/bundestag/wahl-2013"},"politician":{"id":79145,"entity_type":"politician","label":"Kirsten Lühmann","api_url":"https://www.abgeordnetenwatch.de/api/v2/politicians/79145","abgeordnetenwatch_url":"https://www.abgeordnetenwatch.de/profile/kirsten-luehmann"},"electoral_data":{"id":6060,"entity_type":"electoral_data","label":"Kirsten Lühmann (Bundestag Wahl 2013)","electoral_list":{},"list_position":14,"constituency":{"id":6010,"entity_type":"constituency","label":"44 - Celle - Uelzen (Bundestag Wahl 2013)","api_url":"https://www.abgeordnetenwatch.de/api/v2/constituencies/6010"},"constituency_result":34.2,"mandate_won":"list"},"fraction_membership":{},"party":{"id":1,"entity_type":"party","label":"SPD","api_url":"https://www.abgeordnetenwatch.de/api/v2/parties/1"}},{"id":6059,"entity_type":"candidacy_mandate","label":"Kirsten Lühmann (Bundestag Wahl 2009)","api_url":"https://www.abgeordnetenwatch.de/api/v2/candidacies-mandates/6059","type":"candidacy","parliament_period":{"id":22,"entity_type":"parliament_period","label":"Bundestag Wahl 2009","api_url":"https://www.abgeordnetenwatch.de/api/v2/parliament-periods/22","abgeordnetenwatch_url":"https://www.abgeordnetenwatch.de/bundestag/wahl-2009"},"politician":{"id":79145,"entity_type":"politician","label":"Kirsten Lühmann","api_url":"https://www.abgeordnetenwatch.de/api/v2/politicians/79145","abgeordnetenwatch_url":"https://www.abgeordnetenwatch.de/profile/kirsten-luehmann"},"electoral_data":{"id":6059,"entity_type":"electoral_data","label":"Kirsten Lühmann (Bundestag Wahl 2009)","electoral_list":{},"list_position":8,"constituency":{"id":6444,"entity_type":"constituency","label":"45 - Celle - Uelzen (Bundestag Wahl 2009)","api_url":"https://www.abgeordnetenwatch.de/api/v2/constituencies/6444"},"constituency_result":32.3},"fraction_membership":{},"party":{"id":1,"entity_type":"party","label":"SPD","api_url":"https://www.abgeordnetenwatch.de/api/v2/parties/1"}}]
