[{"id":53538,"entity_type":"candidacy_mandate","label":"Patricia Lips (Bundestag 2021 - 2025)","api_url":"https://www.abgeordnetenwatch.de/api/v2/candidacies-mandates/53538","id_external_administration":"1196","id_external_administration_description":"mdbID aus der info-xml-Datei der Bundestagsverwaltung","type":"mandate","parliament_period":{"id":132,"entity_type":"parliament_period","label":"Bundestag 2021 - 2025","api_url":"https://www.abgeordnetenwatch.de/api/v2/parliament-periods/132","abgeordnetenwatch_url":"https://www.abgeordnetenwatch.de/bundestag"},"politician":{"id":79150,"entity_type":"politician","label":"Patricia Lips","api_url":"https://www.abgeordnetenwatch.de/api/v2/politicians/79150","abgeordnetenwatch_url":"https://www.abgeordnetenwatch.de/profile/patricia-lips"},"electoral_data":{"id":54462,"entity_type":"electoral_data","label":"Patricia Lips (Bundestag 2021 - 2025)","electoral_list":{"id":416,"entity_type":"electoral_list","label":"Landesliste Hessen (Bundestag 2021 - 2025)","api_url":"https://www.abgeordnetenwatch.de/api/v2/electoral-lists/416"},"list_position":2,"constituency":{"id":10927,"entity_type":"constituency","label":"187 - Odenwald (Bundestag 2021 - 2025)","api_url":"https://www.abgeordnetenwatch.de/api/v2/constituencies/10927"},"constituency_result":27.9,"constituency_result_count":49364,"mandate_won":"list"},"fraction_membership":[{"id":9385,"entity_type":"fraction_membership","label":"CDU/CSU","fraction":{"id":320,"entity_type":"fraction","label":"CDU/CSU (Bundestag 2021 - 2025)","api_url":"https://www.abgeordnetenwatch.de/api/v2/fractions/320"}}],"party":{}},{"id":49766,"entity_type":"candidacy_mandate","label":"Patricia Lips (Bundestag Wahl 2021)","api_url":"https://www.abgeordnetenwatch.de/api/v2/candidacies-mandates/49766","type":"candidacy","parliament_period":{"id":128,"entity_type":"parliament_period","label":"Bundestag Wahl 2021","api_url":"https://www.abgeordnetenwatch.de/api/v2/parliament-periods/128","abgeordnetenwatch_url":"https://www.abgeordnetenwatch.de/bundestag/wahl-2021"},"politician":{"id":79150,"entity_type":"politician","label":"Patricia Lips","api_url":"https://www.abgeordnetenwatch.de/api/v2/politicians/79150","abgeordnetenwatch_url":"https://www.abgeordnetenwatch.de/profile/patricia-lips"},"electoral_data":{"id":50688,"entity_type":"electoral_data","label":"Patricia Lips (Bundestag Wahl 2021)","electoral_list":{},"constituency":{"id":10244,"entity_type":"constituency","label":"187 - Odenwald (Bundestag Wahl 2021)","api_url":"https://www.abgeordnetenwatch.de/api/v2/constituencies/10244"},"constituency_result":27.9},"fraction_membership":{},"party":{"id":2,"entity_type":"party","label":"CDU","api_url":"https://www.abgeordnetenwatch.de/api/v2/parties/2"}},{"id":45324,"entity_type":"candidacy_mandate","label":"Patricia Lips (Bundestag 2017 - 2021)","api_url":"https://www.abgeordnetenwatch.de/api/v2/candidacies-mandates/45324","id_external_administration":"1196","id_external_administration_description":"mdbID - ID der Bundestagsverwaltung","type":"mandate","parliament_period":{"id":111,"entity_type":"parliament_period","label":"Bundestag 2017 - 2021","api_url":"https://www.abgeordnetenwatch.de/api/v2/parliament-periods/111","abgeordnetenwatch_url":"https://www.abgeordnetenwatch.de/bundestag/19"},"politician":{"id":79150,"entity_type":"politician","label":"Patricia Lips","api_url":"https://www.abgeordnetenwatch.de/api/v2/politicians/79150","abgeordnetenwatch_url":"https://www.abgeordnetenwatch.de/profile/patricia-lips"},"electoral_data":{"id":45324,"entity_type":"electoral_data","label":"Patricia Lips (Bundestag 2017 - 2021)","electoral_list":{"id":112,"entity_type":"electoral_list","label":"Landesliste Hessen (Bundestag 2017 - 2021)","api_url":"https://www.abgeordnetenwatch.de/api/v2/electoral-lists/112"},"list_position":3,"constituency":{"id":4311,"entity_type":"constituency","label":"187 - Odenwald (Bundestag 2017 - 2021)","api_url":"https://www.abgeordnetenwatch.de/api/v2/constituencies/4311"},"constituency_result":36.1,"mandate_won":"constituency"},"fraction_membership":[{"id":7576,"entity_type":"fraction_membership","label":"CDU/CSU","fraction":{"id":81,"entity_type":"fraction","label":"CDU/CSU (Bundestag 2017 - 2021)","api_url":"https://www.abgeordnetenwatch.de/api/v2/fractions/81"}}],"party":{}},{"id":39273,"entity_type":"candidacy_mandate","label":"Patricia Lips (Bundestag 2013-2017)","api_url":"https://www.abgeordnetenwatch.de/api/v2/candidacies-mandates/39273","type":"mandate","parliament_period":{"id":97,"entity_type":"parliament_period","label":"Bundestag 2013 - 2017","api_url":"https://www.abgeordnetenwatch.de/api/v2/parliament-periods/97","abgeordnetenwatch_url":"https://www.abgeordnetenwatch.de/bundestag/18"},"politician":{"id":79150,"entity_type":"politician","label":"Patricia Lips","api_url":"https://www.abgeordnetenwatch.de/api/v2/politicians/79150","abgeordnetenwatch_url":"https://www.abgeordnetenwatch.de/profile/patricia-lips"},"electoral_data":{"id":39273,"entity_type":"electoral_data","label":"Patricia Lips (Bundestag 2013 - 2017)","electoral_list":{"id":32,"entity_type":"electoral_list","label":"Landesliste Hessen (Bundestag 2013-2017)","api_url":"https://www.abgeordnetenwatch.de/api/v2/electoral-lists/32"},"list_position":11,"constituency":{"id":1220,"entity_type":"constituency","label":"187 - Odenwald (Bundestag 2013-2017)","api_url":"https://www.abgeordnetenwatch.de/api/v2/constituencies/1220"},"constituency_result":46.9,"mandate_won":"constituency"},"fraction_membership":[{"id":1499,"entity_type":"fraction_membership","label":"CDU/CSU","fraction":{"id":111,"entity_type":"fraction","label":"CDU/CSU (Bundestag 2013-2017)","api_url":"https://www.abgeordnetenwatch.de/api/v2/fractions/111"}}],"party":{}},{"id":39272,"entity_type":"candidacy_mandate","label":"Patricia Lips (Bundestag 2009-2013)","api_url":"https://www.abgeordnetenwatch.de/api/v2/candidacies-mandates/39272","type":"mandate","parliament_period":{"id":83,"entity_type":"parliament_period","label":"Bundestag 2009 - 2013","api_url":"https://www.abgeordnetenwatch.de/api/v2/parliament-periods/83","abgeordnetenwatch_url":"https://www.abgeordnetenwatch.de/bundestag/17"},"politician":{"id":79150,"entity_type":"politician","label":"Patricia Lips","api_url":"https://www.abgeordnetenwatch.de/api/v2/politicians/79150","abgeordnetenwatch_url":"https://www.abgeordnetenwatch.de/profile/patricia-lips"},"electoral_data":{"id":39272,"entity_type":"electoral_data","label":"Patricia Lips (Bundestag 2009 - 2013)","electoral_list":{"id":61,"entity_type":"electoral_list","label":"Landesliste Hessen (Bundestag 2009-2013)","api_url":"https://www.abgeordnetenwatch.de/api/v2/electoral-lists/61"},"list_position":11,"constituency":{"id":281,"entity_type":"constituency","label":"187 - Odenwald (Bundestag 2009-2013)","api_url":"https://www.abgeordnetenwatch.de/api/v2/constituencies/281"},"constituency_result":40.4},"fraction_membership":[{"id":1498,"entity_type":"fraction_membership","label":"CDU/CSU","fraction":{"id":112,"entity_type":"fraction","label":"CDU/CSU (Bundestag 2009-2013)","api_url":"https://www.abgeordnetenwatch.de/api/v2/fractions/112"}}],"party":{}},{"id":39271,"entity_type":"candidacy_mandate","label":"Patricia Lips (Bundestag 2005-2009)","api_url":"https://www.abgeordnetenwatch.de/api/v2/candidacies-mandates/39271","type":"mandate","parliament_period":{"id":67,"entity_type":"parliament_period","label":"Bundestag 2005 - 2009","api_url":"https://www.abgeordnetenwatch.de/api/v2/parliament-periods/67","abgeordnetenwatch_url":"https://www.abgeordnetenwatch.de/bundestag/16"},"politician":{"id":79150,"entity_type":"politician","label":"Patricia Lips","api_url":"https://www.abgeordnetenwatch.de/api/v2/politicians/79150","abgeordnetenwatch_url":"https://www.abgeordnetenwatch.de/profile/patricia-lips"},"start_date":"2001-11-30","electoral_data":{"id":39271,"entity_type":"electoral_data","label":"Patricia Lips (Bundestag 2005 - 2009)","electoral_list":{"id":46,"entity_type":"electoral_list","label":"Landesliste Hessen (Bundestag 2005-2009)","api_url":"https://www.abgeordnetenwatch.de/api/v2/electoral-lists/46"},"list_position":12,"constituency":{"id":446,"entity_type":"constituency","label":"188 - Odenwald (Bundestag 2005-2009)","api_url":"https://www.abgeordnetenwatch.de/api/v2/constituencies/446"}},"fraction_membership":[{"id":1497,"entity_type":"fraction_membership","label":"CDU/CSU","fraction":{"id":26,"entity_type":"fraction","label":"CDU/CSU (Bundestag 2005-2009)","api_url":"https://www.abgeordnetenwatch.de/api/v2/fractions/26"}}],"party":{}},{"id":6077,"entity_type":"candidacy_mandate","label":"Patricia Lips (Bundestag Wahl 2017)","api_url":"https://www.abgeordnetenwatch.de/api/v2/candidacies-mandates/6077","type":"candidacy","parliament_period":{"id":50,"entity_type":"parliament_period","label":"Bundestag Wahl 2017","api_url":"https://www.abgeordnetenwatch.de/api/v2/parliament-periods/50","abgeordnetenwatch_url":"https://www.abgeordnetenwatch.de/bundestag/wahl-2017"},"politician":{"id":79150,"entity_type":"politician","label":"Patricia Lips","api_url":"https://www.abgeordnetenwatch.de/api/v2/politicians/79150","abgeordnetenwatch_url":"https://www.abgeordnetenwatch.de/profile/patricia-lips"},"electoral_data":{"id":6077,"entity_type":"electoral_data","label":"Patricia Lips (Bundestag Wahl 2017)","electoral_list":{"id":271,"entity_type":"electoral_list","label":"Landesliste Hessen (Bundestag Wahl 2017)","api_url":"https://www.abgeordnetenwatch.de/api/v2/electoral-lists/271"},"list_position":3,"constituency":{"id":9197,"entity_type":"constituency","label":"187 - Odenwald (Bundestag Wahl 2017)","api_url":"https://www.abgeordnetenwatch.de/api/v2/constituencies/9197"},"constituency_result":36.1,"mandate_won":"constituency"},"fraction_membership":{},"party":{"id":2,"entity_type":"party","label":"CDU","api_url":"https://www.abgeordnetenwatch.de/api/v2/parties/2"}},{"id":6076,"entity_type":"candidacy_mandate","label":"Patricia Lips (Bundestag Wahl 2013)","api_url":"https://www.abgeordnetenwatch.de/api/v2/candidacies-mandates/6076","type":"candidacy","parliament_period":{"id":36,"entity_type":"parliament_period","label":"Bundestag Wahl 2013","api_url":"https://www.abgeordnetenwatch.de/api/v2/parliament-periods/36","abgeordnetenwatch_url":"https://www.abgeordnetenwatch.de/bundestag/wahl-2013"},"politician":{"id":79150,"entity_type":"politician","label":"Patricia Lips","api_url":"https://www.abgeordnetenwatch.de/api/v2/politicians/79150","abgeordnetenwatch_url":"https://www.abgeordnetenwatch.de/profile/patricia-lips"},"electoral_data":{"id":6076,"entity_type":"electoral_data","label":"Patricia Lips (Bundestag Wahl 2013)","electoral_list":{},"list_position":11,"constituency":{"id":6106,"entity_type":"constituency","label":"187 - Odenwald (Bundestag Wahl 2013)","api_url":"https://www.abgeordnetenwatch.de/api/v2/constituencies/6106"},"constituency_result":46.9,"mandate_won":"constituency"},"fraction_membership":{},"party":{"id":2,"entity_type":"party","label":"CDU","api_url":"https://www.abgeordnetenwatch.de/api/v2/parties/2"}},{"id":6075,"entity_type":"candidacy_mandate","label":"Patricia Lips (Bundestag Wahl 2009)","api_url":"https://www.abgeordnetenwatch.de/api/v2/candidacies-mandates/6075","type":"candidacy","parliament_period":{"id":22,"entity_type":"parliament_period","label":"Bundestag Wahl 2009","api_url":"https://www.abgeordnetenwatch.de/api/v2/parliament-periods/22","abgeordnetenwatch_url":"https://www.abgeordnetenwatch.de/bundestag/wahl-2009"},"politician":{"id":79150,"entity_type":"politician","label":"Patricia Lips","api_url":"https://www.abgeordnetenwatch.de/api/v2/politicians/79150","abgeordnetenwatch_url":"https://www.abgeordnetenwatch.de/profile/patricia-lips"},"electoral_data":{"id":6075,"entity_type":"electoral_data","label":"Patricia Lips (Bundestag Wahl 2009)","electoral_list":{},"list_position":11,"constituency":{"id":5167,"entity_type":"constituency","label":"187 - Odenwald (Bundestag Wahl 2009)","api_url":"https://www.abgeordnetenwatch.de/api/v2/constituencies/5167"},"constituency_result":40.4,"mandate_won":"constituency"},"fraction_membership":{},"party":{"id":2,"entity_type":"party","label":"CDU","api_url":"https://www.abgeordnetenwatch.de/api/v2/parties/2"}},{"id":6074,"entity_type":"candidacy_mandate","label":"Patricia Lips (Bundestag Wahl 2005)","api_url":"https://www.abgeordnetenwatch.de/api/v2/candidacies-mandates/6074","type":"candidacy","parliament_period":{"id":6,"entity_type":"parliament_period","label":"Bundestag Wahl 2005","api_url":"https://www.abgeordnetenwatch.de/api/v2/parliament-periods/6","abgeordnetenwatch_url":"https://www.abgeordnetenwatch.de/bundestag/wahl-2005"},"politician":{"id":79150,"entity_type":"politician","label":"Patricia Lips","api_url":"https://www.abgeordnetenwatch.de/api/v2/politicians/79150","abgeordnetenwatch_url":"https://www.abgeordnetenwatch.de/profile/patricia-lips"},"electoral_data":{"id":6074,"entity_type":"electoral_data","label":"Patricia Lips (Bundestag Wahl 2005)","electoral_list":{"id":205,"entity_type":"electoral_list","label":"Landesliste Hessen (Bundestag Wahl 2005)","api_url":"https://www.abgeordnetenwatch.de/api/v2/electoral-lists/205"},"list_position":12,"constituency":{"id":5332,"entity_type":"constituency","label":"188 - Odenwald (Bundestag Wahl 2005)","api_url":"https://www.abgeordnetenwatch.de/api/v2/constituencies/5332"},"constituency_result":42},"fraction_membership":{},"party":{"id":2,"entity_type":"party","label":"CDU","api_url":"https://www.abgeordnetenwatch.de/api/v2/parties/2"}}]
