[{"id":44055,"entity_type":"candidacy_mandate","label":"Karl A. Lamers (Bundestag 2017 - 2021)","api_url":"https://www.abgeordnetenwatch.de/api/v2/candidacies-mandates/44055","id_external_administration":"930","id_external_administration_description":"mdbID - ID der Bundestagsverwaltung","type":"mandate","parliament_period":{"id":111,"entity_type":"parliament_period","label":"Bundestag 2017 - 2021","api_url":"https://www.abgeordnetenwatch.de/api/v2/parliament-periods/111","abgeordnetenwatch_url":"https://www.abgeordnetenwatch.de/bundestag/19"},"politician":{"id":79209,"entity_type":"politician","label":"Karl A. Lamers","api_url":"https://www.abgeordnetenwatch.de/api/v2/politicians/79209","abgeordnetenwatch_url":"https://www.abgeordnetenwatch.de/profile/karl-a-lamers"},"electoral_data":{"id":44055,"entity_type":"electoral_data","label":"Karl A. Lamers (Bundestag 2017 - 2021)","electoral_list":{"id":106,"entity_type":"electoral_list","label":"Landesliste Baden-Württemberg (Bundestag 2017 - 2021)","api_url":"https://www.abgeordnetenwatch.de/api/v2/electoral-lists/106"},"list_position":8,"constituency":{"id":4398,"entity_type":"constituency","label":"274 - Heidelberg (Bundestag 2017 - 2021)","api_url":"https://www.abgeordnetenwatch.de/api/v2/constituencies/4398"},"constituency_result":32.7,"mandate_won":"constituency"},"fraction_membership":[{"id":6290,"entity_type":"fraction_membership","label":"CDU/CSU","fraction":{"id":81,"entity_type":"fraction","label":"CDU/CSU (Bundestag 2017 - 2021)","api_url":"https://www.abgeordnetenwatch.de/api/v2/fractions/81"}}],"party":{}},{"id":39314,"entity_type":"candidacy_mandate","label":"Karl A. Lamers (Bundestag 2013-2017)","api_url":"https://www.abgeordnetenwatch.de/api/v2/candidacies-mandates/39314","type":"mandate","parliament_period":{"id":97,"entity_type":"parliament_period","label":"Bundestag 2013 - 2017","api_url":"https://www.abgeordnetenwatch.de/api/v2/parliament-periods/97","abgeordnetenwatch_url":"https://www.abgeordnetenwatch.de/bundestag/18"},"politician":{"id":79209,"entity_type":"politician","label":"Karl A. Lamers","api_url":"https://www.abgeordnetenwatch.de/api/v2/politicians/79209","abgeordnetenwatch_url":"https://www.abgeordnetenwatch.de/profile/karl-a-lamers"},"electoral_data":{"id":39314,"entity_type":"electoral_data","label":"Karl A. Lamers (Bundestag 2013 - 2017)","electoral_list":{"id":26,"entity_type":"electoral_list","label":"Landesliste Baden-Württemberg (Bundestag 2013-2017)","api_url":"https://www.abgeordnetenwatch.de/api/v2/electoral-lists/26"},"list_position":8,"constituency":{"id":188,"entity_type":"constituency","label":"274 - Heidelberg (Bundestag 2013-2017)","api_url":"https://www.abgeordnetenwatch.de/api/v2/constituencies/188"},"constituency_result":40.9,"mandate_won":"constituency"},"fraction_membership":[{"id":1540,"entity_type":"fraction_membership","label":"CDU/CSU","fraction":{"id":111,"entity_type":"fraction","label":"CDU/CSU (Bundestag 2013-2017)","api_url":"https://www.abgeordnetenwatch.de/api/v2/fractions/111"}}],"party":{}},{"id":39313,"entity_type":"candidacy_mandate","label":"Karl A. Lamers (Bundestag 2009-2013)","api_url":"https://www.abgeordnetenwatch.de/api/v2/candidacies-mandates/39313","type":"mandate","parliament_period":{"id":83,"entity_type":"parliament_period","label":"Bundestag 2009 - 2013","api_url":"https://www.abgeordnetenwatch.de/api/v2/parliament-periods/83","abgeordnetenwatch_url":"https://www.abgeordnetenwatch.de/bundestag/17"},"politician":{"id":79209,"entity_type":"politician","label":"Karl A. Lamers","api_url":"https://www.abgeordnetenwatch.de/api/v2/politicians/79209","abgeordnetenwatch_url":"https://www.abgeordnetenwatch.de/profile/karl-a-lamers"},"electoral_data":{"id":39313,"entity_type":"electoral_data","label":"Karl A. Lamers (Bundestag 2009 - 2013)","electoral_list":{"id":56,"entity_type":"electoral_list","label":"Landesliste Baden-Württemberg (Bundestag 2009-2013)","api_url":"https://www.abgeordnetenwatch.de/api/v2/electoral-lists/56"},"list_position":10,"constituency":{"id":1631,"entity_type":"constituency","label":"274 - Heidelberg (Bundestag 2009-2013)","api_url":"https://www.abgeordnetenwatch.de/api/v2/constituencies/1631"},"constituency_result":36.1},"fraction_membership":[{"id":1539,"entity_type":"fraction_membership","label":"CDU/CSU","fraction":{"id":112,"entity_type":"fraction","label":"CDU/CSU (Bundestag 2009-2013)","api_url":"https://www.abgeordnetenwatch.de/api/v2/fractions/112"}}],"party":{}},{"id":39312,"entity_type":"candidacy_mandate","label":"Karl A. Lamers (Bundestag 2005-2009)","api_url":"https://www.abgeordnetenwatch.de/api/v2/candidacies-mandates/39312","type":"mandate","parliament_period":{"id":67,"entity_type":"parliament_period","label":"Bundestag 2005 - 2009","api_url":"https://www.abgeordnetenwatch.de/api/v2/parliament-periods/67","abgeordnetenwatch_url":"https://www.abgeordnetenwatch.de/bundestag/16"},"politician":{"id":79209,"entity_type":"politician","label":"Karl A. Lamers","api_url":"https://www.abgeordnetenwatch.de/api/v2/politicians/79209","abgeordnetenwatch_url":"https://www.abgeordnetenwatch.de/profile/karl-a-lamers"},"start_date":"1993-11-30","electoral_data":{"id":39312,"entity_type":"electoral_data","label":"Karl A. Lamers (Bundestag 2005 - 2009)","electoral_list":{"id":41,"entity_type":"electoral_list","label":"Landesliste Baden-Württemberg (Bundestag 2005-2009)","api_url":"https://www.abgeordnetenwatch.de/api/v2/electoral-lists/41"},"list_position":7,"constituency":{"id":1377,"entity_type":"constituency","label":"275 - Heidelberg-Weinheim (Bundestag 2005-2009)","api_url":"https://www.abgeordnetenwatch.de/api/v2/constituencies/1377"}},"fraction_membership":[{"id":1538,"entity_type":"fraction_membership","label":"CDU/CSU","fraction":{"id":26,"entity_type":"fraction","label":"CDU/CSU (Bundestag 2005-2009)","api_url":"https://www.abgeordnetenwatch.de/api/v2/fractions/26"}}],"party":{}},{"id":6136,"entity_type":"candidacy_mandate","label":"Karl A. Lamers (Bundestag Wahl 2017)","api_url":"https://www.abgeordnetenwatch.de/api/v2/candidacies-mandates/6136","type":"candidacy","parliament_period":{"id":50,"entity_type":"parliament_period","label":"Bundestag Wahl 2017","api_url":"https://www.abgeordnetenwatch.de/api/v2/parliament-periods/50","abgeordnetenwatch_url":"https://www.abgeordnetenwatch.de/bundestag/wahl-2017"},"politician":{"id":79209,"entity_type":"politician","label":"Karl A. Lamers","api_url":"https://www.abgeordnetenwatch.de/api/v2/politicians/79209","abgeordnetenwatch_url":"https://www.abgeordnetenwatch.de/profile/karl-a-lamers"},"electoral_data":{"id":6136,"entity_type":"electoral_data","label":"Karl A. Lamers (Bundestag Wahl 2017)","electoral_list":{"id":265,"entity_type":"electoral_list","label":"Landesliste Baden-Württemberg (Bundestag Wahl 2017)","api_url":"https://www.abgeordnetenwatch.de/api/v2/electoral-lists/265"},"list_position":8,"constituency":{"id":9284,"entity_type":"constituency","label":"274 - Heidelberg (Bundestag Wahl 2017)","api_url":"https://www.abgeordnetenwatch.de/api/v2/constituencies/9284"},"constituency_result":32.7,"mandate_won":"constituency"},"fraction_membership":{},"party":{"id":2,"entity_type":"party","label":"CDU","api_url":"https://www.abgeordnetenwatch.de/api/v2/parties/2"}},{"id":6135,"entity_type":"candidacy_mandate","label":"Karl A. Lamers (Bundestag Wahl 2013)","api_url":"https://www.abgeordnetenwatch.de/api/v2/candidacies-mandates/6135","type":"candidacy","parliament_period":{"id":36,"entity_type":"parliament_period","label":"Bundestag Wahl 2013","api_url":"https://www.abgeordnetenwatch.de/api/v2/parliament-periods/36","abgeordnetenwatch_url":"https://www.abgeordnetenwatch.de/bundestag/wahl-2013"},"politician":{"id":79209,"entity_type":"politician","label":"Karl A. Lamers","api_url":"https://www.abgeordnetenwatch.de/api/v2/politicians/79209","abgeordnetenwatch_url":"https://www.abgeordnetenwatch.de/profile/karl-a-lamers"},"electoral_data":{"id":6135,"entity_type":"electoral_data","label":"Karl A. Lamers (Bundestag Wahl 2013)","electoral_list":{},"list_position":8,"constituency":{"id":5074,"entity_type":"constituency","label":"274 - Heidelberg (Bundestag Wahl 2013)","api_url":"https://www.abgeordnetenwatch.de/api/v2/constituencies/5074"},"constituency_result":40.9,"mandate_won":"constituency"},"fraction_membership":{},"party":{"id":2,"entity_type":"party","label":"CDU","api_url":"https://www.abgeordnetenwatch.de/api/v2/parties/2"}},{"id":6134,"entity_type":"candidacy_mandate","label":"Karl A. Lamers (Bundestag Wahl 2009)","api_url":"https://www.abgeordnetenwatch.de/api/v2/candidacies-mandates/6134","type":"candidacy","parliament_period":{"id":22,"entity_type":"parliament_period","label":"Bundestag Wahl 2009","api_url":"https://www.abgeordnetenwatch.de/api/v2/parliament-periods/22","abgeordnetenwatch_url":"https://www.abgeordnetenwatch.de/bundestag/wahl-2009"},"politician":{"id":79209,"entity_type":"politician","label":"Karl A. Lamers","api_url":"https://www.abgeordnetenwatch.de/api/v2/politicians/79209","abgeordnetenwatch_url":"https://www.abgeordnetenwatch.de/profile/karl-a-lamers"},"electoral_data":{"id":6134,"entity_type":"electoral_data","label":"Karl A. Lamers (Bundestag Wahl 2009)","electoral_list":{},"list_position":10,"constituency":{"id":6517,"entity_type":"constituency","label":"274 - Heidelberg (Bundestag Wahl 2009)","api_url":"https://www.abgeordnetenwatch.de/api/v2/constituencies/6517"},"constituency_result":36.1,"mandate_won":"constituency"},"fraction_membership":{},"party":{"id":2,"entity_type":"party","label":"CDU","api_url":"https://www.abgeordnetenwatch.de/api/v2/parties/2"}},{"id":6133,"entity_type":"candidacy_mandate","label":"Karl A. Lamers (Bundestag Wahl 2005)","api_url":"https://www.abgeordnetenwatch.de/api/v2/candidacies-mandates/6133","type":"candidacy","parliament_period":{"id":6,"entity_type":"parliament_period","label":"Bundestag Wahl 2005","api_url":"https://www.abgeordnetenwatch.de/api/v2/parliament-periods/6","abgeordnetenwatch_url":"https://www.abgeordnetenwatch.de/bundestag/wahl-2005"},"politician":{"id":79209,"entity_type":"politician","label":"Karl A. Lamers","api_url":"https://www.abgeordnetenwatch.de/api/v2/politicians/79209","abgeordnetenwatch_url":"https://www.abgeordnetenwatch.de/profile/karl-a-lamers"},"electoral_data":{"id":6133,"entity_type":"electoral_data","label":"Karl A. Lamers (Bundestag Wahl 2005)","electoral_list":{"id":200,"entity_type":"electoral_list","label":"Landesliste Baden-Württemberg (Bundestag Wahl 2005)","api_url":"https://www.abgeordnetenwatch.de/api/v2/electoral-lists/200"},"list_position":7,"constituency":{"id":6263,"entity_type":"constituency","label":"275 - Heidelberg-Weinheim (Bundestag Wahl 2005)","api_url":"https://www.abgeordnetenwatch.de/api/v2/constituencies/6263"},"constituency_result":38.7},"fraction_membership":{},"party":{"id":2,"entity_type":"party","label":"CDU","api_url":"https://www.abgeordnetenwatch.de/api/v2/parties/2"}}]
