{"id":[79203],"entity_type":["politician"],"label":["Paul Lehrieder"],"api_url":["https://www.abgeordnetenwatch.de/api/v2/politicians/79203"],"abgeordnetenwatch_url":["https://www.abgeordnetenwatch.de/profile/paul-lehrieder"],"first_name":["Paul"],"last_name":["Lehrieder"],"birth_name":{},"sex":["m"],"year_of_birth":[1959],"party":{"id":[3],"entity_type":["party"],"label":["CSU"],"api_url":["https://www.abgeordnetenwatch.de/api/v2/parties/3"]},"party_past":{},"deceased":{},"deceased_date":{},"education":["Rechtsanwalt"],"residence":{},"occupation":["MdB"],"statistic_questions":[2],"statistic_questions_answered":[1],"qid_wikidata":["Q2060929"],"field_title":{}}
