{"id":[79208],"entity_type":["politician"],"label":["Christine Lambrecht"],"api_url":["https://www.abgeordnetenwatch.de/api/v2/politicians/79208"],"abgeordnetenwatch_url":["https://www.abgeordnetenwatch.de/profile/christine-lambrecht"],"first_name":["Christine"],"last_name":["Lambrecht"],"birth_name":{},"sex":["f"],"year_of_birth":[1965],"party":{"id":[1],"entity_type":["party"],"label":["SPD"],"api_url":["https://www.abgeordnetenwatch.de/api/v2/parties/1"]},"party_past":{},"deceased":{},"deceased_date":{},"education":["Juristin"],"residence":{},"occupation":["Bundesministerin für Verteidigung, MdB"],"statistic_questions":[94],"statistic_questions_answered":[10],"qid_wikidata":["Q1083648"],"field_title":{}}
