[{"id":45231,"entity_type":"candidacy_mandate","label":"Christine Lambrecht (Bundestag 2017 - 2021)","api_url":"https://www.abgeordnetenwatch.de/api/v2/candidacies-mandates/45231","id_external_administration":"1056","id_external_administration_description":"mdbID - ID der Bundestagsverwaltung","type":"mandate","parliament_period":{"id":111,"entity_type":"parliament_period","label":"Bundestag 2017 - 2021","api_url":"https://www.abgeordnetenwatch.de/api/v2/parliament-periods/111","abgeordnetenwatch_url":"https://www.abgeordnetenwatch.de/bundestag/19"},"politician":{"id":79208,"entity_type":"politician","label":"Christine Lambrecht","api_url":"https://www.abgeordnetenwatch.de/api/v2/politicians/79208","abgeordnetenwatch_url":"https://www.abgeordnetenwatch.de/profile/christine-lambrecht"},"electoral_data":{"id":45231,"entity_type":"electoral_data","label":"Christine Lambrecht (Bundestag 2017 - 2021)","electoral_list":{"id":112,"entity_type":"electoral_list","label":"Landesliste Hessen (Bundestag 2017 - 2021)","api_url":"https://www.abgeordnetenwatch.de/api/v2/electoral-lists/112"},"list_position":2,"constituency":{"id":4312,"entity_type":"constituency","label":"188 - Bergstraße (Bundestag 2017 - 2021)","api_url":"https://www.abgeordnetenwatch.de/api/v2/constituencies/4312"},"constituency_result":26.9,"mandate_won":"list"},"fraction_membership":[{"id":7483,"entity_type":"fraction_membership","label":"SPD","fraction":{"id":22,"entity_type":"fraction","label":"SPD (Bundestag 2017 - 2021)","api_url":"https://www.abgeordnetenwatch.de/api/v2/fractions/22"}}],"party":{}},{"id":39311,"entity_type":"candidacy_mandate","label":"Christine Lambrecht (Bundestag 2013-2017)","api_url":"https://www.abgeordnetenwatch.de/api/v2/candidacies-mandates/39311","type":"mandate","parliament_period":{"id":97,"entity_type":"parliament_period","label":"Bundestag 2013 - 2017","api_url":"https://www.abgeordnetenwatch.de/api/v2/parliament-periods/97","abgeordnetenwatch_url":"https://www.abgeordnetenwatch.de/bundestag/18"},"politician":{"id":79208,"entity_type":"politician","label":"Christine Lambrecht","api_url":"https://www.abgeordnetenwatch.de/api/v2/politicians/79208","abgeordnetenwatch_url":"https://www.abgeordnetenwatch.de/profile/christine-lambrecht"},"electoral_data":{"id":39311,"entity_type":"electoral_data","label":"Christine Lambrecht (Bundestag 2013 - 2017)","electoral_list":{"id":112,"entity_type":"electoral_list","label":"Landesliste Hessen (Bundestag 2017 - 2021)","api_url":"https://www.abgeordnetenwatch.de/api/v2/electoral-lists/112"},"list_position":2,"constituency":{"id":1109,"entity_type":"constituency","label":"188 - Bergstraße (Bundestag 2013-2017)","api_url":"https://www.abgeordnetenwatch.de/api/v2/constituencies/1109"},"constituency_result":26.9,"mandate_won":"list"},"fraction_membership":[{"id":1537,"entity_type":"fraction_membership","label":"SPD","fraction":{"id":45,"entity_type":"fraction","label":"SPD (Bundestag 2013-2017)","api_url":"https://www.abgeordnetenwatch.de/api/v2/fractions/45"}}],"party":{}},{"id":39310,"entity_type":"candidacy_mandate","label":"Christine Lambrecht (Bundestag 2009-2013)","api_url":"https://www.abgeordnetenwatch.de/api/v2/candidacies-mandates/39310","type":"mandate","parliament_period":{"id":83,"entity_type":"parliament_period","label":"Bundestag 2009 - 2013","api_url":"https://www.abgeordnetenwatch.de/api/v2/parliament-periods/83","abgeordnetenwatch_url":"https://www.abgeordnetenwatch.de/bundestag/17"},"politician":{"id":79208,"entity_type":"politician","label":"Christine Lambrecht","api_url":"https://www.abgeordnetenwatch.de/api/v2/politicians/79208","abgeordnetenwatch_url":"https://www.abgeordnetenwatch.de/profile/christine-lambrecht"},"electoral_data":{"id":39310,"entity_type":"electoral_data","label":"Christine Lambrecht (Bundestag 2009 - 2013)","electoral_list":{"id":61,"entity_type":"electoral_list","label":"Landesliste Hessen (Bundestag 2009-2013)","api_url":"https://www.abgeordnetenwatch.de/api/v2/electoral-lists/61"},"list_position":6,"constituency":{"id":1529,"entity_type":"constituency","label":"188 - Bergstraße (Bundestag 2009-2013)","api_url":"https://www.abgeordnetenwatch.de/api/v2/constituencies/1529"},"constituency_result":30.9},"fraction_membership":[{"id":1536,"entity_type":"fraction_membership","label":"SPD","fraction":{"id":116,"entity_type":"fraction","label":"SPD (Bundestag 2009-2013)","api_url":"https://www.abgeordnetenwatch.de/api/v2/fractions/116"}}],"party":{}},{"id":39309,"entity_type":"candidacy_mandate","label":"Christine Lambrecht (Bundestag 2005-2009)","api_url":"https://www.abgeordnetenwatch.de/api/v2/candidacies-mandates/39309","type":"mandate","parliament_period":{"id":67,"entity_type":"parliament_period","label":"Bundestag 2005 - 2009","api_url":"https://www.abgeordnetenwatch.de/api/v2/parliament-periods/67","abgeordnetenwatch_url":"https://www.abgeordnetenwatch.de/bundestag/16"},"politician":{"id":79208,"entity_type":"politician","label":"Christine Lambrecht","api_url":"https://www.abgeordnetenwatch.de/api/v2/politicians/79208","abgeordnetenwatch_url":"https://www.abgeordnetenwatch.de/profile/christine-lambrecht"},"start_date":"1997-11-30","electoral_data":{"id":39309,"entity_type":"electoral_data","label":"Christine Lambrecht (Bundestag 2005 - 2009)","electoral_list":{"id":46,"entity_type":"electoral_list","label":"Landesliste Hessen (Bundestag 2005-2009)","api_url":"https://www.abgeordnetenwatch.de/api/v2/electoral-lists/46"},"list_position":3,"constituency":{"id":1295,"entity_type":"constituency","label":"189 - Bergstraße (Bundestag 2005-2009)","api_url":"https://www.abgeordnetenwatch.de/api/v2/constituencies/1295"},"mandate_won":"list"},"fraction_membership":[{"id":1535,"entity_type":"fraction_membership","label":"SPD","fraction":{"id":27,"entity_type":"fraction","label":"SPD (Bundestag 2005-2009)","api_url":"https://www.abgeordnetenwatch.de/api/v2/fractions/27"}}],"party":{}},{"id":6132,"entity_type":"candidacy_mandate","label":"Christine Lambrecht (Bundestag Wahl 2017)","api_url":"https://www.abgeordnetenwatch.de/api/v2/candidacies-mandates/6132","type":"candidacy","parliament_period":{"id":50,"entity_type":"parliament_period","label":"Bundestag Wahl 2017","api_url":"https://www.abgeordnetenwatch.de/api/v2/parliament-periods/50","abgeordnetenwatch_url":"https://www.abgeordnetenwatch.de/bundestag/wahl-2017"},"politician":{"id":79208,"entity_type":"politician","label":"Christine Lambrecht","api_url":"https://www.abgeordnetenwatch.de/api/v2/politicians/79208","abgeordnetenwatch_url":"https://www.abgeordnetenwatch.de/profile/christine-lambrecht"},"electoral_data":{"id":6132,"entity_type":"electoral_data","label":"Christine Lambrecht (Bundestag Wahl 2017)","electoral_list":{"id":271,"entity_type":"electoral_list","label":"Landesliste Hessen (Bundestag Wahl 2017)","api_url":"https://www.abgeordnetenwatch.de/api/v2/electoral-lists/271"},"list_position":2,"constituency":{"id":9198,"entity_type":"constituency","label":"188 - Bergstraße (Bundestag Wahl 2017)","api_url":"https://www.abgeordnetenwatch.de/api/v2/constituencies/9198"},"constituency_result":26.9,"mandate_won":"list"},"fraction_membership":{},"party":{"id":1,"entity_type":"party","label":"SPD","api_url":"https://www.abgeordnetenwatch.de/api/v2/parties/1"}},{"id":6131,"entity_type":"candidacy_mandate","label":"Christine Lambrecht (Bundestag Wahl 2013)","api_url":"https://www.abgeordnetenwatch.de/api/v2/candidacies-mandates/6131","type":"candidacy","parliament_period":{"id":36,"entity_type":"parliament_period","label":"Bundestag Wahl 2013","api_url":"https://www.abgeordnetenwatch.de/api/v2/parliament-periods/36","abgeordnetenwatch_url":"https://www.abgeordnetenwatch.de/bundestag/wahl-2013"},"politician":{"id":79208,"entity_type":"politician","label":"Christine Lambrecht","api_url":"https://www.abgeordnetenwatch.de/api/v2/politicians/79208","abgeordnetenwatch_url":"https://www.abgeordnetenwatch.de/profile/christine-lambrecht"},"electoral_data":{"id":6131,"entity_type":"electoral_data","label":"Christine Lambrecht (Bundestag Wahl 2013)","electoral_list":{},"list_position":2,"constituency":{"id":5995,"entity_type":"constituency","label":"188 - Bergstraße (Bundestag Wahl 2013)","api_url":"https://www.abgeordnetenwatch.de/api/v2/constituencies/5995"},"constituency_result":31.8,"mandate_won":"list"},"fraction_membership":{},"party":{"id":1,"entity_type":"party","label":"SPD","api_url":"https://www.abgeordnetenwatch.de/api/v2/parties/1"}},{"id":6130,"entity_type":"candidacy_mandate","label":"Christine Lambrecht (Bundestag Wahl 2009)","api_url":"https://www.abgeordnetenwatch.de/api/v2/candidacies-mandates/6130","type":"candidacy","parliament_period":{"id":22,"entity_type":"parliament_period","label":"Bundestag Wahl 2009","api_url":"https://www.abgeordnetenwatch.de/api/v2/parliament-periods/22","abgeordnetenwatch_url":"https://www.abgeordnetenwatch.de/bundestag/wahl-2009"},"politician":{"id":79208,"entity_type":"politician","label":"Christine Lambrecht","api_url":"https://www.abgeordnetenwatch.de/api/v2/politicians/79208","abgeordnetenwatch_url":"https://www.abgeordnetenwatch.de/profile/christine-lambrecht"},"electoral_data":{"id":6130,"entity_type":"electoral_data","label":"Christine Lambrecht (Bundestag Wahl 2009)","electoral_list":{},"list_position":6,"constituency":{"id":6415,"entity_type":"constituency","label":"188 - Bergstraße (Bundestag Wahl 2009)","api_url":"https://www.abgeordnetenwatch.de/api/v2/constituencies/6415"},"constituency_result":30.9},"fraction_membership":{},"party":{"id":1,"entity_type":"party","label":"SPD","api_url":"https://www.abgeordnetenwatch.de/api/v2/parties/1"}},{"id":6129,"entity_type":"candidacy_mandate","label":"Christine Lambrecht (Bundestag Wahl 2005)","api_url":"https://www.abgeordnetenwatch.de/api/v2/candidacies-mandates/6129","type":"candidacy","parliament_period":{"id":6,"entity_type":"parliament_period","label":"Bundestag Wahl 2005","api_url":"https://www.abgeordnetenwatch.de/api/v2/parliament-periods/6","abgeordnetenwatch_url":"https://www.abgeordnetenwatch.de/bundestag/wahl-2005"},"politician":{"id":79208,"entity_type":"politician","label":"Christine Lambrecht","api_url":"https://www.abgeordnetenwatch.de/api/v2/politicians/79208","abgeordnetenwatch_url":"https://www.abgeordnetenwatch.de/profile/christine-lambrecht"},"electoral_data":{"id":6129,"entity_type":"electoral_data","label":"Christine Lambrecht (Bundestag Wahl 2005)","electoral_list":{"id":205,"entity_type":"electoral_list","label":"Landesliste Hessen (Bundestag Wahl 2005)","api_url":"https://www.abgeordnetenwatch.de/api/v2/electoral-lists/205"},"list_position":3,"constituency":{"id":6181,"entity_type":"constituency","label":"189 - Bergstraße (Bundestag Wahl 2005)","api_url":"https://www.abgeordnetenwatch.de/api/v2/constituencies/6181"},"constituency_result":41.6,"mandate_won":"list"},"fraction_membership":{},"party":{"id":1,"entity_type":"party","label":"SPD","api_url":"https://www.abgeordnetenwatch.de/api/v2/parties/1"}}]
