[{"id":45309,"entity_type":"candidacy_mandate","label":"Katharina Landgraf (Bundestag 2017 - 2021)","api_url":"https://www.abgeordnetenwatch.de/api/v2/candidacies-mandates/45309","id_external_administration":"1449","id_external_administration_description":"mdbID - ID der Bundestagsverwaltung","type":"mandate","parliament_period":{"id":111,"entity_type":"parliament_period","label":"Bundestag 2017 - 2021","api_url":"https://www.abgeordnetenwatch.de/api/v2/parliament-periods/111","abgeordnetenwatch_url":"https://www.abgeordnetenwatch.de/bundestag/19"},"politician":{"id":79212,"entity_type":"politician","label":"Katharina Landgraf","api_url":"https://www.abgeordnetenwatch.de/api/v2/politicians/79212","abgeordnetenwatch_url":"https://www.abgeordnetenwatch.de/profile/katharina-landgraf"},"electoral_data":{"id":45309,"entity_type":"electoral_data","label":"Katharina Landgraf (Bundestag 2017 - 2021)","electoral_list":{"id":118,"entity_type":"electoral_list","label":"Landesliste Sachsen (Bundestag 2017 - 2021)","api_url":"https://www.abgeordnetenwatch.de/api/v2/electoral-lists/118"},"list_position":3,"constituency":{"id":4278,"entity_type":"constituency","label":"154 - Leipzig-Land (Bundestag 2017 - 2021)","api_url":"https://www.abgeordnetenwatch.de/api/v2/constituencies/4278"},"constituency_result":34.1,"mandate_won":"constituency"},"fraction_membership":[{"id":7561,"entity_type":"fraction_membership","label":"CDU/CSU","fraction":{"id":81,"entity_type":"fraction","label":"CDU/CSU (Bundestag 2017 - 2021)","api_url":"https://www.abgeordnetenwatch.de/api/v2/fractions/81"}}],"party":{}},{"id":39323,"entity_type":"candidacy_mandate","label":"Katharina Landgraf (Bundestag 2013-2017)","api_url":"https://www.abgeordnetenwatch.de/api/v2/candidacies-mandates/39323","type":"mandate","parliament_period":{"id":97,"entity_type":"parliament_period","label":"Bundestag 2013 - 2017","api_url":"https://www.abgeordnetenwatch.de/api/v2/parliament-periods/97","abgeordnetenwatch_url":"https://www.abgeordnetenwatch.de/bundestag/18"},"politician":{"id":79212,"entity_type":"politician","label":"Katharina Landgraf","api_url":"https://www.abgeordnetenwatch.de/api/v2/politicians/79212","abgeordnetenwatch_url":"https://www.abgeordnetenwatch.de/profile/katharina-landgraf"},"electoral_data":{"id":39323,"entity_type":"electoral_data","label":"Katharina Landgraf (Bundestag 2013 - 2017)","electoral_list":{"id":37,"entity_type":"electoral_list","label":"Landesliste Sachsen (Bundestag 2013-2017)","api_url":"https://www.abgeordnetenwatch.de/api/v2/electoral-lists/37"},"list_position":4,"constituency":{"id":771,"entity_type":"constituency","label":"154 - Leipzig-Land (Bundestag 2013-2017)","api_url":"https://www.abgeordnetenwatch.de/api/v2/constituencies/771"},"constituency_result":51.3,"mandate_won":"constituency"},"fraction_membership":[{"id":1549,"entity_type":"fraction_membership","label":"CDU/CSU","fraction":{"id":111,"entity_type":"fraction","label":"CDU/CSU (Bundestag 2013-2017)","api_url":"https://www.abgeordnetenwatch.de/api/v2/fractions/111"}}],"party":{}},{"id":39322,"entity_type":"candidacy_mandate","label":"Katharina Landgraf (Bundestag 2009-2013)","api_url":"https://www.abgeordnetenwatch.de/api/v2/candidacies-mandates/39322","type":"mandate","parliament_period":{"id":83,"entity_type":"parliament_period","label":"Bundestag 2009 - 2013","api_url":"https://www.abgeordnetenwatch.de/api/v2/parliament-periods/83","abgeordnetenwatch_url":"https://www.abgeordnetenwatch.de/bundestag/17"},"politician":{"id":79212,"entity_type":"politician","label":"Katharina Landgraf","api_url":"https://www.abgeordnetenwatch.de/api/v2/politicians/79212","abgeordnetenwatch_url":"https://www.abgeordnetenwatch.de/profile/katharina-landgraf"},"electoral_data":{"id":39322,"entity_type":"electoral_data","label":"Katharina Landgraf (Bundestag 2009 - 2013)","electoral_list":{"id":67,"entity_type":"electoral_list","label":"Landesliste Sachsen (Bundestag 2009-2013)","api_url":"https://www.abgeordnetenwatch.de/api/v2/electoral-lists/67"},"list_position":5,"constituency":{"id":784,"entity_type":"constituency","label":"155 - Leipzig-Land (Bundestag 2009-2013)","api_url":"https://www.abgeordnetenwatch.de/api/v2/constituencies/784"},"constituency_result":41.7},"fraction_membership":[{"id":1548,"entity_type":"fraction_membership","label":"CDU/CSU","fraction":{"id":112,"entity_type":"fraction","label":"CDU/CSU (Bundestag 2009-2013)","api_url":"https://www.abgeordnetenwatch.de/api/v2/fractions/112"}}],"party":{}},{"id":39321,"entity_type":"candidacy_mandate","label":"Katharina Landgraf (Bundestag 2005-2009)","api_url":"https://www.abgeordnetenwatch.de/api/v2/candidacies-mandates/39321","type":"mandate","parliament_period":{"id":67,"entity_type":"parliament_period","label":"Bundestag 2005 - 2009","api_url":"https://www.abgeordnetenwatch.de/api/v2/parliament-periods/67","abgeordnetenwatch_url":"https://www.abgeordnetenwatch.de/bundestag/16"},"politician":{"id":79212,"entity_type":"politician","label":"Katharina Landgraf","api_url":"https://www.abgeordnetenwatch.de/api/v2/politicians/79212","abgeordnetenwatch_url":"https://www.abgeordnetenwatch.de/profile/katharina-landgraf"},"start_date":"2004-11-30","electoral_data":{"id":39321,"entity_type":"electoral_data","label":"Katharina Landgraf (Bundestag 2005 - 2009)","electoral_list":{"id":52,"entity_type":"electoral_list","label":"Landesliste Sachsen (Bundestag 2005-2009)","api_url":"https://www.abgeordnetenwatch.de/api/v2/electoral-lists/52"},"list_position":9,"constituency":{"id":777,"entity_type":"constituency","label":"155 - Leipziger Land - Muldentalkreis (Bundestag 2005-2009)","api_url":"https://www.abgeordnetenwatch.de/api/v2/constituencies/777"}},"fraction_membership":[{"id":1547,"entity_type":"fraction_membership","label":"CDU/CSU","fraction":{"id":26,"entity_type":"fraction","label":"CDU/CSU (Bundestag 2005-2009)","api_url":"https://www.abgeordnetenwatch.de/api/v2/fractions/26"}}],"party":{}},{"id":6147,"entity_type":"candidacy_mandate","label":"Katharina Landgraf (Bundestag Wahl 2017)","api_url":"https://www.abgeordnetenwatch.de/api/v2/candidacies-mandates/6147","type":"candidacy","parliament_period":{"id":50,"entity_type":"parliament_period","label":"Bundestag Wahl 2017","api_url":"https://www.abgeordnetenwatch.de/api/v2/parliament-periods/50","abgeordnetenwatch_url":"https://www.abgeordnetenwatch.de/bundestag/wahl-2017"},"politician":{"id":79212,"entity_type":"politician","label":"Katharina Landgraf","api_url":"https://www.abgeordnetenwatch.de/api/v2/politicians/79212","abgeordnetenwatch_url":"https://www.abgeordnetenwatch.de/profile/katharina-landgraf"},"electoral_data":{"id":6147,"entity_type":"electoral_data","label":"Katharina Landgraf (Bundestag Wahl 2017)","electoral_list":{"id":277,"entity_type":"electoral_list","label":"Landesliste Sachsen (Bundestag Wahl 2017)","api_url":"https://www.abgeordnetenwatch.de/api/v2/electoral-lists/277"},"list_position":3,"constituency":{"id":9164,"entity_type":"constituency","label":"154 - Leipzig-Land (Bundestag Wahl 2017)","api_url":"https://www.abgeordnetenwatch.de/api/v2/constituencies/9164"},"constituency_result":34.1,"mandate_won":"constituency"},"fraction_membership":{},"party":{"id":2,"entity_type":"party","label":"CDU","api_url":"https://www.abgeordnetenwatch.de/api/v2/parties/2"}},{"id":6146,"entity_type":"candidacy_mandate","label":"Katharina Landgraf (Bundestag Wahl 2013)","api_url":"https://www.abgeordnetenwatch.de/api/v2/candidacies-mandates/6146","type":"candidacy","parliament_period":{"id":36,"entity_type":"parliament_period","label":"Bundestag Wahl 2013","api_url":"https://www.abgeordnetenwatch.de/api/v2/parliament-periods/36","abgeordnetenwatch_url":"https://www.abgeordnetenwatch.de/bundestag/wahl-2013"},"politician":{"id":79212,"entity_type":"politician","label":"Katharina Landgraf","api_url":"https://www.abgeordnetenwatch.de/api/v2/politicians/79212","abgeordnetenwatch_url":"https://www.abgeordnetenwatch.de/profile/katharina-landgraf"},"electoral_data":{"id":6146,"entity_type":"electoral_data","label":"Katharina Landgraf (Bundestag Wahl 2013)","electoral_list":{},"list_position":4,"constituency":{"id":5657,"entity_type":"constituency","label":"154 - Leipzig-Land (Bundestag Wahl 2013)","api_url":"https://www.abgeordnetenwatch.de/api/v2/constituencies/5657"},"constituency_result":51.3,"mandate_won":"constituency"},"fraction_membership":{},"party":{"id":2,"entity_type":"party","label":"CDU","api_url":"https://www.abgeordnetenwatch.de/api/v2/parties/2"}},{"id":6145,"entity_type":"candidacy_mandate","label":"Katharina Landgraf (Bundestag Wahl 2009)","api_url":"https://www.abgeordnetenwatch.de/api/v2/candidacies-mandates/6145","type":"candidacy","parliament_period":{"id":22,"entity_type":"parliament_period","label":"Bundestag Wahl 2009","api_url":"https://www.abgeordnetenwatch.de/api/v2/parliament-periods/22","abgeordnetenwatch_url":"https://www.abgeordnetenwatch.de/bundestag/wahl-2009"},"politician":{"id":79212,"entity_type":"politician","label":"Katharina Landgraf","api_url":"https://www.abgeordnetenwatch.de/api/v2/politicians/79212","abgeordnetenwatch_url":"https://www.abgeordnetenwatch.de/profile/katharina-landgraf"},"electoral_data":{"id":6145,"entity_type":"electoral_data","label":"Katharina Landgraf (Bundestag Wahl 2009)","electoral_list":{},"list_position":5,"constituency":{"id":5670,"entity_type":"constituency","label":"155 - Leipzig-Land (Bundestag Wahl 2009)","api_url":"https://www.abgeordnetenwatch.de/api/v2/constituencies/5670"},"constituency_result":41.7,"mandate_won":"constituency"},"fraction_membership":{},"party":{"id":2,"entity_type":"party","label":"CDU","api_url":"https://www.abgeordnetenwatch.de/api/v2/parties/2"}},{"id":6144,"entity_type":"candidacy_mandate","label":"Katharina Landgraf (Bundestag Wahl 2005)","api_url":"https://www.abgeordnetenwatch.de/api/v2/candidacies-mandates/6144","type":"candidacy","parliament_period":{"id":6,"entity_type":"parliament_period","label":"Bundestag Wahl 2005","api_url":"https://www.abgeordnetenwatch.de/api/v2/parliament-periods/6","abgeordnetenwatch_url":"https://www.abgeordnetenwatch.de/bundestag/wahl-2005"},"politician":{"id":79212,"entity_type":"politician","label":"Katharina Landgraf","api_url":"https://www.abgeordnetenwatch.de/api/v2/politicians/79212","abgeordnetenwatch_url":"https://www.abgeordnetenwatch.de/profile/katharina-landgraf"},"electoral_data":{"id":6144,"entity_type":"electoral_data","label":"Katharina Landgraf (Bundestag Wahl 2005)","electoral_list":{"id":211,"entity_type":"electoral_list","label":"Landesliste Sachsen (Bundestag Wahl 2005)","api_url":"https://www.abgeordnetenwatch.de/api/v2/electoral-lists/211"},"list_position":9,"constituency":{"id":5663,"entity_type":"constituency","label":"155 - Leipziger Land - Muldentalkreis (Bundestag Wahl 2005)","api_url":"https://www.abgeordnetenwatch.de/api/v2/constituencies/5663"},"constituency_result":34.9},"fraction_membership":{},"party":{"id":2,"entity_type":"party","label":"CDU","api_url":"https://www.abgeordnetenwatch.de/api/v2/parties/2"}}]
