[{"id":45310,"entity_type":"candidacy_mandate","label":"Christian Lange (Bundestag 2017 - 2021)","api_url":"https://www.abgeordnetenwatch.de/api/v2/candidacies-mandates/45310","id_external_administration":"1057","id_external_administration_description":"mdbID - ID der Bundestagsverwaltung","type":"mandate","parliament_period":{"id":111,"entity_type":"parliament_period","label":"Bundestag 2017 - 2021","api_url":"https://www.abgeordnetenwatch.de/api/v2/parliament-periods/111","abgeordnetenwatch_url":"https://www.abgeordnetenwatch.de/bundestag/19"},"politician":{"id":79213,"entity_type":"politician","label":"Christian Lange","api_url":"https://www.abgeordnetenwatch.de/api/v2/politicians/79213","abgeordnetenwatch_url":"https://www.abgeordnetenwatch.de/profile/christian-lange-0"},"electoral_data":{"id":45310,"entity_type":"electoral_data","label":"Christian Lange (Bundestag 2017 - 2021)","electoral_list":{"id":106,"entity_type":"electoral_list","label":"Landesliste Baden-Württemberg (Bundestag 2017 - 2021)","api_url":"https://www.abgeordnetenwatch.de/api/v2/electoral-lists/106"},"list_position":2,"constituency":{"id":4393,"entity_type":"constituency","label":"269 - Backnang - Schwäbisch Gmünd (Bundestag 2017 - 2021)","api_url":"https://www.abgeordnetenwatch.de/api/v2/constituencies/4393"},"constituency_result":20,"mandate_won":"list"},"fraction_membership":[{"id":7562,"entity_type":"fraction_membership","label":"SPD","fraction":{"id":22,"entity_type":"fraction","label":"SPD (Bundestag 2017 - 2021)","api_url":"https://www.abgeordnetenwatch.de/api/v2/fractions/22"}}],"party":{}},{"id":39326,"entity_type":"candidacy_mandate","label":"Christian Lange (Bundestag 2013-2017)","api_url":"https://www.abgeordnetenwatch.de/api/v2/candidacies-mandates/39326","type":"mandate","parliament_period":{"id":97,"entity_type":"parliament_period","label":"Bundestag 2013 - 2017","api_url":"https://www.abgeordnetenwatch.de/api/v2/parliament-periods/97","abgeordnetenwatch_url":"https://www.abgeordnetenwatch.de/bundestag/18"},"politician":{"id":79213,"entity_type":"politician","label":"Christian Lange","api_url":"https://www.abgeordnetenwatch.de/api/v2/politicians/79213","abgeordnetenwatch_url":"https://www.abgeordnetenwatch.de/profile/christian-lange-0"},"electoral_data":{"id":39326,"entity_type":"electoral_data","label":"Christian Lange (Bundestag 2013 - 2017)","electoral_list":{"id":26,"entity_type":"electoral_list","label":"Landesliste Baden-Württemberg (Bundestag 2013-2017)","api_url":"https://www.abgeordnetenwatch.de/api/v2/electoral-lists/26"},"list_position":3,"constituency":{"id":1105,"entity_type":"constituency","label":"269 - Backnang - Schwäbisch Gmünd (Bundestag 2013-2017)","api_url":"https://www.abgeordnetenwatch.de/api/v2/constituencies/1105"},"constituency_result":24.8,"mandate_won":"list"},"fraction_membership":[{"id":1552,"entity_type":"fraction_membership","label":"SPD","fraction":{"id":45,"entity_type":"fraction","label":"SPD (Bundestag 2013-2017)","api_url":"https://www.abgeordnetenwatch.de/api/v2/fractions/45"}}],"party":{}},{"id":39325,"entity_type":"candidacy_mandate","label":"Christian Lange (Bundestag 2009-2013)","api_url":"https://www.abgeordnetenwatch.de/api/v2/candidacies-mandates/39325","type":"mandate","parliament_period":{"id":83,"entity_type":"parliament_period","label":"Bundestag 2009 - 2013","api_url":"https://www.abgeordnetenwatch.de/api/v2/parliament-periods/83","abgeordnetenwatch_url":"https://www.abgeordnetenwatch.de/bundestag/17"},"politician":{"id":79213,"entity_type":"politician","label":"Christian Lange","api_url":"https://www.abgeordnetenwatch.de/api/v2/politicians/79213","abgeordnetenwatch_url":"https://www.abgeordnetenwatch.de/profile/christian-lange-0"},"electoral_data":{"id":39325,"entity_type":"electoral_data","label":"Christian Lange (Bundestag 2009 - 2013)","electoral_list":{"id":56,"entity_type":"electoral_list","label":"Landesliste Baden-Württemberg (Bundestag 2009-2013)","api_url":"https://www.abgeordnetenwatch.de/api/v2/electoral-lists/56"},"list_position":4,"constituency":{"id":1523,"entity_type":"constituency","label":"269 - Backnang - Schwäbisch Gmünd (Bundestag 2009-2013)","api_url":"https://www.abgeordnetenwatch.de/api/v2/constituencies/1523"},"constituency_result":24.9},"fraction_membership":[{"id":1551,"entity_type":"fraction_membership","label":"SPD","fraction":{"id":116,"entity_type":"fraction","label":"SPD (Bundestag 2009-2013)","api_url":"https://www.abgeordnetenwatch.de/api/v2/fractions/116"}}],"party":{}},{"id":39324,"entity_type":"candidacy_mandate","label":"Christian Lange (Bundestag 2005-2009)","api_url":"https://www.abgeordnetenwatch.de/api/v2/candidacies-mandates/39324","type":"mandate","parliament_period":{"id":67,"entity_type":"parliament_period","label":"Bundestag 2005 - 2009","api_url":"https://www.abgeordnetenwatch.de/api/v2/parliament-periods/67","abgeordnetenwatch_url":"https://www.abgeordnetenwatch.de/bundestag/16"},"politician":{"id":79213,"entity_type":"politician","label":"Christian Lange","api_url":"https://www.abgeordnetenwatch.de/api/v2/politicians/79213","abgeordnetenwatch_url":"https://www.abgeordnetenwatch.de/profile/christian-lange-0"},"start_date":"1997-11-30","electoral_data":{"id":39324,"entity_type":"electoral_data","label":"Christian Lange (Bundestag 2005 - 2009)","electoral_list":{"id":41,"entity_type":"electoral_list","label":"Landesliste Baden-Württemberg (Bundestag 2005-2009)","api_url":"https://www.abgeordnetenwatch.de/api/v2/electoral-lists/41"},"list_position":6,"constituency":{"id":1291,"entity_type":"constituency","label":"270 - Backnang - Schwäbisch Gmünd (Bundestag 2005-2009)","api_url":"https://www.abgeordnetenwatch.de/api/v2/constituencies/1291"}},"fraction_membership":[{"id":1550,"entity_type":"fraction_membership","label":"SPD","fraction":{"id":27,"entity_type":"fraction","label":"SPD (Bundestag 2005-2009)","api_url":"https://www.abgeordnetenwatch.de/api/v2/fractions/27"}}],"party":{}},{"id":6151,"entity_type":"candidacy_mandate","label":"Christian Lange (Bundestag Wahl 2017)","api_url":"https://www.abgeordnetenwatch.de/api/v2/candidacies-mandates/6151","type":"candidacy","parliament_period":{"id":50,"entity_type":"parliament_period","label":"Bundestag Wahl 2017","api_url":"https://www.abgeordnetenwatch.de/api/v2/parliament-periods/50","abgeordnetenwatch_url":"https://www.abgeordnetenwatch.de/bundestag/wahl-2017"},"politician":{"id":79213,"entity_type":"politician","label":"Christian Lange","api_url":"https://www.abgeordnetenwatch.de/api/v2/politicians/79213","abgeordnetenwatch_url":"https://www.abgeordnetenwatch.de/profile/christian-lange-0"},"electoral_data":{"id":6151,"entity_type":"electoral_data","label":"Christian Lange (Bundestag Wahl 2017)","electoral_list":{"id":265,"entity_type":"electoral_list","label":"Landesliste Baden-Württemberg (Bundestag Wahl 2017)","api_url":"https://www.abgeordnetenwatch.de/api/v2/electoral-lists/265"},"list_position":2,"constituency":{"id":9279,"entity_type":"constituency","label":"269 - Backnang - Schwäbisch Gmünd (Bundestag Wahl 2017)","api_url":"https://www.abgeordnetenwatch.de/api/v2/constituencies/9279"},"constituency_result":20,"mandate_won":"list"},"fraction_membership":{},"party":{"id":1,"entity_type":"party","label":"SPD","api_url":"https://www.abgeordnetenwatch.de/api/v2/parties/1"}},{"id":6150,"entity_type":"candidacy_mandate","label":"Christian Lange (Bundestag Wahl 2013)","api_url":"https://www.abgeordnetenwatch.de/api/v2/candidacies-mandates/6150","type":"candidacy","parliament_period":{"id":36,"entity_type":"parliament_period","label":"Bundestag Wahl 2013","api_url":"https://www.abgeordnetenwatch.de/api/v2/parliament-periods/36","abgeordnetenwatch_url":"https://www.abgeordnetenwatch.de/bundestag/wahl-2013"},"politician":{"id":79213,"entity_type":"politician","label":"Christian Lange","api_url":"https://www.abgeordnetenwatch.de/api/v2/politicians/79213","abgeordnetenwatch_url":"https://www.abgeordnetenwatch.de/profile/christian-lange-0"},"electoral_data":{"id":6150,"entity_type":"electoral_data","label":"Christian Lange (Bundestag Wahl 2013)","electoral_list":{},"list_position":3,"constituency":{"id":5991,"entity_type":"constituency","label":"269 - Backnang - Schwäbisch Gmünd (Bundestag Wahl 2013)","api_url":"https://www.abgeordnetenwatch.de/api/v2/constituencies/5991"},"constituency_result":24.8,"mandate_won":"list"},"fraction_membership":{},"party":{"id":1,"entity_type":"party","label":"SPD","api_url":"https://www.abgeordnetenwatch.de/api/v2/parties/1"}},{"id":6149,"entity_type":"candidacy_mandate","label":"Christian Lange (Bundestag Wahl 2009)","api_url":"https://www.abgeordnetenwatch.de/api/v2/candidacies-mandates/6149","type":"candidacy","parliament_period":{"id":22,"entity_type":"parliament_period","label":"Bundestag Wahl 2009","api_url":"https://www.abgeordnetenwatch.de/api/v2/parliament-periods/22","abgeordnetenwatch_url":"https://www.abgeordnetenwatch.de/bundestag/wahl-2009"},"politician":{"id":79213,"entity_type":"politician","label":"Christian Lange","api_url":"https://www.abgeordnetenwatch.de/api/v2/politicians/79213","abgeordnetenwatch_url":"https://www.abgeordnetenwatch.de/profile/christian-lange-0"},"electoral_data":{"id":6149,"entity_type":"electoral_data","label":"Christian Lange (Bundestag Wahl 2009)","electoral_list":{},"list_position":4,"constituency":{"id":6409,"entity_type":"constituency","label":"269 - Backnang - Schwäbisch Gmünd (Bundestag Wahl 2009)","api_url":"https://www.abgeordnetenwatch.de/api/v2/constituencies/6409"},"constituency_result":24.9},"fraction_membership":{},"party":{"id":1,"entity_type":"party","label":"SPD","api_url":"https://www.abgeordnetenwatch.de/api/v2/parties/1"}},{"id":6148,"entity_type":"candidacy_mandate","label":"Christian Lange (Bundestag Wahl 2005)","api_url":"https://www.abgeordnetenwatch.de/api/v2/candidacies-mandates/6148","type":"candidacy","parliament_period":{"id":6,"entity_type":"parliament_period","label":"Bundestag Wahl 2005","api_url":"https://www.abgeordnetenwatch.de/api/v2/parliament-periods/6","abgeordnetenwatch_url":"https://www.abgeordnetenwatch.de/bundestag/wahl-2005"},"politician":{"id":79213,"entity_type":"politician","label":"Christian Lange","api_url":"https://www.abgeordnetenwatch.de/api/v2/politicians/79213","abgeordnetenwatch_url":"https://www.abgeordnetenwatch.de/profile/christian-lange-0"},"electoral_data":{"id":6148,"entity_type":"electoral_data","label":"Christian Lange (Bundestag Wahl 2005)","electoral_list":{"id":200,"entity_type":"electoral_list","label":"Landesliste Baden-Württemberg (Bundestag Wahl 2005)","api_url":"https://www.abgeordnetenwatch.de/api/v2/electoral-lists/200"},"list_position":6,"constituency":{"id":6177,"entity_type":"constituency","label":"270 - Backnang - Schwäbisch Gmünd (Bundestag Wahl 2005)","api_url":"https://www.abgeordnetenwatch.de/api/v2/constituencies/6177"},"constituency_result":34.7},"fraction_membership":{},"party":{"id":1,"entity_type":"party","label":"SPD","api_url":"https://www.abgeordnetenwatch.de/api/v2/parties/1"}}]
