{"id":[79213],"entity_type":["politician"],"label":["Christian Lange"],"api_url":["https://www.abgeordnetenwatch.de/api/v2/politicians/79213"],"abgeordnetenwatch_url":["https://www.abgeordnetenwatch.de/profile/christian-lange-0"],"first_name":["Christian"],"last_name":["Lange"],"birth_name":{},"sex":["m"],"year_of_birth":[1964],"party":{"id":[1],"entity_type":["party"],"label":["SPD"],"api_url":["https://www.abgeordnetenwatch.de/api/v2/parties/1"]},"party_past":{},"deceased":{},"deceased_date":{},"education":["Jurist"],"residence":{},"occupation":["MdB"],"statistic_questions":[12],"statistic_questions_answered":{},"qid_wikidata":["Q1080751"],"field_title":{}}
