[{"id":53806,"entity_type":"candidacy_mandate","label":"Karl Lauterbach (Bundestag 2021 - 2025)","api_url":"https://www.abgeordnetenwatch.de/api/v2/candidacies-mandates/53806","id_external_administration":"1451","id_external_administration_description":"mdbID aus der info-xml-Datei der Bundestagsverwaltung","type":"mandate","parliament_period":{"id":132,"entity_type":"parliament_period","label":"Bundestag 2021 - 2025","api_url":"https://www.abgeordnetenwatch.de/api/v2/parliament-periods/132","abgeordnetenwatch_url":"https://www.abgeordnetenwatch.de/bundestag"},"politician":{"id":79215,"entity_type":"politician","label":"Karl Lauterbach","api_url":"https://www.abgeordnetenwatch.de/api/v2/politicians/79215","abgeordnetenwatch_url":"https://www.abgeordnetenwatch.de/profile/karl-lauterbach"},"electoral_data":{"id":54730,"entity_type":"electoral_data","label":"Karl Lauterbach (Bundestag 2021 - 2025)","electoral_list":{"id":419,"entity_type":"electoral_list","label":"Landesliste Nordrhein-Westfalen (Bundestag 2021 - 2025)","api_url":"https://www.abgeordnetenwatch.de/api/v2/electoral-lists/419"},"list_position":23,"constituency":{"id":10841,"entity_type":"constituency","label":"101 - Leverkusen - Köln IV (Bundestag 2021 - 2025)","api_url":"https://www.abgeordnetenwatch.de/api/v2/constituencies/10841"},"constituency_result":45,"mandate_won":"constituency"},"fraction_membership":[{"id":9653,"entity_type":"fraction_membership","label":"SPD","fraction":{"id":319,"entity_type":"fraction","label":"SPD (Bundestag 2021 - 2025)","api_url":"https://www.abgeordnetenwatch.de/api/v2/fractions/319"}}],"party":{}},{"id":48634,"entity_type":"candidacy_mandate","label":"Karl Lauterbach (Bundestag Wahl 2021)","api_url":"https://www.abgeordnetenwatch.de/api/v2/candidacies-mandates/48634","type":"candidacy","parliament_period":{"id":128,"entity_type":"parliament_period","label":"Bundestag Wahl 2021","api_url":"https://www.abgeordnetenwatch.de/api/v2/parliament-periods/128","abgeordnetenwatch_url":"https://www.abgeordnetenwatch.de/bundestag/wahl-2021"},"politician":{"id":79215,"entity_type":"politician","label":"Karl Lauterbach","api_url":"https://www.abgeordnetenwatch.de/api/v2/politicians/79215","abgeordnetenwatch_url":"https://www.abgeordnetenwatch.de/profile/karl-lauterbach"},"electoral_data":{"id":49556,"entity_type":"electoral_data","label":"Karl Lauterbach (Bundestag Wahl 2021)","electoral_list":{"id":365,"entity_type":"electoral_list","label":"Landesliste Nordrhein-Westfalen (Bundestag Wahl 2021)","api_url":"https://www.abgeordnetenwatch.de/api/v2/electoral-lists/365"},"list_position":23,"constituency":{"id":10158,"entity_type":"constituency","label":"101 - Leverkusen - Köln IV (Bundestag Wahl 2021)","api_url":"https://www.abgeordnetenwatch.de/api/v2/constituencies/10158"},"constituency_result":45.6},"fraction_membership":{},"party":{"id":1,"entity_type":"party","label":"SPD","api_url":"https://www.abgeordnetenwatch.de/api/v2/parties/1"}},{"id":45313,"entity_type":"candidacy_mandate","label":"Karl Lauterbach (Bundestag 2017 - 2021)","api_url":"https://www.abgeordnetenwatch.de/api/v2/candidacies-mandates/45313","id_external_administration":"1451","id_external_administration_description":"mdbID - ID der Bundestagsverwaltung","type":"mandate","parliament_period":{"id":111,"entity_type":"parliament_period","label":"Bundestag 2017 - 2021","api_url":"https://www.abgeordnetenwatch.de/api/v2/parliament-periods/111","abgeordnetenwatch_url":"https://www.abgeordnetenwatch.de/bundestag/19"},"politician":{"id":79215,"entity_type":"politician","label":"Karl Lauterbach","api_url":"https://www.abgeordnetenwatch.de/api/v2/politicians/79215","abgeordnetenwatch_url":"https://www.abgeordnetenwatch.de/profile/karl-lauterbach"},"electoral_data":{"id":45313,"entity_type":"electoral_data","label":"Karl Lauterbach (Bundestag 2017 - 2021)","electoral_list":{"id":115,"entity_type":"electoral_list","label":"Landesliste Nordrhein-Westfalen (Bundestag 2017 - 2021)","api_url":"https://www.abgeordnetenwatch.de/api/v2/electoral-lists/115"},"list_position":58,"constituency":{"id":4225,"entity_type":"constituency","label":"101 - Leverkusen - Köln IV (Bundestag 2017 - 2021)","api_url":"https://www.abgeordnetenwatch.de/api/v2/constituencies/4225"},"constituency_result":38.7,"mandate_won":"constituency"},"fraction_membership":[{"id":7565,"entity_type":"fraction_membership","label":"SPD","fraction":{"id":22,"entity_type":"fraction","label":"SPD (Bundestag 2017 - 2021)","api_url":"https://www.abgeordnetenwatch.de/api/v2/fractions/22"}}],"party":{}},{"id":39331,"entity_type":"candidacy_mandate","label":"Karl Lauterbach (Bundestag 2013-2017)","api_url":"https://www.abgeordnetenwatch.de/api/v2/candidacies-mandates/39331","type":"mandate","parliament_period":{"id":97,"entity_type":"parliament_period","label":"Bundestag 2013 - 2017","api_url":"https://www.abgeordnetenwatch.de/api/v2/parliament-periods/97","abgeordnetenwatch_url":"https://www.abgeordnetenwatch.de/bundestag/18"},"politician":{"id":79215,"entity_type":"politician","label":"Karl Lauterbach","api_url":"https://www.abgeordnetenwatch.de/api/v2/politicians/79215","abgeordnetenwatch_url":"https://www.abgeordnetenwatch.de/profile/karl-lauterbach"},"electoral_data":{"id":39331,"entity_type":"electoral_data","label":"Karl Lauterbach (Bundestag 2013 - 2017)","electoral_list":{"id":35,"entity_type":"electoral_list","label":"Landesliste Nordrhein-Westfalen (Bundestag 2013-2017)","api_url":"https://www.abgeordnetenwatch.de/api/v2/electoral-lists/35"},"list_position":62,"constituency":{"id":1186,"entity_type":"constituency","label":"101 - Leverkusen - Köln IV (Bundestag 2013-2017)","api_url":"https://www.abgeordnetenwatch.de/api/v2/constituencies/1186"},"constituency_result":41.3,"mandate_won":"constituency"},"fraction_membership":[{"id":1557,"entity_type":"fraction_membership","label":"SPD","fraction":{"id":45,"entity_type":"fraction","label":"SPD (Bundestag 2013-2017)","api_url":"https://www.abgeordnetenwatch.de/api/v2/fractions/45"}}],"party":{}},{"id":39330,"entity_type":"candidacy_mandate","label":"Karl Lauterbach (Bundestag 2009-2013)","api_url":"https://www.abgeordnetenwatch.de/api/v2/candidacies-mandates/39330","type":"mandate","parliament_period":{"id":83,"entity_type":"parliament_period","label":"Bundestag 2009 - 2013","api_url":"https://www.abgeordnetenwatch.de/api/v2/parliament-periods/83","abgeordnetenwatch_url":"https://www.abgeordnetenwatch.de/bundestag/17"},"politician":{"id":79215,"entity_type":"politician","label":"Karl Lauterbach","api_url":"https://www.abgeordnetenwatch.de/api/v2/politicians/79215","abgeordnetenwatch_url":"https://www.abgeordnetenwatch.de/profile/karl-lauterbach"},"electoral_data":{"id":39330,"entity_type":"electoral_data","label":"Karl Lauterbach (Bundestag 2009 - 2013)","electoral_list":{"id":64,"entity_type":"electoral_list","label":"Landesliste Nordrhein-Westfalen (Bundestag 2009-2013)","api_url":"https://www.abgeordnetenwatch.de/api/v2/electoral-lists/64"},"list_position":49,"constituency":{"id":1666,"entity_type":"constituency","label":"102 - Leverkusen - Köln IV (Bundestag 2009-2013)","api_url":"https://www.abgeordnetenwatch.de/api/v2/constituencies/1666"},"constituency_result":37.1},"fraction_membership":[{"id":1556,"entity_type":"fraction_membership","label":"SPD","fraction":{"id":116,"entity_type":"fraction","label":"SPD (Bundestag 2009-2013)","api_url":"https://www.abgeordnetenwatch.de/api/v2/fractions/116"}}],"party":{}},{"id":39329,"entity_type":"candidacy_mandate","label":"Karl Lauterbach (Bundestag 2005-2009)","api_url":"https://www.abgeordnetenwatch.de/api/v2/candidacies-mandates/39329","type":"mandate","parliament_period":{"id":67,"entity_type":"parliament_period","label":"Bundestag 2005 - 2009","api_url":"https://www.abgeordnetenwatch.de/api/v2/parliament-periods/67","abgeordnetenwatch_url":"https://www.abgeordnetenwatch.de/bundestag/16"},"politician":{"id":79215,"entity_type":"politician","label":"Karl Lauterbach","api_url":"https://www.abgeordnetenwatch.de/api/v2/politicians/79215","abgeordnetenwatch_url":"https://www.abgeordnetenwatch.de/profile/karl-lauterbach"},"start_date":"2004-11-30","electoral_data":{"id":39329,"entity_type":"electoral_data","label":"Karl Lauterbach (Bundestag 2005 - 2009)","electoral_list":{"id":49,"entity_type":"electoral_list","label":"Landesliste Nordrhein-Westfalen (Bundestag 2005-2009)","api_url":"https://www.abgeordnetenwatch.de/api/v2/electoral-lists/49"},"list_position":78,"constituency":{"id":1406,"entity_type":"constituency","label":"102 - Leverkusen - Köln IV (Bundestag 2005-2009)","api_url":"https://www.abgeordnetenwatch.de/api/v2/constituencies/1406"}},"fraction_membership":[{"id":1555,"entity_type":"fraction_membership","label":"SPD","fraction":{"id":27,"entity_type":"fraction","label":"SPD (Bundestag 2005-2009)","api_url":"https://www.abgeordnetenwatch.de/api/v2/fractions/27"}}],"party":{}},{"id":6158,"entity_type":"candidacy_mandate","label":"Karl Lauterbach (Bundestag Wahl 2017)","api_url":"https://www.abgeordnetenwatch.de/api/v2/candidacies-mandates/6158","type":"candidacy","parliament_period":{"id":50,"entity_type":"parliament_period","label":"Bundestag Wahl 2017","api_url":"https://www.abgeordnetenwatch.de/api/v2/parliament-periods/50","abgeordnetenwatch_url":"https://www.abgeordnetenwatch.de/bundestag/wahl-2017"},"politician":{"id":79215,"entity_type":"politician","label":"Karl Lauterbach","api_url":"https://www.abgeordnetenwatch.de/api/v2/politicians/79215","abgeordnetenwatch_url":"https://www.abgeordnetenwatch.de/profile/karl-lauterbach"},"electoral_data":{"id":6158,"entity_type":"electoral_data","label":"Karl Lauterbach (Bundestag Wahl 2017)","electoral_list":{"id":274,"entity_type":"electoral_list","label":"Landesliste Nordrhein-Westfalen (Bundestag Wahl 2017)","api_url":"https://www.abgeordnetenwatch.de/api/v2/electoral-lists/274"},"list_position":58,"constituency":{"id":9111,"entity_type":"constituency","label":"101 - Leverkusen - Köln IV (Bundestag Wahl 2017)","api_url":"https://www.abgeordnetenwatch.de/api/v2/constituencies/9111"},"constituency_result":38.7,"mandate_won":"constituency"},"fraction_membership":{},"party":{"id":1,"entity_type":"party","label":"SPD","api_url":"https://www.abgeordnetenwatch.de/api/v2/parties/1"}},{"id":6157,"entity_type":"candidacy_mandate","label":"Karl Lauterbach (Bundestag Wahl 2013)","api_url":"https://www.abgeordnetenwatch.de/api/v2/candidacies-mandates/6157","type":"candidacy","parliament_period":{"id":36,"entity_type":"parliament_period","label":"Bundestag Wahl 2013","api_url":"https://www.abgeordnetenwatch.de/api/v2/parliament-periods/36","abgeordnetenwatch_url":"https://www.abgeordnetenwatch.de/bundestag/wahl-2013"},"politician":{"id":79215,"entity_type":"politician","label":"Karl Lauterbach","api_url":"https://www.abgeordnetenwatch.de/api/v2/politicians/79215","abgeordnetenwatch_url":"https://www.abgeordnetenwatch.de/profile/karl-lauterbach"},"electoral_data":{"id":6157,"entity_type":"electoral_data","label":"Karl Lauterbach (Bundestag Wahl 2013)","electoral_list":{},"list_position":62,"constituency":{"id":6072,"entity_type":"constituency","label":"101 - Leverkusen - Köln IV (Bundestag Wahl 2013)","api_url":"https://www.abgeordnetenwatch.de/api/v2/constituencies/6072"},"constituency_result":41.3,"mandate_won":"constituency"},"fraction_membership":{},"party":{"id":1,"entity_type":"party","label":"SPD","api_url":"https://www.abgeordnetenwatch.de/api/v2/parties/1"}},{"id":6156,"entity_type":"candidacy_mandate","label":"Karl Lauterbach (Bundestag Wahl 2009)","api_url":"https://www.abgeordnetenwatch.de/api/v2/candidacies-mandates/6156","type":"candidacy","parliament_period":{"id":22,"entity_type":"parliament_period","label":"Bundestag Wahl 2009","api_url":"https://www.abgeordnetenwatch.de/api/v2/parliament-periods/22","abgeordnetenwatch_url":"https://www.abgeordnetenwatch.de/bundestag/wahl-2009"},"politician":{"id":79215,"entity_type":"politician","label":"Karl Lauterbach","api_url":"https://www.abgeordnetenwatch.de/api/v2/politicians/79215","abgeordnetenwatch_url":"https://www.abgeordnetenwatch.de/profile/karl-lauterbach"},"electoral_data":{"id":6156,"entity_type":"electoral_data","label":"Karl Lauterbach (Bundestag Wahl 2009)","electoral_list":{},"list_position":49,"constituency":{"id":6552,"entity_type":"constituency","label":"102 - Leverkusen - Köln IV (Bundestag Wahl 2009)","api_url":"https://www.abgeordnetenwatch.de/api/v2/constituencies/6552"},"constituency_result":37.1,"mandate_won":"constituency"},"fraction_membership":{},"party":{"id":1,"entity_type":"party","label":"SPD","api_url":"https://www.abgeordnetenwatch.de/api/v2/parties/1"}},{"id":6155,"entity_type":"candidacy_mandate","label":"Karl Lauterbach (Bundestag Wahl 2005)","api_url":"https://www.abgeordnetenwatch.de/api/v2/candidacies-mandates/6155","type":"candidacy","parliament_period":{"id":6,"entity_type":"parliament_period","label":"Bundestag Wahl 2005","api_url":"https://www.abgeordnetenwatch.de/api/v2/parliament-periods/6","abgeordnetenwatch_url":"https://www.abgeordnetenwatch.de/bundestag/wahl-2005"},"politician":{"id":79215,"entity_type":"politician","label":"Karl Lauterbach","api_url":"https://www.abgeordnetenwatch.de/api/v2/politicians/79215","abgeordnetenwatch_url":"https://www.abgeordnetenwatch.de/profile/karl-lauterbach"},"electoral_data":{"id":6155,"entity_type":"electoral_data","label":"Karl Lauterbach (Bundestag Wahl 2005)","electoral_list":{"id":208,"entity_type":"electoral_list","label":"Landesliste Nordrhein-Westfalen (Bundestag Wahl 2005)","api_url":"https://www.abgeordnetenwatch.de/api/v2/electoral-lists/208"},"list_position":78,"constituency":{"id":6292,"entity_type":"constituency","label":"102 - Leverkusen - Köln IV (Bundestag Wahl 2005)","api_url":"https://www.abgeordnetenwatch.de/api/v2/constituencies/6292"},"constituency_result":49},"fraction_membership":{},"party":{"id":1,"entity_type":"party","label":"SPD","api_url":"https://www.abgeordnetenwatch.de/api/v2/parties/1"}}]
