{"id":[79217],"entity_type":["politician"],"label":["Renate Künast"],"api_url":["https://www.abgeordnetenwatch.de/api/v2/politicians/79217"],"abgeordnetenwatch_url":["https://www.abgeordnetenwatch.de/profile/renate-kuenast"],"first_name":["Renate"],"last_name":["Künast"],"birth_name":{},"sex":["f"],"year_of_birth":[1955],"party":{"id":[5],"entity_type":["party"],"label":["Bündnis 90/Die Grünen"],"api_url":["https://www.abgeordnetenwatch.de/api/v2/parties/5"]},"party_past":{},"deceased":{},"deceased_date":{},"education":["Juristin und Sozialarbeiterin"],"residence":{},"occupation":["MdB"],"statistic_questions":[6],"statistic_questions_answered":[2],"qid_wikidata":["Q65128"],"field_title":{}}
