{"id":[79218],"entity_type":["politician"],"label":["Roy Kühne"],"api_url":["https://www.abgeordnetenwatch.de/api/v2/politicians/79218"],"abgeordnetenwatch_url":["https://www.abgeordnetenwatch.de/profile/roy-kuehne"],"first_name":["Roy"],"last_name":["Kühne"],"birth_name":{},"sex":["m"],"year_of_birth":[1967],"party":{"id":[2],"entity_type":["party"],"label":["CDU"],"api_url":["https://www.abgeordnetenwatch.de/api/v2/parties/2"]},"party_past":{},"deceased":{},"deceased_date":{},"education":["Diplom-Sporttherapeut"],"residence":{},"occupation":["MdB"],"statistic_questions":[33],"statistic_questions_answered":[31],"qid_wikidata":["Q15813206"],"field_title":{}}
