{"id":[79226],"entity_type":["politician"],"label":["Gunther Krichbaum"],"api_url":["https://www.abgeordnetenwatch.de/api/v2/politicians/79226"],"abgeordnetenwatch_url":["https://www.abgeordnetenwatch.de/profile/gunther-krichbaum"],"first_name":["Gunther"],"last_name":["Krichbaum"],"birth_name":{},"sex":["m"],"year_of_birth":[1964],"party":{"id":[2],"entity_type":["party"],"label":["CDU"],"api_url":["https://www.abgeordnetenwatch.de/api/v2/parties/2"]},"party_past":{},"deceased":{},"deceased_date":{},"education":["Jurist"],"residence":{},"occupation":["Bundestagsabgeordneter"],"statistic_questions":[2],"statistic_questions_answered":{},"qid_wikidata":["Q98115"],"field_title":{}}
