{"id":[79239],"entity_type":["politician"],"label":["Axel Knoerig"],"api_url":["https://www.abgeordnetenwatch.de/api/v2/politicians/79239"],"abgeordnetenwatch_url":["https://www.abgeordnetenwatch.de/profile/axel-knoerig"],"first_name":["Axel"],"last_name":["Knoerig"],"birth_name":{},"sex":["m"],"year_of_birth":[1967],"party":{"id":[2],"entity_type":["party"],"label":["CDU"],"api_url":["https://www.abgeordnetenwatch.de/api/v2/parties/2"]},"party_past":{},"education":["Magister in Politikwissenschaft mit Schwerpunkt Kommunal- und Verwaltungswissenschaften"],"residence":["Kirchdorf"],"occupation":["MdB"],"statistic_questions":[8],"statistic_questions_answered":[7],"qid_wikidata":["Q792225"],"field_title":{}}
