{"id":[79243],"entity_type":["politician"],"label":["Katja Kipping"],"api_url":["https://www.abgeordnetenwatch.de/api/v2/politicians/79243"],"abgeordnetenwatch_url":["https://www.abgeordnetenwatch.de/profile/katja-kipping"],"first_name":["Katja"],"last_name":["Kipping"],"birth_name":{},"sex":["f"],"year_of_birth":[1978],"party":{"id":[8],"entity_type":["party"],"label":["DIE LINKE"],"api_url":["https://www.abgeordnetenwatch.de/api/v2/parties/8"]},"party_past":{},"deceased":{},"deceased_date":{},"education":["Magisterstudium Slawistik, Amerikanistik, Rechtswissenschaft"],"residence":{},"occupation":["MdB"],"statistic_questions":[13],"statistic_questions_answered":[12],"qid_wikidata":["Q76342"],"field_title":{}}
