{"id":[79247],"entity_type":["politician"],"label":["Katja Keul"],"api_url":["https://www.abgeordnetenwatch.de/api/v2/politicians/79247"],"abgeordnetenwatch_url":["https://www.abgeordnetenwatch.de/profile/katja-keul"],"first_name":["Katja"],"last_name":["Keul"],"birth_name":{},"sex":["f"],"year_of_birth":[1969],"party":{"id":[5],"entity_type":["party"],"label":["Bündnis 90/Die Grünen"],"api_url":["https://www.abgeordnetenwatch.de/api/v2/parties/5"]},"party_past":{},"deceased":{},"deceased_date":{},"education":["Juristin"],"residence":{},"occupation":["MdB"],"statistic_questions":[9],"statistic_questions_answered":[9],"qid_wikidata":["Q1736638"],"field_title":{}}
