{"id":[79258],"entity_type":["politician"],"label":["Ralf Kapschack"],"api_url":["https://www.abgeordnetenwatch.de/api/v2/politicians/79258"],"abgeordnetenwatch_url":["https://www.abgeordnetenwatch.de/profile/ralf-kapschack"],"first_name":["Ralf"],"last_name":["Kapschack"],"birth_name":{},"sex":["m"],"year_of_birth":[1954],"party":{"id":[1],"entity_type":["party"],"label":["SPD"],"api_url":["https://www.abgeordnetenwatch.de/api/v2/parties/1"]},"party_past":{},"education":["Wirtschaftswissenschaftler, Journalist"],"residence":{},"occupation":["MdB"],"statistic_questions":[22],"statistic_questions_answered":[21],"qid_wikidata":["Q1499915"],"field_title":{}}
