{"id":[79253],"entity_type":["politician"],"label":["Volker Kauder"],"api_url":["https://www.abgeordnetenwatch.de/api/v2/politicians/79253"],"abgeordnetenwatch_url":["https://www.abgeordnetenwatch.de/profile/volker-kauder"],"first_name":["Volker"],"last_name":["Kauder"],"birth_name":{},"sex":["m"],"year_of_birth":[1949],"party":{"id":[2],"entity_type":["party"],"label":["CDU"],"api_url":["https://www.abgeordnetenwatch.de/api/v2/parties/2"]},"party_past":{},"education":["Studium der Rechtswissenschaften"],"residence":{},"occupation":["MdB"],"statistic_questions":[29],"statistic_questions_answered":{},"qid_wikidata":["Q67164"],"field_title":{}}
