[{"id":45280,"entity_type":"candidacy_mandate","label":"Johannes Kahrs (Bundestag 2017 - 2021)","api_url":"https://www.abgeordnetenwatch.de/api/v2/candidacies-mandates/45280","id_external_administration":"1045","id_external_administration_description":"mdbID aus der info-xml-Datei der Bundestagsverwaltung","type":"mandate","parliament_period":{"id":111,"entity_type":"parliament_period","label":"Bundestag 2017 - 2021","api_url":"https://www.abgeordnetenwatch.de/api/v2/parliament-periods/111","abgeordnetenwatch_url":"https://www.abgeordnetenwatch.de/bundestag/19"},"politician":{"id":79264,"entity_type":"politician","label":"Johannes Kahrs","api_url":"https://www.abgeordnetenwatch.de/api/v2/politicians/79264","abgeordnetenwatch_url":"https://www.abgeordnetenwatch.de/profile/johannes-kahrs"},"end_date":"2020-05-05","electoral_data":{"id":45280,"entity_type":"electoral_data","label":"Johannes Kahrs (Bundestag 2017 - 2021)","electoral_list":{"id":111,"entity_type":"electoral_list","label":"Landesliste Hamburg (Bundestag 2017 - 2021)","api_url":"https://www.abgeordnetenwatch.de/api/v2/electoral-lists/111"},"list_position":1,"constituency":{"id":4142,"entity_type":"constituency","label":"18 - Hamburg-Mitte (Bundestag 2017 - 2021)","api_url":"https://www.abgeordnetenwatch.de/api/v2/constituencies/4142"},"constituency_result":30.9,"mandate_won":"constituency"},"fraction_membership":[{"id":7532,"entity_type":"fraction_membership","label":"SPD","fraction":{"id":22,"entity_type":"fraction","label":"SPD (Bundestag 2017 - 2021)","api_url":"https://www.abgeordnetenwatch.de/api/v2/fractions/22"}}],"party":{}},{"id":39427,"entity_type":"candidacy_mandate","label":"Johannes Kahrs (Bundestag 2013-2017)","api_url":"https://www.abgeordnetenwatch.de/api/v2/candidacies-mandates/39427","type":"mandate","parliament_period":{"id":97,"entity_type":"parliament_period","label":"Bundestag 2013 - 2017","api_url":"https://www.abgeordnetenwatch.de/api/v2/parliament-periods/97","abgeordnetenwatch_url":"https://www.abgeordnetenwatch.de/bundestag/18"},"politician":{"id":79264,"entity_type":"politician","label":"Johannes Kahrs","api_url":"https://www.abgeordnetenwatch.de/api/v2/politicians/79264","abgeordnetenwatch_url":"https://www.abgeordnetenwatch.de/profile/johannes-kahrs"},"electoral_data":{"id":39427,"entity_type":"electoral_data","label":"Johannes Kahrs (Bundestag 2013 - 2017)","electoral_list":{},"constituency":{"id":182,"entity_type":"constituency","label":"18 - Hamburg-Mitte (Bundestag 2013-2017)","api_url":"https://www.abgeordnetenwatch.de/api/v2/constituencies/182"},"constituency_result":39.2,"mandate_won":"constituency"},"fraction_membership":[{"id":1653,"entity_type":"fraction_membership","label":"SPD","fraction":{"id":45,"entity_type":"fraction","label":"SPD (Bundestag 2013-2017)","api_url":"https://www.abgeordnetenwatch.de/api/v2/fractions/45"}}],"party":{}},{"id":39426,"entity_type":"candidacy_mandate","label":"Johannes Kahrs (Bundestag 2009-2013)","api_url":"https://www.abgeordnetenwatch.de/api/v2/candidacies-mandates/39426","type":"mandate","parliament_period":{"id":83,"entity_type":"parliament_period","label":"Bundestag 2009 - 2013","api_url":"https://www.abgeordnetenwatch.de/api/v2/parliament-periods/83","abgeordnetenwatch_url":"https://www.abgeordnetenwatch.de/bundestag/17"},"politician":{"id":79264,"entity_type":"politician","label":"Johannes Kahrs","api_url":"https://www.abgeordnetenwatch.de/api/v2/politicians/79264","abgeordnetenwatch_url":"https://www.abgeordnetenwatch.de/profile/johannes-kahrs"},"electoral_data":{"id":39426,"entity_type":"electoral_data","label":"Johannes Kahrs (Bundestag 2009 - 2013)","electoral_list":{"id":19,"entity_type":"electoral_list","label":"Landesliste Hamburg (Bundestag 2009-2013)","api_url":"https://www.abgeordnetenwatch.de/api/v2/electoral-lists/19"},"list_position":48,"constituency":{"id":875,"entity_type":"constituency","label":"19 - Hamburg Mitte (Bundestag 2009-2013)","api_url":"https://www.abgeordnetenwatch.de/api/v2/constituencies/875"},"constituency_result":34.6},"fraction_membership":[{"id":1652,"entity_type":"fraction_membership","label":"SPD","fraction":{"id":116,"entity_type":"fraction","label":"SPD (Bundestag 2009-2013)","api_url":"https://www.abgeordnetenwatch.de/api/v2/fractions/116"}}],"party":{}},{"id":39425,"entity_type":"candidacy_mandate","label":"Johannes Kahrs (Bundestag 2005-2009)","api_url":"https://www.abgeordnetenwatch.de/api/v2/candidacies-mandates/39425","type":"mandate","parliament_period":{"id":67,"entity_type":"parliament_period","label":"Bundestag 2005 - 2009","api_url":"https://www.abgeordnetenwatch.de/api/v2/parliament-periods/67","abgeordnetenwatch_url":"https://www.abgeordnetenwatch.de/bundestag/16"},"politician":{"id":79264,"entity_type":"politician","label":"Johannes Kahrs","api_url":"https://www.abgeordnetenwatch.de/api/v2/politicians/79264","abgeordnetenwatch_url":"https://www.abgeordnetenwatch.de/profile/johannes-kahrs"},"start_date":"1997-11-30","electoral_data":{"id":39425,"entity_type":"electoral_data","label":"Johannes Kahrs (Bundestag 2005 - 2009)","electoral_list":{},"constituency":{"id":1369,"entity_type":"constituency","label":"19 - Hamburg-Mitte (Bundestag 2005-2009)","api_url":"https://www.abgeordnetenwatch.de/api/v2/constituencies/1369"}},"fraction_membership":[{"id":1651,"entity_type":"fraction_membership","label":"SPD","fraction":{"id":27,"entity_type":"fraction","label":"SPD (Bundestag 2005-2009)","api_url":"https://www.abgeordnetenwatch.de/api/v2/fractions/27"}}],"party":{}},{"id":6296,"entity_type":"candidacy_mandate","label":"Johannes Kahrs (Bundestag Wahl 2017)","api_url":"https://www.abgeordnetenwatch.de/api/v2/candidacies-mandates/6296","type":"candidacy","parliament_period":{"id":50,"entity_type":"parliament_period","label":"Bundestag Wahl 2017","api_url":"https://www.abgeordnetenwatch.de/api/v2/parliament-periods/50","abgeordnetenwatch_url":"https://www.abgeordnetenwatch.de/bundestag/wahl-2017"},"politician":{"id":79264,"entity_type":"politician","label":"Johannes Kahrs","api_url":"https://www.abgeordnetenwatch.de/api/v2/politicians/79264","abgeordnetenwatch_url":"https://www.abgeordnetenwatch.de/profile/johannes-kahrs"},"electoral_data":{"id":6296,"entity_type":"electoral_data","label":"Johannes Kahrs (Bundestag Wahl 2017)","electoral_list":{"id":270,"entity_type":"electoral_list","label":"Landesliste Hamburg (Bundestag Wahl 2017)","api_url":"https://www.abgeordnetenwatch.de/api/v2/electoral-lists/270"},"list_position":2,"constituency":{"id":9028,"entity_type":"constituency","label":"18 - Hamburg-Mitte (Bundestag Wahl 2017)","api_url":"https://www.abgeordnetenwatch.de/api/v2/constituencies/9028"},"constituency_result":30.9,"mandate_won":"constituency"},"fraction_membership":{},"party":{"id":1,"entity_type":"party","label":"SPD","api_url":"https://www.abgeordnetenwatch.de/api/v2/parties/1"}},{"id":6295,"entity_type":"candidacy_mandate","label":"Johannes Kahrs (Bundestag Wahl 2013)","api_url":"https://www.abgeordnetenwatch.de/api/v2/candidacies-mandates/6295","type":"candidacy","parliament_period":{"id":36,"entity_type":"parliament_period","label":"Bundestag Wahl 2013","api_url":"https://www.abgeordnetenwatch.de/api/v2/parliament-periods/36","abgeordnetenwatch_url":"https://www.abgeordnetenwatch.de/bundestag/wahl-2013"},"politician":{"id":79264,"entity_type":"politician","label":"Johannes Kahrs","api_url":"https://www.abgeordnetenwatch.de/api/v2/politicians/79264","abgeordnetenwatch_url":"https://www.abgeordnetenwatch.de/profile/johannes-kahrs"},"electoral_data":{"id":6295,"entity_type":"electoral_data","label":"Johannes Kahrs (Bundestag Wahl 2013)","electoral_list":{},"constituency":{"id":5068,"entity_type":"constituency","label":"18 - Hamburg-Mitte (Bundestag Wahl 2013)","api_url":"https://www.abgeordnetenwatch.de/api/v2/constituencies/5068"},"constituency_result":39.2,"mandate_won":"constituency"},"fraction_membership":{},"party":{"id":1,"entity_type":"party","label":"SPD","api_url":"https://www.abgeordnetenwatch.de/api/v2/parties/1"}},{"id":6294,"entity_type":"candidacy_mandate","label":"Johannes Kahrs (Bundestag Wahl 2009)","api_url":"https://www.abgeordnetenwatch.de/api/v2/candidacies-mandates/6294","type":"candidacy","parliament_period":{"id":22,"entity_type":"parliament_period","label":"Bundestag Wahl 2009","api_url":"https://www.abgeordnetenwatch.de/api/v2/parliament-periods/22","abgeordnetenwatch_url":"https://www.abgeordnetenwatch.de/bundestag/wahl-2009"},"politician":{"id":79264,"entity_type":"politician","label":"Johannes Kahrs","api_url":"https://www.abgeordnetenwatch.de/api/v2/politicians/79264","abgeordnetenwatch_url":"https://www.abgeordnetenwatch.de/profile/johannes-kahrs"},"electoral_data":{"id":6294,"entity_type":"electoral_data","label":"Johannes Kahrs (Bundestag Wahl 2009)","electoral_list":{},"constituency":{"id":5761,"entity_type":"constituency","label":"19 - Hamburg Mitte (Bundestag Wahl 2009)","api_url":"https://www.abgeordnetenwatch.de/api/v2/constituencies/5761"},"constituency_result":34.6,"mandate_won":"constituency"},"fraction_membership":{},"party":{"id":1,"entity_type":"party","label":"SPD","api_url":"https://www.abgeordnetenwatch.de/api/v2/parties/1"}},{"id":6293,"entity_type":"candidacy_mandate","label":"Johannes Kahrs (Bundestag Wahl 2005)","api_url":"https://www.abgeordnetenwatch.de/api/v2/candidacies-mandates/6293","type":"candidacy","parliament_period":{"id":6,"entity_type":"parliament_period","label":"Bundestag Wahl 2005","api_url":"https://www.abgeordnetenwatch.de/api/v2/parliament-periods/6","abgeordnetenwatch_url":"https://www.abgeordnetenwatch.de/bundestag/wahl-2005"},"politician":{"id":79264,"entity_type":"politician","label":"Johannes Kahrs","api_url":"https://www.abgeordnetenwatch.de/api/v2/politicians/79264","abgeordnetenwatch_url":"https://www.abgeordnetenwatch.de/profile/johannes-kahrs"},"electoral_data":{"id":6293,"entity_type":"electoral_data","label":"Johannes Kahrs (Bundestag Wahl 2005)","electoral_list":{},"constituency":{"id":6255,"entity_type":"constituency","label":"19 - Hamburg-Mitte (Bundestag Wahl 2005)","api_url":"https://www.abgeordnetenwatch.de/api/v2/constituencies/6255"},"constituency_result":49.5},"fraction_membership":{},"party":{"id":1,"entity_type":"party","label":"SPD","api_url":"https://www.abgeordnetenwatch.de/api/v2/parties/1"}}]
