{"id":[79266],"entity_type":["politician"],"label":["Josip Juratovic"],"api_url":["https://www.abgeordnetenwatch.de/api/v2/politicians/79266"],"abgeordnetenwatch_url":["https://www.abgeordnetenwatch.de/profile/josip-juratovic"],"first_name":["Josip"],"last_name":["Juratovic"],"birth_name":{},"sex":["m"],"year_of_birth":[1959],"party":{"id":[1],"entity_type":["party"],"label":["SPD"],"api_url":["https://www.abgeordnetenwatch.de/api/v2/parties/1"]},"party_past":{},"education":["Kfz-Mechaniker"],"residence":{},"occupation":["MdB"],"statistic_questions":[105],"statistic_questions_answered":[103],"qid_wikidata":["Q96814"],"field_title":{}}
