[{"id":53811,"entity_type":"candidacy_mandate","label":"Thomas Jarzombek (Bundestag 2021 - 2025)","api_url":"https://www.abgeordnetenwatch.de/api/v2/candidacies-mandates/53811","id_external_administration":"1738","id_external_administration_description":"mdbID aus der info-xml-Datei der Bundestagsverwaltung","type":"mandate","parliament_period":{"id":132,"entity_type":"parliament_period","label":"Bundestag 2021 - 2025","api_url":"https://www.abgeordnetenwatch.de/api/v2/parliament-periods/132","abgeordnetenwatch_url":"https://www.abgeordnetenwatch.de/bundestag"},"politician":{"id":79277,"entity_type":"politician","label":"Thomas Jarzombek","api_url":"https://www.abgeordnetenwatch.de/api/v2/politicians/79277","abgeordnetenwatch_url":"https://www.abgeordnetenwatch.de/profile/thomas-jarzombek"},"electoral_data":{"id":54735,"entity_type":"electoral_data","label":"Thomas Jarzombek (Bundestag 2021 - 2025)","electoral_list":{"id":419,"entity_type":"electoral_list","label":"Landesliste Nordrhein-Westfalen (Bundestag 2021 - 2025)","api_url":"https://www.abgeordnetenwatch.de/api/v2/electoral-lists/419"},"list_position":12,"constituency":{"id":10846,"entity_type":"constituency","label":"106 - Düsseldorf I (Bundestag 2021 - 2025)","api_url":"https://www.abgeordnetenwatch.de/api/v2/constituencies/10846"},"constituency_result":31,"mandate_won":"constituency"},"fraction_membership":[{"id":9658,"entity_type":"fraction_membership","label":"CDU/CSU","fraction":{"id":320,"entity_type":"fraction","label":"CDU/CSU (Bundestag 2021 - 2025)","api_url":"https://www.abgeordnetenwatch.de/api/v2/fractions/320"}}],"party":{}},{"id":49785,"entity_type":"candidacy_mandate","label":"Thomas Jarzombek (Bundestag Wahl 2021)","api_url":"https://www.abgeordnetenwatch.de/api/v2/candidacies-mandates/49785","type":"candidacy","parliament_period":{"id":128,"entity_type":"parliament_period","label":"Bundestag Wahl 2021","api_url":"https://www.abgeordnetenwatch.de/api/v2/parliament-periods/128","abgeordnetenwatch_url":"https://www.abgeordnetenwatch.de/bundestag/wahl-2021"},"politician":{"id":79277,"entity_type":"politician","label":"Thomas Jarzombek","api_url":"https://www.abgeordnetenwatch.de/api/v2/politicians/79277","abgeordnetenwatch_url":"https://www.abgeordnetenwatch.de/profile/thomas-jarzombek"},"electoral_data":{"id":50707,"entity_type":"electoral_data","label":"Thomas Jarzombek (Bundestag Wahl 2021)","electoral_list":{"id":365,"entity_type":"electoral_list","label":"Landesliste Nordrhein-Westfalen (Bundestag Wahl 2021)","api_url":"https://www.abgeordnetenwatch.de/api/v2/electoral-lists/365"},"list_position":12,"constituency":{"id":10163,"entity_type":"constituency","label":"106 - Düsseldorf I (Bundestag Wahl 2021)","api_url":"https://www.abgeordnetenwatch.de/api/v2/constituencies/10163"},"constituency_result":31.3},"fraction_membership":{},"party":{"id":2,"entity_type":"party","label":"CDU","api_url":"https://www.abgeordnetenwatch.de/api/v2/parties/2"}},{"id":45275,"entity_type":"candidacy_mandate","label":"Thomas Jarzombek (Bundestag 2017 - 2021)","api_url":"https://www.abgeordnetenwatch.de/api/v2/candidacies-mandates/45275","id_external_administration":"1738","id_external_administration_description":"mdbID - ID der Bundestagsverwaltung","type":"mandate","parliament_period":{"id":111,"entity_type":"parliament_period","label":"Bundestag 2017 - 2021","api_url":"https://www.abgeordnetenwatch.de/api/v2/parliament-periods/111","abgeordnetenwatch_url":"https://www.abgeordnetenwatch.de/bundestag/19"},"politician":{"id":79277,"entity_type":"politician","label":"Thomas Jarzombek","api_url":"https://www.abgeordnetenwatch.de/api/v2/politicians/79277","abgeordnetenwatch_url":"https://www.abgeordnetenwatch.de/profile/thomas-jarzombek"},"electoral_data":{"id":45275,"entity_type":"electoral_data","label":"Thomas Jarzombek (Bundestag 2017 - 2021)","electoral_list":{"id":115,"entity_type":"electoral_list","label":"Landesliste Nordrhein-Westfalen (Bundestag 2017 - 2021)","api_url":"https://www.abgeordnetenwatch.de/api/v2/electoral-lists/115"},"list_position":12,"constituency":{"id":4230,"entity_type":"constituency","label":"106 - Düsseldorf I (Bundestag 2017 - 2021)","api_url":"https://www.abgeordnetenwatch.de/api/v2/constituencies/4230"},"constituency_result":40.4,"mandate_won":"constituency"},"fraction_membership":[{"id":7527,"entity_type":"fraction_membership","label":"CDU/CSU","fraction":{"id":81,"entity_type":"fraction","label":"CDU/CSU (Bundestag 2017 - 2021)","api_url":"https://www.abgeordnetenwatch.de/api/v2/fractions/81"}}],"party":{}},{"id":39449,"entity_type":"candidacy_mandate","label":"Thomas Jarzombek (Bundestag 2013-2017)","api_url":"https://www.abgeordnetenwatch.de/api/v2/candidacies-mandates/39449","type":"mandate","parliament_period":{"id":97,"entity_type":"parliament_period","label":"Bundestag 2013 - 2017","api_url":"https://www.abgeordnetenwatch.de/api/v2/parliament-periods/97","abgeordnetenwatch_url":"https://www.abgeordnetenwatch.de/bundestag/18"},"politician":{"id":79277,"entity_type":"politician","label":"Thomas Jarzombek","api_url":"https://www.abgeordnetenwatch.de/api/v2/politicians/79277","abgeordnetenwatch_url":"https://www.abgeordnetenwatch.de/profile/thomas-jarzombek"},"electoral_data":{"id":39449,"entity_type":"electoral_data","label":"Thomas Jarzombek (Bundestag 2013 - 2017)","electoral_list":{"id":35,"entity_type":"electoral_list","label":"Landesliste Nordrhein-Westfalen (Bundestag 2013-2017)","api_url":"https://www.abgeordnetenwatch.de/api/v2/electoral-lists/35"},"list_position":35,"constituency":{"id":169,"entity_type":"constituency","label":"106 - Düsseldorf I (Bundestag 2013-2017)","api_url":"https://www.abgeordnetenwatch.de/api/v2/constituencies/169"},"constituency_result":47.9,"mandate_won":"constituency"},"fraction_membership":[{"id":1675,"entity_type":"fraction_membership","label":"CDU/CSU","fraction":{"id":111,"entity_type":"fraction","label":"CDU/CSU (Bundestag 2013-2017)","api_url":"https://www.abgeordnetenwatch.de/api/v2/fractions/111"}}],"party":{}},{"id":39448,"entity_type":"candidacy_mandate","label":"Thomas Jarzombek (Bundestag 2009-2013)","api_url":"https://www.abgeordnetenwatch.de/api/v2/candidacies-mandates/39448","type":"mandate","parliament_period":{"id":83,"entity_type":"parliament_period","label":"Bundestag 2009 - 2013","api_url":"https://www.abgeordnetenwatch.de/api/v2/parliament-periods/83","abgeordnetenwatch_url":"https://www.abgeordnetenwatch.de/bundestag/17"},"politician":{"id":79277,"entity_type":"politician","label":"Thomas Jarzombek","api_url":"https://www.abgeordnetenwatch.de/api/v2/politicians/79277","abgeordnetenwatch_url":"https://www.abgeordnetenwatch.de/profile/thomas-jarzombek"},"electoral_data":{"id":39448,"entity_type":"electoral_data","label":"Thomas Jarzombek (Bundestag 2009 - 2013)","electoral_list":{"id":64,"entity_type":"electoral_list","label":"Landesliste Nordrhein-Westfalen (Bundestag 2009-2013)","api_url":"https://www.abgeordnetenwatch.de/api/v2/electoral-lists/64"},"list_position":44,"constituency":{"id":1579,"entity_type":"constituency","label":"107 - Düsseldorf I (Bundestag 2009-2013)","api_url":"https://www.abgeordnetenwatch.de/api/v2/constituencies/1579"},"constituency_result":43.5},"fraction_membership":[{"id":1674,"entity_type":"fraction_membership","label":"CDU/CSU","fraction":{"id":112,"entity_type":"fraction","label":"CDU/CSU (Bundestag 2009-2013)","api_url":"https://www.abgeordnetenwatch.de/api/v2/fractions/112"}}],"party":{}},{"id":39447,"entity_type":"candidacy_mandate","label":"Thomas Jarzombek (Nordrhein-Westfalen 2005-2010)","api_url":"https://www.abgeordnetenwatch.de/api/v2/candidacies-mandates/39447","type":"mandate","parliament_period":{"id":66,"entity_type":"parliament_period","label":"Nordrhein-Westfalen 2005 - 2010","api_url":"https://www.abgeordnetenwatch.de/api/v2/parliament-periods/66","abgeordnetenwatch_url":"https://www.abgeordnetenwatch.de/nordrhein-westfalen/14"},"politician":{"id":79277,"entity_type":"politician","label":"Thomas Jarzombek","api_url":"https://www.abgeordnetenwatch.de/api/v2/politicians/79277","abgeordnetenwatch_url":"https://www.abgeordnetenwatch.de/profile/thomas-jarzombek"},"start_date":"2005-06-08","end_date":"2009-11-19","electoral_data":{"id":39447,"entity_type":"electoral_data","label":"Thomas Jarzombek (Nordrhein-Westfalen 2005 - 2010)","electoral_list":{},"constituency":{"id":1958,"entity_type":"constituency","label":"42 - Düsseldorf III (Nordrhein-Westfalen 2005-2010)","api_url":"https://www.abgeordnetenwatch.de/api/v2/constituencies/1958"},"constituency_result":40.5,"mandate_won":"constituency"},"fraction_membership":[{"id":1673,"entity_type":"fraction_membership","label":"CDU","fraction":{"id":23,"entity_type":"fraction","label":"CDU (Nordrhein-Westfalen 2005-2010)","api_url":"https://www.abgeordnetenwatch.de/api/v2/fractions/23"}}],"party":{}},{"id":6327,"entity_type":"candidacy_mandate","label":"Thomas Jarzombek (Bundestag Wahl 2017)","api_url":"https://www.abgeordnetenwatch.de/api/v2/candidacies-mandates/6327","type":"candidacy","parliament_period":{"id":50,"entity_type":"parliament_period","label":"Bundestag Wahl 2017","api_url":"https://www.abgeordnetenwatch.de/api/v2/parliament-periods/50","abgeordnetenwatch_url":"https://www.abgeordnetenwatch.de/bundestag/wahl-2017"},"politician":{"id":79277,"entity_type":"politician","label":"Thomas Jarzombek","api_url":"https://www.abgeordnetenwatch.de/api/v2/politicians/79277","abgeordnetenwatch_url":"https://www.abgeordnetenwatch.de/profile/thomas-jarzombek"},"electoral_data":{"id":6327,"entity_type":"electoral_data","label":"Thomas Jarzombek (Bundestag Wahl 2017)","electoral_list":{"id":274,"entity_type":"electoral_list","label":"Landesliste Nordrhein-Westfalen (Bundestag Wahl 2017)","api_url":"https://www.abgeordnetenwatch.de/api/v2/electoral-lists/274"},"list_position":13,"constituency":{"id":9116,"entity_type":"constituency","label":"106 - Düsseldorf I (Bundestag Wahl 2017)","api_url":"https://www.abgeordnetenwatch.de/api/v2/constituencies/9116"},"constituency_result":40.4,"mandate_won":"constituency"},"fraction_membership":{},"party":{"id":2,"entity_type":"party","label":"CDU","api_url":"https://www.abgeordnetenwatch.de/api/v2/parties/2"}},{"id":6326,"entity_type":"candidacy_mandate","label":"Thomas Jarzombek (Bundestag Wahl 2013)","api_url":"https://www.abgeordnetenwatch.de/api/v2/candidacies-mandates/6326","type":"candidacy","parliament_period":{"id":36,"entity_type":"parliament_period","label":"Bundestag Wahl 2013","api_url":"https://www.abgeordnetenwatch.de/api/v2/parliament-periods/36","abgeordnetenwatch_url":"https://www.abgeordnetenwatch.de/bundestag/wahl-2013"},"politician":{"id":79277,"entity_type":"politician","label":"Thomas Jarzombek","api_url":"https://www.abgeordnetenwatch.de/api/v2/politicians/79277","abgeordnetenwatch_url":"https://www.abgeordnetenwatch.de/profile/thomas-jarzombek"},"electoral_data":{"id":6326,"entity_type":"electoral_data","label":"Thomas Jarzombek (Bundestag Wahl 2013)","electoral_list":{},"list_position":35,"constituency":{"id":5055,"entity_type":"constituency","label":"106 - Düsseldorf I (Bundestag Wahl 2013)","api_url":"https://www.abgeordnetenwatch.de/api/v2/constituencies/5055"},"constituency_result":47.9,"mandate_won":"constituency"},"fraction_membership":{},"party":{"id":2,"entity_type":"party","label":"CDU","api_url":"https://www.abgeordnetenwatch.de/api/v2/parties/2"}},{"id":6325,"entity_type":"candidacy_mandate","label":"Thomas Jarzombek (Bundestag Wahl 2009)","api_url":"https://www.abgeordnetenwatch.de/api/v2/candidacies-mandates/6325","type":"candidacy","parliament_period":{"id":22,"entity_type":"parliament_period","label":"Bundestag Wahl 2009","api_url":"https://www.abgeordnetenwatch.de/api/v2/parliament-periods/22","abgeordnetenwatch_url":"https://www.abgeordnetenwatch.de/bundestag/wahl-2009"},"politician":{"id":79277,"entity_type":"politician","label":"Thomas Jarzombek","api_url":"https://www.abgeordnetenwatch.de/api/v2/politicians/79277","abgeordnetenwatch_url":"https://www.abgeordnetenwatch.de/profile/thomas-jarzombek"},"electoral_data":{"id":6325,"entity_type":"electoral_data","label":"Thomas Jarzombek (Bundestag Wahl 2009)","electoral_list":{},"list_position":44,"constituency":{"id":6465,"entity_type":"constituency","label":"107 - Düsseldorf I (Bundestag Wahl 2009)","api_url":"https://www.abgeordnetenwatch.de/api/v2/constituencies/6465"},"constituency_result":43.5,"mandate_won":"constituency"},"fraction_membership":{},"party":{"id":2,"entity_type":"party","label":"CDU","api_url":"https://www.abgeordnetenwatch.de/api/v2/parties/2"}}]
