{"id":[79284],"entity_type":["politician"],"label":["Eva Högl"],"api_url":["https://www.abgeordnetenwatch.de/api/v2/politicians/79284"],"abgeordnetenwatch_url":["https://www.abgeordnetenwatch.de/profile/eva-hoegl"],"first_name":["Eva"],"last_name":["Högl"],"birth_name":{},"sex":["f"],"year_of_birth":[1969],"party":{"id":[1],"entity_type":["party"],"label":["SPD"],"api_url":["https://www.abgeordnetenwatch.de/api/v2/parties/1"]},"party_past":{},"deceased":{},"deceased_date":{},"education":["Juristin"],"residence":{},"occupation":["MdB"],"statistic_questions":[79],"statistic_questions_answered":[74],"qid_wikidata":["Q1379228"],"field_title":{}}
