[{"id":53438,"entity_type":"candidacy_mandate","label":"Andrej Hunko (Bundestag 2021 - 2025)","api_url":"https://www.abgeordnetenwatch.de/api/v2/candidacies-mandates/53438","id_external_administration":"1578","id_external_administration_description":"mdbID aus der info-xml-Datei der Bundestagsverwaltung","type":"mandate","parliament_period":{"id":132,"entity_type":"parliament_period","label":"Bundestag 2021 - 2025","api_url":"https://www.abgeordnetenwatch.de/api/v2/parliament-periods/132","abgeordnetenwatch_url":"https://www.abgeordnetenwatch.de/bundestag"},"politician":{"id":79281,"entity_type":"politician","label":"Andrej Hunko","api_url":"https://www.abgeordnetenwatch.de/api/v2/politicians/79281","abgeordnetenwatch_url":"https://www.abgeordnetenwatch.de/profile/andrej-hunko"},"electoral_data":{"id":54362,"entity_type":"electoral_data","label":"Andrej Hunko (Bundestag 2021 - 2025)","electoral_list":{"id":419,"entity_type":"electoral_list","label":"Landesliste Nordrhein-Westfalen (Bundestag 2021 - 2025)","api_url":"https://www.abgeordnetenwatch.de/api/v2/electoral-lists/419"},"list_position":4,"constituency":{"id":10827,"entity_type":"constituency","label":"87 - Aachen I (Bundestag 2021 - 2025)","api_url":"https://www.abgeordnetenwatch.de/api/v2/constituencies/10827"},"constituency_result":4.4,"mandate_won":"list"},"fraction_membership":[{"id":9285,"entity_type":"fraction_membership","label":"DIE LINKE.","fraction":{"id":324,"entity_type":"fraction","label":"DIE LINKE. (Bundestag 2021 - 2025)","api_url":"https://www.abgeordnetenwatch.de/api/v2/fractions/324"}}],"party":{}},{"id":48721,"entity_type":"candidacy_mandate","label":"Andrej Hunko (Bundestag Wahl 2021)","api_url":"https://www.abgeordnetenwatch.de/api/v2/candidacies-mandates/48721","type":"candidacy","parliament_period":{"id":128,"entity_type":"parliament_period","label":"Bundestag Wahl 2021","api_url":"https://www.abgeordnetenwatch.de/api/v2/parliament-periods/128","abgeordnetenwatch_url":"https://www.abgeordnetenwatch.de/bundestag/wahl-2021"},"politician":{"id":79281,"entity_type":"politician","label":"Andrej Hunko","api_url":"https://www.abgeordnetenwatch.de/api/v2/politicians/79281","abgeordnetenwatch_url":"https://www.abgeordnetenwatch.de/profile/andrej-hunko"},"electoral_data":{"id":49643,"entity_type":"electoral_data","label":"Andrej Hunko (Bundestag Wahl 2021)","electoral_list":{},"constituency":{"id":10144,"entity_type":"constituency","label":"87 - Aachen I (Bundestag Wahl 2021)","api_url":"https://www.abgeordnetenwatch.de/api/v2/constituencies/10144"},"constituency_result":4.4},"fraction_membership":{},"party":{"id":8,"entity_type":"party","label":"DIE LINKE","api_url":"https://www.abgeordnetenwatch.de/api/v2/parties/8"}},{"id":45273,"entity_type":"candidacy_mandate","label":"Andrej Hunko (Bundestag 2017 - 2021)","api_url":"https://www.abgeordnetenwatch.de/api/v2/candidacies-mandates/45273","id_external_administration":"1578","id_external_administration_description":"mdbID - ID der Bundestagsverwaltung","type":"mandate","parliament_period":{"id":111,"entity_type":"parliament_period","label":"Bundestag 2017 - 2021","api_url":"https://www.abgeordnetenwatch.de/api/v2/parliament-periods/111","abgeordnetenwatch_url":"https://www.abgeordnetenwatch.de/bundestag/19"},"politician":{"id":79281,"entity_type":"politician","label":"Andrej Hunko","api_url":"https://www.abgeordnetenwatch.de/api/v2/politicians/79281","abgeordnetenwatch_url":"https://www.abgeordnetenwatch.de/profile/andrej-hunko"},"electoral_data":{"id":45273,"entity_type":"electoral_data","label":"Andrej Hunko (Bundestag 2017 - 2021)","electoral_list":{"id":115,"entity_type":"electoral_list","label":"Landesliste Nordrhein-Westfalen (Bundestag 2017 - 2021)","api_url":"https://www.abgeordnetenwatch.de/api/v2/electoral-lists/115"},"list_position":4,"constituency":{"id":4211,"entity_type":"constituency","label":"87 - Aachen I (Bundestag 2017 - 2021)","api_url":"https://www.abgeordnetenwatch.de/api/v2/constituencies/4211"},"constituency_result":8.8,"mandate_won":"list"},"fraction_membership":[{"id":7525,"entity_type":"fraction_membership","label":"DIE LINKE","fraction":{"id":41,"entity_type":"fraction","label":"DIE LINKE (Bundestag 2017 - 2021)","api_url":"https://www.abgeordnetenwatch.de/api/v2/fractions/41"}}],"party":{}},{"id":39455,"entity_type":"candidacy_mandate","label":"Andrej Hunko (Bundestag 2013-2017)","api_url":"https://www.abgeordnetenwatch.de/api/v2/candidacies-mandates/39455","type":"mandate","parliament_period":{"id":97,"entity_type":"parliament_period","label":"Bundestag 2013 - 2017","api_url":"https://www.abgeordnetenwatch.de/api/v2/parliament-periods/97","abgeordnetenwatch_url":"https://www.abgeordnetenwatch.de/bundestag/18"},"politician":{"id":79281,"entity_type":"politician","label":"Andrej Hunko","api_url":"https://www.abgeordnetenwatch.de/api/v2/politicians/79281","abgeordnetenwatch_url":"https://www.abgeordnetenwatch.de/profile/andrej-hunko"},"electoral_data":{"id":39455,"entity_type":"electoral_data","label":"Andrej Hunko (Bundestag 2013 - 2017)","electoral_list":{"id":35,"entity_type":"electoral_list","label":"Landesliste Nordrhein-Westfalen (Bundestag 2013-2017)","api_url":"https://www.abgeordnetenwatch.de/api/v2/electoral-lists/35"},"list_position":4,"constituency":{"id":1097,"entity_type":"constituency","label":"87 - Aachen I (Bundestag 2013-2017)","api_url":"https://www.abgeordnetenwatch.de/api/v2/constituencies/1097"},"constituency_result":6.2,"mandate_won":"list"},"fraction_membership":[{"id":1681,"entity_type":"fraction_membership","label":"DIE LINKE","fraction":{"id":73,"entity_type":"fraction","label":"DIE LINKE (Bundestag 2013-2017)","api_url":"https://www.abgeordnetenwatch.de/api/v2/fractions/73"}}],"party":{}},{"id":39454,"entity_type":"candidacy_mandate","label":"Andrej Hunko (Bundestag 2009-2013)","api_url":"https://www.abgeordnetenwatch.de/api/v2/candidacies-mandates/39454","type":"mandate","parliament_period":{"id":83,"entity_type":"parliament_period","label":"Bundestag 2009 - 2013","api_url":"https://www.abgeordnetenwatch.de/api/v2/parliament-periods/83","abgeordnetenwatch_url":"https://www.abgeordnetenwatch.de/bundestag/17"},"politician":{"id":79281,"entity_type":"politician","label":"Andrej Hunko","api_url":"https://www.abgeordnetenwatch.de/api/v2/politicians/79281","abgeordnetenwatch_url":"https://www.abgeordnetenwatch.de/profile/andrej-hunko"},"electoral_data":{"id":39454,"entity_type":"electoral_data","label":"Andrej Hunko (Bundestag 2009 - 2013)","electoral_list":{"id":64,"entity_type":"electoral_list","label":"Landesliste Nordrhein-Westfalen (Bundestag 2009-2013)","api_url":"https://www.abgeordnetenwatch.de/api/v2/electoral-lists/64"},"list_position":6,"constituency":{"id":1513,"entity_type":"constituency","label":"88 - Aachen (Bundestag 2009-2013)","api_url":"https://www.abgeordnetenwatch.de/api/v2/constituencies/1513"},"constituency_result":7.4},"fraction_membership":[{"id":1680,"entity_type":"fraction_membership","label":"DIE LINKE","fraction":{"id":61,"entity_type":"fraction","label":"DIE LINKE (Bundestag 2009-2013)","api_url":"https://www.abgeordnetenwatch.de/api/v2/fractions/61"}}],"party":{}},{"id":6334,"entity_type":"candidacy_mandate","label":"Andrej Hunko (Bundestag Wahl 2017)","api_url":"https://www.abgeordnetenwatch.de/api/v2/candidacies-mandates/6334","type":"candidacy","parliament_period":{"id":50,"entity_type":"parliament_period","label":"Bundestag Wahl 2017","api_url":"https://www.abgeordnetenwatch.de/api/v2/parliament-periods/50","abgeordnetenwatch_url":"https://www.abgeordnetenwatch.de/bundestag/wahl-2017"},"politician":{"id":79281,"entity_type":"politician","label":"Andrej Hunko","api_url":"https://www.abgeordnetenwatch.de/api/v2/politicians/79281","abgeordnetenwatch_url":"https://www.abgeordnetenwatch.de/profile/andrej-hunko"},"electoral_data":{"id":6334,"entity_type":"electoral_data","label":"Andrej Hunko (Bundestag Wahl 2017)","electoral_list":{"id":274,"entity_type":"electoral_list","label":"Landesliste Nordrhein-Westfalen (Bundestag Wahl 2017)","api_url":"https://www.abgeordnetenwatch.de/api/v2/electoral-lists/274"},"list_position":4,"constituency":{"id":9097,"entity_type":"constituency","label":"87 - Aachen I (Bundestag Wahl 2017)","api_url":"https://www.abgeordnetenwatch.de/api/v2/constituencies/9097"},"constituency_result":8.8,"mandate_won":"list"},"fraction_membership":{},"party":{"id":8,"entity_type":"party","label":"DIE LINKE","api_url":"https://www.abgeordnetenwatch.de/api/v2/parties/8"}},{"id":6333,"entity_type":"candidacy_mandate","label":"Andrej Hunko (Bundestag Wahl 2013)","api_url":"https://www.abgeordnetenwatch.de/api/v2/candidacies-mandates/6333","type":"candidacy","parliament_period":{"id":36,"entity_type":"parliament_period","label":"Bundestag Wahl 2013","api_url":"https://www.abgeordnetenwatch.de/api/v2/parliament-periods/36","abgeordnetenwatch_url":"https://www.abgeordnetenwatch.de/bundestag/wahl-2013"},"politician":{"id":79281,"entity_type":"politician","label":"Andrej Hunko","api_url":"https://www.abgeordnetenwatch.de/api/v2/politicians/79281","abgeordnetenwatch_url":"https://www.abgeordnetenwatch.de/profile/andrej-hunko"},"electoral_data":{"id":6333,"entity_type":"electoral_data","label":"Andrej Hunko (Bundestag Wahl 2013)","electoral_list":{},"list_position":4,"constituency":{"id":5983,"entity_type":"constituency","label":"87 - Aachen I (Bundestag Wahl 2013)","api_url":"https://www.abgeordnetenwatch.de/api/v2/constituencies/5983"},"constituency_result":6.2,"mandate_won":"list"},"fraction_membership":{},"party":{"id":8,"entity_type":"party","label":"DIE LINKE","api_url":"https://www.abgeordnetenwatch.de/api/v2/parties/8"}},{"id":6332,"entity_type":"candidacy_mandate","label":"Andrej Hunko (Bundestag Wahl 2009)","api_url":"https://www.abgeordnetenwatch.de/api/v2/candidacies-mandates/6332","type":"candidacy","parliament_period":{"id":22,"entity_type":"parliament_period","label":"Bundestag Wahl 2009","api_url":"https://www.abgeordnetenwatch.de/api/v2/parliament-periods/22","abgeordnetenwatch_url":"https://www.abgeordnetenwatch.de/bundestag/wahl-2009"},"politician":{"id":79281,"entity_type":"politician","label":"Andrej Hunko","api_url":"https://www.abgeordnetenwatch.de/api/v2/politicians/79281","abgeordnetenwatch_url":"https://www.abgeordnetenwatch.de/profile/andrej-hunko"},"electoral_data":{"id":6332,"entity_type":"electoral_data","label":"Andrej Hunko (Bundestag Wahl 2009)","electoral_list":{},"list_position":6,"constituency":{"id":6399,"entity_type":"constituency","label":"88 - Aachen (Bundestag Wahl 2009)","api_url":"https://www.abgeordnetenwatch.de/api/v2/constituencies/6399"},"constituency_result":7.4},"fraction_membership":{},"party":{"id":8,"entity_type":"party","label":"DIE LINKE","api_url":"https://www.abgeordnetenwatch.de/api/v2/parties/8"}}]
