[{"id":53938,"entity_type":"candidacy_mandate","label":"Alexander Hoffmann (Bundestag 2021 - 2025)","api_url":"https://www.abgeordnetenwatch.de/api/v2/candidacies-mandates/53938","id_external_administration":"1832","id_external_administration_description":"mdbID aus der info-xml-Datei der Bundestagsverwaltung","type":"mandate","parliament_period":{"id":132,"entity_type":"parliament_period","label":"Bundestag 2021 - 2025","api_url":"https://www.abgeordnetenwatch.de/api/v2/parliament-periods/132","abgeordnetenwatch_url":"https://www.abgeordnetenwatch.de/bundestag"},"politician":{"id":79295,"entity_type":"politician","label":"Alexander Hoffmann","api_url":"https://www.abgeordnetenwatch.de/api/v2/politicians/79295","abgeordnetenwatch_url":"https://www.abgeordnetenwatch.de/profile/alexander-hoffmann"},"electoral_data":{"id":54862,"entity_type":"electoral_data","label":"Alexander Hoffmann (Bundestag 2021 - 2025)","electoral_list":{},"constituency":{"id":10989,"entity_type":"constituency","label":"249 - Main-Spessart (Bundestag 2021 - 2025)","api_url":"https://www.abgeordnetenwatch.de/api/v2/constituencies/10989"},"constituency_result":38,"mandate_won":"constituency"},"fraction_membership":[{"id":9785,"entity_type":"fraction_membership","label":"CDU/CSU","fraction":{"id":320,"entity_type":"fraction","label":"CDU/CSU (Bundestag 2021 - 2025)","api_url":"https://www.abgeordnetenwatch.de/api/v2/fractions/320"}}],"party":{}},{"id":49786,"entity_type":"candidacy_mandate","label":"Alexander Hoffmann (Bundestag Wahl 2021)","api_url":"https://www.abgeordnetenwatch.de/api/v2/candidacies-mandates/49786","type":"candidacy","parliament_period":{"id":128,"entity_type":"parliament_period","label":"Bundestag Wahl 2021","api_url":"https://www.abgeordnetenwatch.de/api/v2/parliament-periods/128","abgeordnetenwatch_url":"https://www.abgeordnetenwatch.de/bundestag/wahl-2021"},"politician":{"id":79295,"entity_type":"politician","label":"Alexander Hoffmann","api_url":"https://www.abgeordnetenwatch.de/api/v2/politicians/79295","abgeordnetenwatch_url":"https://www.abgeordnetenwatch.de/profile/alexander-hoffmann"},"electoral_data":{"id":50708,"entity_type":"electoral_data","label":"Alexander Hoffmann (Bundestag Wahl 2021)","electoral_list":{},"constituency":{"id":10306,"entity_type":"constituency","label":"249 - Main-Spessart (Bundestag Wahl 2021)","api_url":"https://www.abgeordnetenwatch.de/api/v2/constituencies/10306"},"constituency_result":38.6},"fraction_membership":{},"party":{"id":3,"entity_type":"party","label":"CSU","api_url":"https://www.abgeordnetenwatch.de/api/v2/parties/3"}},{"id":44544,"entity_type":"candidacy_mandate","label":"Alexander Hoffmann (Bundestag 2017 - 2021)","api_url":"https://www.abgeordnetenwatch.de/api/v2/candidacies-mandates/44544","id_external_administration":"1832","id_external_administration_description":"mdbID - ID der Bundestagsverwaltung","type":"mandate","parliament_period":{"id":111,"entity_type":"parliament_period","label":"Bundestag 2017 - 2021","api_url":"https://www.abgeordnetenwatch.de/api/v2/parliament-periods/111","abgeordnetenwatch_url":"https://www.abgeordnetenwatch.de/bundestag/19"},"politician":{"id":79295,"entity_type":"politician","label":"Alexander Hoffmann","api_url":"https://www.abgeordnetenwatch.de/api/v2/politicians/79295","abgeordnetenwatch_url":"https://www.abgeordnetenwatch.de/profile/alexander-hoffmann"},"electoral_data":{"id":44544,"entity_type":"electoral_data","label":"Alexander Hoffmann (Bundestag 2017 - 2021)","electoral_list":{},"list_position":1,"constituency":{"id":4373,"entity_type":"constituency","label":"249 - Main-Spessart (Bundestag 2017 - 2021)","api_url":"https://www.abgeordnetenwatch.de/api/v2/constituencies/4373"},"constituency_result":46.6,"mandate_won":"constituency"},"fraction_membership":[{"id":6789,"entity_type":"fraction_membership","label":"CDU/CSU","fraction":{"id":81,"entity_type":"fraction","label":"CDU/CSU (Bundestag 2017 - 2021)","api_url":"https://www.abgeordnetenwatch.de/api/v2/fractions/81"}}],"party":{}},{"id":39471,"entity_type":"candidacy_mandate","label":"Alexander Hoffmann (Bundestag 2013-2017)","api_url":"https://www.abgeordnetenwatch.de/api/v2/candidacies-mandates/39471","type":"mandate","parliament_period":{"id":97,"entity_type":"parliament_period","label":"Bundestag 2013 - 2017","api_url":"https://www.abgeordnetenwatch.de/api/v2/parliament-periods/97","abgeordnetenwatch_url":"https://www.abgeordnetenwatch.de/bundestag/18"},"politician":{"id":79295,"entity_type":"politician","label":"Alexander Hoffmann","api_url":"https://www.abgeordnetenwatch.de/api/v2/politicians/79295","abgeordnetenwatch_url":"https://www.abgeordnetenwatch.de/profile/alexander-hoffmann"},"electoral_data":{"id":39471,"entity_type":"electoral_data","label":"Alexander Hoffmann (Bundestag 2013 - 2017)","electoral_list":{"id":27,"entity_type":"electoral_list","label":"Landesliste Bayern (Bundestag 2013-2017)","api_url":"https://www.abgeordnetenwatch.de/api/v2/electoral-lists/27"},"list_position":27,"constituency":{"id":1195,"entity_type":"constituency","label":"249 - Main-Spessart (Bundestag 2013-2017)","api_url":"https://www.abgeordnetenwatch.de/api/v2/constituencies/1195"},"constituency_result":51.7,"mandate_won":"constituency"},"fraction_membership":[{"id":1697,"entity_type":"fraction_membership","label":"CDU/CSU","fraction":{"id":111,"entity_type":"fraction","label":"CDU/CSU (Bundestag 2013-2017)","api_url":"https://www.abgeordnetenwatch.de/api/v2/fractions/111"}}],"party":{}},{"id":6355,"entity_type":"candidacy_mandate","label":"Alexander Hoffmann (Bundestag Wahl 2017)","api_url":"https://www.abgeordnetenwatch.de/api/v2/candidacies-mandates/6355","type":"candidacy","parliament_period":{"id":50,"entity_type":"parliament_period","label":"Bundestag Wahl 2017","api_url":"https://www.abgeordnetenwatch.de/api/v2/parliament-periods/50","abgeordnetenwatch_url":"https://www.abgeordnetenwatch.de/bundestag/wahl-2017"},"politician":{"id":79295,"entity_type":"politician","label":"Alexander Hoffmann","api_url":"https://www.abgeordnetenwatch.de/api/v2/politicians/79295","abgeordnetenwatch_url":"https://www.abgeordnetenwatch.de/profile/alexander-hoffmann"},"electoral_data":{"id":6355,"entity_type":"electoral_data","label":"Alexander Hoffmann (Bundestag Wahl 2017)","electoral_list":{},"constituency":{"id":9259,"entity_type":"constituency","label":"249 - Main-Spessart (Bundestag Wahl 2017)","api_url":"https://www.abgeordnetenwatch.de/api/v2/constituencies/9259"},"constituency_result":46.6,"mandate_won":"constituency"},"fraction_membership":{},"party":{"id":3,"entity_type":"party","label":"CSU","api_url":"https://www.abgeordnetenwatch.de/api/v2/parties/3"}},{"id":6354,"entity_type":"candidacy_mandate","label":"Alexander Hoffmann (Bundestag Wahl 2013)","api_url":"https://www.abgeordnetenwatch.de/api/v2/candidacies-mandates/6354","type":"candidacy","parliament_period":{"id":36,"entity_type":"parliament_period","label":"Bundestag Wahl 2013","api_url":"https://www.abgeordnetenwatch.de/api/v2/parliament-periods/36","abgeordnetenwatch_url":"https://www.abgeordnetenwatch.de/bundestag/wahl-2013"},"politician":{"id":79295,"entity_type":"politician","label":"Alexander Hoffmann","api_url":"https://www.abgeordnetenwatch.de/api/v2/politicians/79295","abgeordnetenwatch_url":"https://www.abgeordnetenwatch.de/profile/alexander-hoffmann"},"electoral_data":{"id":6354,"entity_type":"electoral_data","label":"Alexander Hoffmann (Bundestag Wahl 2013)","electoral_list":{},"list_position":27,"constituency":{"id":6081,"entity_type":"constituency","label":"249 - Main-Spessart (Bundestag Wahl 2013)","api_url":"https://www.abgeordnetenwatch.de/api/v2/constituencies/6081"},"constituency_result":51.7,"mandate_won":"constituency"},"fraction_membership":{},"party":{"id":3,"entity_type":"party","label":"CSU","api_url":"https://www.abgeordnetenwatch.de/api/v2/parties/3"}}]
