[{"id":53441,"entity_type":"candidacy_mandate","label":"Hendrik Hoppenstedt (Bundestag 2021 - 2025)","api_url":"https://www.abgeordnetenwatch.de/api/v2/candidacies-mandates/53441","id_external_administration":"1833","id_external_administration_description":"mdbID aus der info-xml-Datei der Bundestagsverwaltung","type":"mandate","parliament_period":{"id":132,"entity_type":"parliament_period","label":"Bundestag 2021 - 2025","api_url":"https://www.abgeordnetenwatch.de/api/v2/parliament-periods/132","abgeordnetenwatch_url":"https://www.abgeordnetenwatch.de/bundestag"},"politician":{"id":79293,"entity_type":"politician","label":"Hendrik Hoppenstedt","api_url":"https://www.abgeordnetenwatch.de/api/v2/politicians/79293","abgeordnetenwatch_url":"https://www.abgeordnetenwatch.de/profile/hendrik-hoppenstedt"},"electoral_data":{"id":54365,"entity_type":"electoral_data","label":"Hendrik Hoppenstedt (Bundestag 2021 - 2025)","electoral_list":{"id":418,"entity_type":"electoral_list","label":"Landesliste Niedersachsen (Bundestag 2021 - 2025)","api_url":"https://www.abgeordnetenwatch.de/api/v2/electoral-lists/418"},"list_position":1,"constituency":{"id":10783,"entity_type":"constituency","label":"43 - Hannover-Land I (Bundestag 2021 - 2025)","api_url":"https://www.abgeordnetenwatch.de/api/v2/constituencies/10783"},"constituency_result":31.9,"mandate_won":"list"},"fraction_membership":[{"id":9288,"entity_type":"fraction_membership","label":"CDU/CSU","fraction":{"id":320,"entity_type":"fraction","label":"CDU/CSU (Bundestag 2021 - 2025)","api_url":"https://www.abgeordnetenwatch.de/api/v2/fractions/320"}}],"party":{}},{"id":49965,"entity_type":"candidacy_mandate","label":"Hendrik Hoppenstedt (Bundestag Wahl 2021)","api_url":"https://www.abgeordnetenwatch.de/api/v2/candidacies-mandates/49965","type":"candidacy","parliament_period":{"id":128,"entity_type":"parliament_period","label":"Bundestag Wahl 2021","api_url":"https://www.abgeordnetenwatch.de/api/v2/parliament-periods/128","abgeordnetenwatch_url":"https://www.abgeordnetenwatch.de/bundestag/wahl-2021"},"politician":{"id":79293,"entity_type":"politician","label":"Hendrik Hoppenstedt","api_url":"https://www.abgeordnetenwatch.de/api/v2/politicians/79293","abgeordnetenwatch_url":"https://www.abgeordnetenwatch.de/profile/hendrik-hoppenstedt"},"electoral_data":{"id":50887,"entity_type":"electoral_data","label":"Hendrik Hoppenstedt (Bundestag Wahl 2021)","electoral_list":{},"constituency":{"id":10100,"entity_type":"constituency","label":"43 - Hannover-Land I (Bundestag Wahl 2021)","api_url":"https://www.abgeordnetenwatch.de/api/v2/constituencies/10100"},"constituency_result":31.9},"fraction_membership":{},"party":{"id":2,"entity_type":"party","label":"CDU","api_url":"https://www.abgeordnetenwatch.de/api/v2/parties/2"}},{"id":45272,"entity_type":"candidacy_mandate","label":"Hendrik Hoppenstedt (Bundestag 2017 - 2021)","api_url":"https://www.abgeordnetenwatch.de/api/v2/candidacies-mandates/45272","id_external_administration":"1833","id_external_administration_description":"mdbID - ID der Bundestagsverwaltung","type":"mandate","parliament_period":{"id":111,"entity_type":"parliament_period","label":"Bundestag 2017 - 2021","api_url":"https://www.abgeordnetenwatch.de/api/v2/parliament-periods/111","abgeordnetenwatch_url":"https://www.abgeordnetenwatch.de/bundestag/19"},"politician":{"id":79293,"entity_type":"politician","label":"Hendrik Hoppenstedt","api_url":"https://www.abgeordnetenwatch.de/api/v2/politicians/79293","abgeordnetenwatch_url":"https://www.abgeordnetenwatch.de/profile/hendrik-hoppenstedt"},"electoral_data":{"id":45272,"entity_type":"electoral_data","label":"Hendrik Hoppenstedt (Bundestag 2017 - 2021)","electoral_list":{"id":114,"entity_type":"electoral_list","label":"Landesliste Niedersachsen (Bundestag 2017 - 2021)","api_url":"https://www.abgeordnetenwatch.de/api/v2/electoral-lists/114"},"list_position":12,"constituency":{"id":4167,"entity_type":"constituency","label":"43 - Hannover-Land I (Bundestag 2017 - 2021)","api_url":"https://www.abgeordnetenwatch.de/api/v2/constituencies/4167"},"constituency_result":40.1,"mandate_won":"constituency"},"fraction_membership":[{"id":7524,"entity_type":"fraction_membership","label":"CDU/CSU","fraction":{"id":81,"entity_type":"fraction","label":"CDU/CSU (Bundestag 2017 - 2021)","api_url":"https://www.abgeordnetenwatch.de/api/v2/fractions/81"}}],"party":{}},{"id":39467,"entity_type":"candidacy_mandate","label":"Hendrik Hoppenstedt (Bundestag 2013-2017)","api_url":"https://www.abgeordnetenwatch.de/api/v2/candidacies-mandates/39467","type":"mandate","parliament_period":{"id":97,"entity_type":"parliament_period","label":"Bundestag 2013 - 2017","api_url":"https://www.abgeordnetenwatch.de/api/v2/parliament-periods/97","abgeordnetenwatch_url":"https://www.abgeordnetenwatch.de/bundestag/18"},"politician":{"id":79293,"entity_type":"politician","label":"Hendrik Hoppenstedt","api_url":"https://www.abgeordnetenwatch.de/api/v2/politicians/79293","abgeordnetenwatch_url":"https://www.abgeordnetenwatch.de/profile/hendrik-hoppenstedt"},"electoral_data":{"id":39467,"entity_type":"electoral_data","label":"Hendrik Hoppenstedt (Bundestag 2013 - 2017)","electoral_list":{"id":34,"entity_type":"electoral_list","label":"Landesliste Niedersachsen (Bundestag 2013-2017)","api_url":"https://www.abgeordnetenwatch.de/api/v2/electoral-lists/34"},"list_position":18,"constituency":{"id":185,"entity_type":"constituency","label":"43 - Hannover-Land I (Bundestag 2013-2017)","api_url":"https://www.abgeordnetenwatch.de/api/v2/constituencies/185"},"constituency_result":44.3,"mandate_won":"constituency"},"fraction_membership":[{"id":1693,"entity_type":"fraction_membership","label":"CDU/CSU","fraction":{"id":111,"entity_type":"fraction","label":"CDU/CSU (Bundestag 2013-2017)","api_url":"https://www.abgeordnetenwatch.de/api/v2/fractions/111"}}],"party":{}},{"id":6349,"entity_type":"candidacy_mandate","label":"Hendrik Hoppenstedt (Bundestag Wahl 2017)","api_url":"https://www.abgeordnetenwatch.de/api/v2/candidacies-mandates/6349","type":"candidacy","parliament_period":{"id":50,"entity_type":"parliament_period","label":"Bundestag Wahl 2017","api_url":"https://www.abgeordnetenwatch.de/api/v2/parliament-periods/50","abgeordnetenwatch_url":"https://www.abgeordnetenwatch.de/bundestag/wahl-2017"},"politician":{"id":79293,"entity_type":"politician","label":"Hendrik Hoppenstedt","api_url":"https://www.abgeordnetenwatch.de/api/v2/politicians/79293","abgeordnetenwatch_url":"https://www.abgeordnetenwatch.de/profile/hendrik-hoppenstedt"},"electoral_data":{"id":6349,"entity_type":"electoral_data","label":"Hendrik Hoppenstedt (Bundestag Wahl 2017)","electoral_list":{"id":273,"entity_type":"electoral_list","label":"Landesliste Niedersachsen (Bundestag Wahl 2017)","api_url":"https://www.abgeordnetenwatch.de/api/v2/electoral-lists/273"},"list_position":12,"constituency":{"id":9053,"entity_type":"constituency","label":"43 - Hannover-Land I (Bundestag Wahl 2017)","api_url":"https://www.abgeordnetenwatch.de/api/v2/constituencies/9053"},"constituency_result":40.1,"mandate_won":"constituency"},"fraction_membership":{},"party":{"id":2,"entity_type":"party","label":"CDU","api_url":"https://www.abgeordnetenwatch.de/api/v2/parties/2"}},{"id":6348,"entity_type":"candidacy_mandate","label":"Hendrik Hoppenstedt (Bundestag Wahl 2013)","api_url":"https://www.abgeordnetenwatch.de/api/v2/candidacies-mandates/6348","type":"candidacy","parliament_period":{"id":36,"entity_type":"parliament_period","label":"Bundestag Wahl 2013","api_url":"https://www.abgeordnetenwatch.de/api/v2/parliament-periods/36","abgeordnetenwatch_url":"https://www.abgeordnetenwatch.de/bundestag/wahl-2013"},"politician":{"id":79293,"entity_type":"politician","label":"Hendrik Hoppenstedt","api_url":"https://www.abgeordnetenwatch.de/api/v2/politicians/79293","abgeordnetenwatch_url":"https://www.abgeordnetenwatch.de/profile/hendrik-hoppenstedt"},"electoral_data":{"id":6348,"entity_type":"electoral_data","label":"Hendrik Hoppenstedt (Bundestag Wahl 2013)","electoral_list":{},"list_position":18,"constituency":{"id":5071,"entity_type":"constituency","label":"43 - Hannover-Land I (Bundestag Wahl 2013)","api_url":"https://www.abgeordnetenwatch.de/api/v2/constituencies/5071"},"constituency_result":44.3,"mandate_won":"constituency"},"fraction_membership":{},"party":{"id":2,"entity_type":"party","label":"CDU","api_url":"https://www.abgeordnetenwatch.de/api/v2/parties/2"}}]
