[{"id":53641,"entity_type":"candidacy_mandate","label":"Anton Hofreiter (Bundestag 2021 - 2025)","api_url":"https://www.abgeordnetenwatch.de/api/v2/candidacies-mandates/53641","id_external_administration":"1426","id_external_administration_description":"mdbID aus der info-xml-Datei der Bundestagsverwaltung","type":"mandate","parliament_period":{"id":132,"entity_type":"parliament_period","label":"Bundestag 2021 - 2025","api_url":"https://www.abgeordnetenwatch.de/api/v2/parliament-periods/132","abgeordnetenwatch_url":"https://www.abgeordnetenwatch.de/bundestag"},"politician":{"id":79294,"entity_type":"politician","label":"Anton Hofreiter","api_url":"https://www.abgeordnetenwatch.de/api/v2/politicians/79294","abgeordnetenwatch_url":"https://www.abgeordnetenwatch.de/profile/anton-hofreiter"},"electoral_data":{"id":54565,"entity_type":"electoral_data","label":"Anton Hofreiter (Bundestag 2021 - 2025)","electoral_list":{"id":411,"entity_type":"electoral_list","label":"Landesliste Bayern (Bundestag 2021 - 2025)","api_url":"https://www.abgeordnetenwatch.de/api/v2/electoral-lists/411"},"list_position":2,"constituency":{"id":10961,"entity_type":"constituency","label":"221 - München-Land (Bundestag 2021 - 2025)","api_url":"https://www.abgeordnetenwatch.de/api/v2/constituencies/10961"},"mandate_won":"list"},"fraction_membership":[{"id":9488,"entity_type":"fraction_membership","label":"BÜNDNIS 90/DIE GRÜNEN","fraction":{"id":321,"entity_type":"fraction","label":"BÜNDNIS 90/DIE GRÜNEN (Bundestag 2021 - 2025)","api_url":"https://www.abgeordnetenwatch.de/api/v2/fractions/321"}}],"party":{}},{"id":49136,"entity_type":"candidacy_mandate","label":"Anton Hofreiter (Bundestag Wahl 2021)","api_url":"https://www.abgeordnetenwatch.de/api/v2/candidacies-mandates/49136","type":"candidacy","parliament_period":{"id":128,"entity_type":"parliament_period","label":"Bundestag Wahl 2021","api_url":"https://www.abgeordnetenwatch.de/api/v2/parliament-periods/128","abgeordnetenwatch_url":"https://www.abgeordnetenwatch.de/bundestag/wahl-2021"},"politician":{"id":79294,"entity_type":"politician","label":"Anton Hofreiter","api_url":"https://www.abgeordnetenwatch.de/api/v2/politicians/79294","abgeordnetenwatch_url":"https://www.abgeordnetenwatch.de/profile/anton-hofreiter"},"electoral_data":{"id":50058,"entity_type":"electoral_data","label":"Anton Hofreiter (Bundestag Wahl 2021)","electoral_list":{"id":357,"entity_type":"electoral_list","label":"Landesliste Bayern (Bundestag Wahl 2021)","api_url":"https://www.abgeordnetenwatch.de/api/v2/electoral-lists/357"},"list_position":2,"constituency":{"id":10278,"entity_type":"constituency","label":"221 - München-Land (Bundestag Wahl 2021)","api_url":"https://www.abgeordnetenwatch.de/api/v2/constituencies/10278"},"constituency_result":20.4,"constituency_result_count":40475},"fraction_membership":{},"party":{"id":5,"entity_type":"party","label":"Bündnis 90/Die Grünen","api_url":"https://www.abgeordnetenwatch.de/api/v2/parties/5"}},{"id":46200,"entity_type":"candidacy_mandate","label":"Anton Hofreiter (Bundestag 2017 - 2021)","api_url":"https://www.abgeordnetenwatch.de/api/v2/candidacies-mandates/46200","id_external_administration":"1426","id_external_administration_description":"mdbID - ID der Bundestagsverwaltung","type":"mandate","parliament_period":{"id":111,"entity_type":"parliament_period","label":"Bundestag 2017 - 2021","api_url":"https://www.abgeordnetenwatch.de/api/v2/parliament-periods/111","abgeordnetenwatch_url":"https://www.abgeordnetenwatch.de/bundestag/19"},"politician":{"id":79294,"entity_type":"politician","label":"Anton Hofreiter","api_url":"https://www.abgeordnetenwatch.de/api/v2/politicians/79294","abgeordnetenwatch_url":"https://www.abgeordnetenwatch.de/profile/anton-hofreiter"},"electoral_data":{"id":46200,"entity_type":"electoral_data","label":"Anton Hofreiter (Bundestag 2017 - 2021)","electoral_list":{"id":107,"entity_type":"electoral_list","label":"Landesliste Bayern (Bundestag 2017 - 2021)","api_url":"https://www.abgeordnetenwatch.de/api/v2/electoral-lists/107"},"list_position":2,"constituency":{"id":4345,"entity_type":"constituency","label":"221 - München-Land (Bundestag 2017 - 2021)","api_url":"https://www.abgeordnetenwatch.de/api/v2/constituencies/4345"},"constituency_result":13.7,"mandate_won":"list"},"fraction_membership":[{"id":8498,"entity_type":"fraction_membership","label":"DIE GRÜNEN","fraction":{"id":153,"entity_type":"fraction","label":"DIE GRÜNEN (Bundestag 2017 - 2021)","api_url":"https://www.abgeordnetenwatch.de/api/v2/fractions/153"}}],"party":{}},{"id":39470,"entity_type":"candidacy_mandate","label":"Anton Hofreiter (Bundestag 2013-2017)","api_url":"https://www.abgeordnetenwatch.de/api/v2/candidacies-mandates/39470","type":"mandate","parliament_period":{"id":97,"entity_type":"parliament_period","label":"Bundestag 2013 - 2017","api_url":"https://www.abgeordnetenwatch.de/api/v2/parliament-periods/97","abgeordnetenwatch_url":"https://www.abgeordnetenwatch.de/bundestag/18"},"politician":{"id":79294,"entity_type":"politician","label":"Anton Hofreiter","api_url":"https://www.abgeordnetenwatch.de/api/v2/politicians/79294","abgeordnetenwatch_url":"https://www.abgeordnetenwatch.de/profile/anton-hofreiter"},"electoral_data":{"id":39470,"entity_type":"electoral_data","label":"Anton Hofreiter (Bundestag 2013 - 2017)","electoral_list":{"id":27,"entity_type":"electoral_list","label":"Landesliste Bayern (Bundestag 2013-2017)","api_url":"https://www.abgeordnetenwatch.de/api/v2/electoral-lists/27"},"list_position":2,"constituency":{"id":203,"entity_type":"constituency","label":"222 - München-Land (Bundestag 2013-2017)","api_url":"https://www.abgeordnetenwatch.de/api/v2/constituencies/203"},"constituency_result":11.1,"mandate_won":"list"},"fraction_membership":[{"id":1696,"entity_type":"fraction_membership","label":"DIE GRÜNEN","fraction":{"id":114,"entity_type":"fraction","label":"DIE GRÜNEN (Bundestag 2013-2017)","api_url":"https://www.abgeordnetenwatch.de/api/v2/fractions/114"}}],"party":{}},{"id":39469,"entity_type":"candidacy_mandate","label":"Anton Hofreiter (Bundestag 2009-2013)","api_url":"https://www.abgeordnetenwatch.de/api/v2/candidacies-mandates/39469","type":"mandate","parliament_period":{"id":83,"entity_type":"parliament_period","label":"Bundestag 2009 - 2013","api_url":"https://www.abgeordnetenwatch.de/api/v2/parliament-periods/83","abgeordnetenwatch_url":"https://www.abgeordnetenwatch.de/bundestag/17"},"politician":{"id":79294,"entity_type":"politician","label":"Anton Hofreiter","api_url":"https://www.abgeordnetenwatch.de/api/v2/politicians/79294","abgeordnetenwatch_url":"https://www.abgeordnetenwatch.de/profile/anton-hofreiter"},"electoral_data":{"id":39469,"entity_type":"electoral_data","label":"Anton Hofreiter (Bundestag 2009 - 2013)","electoral_list":{"id":57,"entity_type":"electoral_list","label":"Landesliste Bayern (Bundestag 2009-2013)","api_url":"https://www.abgeordnetenwatch.de/api/v2/electoral-lists/57"},"list_position":4,"constituency":{"id":1691,"entity_type":"constituency","label":"222 - München-Land (Bundestag 2009-2013)","api_url":"https://www.abgeordnetenwatch.de/api/v2/constituencies/1691"},"constituency_result":13.3},"fraction_membership":[{"id":1695,"entity_type":"fraction_membership","label":"DIE GRÜNEN","fraction":{"id":113,"entity_type":"fraction","label":"DIE GRÜNEN (Bundestag 2009-2013)","api_url":"https://www.abgeordnetenwatch.de/api/v2/fractions/113"}}],"party":{}},{"id":39468,"entity_type":"candidacy_mandate","label":"Anton Hofreiter (Bundestag 2005-2009)","api_url":"https://www.abgeordnetenwatch.de/api/v2/candidacies-mandates/39468","type":"mandate","parliament_period":{"id":67,"entity_type":"parliament_period","label":"Bundestag 2005 - 2009","api_url":"https://www.abgeordnetenwatch.de/api/v2/parliament-periods/67","abgeordnetenwatch_url":"https://www.abgeordnetenwatch.de/bundestag/16"},"politician":{"id":79294,"entity_type":"politician","label":"Anton Hofreiter","api_url":"https://www.abgeordnetenwatch.de/api/v2/politicians/79294","abgeordnetenwatch_url":"https://www.abgeordnetenwatch.de/profile/anton-hofreiter"},"start_date":"2004-11-30","electoral_data":{"id":39468,"entity_type":"electoral_data","label":"Anton Hofreiter (Bundestag 2005 - 2009)","electoral_list":{"id":18,"entity_type":"electoral_list","label":"Landesliste Bayern (Bundestag 2005-2009)","api_url":"https://www.abgeordnetenwatch.de/api/v2/electoral-lists/18"},"list_position":6,"constituency":{"id":1426,"entity_type":"constituency","label":"223 - München-Land (Bundestag 2005-2009)","api_url":"https://www.abgeordnetenwatch.de/api/v2/constituencies/1426"},"mandate_won":"list"},"fraction_membership":[{"id":1694,"entity_type":"fraction_membership","label":"DIE GRÜNEN","fraction":{"id":94,"entity_type":"fraction","label":"DIE GRÜNEN (Bundestag 2005-2009)","api_url":"https://www.abgeordnetenwatch.de/api/v2/fractions/94"}}],"party":{}},{"id":6353,"entity_type":"candidacy_mandate","label":"Anton Hofreiter (Bundestag Wahl 2017)","api_url":"https://www.abgeordnetenwatch.de/api/v2/candidacies-mandates/6353","type":"candidacy","parliament_period":{"id":50,"entity_type":"parliament_period","label":"Bundestag Wahl 2017","api_url":"https://www.abgeordnetenwatch.de/api/v2/parliament-periods/50","abgeordnetenwatch_url":"https://www.abgeordnetenwatch.de/bundestag/wahl-2017"},"politician":{"id":79294,"entity_type":"politician","label":"Anton Hofreiter","api_url":"https://www.abgeordnetenwatch.de/api/v2/politicians/79294","abgeordnetenwatch_url":"https://www.abgeordnetenwatch.de/profile/anton-hofreiter"},"electoral_data":{"id":6353,"entity_type":"electoral_data","label":"Anton Hofreiter (Bundestag Wahl 2017)","electoral_list":{"id":266,"entity_type":"electoral_list","label":"Landesliste Bayern (Bundestag Wahl 2017)","api_url":"https://www.abgeordnetenwatch.de/api/v2/electoral-lists/266"},"list_position":2,"constituency":{"id":9231,"entity_type":"constituency","label":"221 - München-Land (Bundestag Wahl 2017)","api_url":"https://www.abgeordnetenwatch.de/api/v2/constituencies/9231"},"constituency_result":13.7,"mandate_won":"list"},"fraction_membership":{},"party":{"id":5,"entity_type":"party","label":"Bündnis 90/Die Grünen","api_url":"https://www.abgeordnetenwatch.de/api/v2/parties/5"}},{"id":6352,"entity_type":"candidacy_mandate","label":"Anton Hofreiter (Bundestag Wahl 2013)","api_url":"https://www.abgeordnetenwatch.de/api/v2/candidacies-mandates/6352","type":"candidacy","parliament_period":{"id":36,"entity_type":"parliament_period","label":"Bundestag Wahl 2013","api_url":"https://www.abgeordnetenwatch.de/api/v2/parliament-periods/36","abgeordnetenwatch_url":"https://www.abgeordnetenwatch.de/bundestag/wahl-2013"},"politician":{"id":79294,"entity_type":"politician","label":"Anton Hofreiter","api_url":"https://www.abgeordnetenwatch.de/api/v2/politicians/79294","abgeordnetenwatch_url":"https://www.abgeordnetenwatch.de/profile/anton-hofreiter"},"electoral_data":{"id":6352,"entity_type":"electoral_data","label":"Anton Hofreiter (Bundestag Wahl 2013)","electoral_list":{},"list_position":2,"constituency":{"id":5089,"entity_type":"constituency","label":"222 - München-Land (Bundestag Wahl 2013)","api_url":"https://www.abgeordnetenwatch.de/api/v2/constituencies/5089"},"constituency_result":11.1,"mandate_won":"list"},"fraction_membership":{},"party":{"id":5,"entity_type":"party","label":"Bündnis 90/Die Grünen","api_url":"https://www.abgeordnetenwatch.de/api/v2/parties/5"}},{"id":6351,"entity_type":"candidacy_mandate","label":"Anton Hofreiter (Bundestag Wahl 2009)","api_url":"https://www.abgeordnetenwatch.de/api/v2/candidacies-mandates/6351","type":"candidacy","parliament_period":{"id":22,"entity_type":"parliament_period","label":"Bundestag Wahl 2009","api_url":"https://www.abgeordnetenwatch.de/api/v2/parliament-periods/22","abgeordnetenwatch_url":"https://www.abgeordnetenwatch.de/bundestag/wahl-2009"},"politician":{"id":79294,"entity_type":"politician","label":"Anton Hofreiter","api_url":"https://www.abgeordnetenwatch.de/api/v2/politicians/79294","abgeordnetenwatch_url":"https://www.abgeordnetenwatch.de/profile/anton-hofreiter"},"electoral_data":{"id":6351,"entity_type":"electoral_data","label":"Anton Hofreiter (Bundestag Wahl 2009)","electoral_list":{},"list_position":4,"constituency":{"id":6577,"entity_type":"constituency","label":"222 - München-Land (Bundestag Wahl 2009)","api_url":"https://www.abgeordnetenwatch.de/api/v2/constituencies/6577"},"constituency_result":13.3},"fraction_membership":{},"party":{"id":5,"entity_type":"party","label":"Bündnis 90/Die Grünen","api_url":"https://www.abgeordnetenwatch.de/api/v2/parties/5"}},{"id":6350,"entity_type":"candidacy_mandate","label":"Anton Hofreiter (Bundestag Wahl 2005)","api_url":"https://www.abgeordnetenwatch.de/api/v2/candidacies-mandates/6350","type":"candidacy","parliament_period":{"id":6,"entity_type":"parliament_period","label":"Bundestag Wahl 2005","api_url":"https://www.abgeordnetenwatch.de/api/v2/parliament-periods/6","abgeordnetenwatch_url":"https://www.abgeordnetenwatch.de/bundestag/wahl-2005"},"politician":{"id":79294,"entity_type":"politician","label":"Anton Hofreiter","api_url":"https://www.abgeordnetenwatch.de/api/v2/politicians/79294","abgeordnetenwatch_url":"https://www.abgeordnetenwatch.de/profile/anton-hofreiter"},"electoral_data":{"id":6350,"entity_type":"electoral_data","label":"Anton Hofreiter (Bundestag Wahl 2005)","electoral_list":{"id":177,"entity_type":"electoral_list","label":"Landesliste Bayern (Bundestag Wahl 2005)","api_url":"https://www.abgeordnetenwatch.de/api/v2/electoral-lists/177"},"list_position":6,"constituency":{"id":6312,"entity_type":"constituency","label":"223 - München-Land (Bundestag Wahl 2005)","api_url":"https://www.abgeordnetenwatch.de/api/v2/constituencies/6312"},"constituency_result":7.8,"mandate_won":"list"},"fraction_membership":{},"party":{"id":5,"entity_type":"party","label":"Bündnis 90/Die Grünen","api_url":"https://www.abgeordnetenwatch.de/api/v2/parties/5"}}]
