{"id":[79294],"entity_type":["politician"],"label":["Anton Hofreiter"],"api_url":["https://www.abgeordnetenwatch.de/api/v2/politicians/79294"],"abgeordnetenwatch_url":["https://www.abgeordnetenwatch.de/profile/anton-hofreiter"],"first_name":["Anton"],"last_name":["Hofreiter"],"birth_name":{},"sex":["m"],"year_of_birth":[1970],"party":{"id":[5],"entity_type":["party"],"label":["Bündnis 90/Die Grünen"],"api_url":["https://www.abgeordnetenwatch.de/api/v2/parties/5"]},"party_past":{},"education":["Promovierter Biologe"],"residence":{},"occupation":["MdB, Fraktionsvorsitzender BÜNDNIS 90/DIE GRÜNE im Bundestag"],"statistic_questions":[105],"statistic_questions_answered":[37],"qid_wikidata":["Q103519"],"field_title":{}}
