[{"id":53946,"entity_type":"candidacy_mandate","label":"Michael Hennrich (Bundestag 2021 - 2025)","api_url":"https://www.abgeordnetenwatch.de/api/v2/candidacies-mandates/53946","id_external_administration":"1213","id_external_administration_description":"mdbID aus der info-xml-Datei der Bundestagsverwaltung","type":"mandate","parliament_period":{"id":132,"entity_type":"parliament_period","label":"Bundestag 2021 - 2025","api_url":"https://www.abgeordnetenwatch.de/api/v2/parliament-periods/132","abgeordnetenwatch_url":"https://www.abgeordnetenwatch.de/bundestag"},"politician":{"id":79305,"entity_type":"politician","label":"Michael Hennrich","api_url":"https://www.abgeordnetenwatch.de/api/v2/politicians/79305","abgeordnetenwatch_url":"https://www.abgeordnetenwatch.de/profile/michael-hennrich"},"electoral_data":{"id":54870,"entity_type":"electoral_data","label":"Michael Hennrich (Bundestag 2021 - 2025)","electoral_list":{},"constituency":{"id":11002,"entity_type":"constituency","label":"262 - Nürtingen (Bundestag 2021 - 2025)","api_url":"https://www.abgeordnetenwatch.de/api/v2/constituencies/11002"},"constituency_result":30,"mandate_won":"constituency"},"fraction_membership":[{"id":9793,"entity_type":"fraction_membership","label":"CDU/CSU","fraction":{"id":320,"entity_type":"fraction","label":"CDU/CSU (Bundestag 2021 - 2025)","api_url":"https://www.abgeordnetenwatch.de/api/v2/fractions/320"}}],"party":{}},{"id":49789,"entity_type":"candidacy_mandate","label":"Michael Hennrich (Bundestag Wahl 2021)","api_url":"https://www.abgeordnetenwatch.de/api/v2/candidacies-mandates/49789","type":"candidacy","parliament_period":{"id":128,"entity_type":"parliament_period","label":"Bundestag Wahl 2021","api_url":"https://www.abgeordnetenwatch.de/api/v2/parliament-periods/128","abgeordnetenwatch_url":"https://www.abgeordnetenwatch.de/bundestag/wahl-2021"},"politician":{"id":79305,"entity_type":"politician","label":"Michael Hennrich","api_url":"https://www.abgeordnetenwatch.de/api/v2/politicians/79305","abgeordnetenwatch_url":"https://www.abgeordnetenwatch.de/profile/michael-hennrich"},"electoral_data":{"id":50711,"entity_type":"electoral_data","label":"Michael Hennrich (Bundestag Wahl 2021)","electoral_list":{},"constituency":{"id":10319,"entity_type":"constituency","label":"262 - Nürtingen (Bundestag Wahl 2021)","api_url":"https://www.abgeordnetenwatch.de/api/v2/constituencies/10319"},"constituency_result":30.1,"constituency_result_count":49482,"mandate_won":"constituency"},"fraction_membership":{},"party":{"id":2,"entity_type":"party","label":"CDU","api_url":"https://www.abgeordnetenwatch.de/api/v2/parties/2"}},{"id":44540,"entity_type":"candidacy_mandate","label":"Michael Hennrich (Bundestag 2017 - 2021)","api_url":"https://www.abgeordnetenwatch.de/api/v2/candidacies-mandates/44540","id_external_administration":"1213","id_external_administration_description":"mdbID - ID der Bundestagsverwaltung","type":"mandate","parliament_period":{"id":111,"entity_type":"parliament_period","label":"Bundestag 2017 - 2021","api_url":"https://www.abgeordnetenwatch.de/api/v2/parliament-periods/111","abgeordnetenwatch_url":"https://www.abgeordnetenwatch.de/bundestag/19"},"politician":{"id":79305,"entity_type":"politician","label":"Michael Hennrich","api_url":"https://www.abgeordnetenwatch.de/api/v2/politicians/79305","abgeordnetenwatch_url":"https://www.abgeordnetenwatch.de/profile/michael-hennrich"},"electoral_data":{"id":44540,"entity_type":"electoral_data","label":"Michael Hennrich (Bundestag 2017 - 2021)","electoral_list":{},"list_position":1,"constituency":{"id":4386,"entity_type":"constituency","label":"262 - Nürtingen (Bundestag 2017 - 2021)","api_url":"https://www.abgeordnetenwatch.de/api/v2/constituencies/4386"},"constituency_result":39.4,"mandate_won":"constituency"},"fraction_membership":[{"id":6785,"entity_type":"fraction_membership","label":"CDU/CSU","fraction":{"id":81,"entity_type":"fraction","label":"CDU/CSU (Bundestag 2017 - 2021)","api_url":"https://www.abgeordnetenwatch.de/api/v2/fractions/81"}}],"party":{}},{"id":39491,"entity_type":"candidacy_mandate","label":"Michael Hennrich (Bundestag 2013-2017)","api_url":"https://www.abgeordnetenwatch.de/api/v2/candidacies-mandates/39491","type":"mandate","parliament_period":{"id":97,"entity_type":"parliament_period","label":"Bundestag 2013 - 2017","api_url":"https://www.abgeordnetenwatch.de/api/v2/parliament-periods/97","abgeordnetenwatch_url":"https://www.abgeordnetenwatch.de/bundestag/18"},"politician":{"id":79305,"entity_type":"politician","label":"Michael Hennrich","api_url":"https://www.abgeordnetenwatch.de/api/v2/politicians/79305","abgeordnetenwatch_url":"https://www.abgeordnetenwatch.de/profile/michael-hennrich"},"electoral_data":{"id":39491,"entity_type":"electoral_data","label":"Michael Hennrich (Bundestag 2013 - 2017)","electoral_list":{},"constituency":{"id":1216,"entity_type":"constituency","label":"262 - Nürtingen (Bundestag 2013-2017)","api_url":"https://www.abgeordnetenwatch.de/api/v2/constituencies/1216"},"constituency_result":51,"mandate_won":"constituency"},"fraction_membership":[{"id":1717,"entity_type":"fraction_membership","label":"CDU/CSU","fraction":{"id":111,"entity_type":"fraction","label":"CDU/CSU (Bundestag 2013-2017)","api_url":"https://www.abgeordnetenwatch.de/api/v2/fractions/111"}}],"party":{}},{"id":39490,"entity_type":"candidacy_mandate","label":"Michael Hennrich (Bundestag 2009-2013)","api_url":"https://www.abgeordnetenwatch.de/api/v2/candidacies-mandates/39490","type":"mandate","parliament_period":{"id":83,"entity_type":"parliament_period","label":"Bundestag 2009 - 2013","api_url":"https://www.abgeordnetenwatch.de/api/v2/parliament-periods/83","abgeordnetenwatch_url":"https://www.abgeordnetenwatch.de/bundestag/17"},"politician":{"id":79305,"entity_type":"politician","label":"Michael Hennrich","api_url":"https://www.abgeordnetenwatch.de/api/v2/politicians/79305","abgeordnetenwatch_url":"https://www.abgeordnetenwatch.de/profile/michael-hennrich"},"electoral_data":{"id":39490,"entity_type":"electoral_data","label":"Michael Hennrich (Bundestag 2009 - 2013)","electoral_list":{"id":56,"entity_type":"electoral_list","label":"Landesliste Baden-Württemberg (Bundestag 2009-2013)","api_url":"https://www.abgeordnetenwatch.de/api/v2/electoral-lists/56"},"list_position":41,"constituency":{"id":1707,"entity_type":"constituency","label":"262 - Nürtingen (Bundestag 2009-2013)","api_url":"https://www.abgeordnetenwatch.de/api/v2/constituencies/1707"},"constituency_result":43.4},"fraction_membership":[{"id":1716,"entity_type":"fraction_membership","label":"CDU/CSU","fraction":{"id":112,"entity_type":"fraction","label":"CDU/CSU (Bundestag 2009-2013)","api_url":"https://www.abgeordnetenwatch.de/api/v2/fractions/112"}}],"party":{}},{"id":39489,"entity_type":"candidacy_mandate","label":"Michael Hennrich (Bundestag 2005-2009)","api_url":"https://www.abgeordnetenwatch.de/api/v2/candidacies-mandates/39489","type":"mandate","parliament_period":{"id":67,"entity_type":"parliament_period","label":"Bundestag 2005 - 2009","api_url":"https://www.abgeordnetenwatch.de/api/v2/parliament-periods/67","abgeordnetenwatch_url":"https://www.abgeordnetenwatch.de/bundestag/16"},"politician":{"id":79305,"entity_type":"politician","label":"Michael Hennrich","api_url":"https://www.abgeordnetenwatch.de/api/v2/politicians/79305","abgeordnetenwatch_url":"https://www.abgeordnetenwatch.de/profile/michael-hennrich"},"start_date":"2001-11-30","electoral_data":{"id":39489,"entity_type":"electoral_data","label":"Michael Hennrich (Bundestag 2005 - 2009)","electoral_list":{},"constituency":{"id":1440,"entity_type":"constituency","label":"263 - Nürtingen (Bundestag 2005-2009)","api_url":"https://www.abgeordnetenwatch.de/api/v2/constituencies/1440"}},"fraction_membership":[{"id":1715,"entity_type":"fraction_membership","label":"CDU/CSU","fraction":{"id":26,"entity_type":"fraction","label":"CDU/CSU (Bundestag 2005-2009)","api_url":"https://www.abgeordnetenwatch.de/api/v2/fractions/26"}}],"party":{}},{"id":6383,"entity_type":"candidacy_mandate","label":"Michael Hennrich (Bundestag Wahl 2017)","api_url":"https://www.abgeordnetenwatch.de/api/v2/candidacies-mandates/6383","type":"candidacy","parliament_period":{"id":50,"entity_type":"parliament_period","label":"Bundestag Wahl 2017","api_url":"https://www.abgeordnetenwatch.de/api/v2/parliament-periods/50","abgeordnetenwatch_url":"https://www.abgeordnetenwatch.de/bundestag/wahl-2017"},"politician":{"id":79305,"entity_type":"politician","label":"Michael Hennrich","api_url":"https://www.abgeordnetenwatch.de/api/v2/politicians/79305","abgeordnetenwatch_url":"https://www.abgeordnetenwatch.de/profile/michael-hennrich"},"electoral_data":{"id":6383,"entity_type":"electoral_data","label":"Michael Hennrich (Bundestag Wahl 2017)","electoral_list":{},"constituency":{"id":9272,"entity_type":"constituency","label":"262 - Nürtingen (Bundestag Wahl 2017)","api_url":"https://www.abgeordnetenwatch.de/api/v2/constituencies/9272"},"constituency_result":39.4,"mandate_won":"constituency"},"fraction_membership":{},"party":{"id":2,"entity_type":"party","label":"CDU","api_url":"https://www.abgeordnetenwatch.de/api/v2/parties/2"}},{"id":6382,"entity_type":"candidacy_mandate","label":"Michael Hennrich (Bundestag Wahl 2013)","api_url":"https://www.abgeordnetenwatch.de/api/v2/candidacies-mandates/6382","type":"candidacy","parliament_period":{"id":36,"entity_type":"parliament_period","label":"Bundestag Wahl 2013","api_url":"https://www.abgeordnetenwatch.de/api/v2/parliament-periods/36","abgeordnetenwatch_url":"https://www.abgeordnetenwatch.de/bundestag/wahl-2013"},"politician":{"id":79305,"entity_type":"politician","label":"Michael Hennrich","api_url":"https://www.abgeordnetenwatch.de/api/v2/politicians/79305","abgeordnetenwatch_url":"https://www.abgeordnetenwatch.de/profile/michael-hennrich"},"electoral_data":{"id":6382,"entity_type":"electoral_data","label":"Michael Hennrich (Bundestag Wahl 2013)","electoral_list":{},"constituency":{"id":6102,"entity_type":"constituency","label":"262 - Nürtingen (Bundestag Wahl 2013)","api_url":"https://www.abgeordnetenwatch.de/api/v2/constituencies/6102"},"constituency_result":51,"mandate_won":"constituency"},"fraction_membership":{},"party":{"id":2,"entity_type":"party","label":"CDU","api_url":"https://www.abgeordnetenwatch.de/api/v2/parties/2"}},{"id":6381,"entity_type":"candidacy_mandate","label":"Michael Hennrich (Bundestag Wahl 2009)","api_url":"https://www.abgeordnetenwatch.de/api/v2/candidacies-mandates/6381","type":"candidacy","parliament_period":{"id":22,"entity_type":"parliament_period","label":"Bundestag Wahl 2009","api_url":"https://www.abgeordnetenwatch.de/api/v2/parliament-periods/22","abgeordnetenwatch_url":"https://www.abgeordnetenwatch.de/bundestag/wahl-2009"},"politician":{"id":79305,"entity_type":"politician","label":"Michael Hennrich","api_url":"https://www.abgeordnetenwatch.de/api/v2/politicians/79305","abgeordnetenwatch_url":"https://www.abgeordnetenwatch.de/profile/michael-hennrich"},"electoral_data":{"id":6381,"entity_type":"electoral_data","label":"Michael Hennrich (Bundestag Wahl 2009)","electoral_list":{},"constituency":{"id":6593,"entity_type":"constituency","label":"262 - Nürtingen (Bundestag Wahl 2009)","api_url":"https://www.abgeordnetenwatch.de/api/v2/constituencies/6593"},"constituency_result":43.4,"mandate_won":"constituency"},"fraction_membership":{},"party":{"id":2,"entity_type":"party","label":"CDU","api_url":"https://www.abgeordnetenwatch.de/api/v2/parties/2"}},{"id":6380,"entity_type":"candidacy_mandate","label":"Michael Hennrich (Bundestag Wahl 2005)","api_url":"https://www.abgeordnetenwatch.de/api/v2/candidacies-mandates/6380","type":"candidacy","parliament_period":{"id":6,"entity_type":"parliament_period","label":"Bundestag Wahl 2005","api_url":"https://www.abgeordnetenwatch.de/api/v2/parliament-periods/6","abgeordnetenwatch_url":"https://www.abgeordnetenwatch.de/bundestag/wahl-2005"},"politician":{"id":79305,"entity_type":"politician","label":"Michael Hennrich","api_url":"https://www.abgeordnetenwatch.de/api/v2/politicians/79305","abgeordnetenwatch_url":"https://www.abgeordnetenwatch.de/profile/michael-hennrich"},"electoral_data":{"id":6380,"entity_type":"electoral_data","label":"Michael Hennrich (Bundestag Wahl 2005)","electoral_list":{},"constituency":{"id":6326,"entity_type":"constituency","label":"263 - Nürtingen (Bundestag Wahl 2005)","api_url":"https://www.abgeordnetenwatch.de/api/v2/constituencies/6326"},"constituency_result":47.9},"fraction_membership":{},"party":{"id":2,"entity_type":"party","label":"CDU","api_url":"https://www.abgeordnetenwatch.de/api/v2/parties/2"}}]
