{"id":[79304],"entity_type":["politician"],"label":["Rudolf Henke"],"api_url":["https://www.abgeordnetenwatch.de/api/v2/politicians/79304"],"abgeordnetenwatch_url":["https://www.abgeordnetenwatch.de/profile/rudolf-henke"],"first_name":["Rudolf"],"last_name":["Henke"],"birth_name":{},"sex":["m"],"year_of_birth":[1954],"party":{"id":[2],"entity_type":["party"],"label":["CDU"],"api_url":["https://www.abgeordnetenwatch.de/api/v2/parties/2"]},"party_past":{},"education":["Facharzt für Innere Medizin"],"residence":{},"occupation":["MdB"],"statistic_questions":[78],"statistic_questions_answered":[76],"qid_wikidata":["Q2172919"],"field_title":{}}
