[{"id":44538,"entity_type":"candidacy_mandate","label":"Barbara Hendricks (Bundestag 2017 - 2021)","api_url":"https://www.abgeordnetenwatch.de/api/v2/candidacies-mandates/44538","id_external_administration":"872","id_external_administration_description":"mdbID - ID der Bundestagsverwaltung","type":"mandate","parliament_period":{"id":111,"entity_type":"parliament_period","label":"Bundestag 2017 - 2021","api_url":"https://www.abgeordnetenwatch.de/api/v2/parliament-periods/111","abgeordnetenwatch_url":"https://www.abgeordnetenwatch.de/bundestag/19"},"politician":{"id":79303,"entity_type":"politician","label":"Barbara Hendricks","api_url":"https://www.abgeordnetenwatch.de/api/v2/politicians/79303","abgeordnetenwatch_url":"https://www.abgeordnetenwatch.de/profile/barbara-hendricks"},"electoral_data":{"id":44538,"entity_type":"electoral_data","label":"Barbara Hendricks (Bundestag 2017 - 2021)","electoral_list":{"id":115,"entity_type":"electoral_list","label":"Landesliste Nordrhein-Westfalen (Bundestag 2017 - 2021)","api_url":"https://www.abgeordnetenwatch.de/api/v2/electoral-lists/115"},"list_position":2,"constituency":{"id":4236,"entity_type":"constituency","label":"112 - Kleve (Bundestag 2017 - 2021)","api_url":"https://www.abgeordnetenwatch.de/api/v2/constituencies/4236"},"constituency_result":30.6,"mandate_won":"list"},"fraction_membership":[{"id":6783,"entity_type":"fraction_membership","label":"SPD","fraction":{"id":22,"entity_type":"fraction","label":"SPD (Bundestag 2017 - 2021)","api_url":"https://www.abgeordnetenwatch.de/api/v2/fractions/22"}}],"party":{}},{"id":39485,"entity_type":"candidacy_mandate","label":"Barbara Hendricks (Bundestag 2013-2017)","api_url":"https://www.abgeordnetenwatch.de/api/v2/candidacies-mandates/39485","type":"mandate","parliament_period":{"id":97,"entity_type":"parliament_period","label":"Bundestag 2013 - 2017","api_url":"https://www.abgeordnetenwatch.de/api/v2/parliament-periods/97","abgeordnetenwatch_url":"https://www.abgeordnetenwatch.de/bundestag/18"},"politician":{"id":79303,"entity_type":"politician","label":"Barbara Hendricks","api_url":"https://www.abgeordnetenwatch.de/api/v2/politicians/79303","abgeordnetenwatch_url":"https://www.abgeordnetenwatch.de/profile/barbara-hendricks"},"electoral_data":{"id":39485,"entity_type":"electoral_data","label":"Barbara Hendricks (Bundestag 2013 - 2017)","electoral_list":{"id":35,"entity_type":"electoral_list","label":"Landesliste Nordrhein-Westfalen (Bundestag 2013-2017)","api_url":"https://www.abgeordnetenwatch.de/api/v2/electoral-lists/35"},"list_position":2,"constituency":{"id":1177,"entity_type":"constituency","label":"112 - Kleve (Bundestag 2013-2017)","api_url":"https://www.abgeordnetenwatch.de/api/v2/constituencies/1177"},"constituency_result":33.1,"mandate_won":"list"},"fraction_membership":[{"id":1711,"entity_type":"fraction_membership","label":"SPD","fraction":{"id":45,"entity_type":"fraction","label":"SPD (Bundestag 2013-2017)","api_url":"https://www.abgeordnetenwatch.de/api/v2/fractions/45"}}],"party":{}},{"id":39484,"entity_type":"candidacy_mandate","label":"Barbara Hendricks (Bundestag 2009-2013)","api_url":"https://www.abgeordnetenwatch.de/api/v2/candidacies-mandates/39484","type":"mandate","parliament_period":{"id":83,"entity_type":"parliament_period","label":"Bundestag 2009 - 2013","api_url":"https://www.abgeordnetenwatch.de/api/v2/parliament-periods/83","abgeordnetenwatch_url":"https://www.abgeordnetenwatch.de/bundestag/17"},"politician":{"id":79303,"entity_type":"politician","label":"Barbara Hendricks","api_url":"https://www.abgeordnetenwatch.de/api/v2/politicians/79303","abgeordnetenwatch_url":"https://www.abgeordnetenwatch.de/profile/barbara-hendricks"},"electoral_data":{"id":39484,"entity_type":"electoral_data","label":"Barbara Hendricks (Bundestag 2009 - 2013)","electoral_list":{"id":64,"entity_type":"electoral_list","label":"Landesliste Nordrhein-Westfalen (Bundestag 2009-2013)","api_url":"https://www.abgeordnetenwatch.de/api/v2/electoral-lists/64"},"list_position":9,"constituency":{"id":1650,"entity_type":"constituency","label":"113 - Kleve (Bundestag 2009-2013)","api_url":"https://www.abgeordnetenwatch.de/api/v2/constituencies/1650"},"constituency_result":29.6},"fraction_membership":[{"id":1710,"entity_type":"fraction_membership","label":"SPD","fraction":{"id":116,"entity_type":"fraction","label":"SPD (Bundestag 2009-2013)","api_url":"https://www.abgeordnetenwatch.de/api/v2/fractions/116"}}],"party":{}},{"id":39483,"entity_type":"candidacy_mandate","label":"Barbara Hendricks (Bundestag 2005-2009)","api_url":"https://www.abgeordnetenwatch.de/api/v2/candidacies-mandates/39483","type":"mandate","parliament_period":{"id":67,"entity_type":"parliament_period","label":"Bundestag 2005 - 2009","api_url":"https://www.abgeordnetenwatch.de/api/v2/parliament-periods/67","abgeordnetenwatch_url":"https://www.abgeordnetenwatch.de/bundestag/16"},"politician":{"id":79303,"entity_type":"politician","label":"Barbara Hendricks","api_url":"https://www.abgeordnetenwatch.de/api/v2/politicians/79303","abgeordnetenwatch_url":"https://www.abgeordnetenwatch.de/profile/barbara-hendricks"},"start_date":"1993-11-30","electoral_data":{"id":39483,"entity_type":"electoral_data","label":"Barbara Hendricks (Bundestag 2005 - 2009)","electoral_list":{"id":49,"entity_type":"electoral_list","label":"Landesliste Nordrhein-Westfalen (Bundestag 2005-2009)","api_url":"https://www.abgeordnetenwatch.de/api/v2/electoral-lists/49"},"list_position":5,"constituency":{"id":1393,"entity_type":"constituency","label":"113 - Kleve (Bundestag 2005-2009)","api_url":"https://www.abgeordnetenwatch.de/api/v2/constituencies/1393"}},"fraction_membership":[{"id":1709,"entity_type":"fraction_membership","label":"SPD","fraction":{"id":27,"entity_type":"fraction","label":"SPD (Bundestag 2005-2009)","api_url":"https://www.abgeordnetenwatch.de/api/v2/fractions/27"}}],"party":{}},{"id":6376,"entity_type":"candidacy_mandate","label":"Barbara Hendricks (Bundestag Wahl 2017)","api_url":"https://www.abgeordnetenwatch.de/api/v2/candidacies-mandates/6376","type":"candidacy","parliament_period":{"id":50,"entity_type":"parliament_period","label":"Bundestag Wahl 2017","api_url":"https://www.abgeordnetenwatch.de/api/v2/parliament-periods/50","abgeordnetenwatch_url":"https://www.abgeordnetenwatch.de/bundestag/wahl-2017"},"politician":{"id":79303,"entity_type":"politician","label":"Barbara Hendricks","api_url":"https://www.abgeordnetenwatch.de/api/v2/politicians/79303","abgeordnetenwatch_url":"https://www.abgeordnetenwatch.de/profile/barbara-hendricks"},"electoral_data":{"id":6376,"entity_type":"electoral_data","label":"Barbara Hendricks (Bundestag Wahl 2017)","electoral_list":{"id":274,"entity_type":"electoral_list","label":"Landesliste Nordrhein-Westfalen (Bundestag Wahl 2017)","api_url":"https://www.abgeordnetenwatch.de/api/v2/electoral-lists/274"},"list_position":2,"constituency":{"id":9122,"entity_type":"constituency","label":"112 - Kleve (Bundestag Wahl 2017)","api_url":"https://www.abgeordnetenwatch.de/api/v2/constituencies/9122"},"constituency_result":30.6,"mandate_won":"list"},"fraction_membership":{},"party":{"id":1,"entity_type":"party","label":"SPD","api_url":"https://www.abgeordnetenwatch.de/api/v2/parties/1"}},{"id":6375,"entity_type":"candidacy_mandate","label":"Barbara Hendricks (Bundestag Wahl 2013)","api_url":"https://www.abgeordnetenwatch.de/api/v2/candidacies-mandates/6375","type":"candidacy","parliament_period":{"id":36,"entity_type":"parliament_period","label":"Bundestag Wahl 2013","api_url":"https://www.abgeordnetenwatch.de/api/v2/parliament-periods/36","abgeordnetenwatch_url":"https://www.abgeordnetenwatch.de/bundestag/wahl-2013"},"politician":{"id":79303,"entity_type":"politician","label":"Barbara Hendricks","api_url":"https://www.abgeordnetenwatch.de/api/v2/politicians/79303","abgeordnetenwatch_url":"https://www.abgeordnetenwatch.de/profile/barbara-hendricks"},"electoral_data":{"id":6375,"entity_type":"electoral_data","label":"Barbara Hendricks (Bundestag Wahl 2013)","electoral_list":{},"list_position":2,"constituency":{"id":6063,"entity_type":"constituency","label":"112 - Kleve (Bundestag Wahl 2013)","api_url":"https://www.abgeordnetenwatch.de/api/v2/constituencies/6063"},"constituency_result":33.1,"mandate_won":"list"},"fraction_membership":{},"party":{"id":1,"entity_type":"party","label":"SPD","api_url":"https://www.abgeordnetenwatch.de/api/v2/parties/1"}},{"id":6374,"entity_type":"candidacy_mandate","label":"Barbara Hendricks (Bundestag Wahl 2009)","api_url":"https://www.abgeordnetenwatch.de/api/v2/candidacies-mandates/6374","type":"candidacy","parliament_period":{"id":22,"entity_type":"parliament_period","label":"Bundestag Wahl 2009","api_url":"https://www.abgeordnetenwatch.de/api/v2/parliament-periods/22","abgeordnetenwatch_url":"https://www.abgeordnetenwatch.de/bundestag/wahl-2009"},"politician":{"id":79303,"entity_type":"politician","label":"Barbara Hendricks","api_url":"https://www.abgeordnetenwatch.de/api/v2/politicians/79303","abgeordnetenwatch_url":"https://www.abgeordnetenwatch.de/profile/barbara-hendricks"},"electoral_data":{"id":6374,"entity_type":"electoral_data","label":"Barbara Hendricks (Bundestag Wahl 2009)","electoral_list":{},"list_position":9,"constituency":{"id":6536,"entity_type":"constituency","label":"113 - Kleve (Bundestag Wahl 2009)","api_url":"https://www.abgeordnetenwatch.de/api/v2/constituencies/6536"},"constituency_result":29.6},"fraction_membership":{},"party":{"id":1,"entity_type":"party","label":"SPD","api_url":"https://www.abgeordnetenwatch.de/api/v2/parties/1"}},{"id":6373,"entity_type":"candidacy_mandate","label":"Barbara Hendricks (Bundestag Wahl 2005)","api_url":"https://www.abgeordnetenwatch.de/api/v2/candidacies-mandates/6373","type":"candidacy","parliament_period":{"id":6,"entity_type":"parliament_period","label":"Bundestag Wahl 2005","api_url":"https://www.abgeordnetenwatch.de/api/v2/parliament-periods/6","abgeordnetenwatch_url":"https://www.abgeordnetenwatch.de/bundestag/wahl-2005"},"politician":{"id":79303,"entity_type":"politician","label":"Barbara Hendricks","api_url":"https://www.abgeordnetenwatch.de/api/v2/politicians/79303","abgeordnetenwatch_url":"https://www.abgeordnetenwatch.de/profile/barbara-hendricks"},"electoral_data":{"id":6373,"entity_type":"electoral_data","label":"Barbara Hendricks (Bundestag Wahl 2005)","electoral_list":{"id":208,"entity_type":"electoral_list","label":"Landesliste Nordrhein-Westfalen (Bundestag Wahl 2005)","api_url":"https://www.abgeordnetenwatch.de/api/v2/electoral-lists/208"},"list_position":5,"constituency":{"id":6279,"entity_type":"constituency","label":"113 - Kleve (Bundestag Wahl 2005)","api_url":"https://www.abgeordnetenwatch.de/api/v2/constituencies/6279"},"constituency_result":37.2},"fraction_membership":{},"party":{"id":1,"entity_type":"party","label":"SPD","api_url":"https://www.abgeordnetenwatch.de/api/v2/parties/1"}}]
