[{"id":49788,"entity_type":"candidacy_mandate","label":"Rudolf Henke (Bundestag Wahl 2021)","api_url":"https://www.abgeordnetenwatch.de/api/v2/candidacies-mandates/49788","type":"candidacy","parliament_period":{"id":128,"entity_type":"parliament_period","label":"Bundestag Wahl 2021","api_url":"https://www.abgeordnetenwatch.de/api/v2/parliament-periods/128","abgeordnetenwatch_url":"https://www.abgeordnetenwatch.de/bundestag/wahl-2021"},"politician":{"id":79304,"entity_type":"politician","label":"Rudolf Henke","api_url":"https://www.abgeordnetenwatch.de/api/v2/politicians/79304","abgeordnetenwatch_url":"https://www.abgeordnetenwatch.de/profile/rudolf-henke"},"party":{"id":2,"entity_type":"party","label":"CDU","api_url":"https://www.abgeordnetenwatch.de/api/v2/parties/2"},"electoral_data":{"id":50710,"entity_type":"electoral_data","label":"Rudolf Henke (Bundestag Wahl 2021)","electoral_list":{},"constituency":{"id":10144,"entity_type":"constituency","label":"87 - Aachen I (Bundestag Wahl 2021)","api_url":"https://www.abgeordnetenwatch.de/api/v2/constituencies/10144"},"constituency_result":25.6},"fraction_membership":{}},{"id":44539,"entity_type":"candidacy_mandate","label":"Rudolf Henke (Bundestag 2017 - 2021)","api_url":"https://www.abgeordnetenwatch.de/api/v2/candidacies-mandates/44539","id_external_administration":"1672","id_external_administration_description":"mdbID - ID der Bundestagsverwaltung","type":"mandate","parliament_period":{"id":111,"entity_type":"parliament_period","label":"Bundestag 2017 - 2021","api_url":"https://www.abgeordnetenwatch.de/api/v2/parliament-periods/111","abgeordnetenwatch_url":"https://www.abgeordnetenwatch.de/bundestag/19"},"politician":{"id":79304,"entity_type":"politician","label":"Rudolf Henke","api_url":"https://www.abgeordnetenwatch.de/api/v2/politicians/79304","abgeordnetenwatch_url":"https://www.abgeordnetenwatch.de/profile/rudolf-henke"},"party":{},"electoral_data":{"id":44539,"entity_type":"electoral_data","label":"Rudolf Henke (Bundestag 2017 - 2021)","electoral_list":{"id":115,"entity_type":"electoral_list","label":"Landesliste Nordrhein-Westfalen (Bundestag 2017 - 2021)","api_url":"https://www.abgeordnetenwatch.de/api/v2/electoral-lists/115"},"list_position":31,"constituency":{"id":4211,"entity_type":"constituency","label":"87 - Aachen I (Bundestag 2017 - 2021)","api_url":"https://www.abgeordnetenwatch.de/api/v2/constituencies/4211"},"constituency_result":33.7,"mandate_won":"constituency"},"fraction_membership":[{"id":6784,"entity_type":"fraction_membership","label":"CDU/CSU","fraction":{"id":81,"entity_type":"fraction","label":"CDU/CSU (Bundestag 2017 - 2021)","api_url":"https://www.abgeordnetenwatch.de/api/v2/fractions/81"}}]},{"id":39488,"entity_type":"candidacy_mandate","label":"Rudolf Henke (Bundestag 2013-2017)","api_url":"https://www.abgeordnetenwatch.de/api/v2/candidacies-mandates/39488","type":"mandate","parliament_period":{"id":97,"entity_type":"parliament_period","label":"Bundestag 2013 - 2017","api_url":"https://www.abgeordnetenwatch.de/api/v2/parliament-periods/97","abgeordnetenwatch_url":"https://www.abgeordnetenwatch.de/bundestag/18"},"politician":{"id":79304,"entity_type":"politician","label":"Rudolf Henke","api_url":"https://www.abgeordnetenwatch.de/api/v2/politicians/79304","abgeordnetenwatch_url":"https://www.abgeordnetenwatch.de/profile/rudolf-henke"},"party":{},"electoral_data":{"id":39488,"entity_type":"electoral_data","label":"Rudolf Henke (Bundestag 2013 - 2017)","electoral_list":{"id":35,"entity_type":"electoral_list","label":"Landesliste Nordrhein-Westfalen (Bundestag 2013-2017)","api_url":"https://www.abgeordnetenwatch.de/api/v2/electoral-lists/35"},"list_position":32,"constituency":{"id":1097,"entity_type":"constituency","label":"87 - Aachen I (Bundestag 2013-2017)","api_url":"https://www.abgeordnetenwatch.de/api/v2/constituencies/1097"},"constituency_result":40.8,"mandate_won":"constituency"},"fraction_membership":[{"id":1714,"entity_type":"fraction_membership","label":"CDU/CSU","fraction":{"id":111,"entity_type":"fraction","label":"CDU/CSU (Bundestag 2013-2017)","api_url":"https://www.abgeordnetenwatch.de/api/v2/fractions/111"}}]},{"id":39487,"entity_type":"candidacy_mandate","label":"Rudolf Henke (Bundestag 2009-2013)","api_url":"https://www.abgeordnetenwatch.de/api/v2/candidacies-mandates/39487","type":"mandate","parliament_period":{"id":83,"entity_type":"parliament_period","label":"Bundestag 2009 - 2013","api_url":"https://www.abgeordnetenwatch.de/api/v2/parliament-periods/83","abgeordnetenwatch_url":"https://www.abgeordnetenwatch.de/bundestag/17"},"politician":{"id":79304,"entity_type":"politician","label":"Rudolf Henke","api_url":"https://www.abgeordnetenwatch.de/api/v2/politicians/79304","abgeordnetenwatch_url":"https://www.abgeordnetenwatch.de/profile/rudolf-henke"},"party":{},"electoral_data":{"id":39487,"entity_type":"electoral_data","label":"Rudolf Henke (Bundestag 2009 - 2013)","electoral_list":{"id":64,"entity_type":"electoral_list","label":"Landesliste Nordrhein-Westfalen (Bundestag 2009-2013)","api_url":"https://www.abgeordnetenwatch.de/api/v2/electoral-lists/64"},"list_position":41,"constituency":{"id":1513,"entity_type":"constituency","label":"88 - Aachen (Bundestag 2009-2013)","api_url":"https://www.abgeordnetenwatch.de/api/v2/constituencies/1513"},"constituency_result":39.4},"fraction_membership":[{"id":1713,"entity_type":"fraction_membership","label":"CDU/CSU","fraction":{"id":112,"entity_type":"fraction","label":"CDU/CSU (Bundestag 2009-2013)","api_url":"https://www.abgeordnetenwatch.de/api/v2/fractions/112"}}]},{"id":39486,"entity_type":"candidacy_mandate","label":"Rudolf Henke (Nordrhein-Westfalen 2005-2010)","api_url":"https://www.abgeordnetenwatch.de/api/v2/candidacies-mandates/39486","type":"mandate","parliament_period":{"id":66,"entity_type":"parliament_period","label":"Nordrhein-Westfalen 2005 - 2010","api_url":"https://www.abgeordnetenwatch.de/api/v2/parliament-periods/66","abgeordnetenwatch_url":"https://www.abgeordnetenwatch.de/nordrhein-westfalen/14"},"politician":{"id":79304,"entity_type":"politician","label":"Rudolf Henke","api_url":"https://www.abgeordnetenwatch.de/api/v2/politicians/79304","abgeordnetenwatch_url":"https://www.abgeordnetenwatch.de/profile/rudolf-henke"},"party":{},"start_date":"1995-06-01","end_date":"2009-11-22","electoral_data":{"id":39486,"entity_type":"electoral_data","label":"Rudolf Henke (Nordrhein-Westfalen 2005 - 2010)","electoral_list":{},"constituency":{"id":1957,"entity_type":"constituency","label":"2 - Aachen II (Nordrhein-Westfalen 2005-2010)","api_url":"https://www.abgeordnetenwatch.de/api/v2/constituencies/1957"},"constituency_result":44.6,"mandate_won":"constituency"},"fraction_membership":[{"id":1712,"entity_type":"fraction_membership","label":"CDU","fraction":{"id":23,"entity_type":"fraction","label":"CDU (Nordrhein-Westfalen 2005-2010)","api_url":"https://www.abgeordnetenwatch.de/api/v2/fractions/23"}}]},{"id":6379,"entity_type":"candidacy_mandate","label":"Rudolf Henke (Bundestag Wahl 2017)","api_url":"https://www.abgeordnetenwatch.de/api/v2/candidacies-mandates/6379","type":"candidacy","parliament_period":{"id":50,"entity_type":"parliament_period","label":"Bundestag Wahl 2017","api_url":"https://www.abgeordnetenwatch.de/api/v2/parliament-periods/50","abgeordnetenwatch_url":"https://www.abgeordnetenwatch.de/bundestag/wahl-2017"},"politician":{"id":79304,"entity_type":"politician","label":"Rudolf Henke","api_url":"https://www.abgeordnetenwatch.de/api/v2/politicians/79304","abgeordnetenwatch_url":"https://www.abgeordnetenwatch.de/profile/rudolf-henke"},"party":{"id":2,"entity_type":"party","label":"CDU","api_url":"https://www.abgeordnetenwatch.de/api/v2/parties/2"},"electoral_data":{"id":6379,"entity_type":"electoral_data","label":"Rudolf Henke (Bundestag Wahl 2017)","electoral_list":{"id":274,"entity_type":"electoral_list","label":"Landesliste Nordrhein-Westfalen (Bundestag Wahl 2017)","api_url":"https://www.abgeordnetenwatch.de/api/v2/electoral-lists/274"},"list_position":31,"constituency":{"id":9097,"entity_type":"constituency","label":"87 - Aachen I (Bundestag Wahl 2017)","api_url":"https://www.abgeordnetenwatch.de/api/v2/constituencies/9097"},"constituency_result":33.7,"mandate_won":"constituency"},"fraction_membership":{}},{"id":6378,"entity_type":"candidacy_mandate","label":"Rudolf Henke (Bundestag Wahl 2013)","api_url":"https://www.abgeordnetenwatch.de/api/v2/candidacies-mandates/6378","type":"candidacy","parliament_period":{"id":36,"entity_type":"parliament_period","label":"Bundestag Wahl 2013","api_url":"https://www.abgeordnetenwatch.de/api/v2/parliament-periods/36","abgeordnetenwatch_url":"https://www.abgeordnetenwatch.de/bundestag/wahl-2013"},"politician":{"id":79304,"entity_type":"politician","label":"Rudolf Henke","api_url":"https://www.abgeordnetenwatch.de/api/v2/politicians/79304","abgeordnetenwatch_url":"https://www.abgeordnetenwatch.de/profile/rudolf-henke"},"party":{"id":2,"entity_type":"party","label":"CDU","api_url":"https://www.abgeordnetenwatch.de/api/v2/parties/2"},"electoral_data":{"id":6378,"entity_type":"electoral_data","label":"Rudolf Henke (Bundestag Wahl 2013)","electoral_list":{},"list_position":32,"constituency":{"id":5983,"entity_type":"constituency","label":"87 - Aachen I (Bundestag Wahl 2013)","api_url":"https://www.abgeordnetenwatch.de/api/v2/constituencies/5983"},"constituency_result":40.8,"mandate_won":"constituency"},"fraction_membership":{}},{"id":6377,"entity_type":"candidacy_mandate","label":"Rudolf Henke (Bundestag Wahl 2009)","api_url":"https://www.abgeordnetenwatch.de/api/v2/candidacies-mandates/6377","type":"candidacy","parliament_period":{"id":22,"entity_type":"parliament_period","label":"Bundestag Wahl 2009","api_url":"https://www.abgeordnetenwatch.de/api/v2/parliament-periods/22","abgeordnetenwatch_url":"https://www.abgeordnetenwatch.de/bundestag/wahl-2009"},"politician":{"id":79304,"entity_type":"politician","label":"Rudolf Henke","api_url":"https://www.abgeordnetenwatch.de/api/v2/politicians/79304","abgeordnetenwatch_url":"https://www.abgeordnetenwatch.de/profile/rudolf-henke"},"party":{"id":2,"entity_type":"party","label":"CDU","api_url":"https://www.abgeordnetenwatch.de/api/v2/parties/2"},"electoral_data":{"id":6377,"entity_type":"electoral_data","label":"Rudolf Henke (Bundestag Wahl 2009)","electoral_list":{},"list_position":41,"constituency":{"id":6399,"entity_type":"constituency","label":"88 - Aachen (Bundestag Wahl 2009)","api_url":"https://www.abgeordnetenwatch.de/api/v2/constituencies/6399"},"constituency_result":39.4,"mandate_won":"constituency"},"fraction_membership":{}}]
