[{"id":53750,"entity_type":"candidacy_mandate","label":"Hubertus Heil (Bundestag 2021 - 2025)","api_url":"https://www.abgeordnetenwatch.de/api/v2/candidacies-mandates/53750","id_external_administration":"1030","id_external_administration_description":"mdbID aus der info-xml-Datei der Bundestagsverwaltung","type":"mandate","parliament_period":{"id":132,"entity_type":"parliament_period","label":"Bundestag 2021 - 2025","api_url":"https://www.abgeordnetenwatch.de/api/v2/parliament-periods/132","abgeordnetenwatch_url":"https://www.abgeordnetenwatch.de/bundestag"},"politician":{"id":79316,"entity_type":"politician","label":"Hubertus Heil","api_url":"https://www.abgeordnetenwatch.de/api/v2/politicians/79316","abgeordnetenwatch_url":"https://www.abgeordnetenwatch.de/profile/hubertus-heil"},"electoral_data":{"id":54674,"entity_type":"electoral_data","label":"Hubertus Heil (Bundestag 2021 - 2025)","electoral_list":{"id":418,"entity_type":"electoral_list","label":"Landesliste Niedersachsen (Bundestag 2021 - 2025)","api_url":"https://www.abgeordnetenwatch.de/api/v2/electoral-lists/418"},"list_position":1,"constituency":{"id":10785,"entity_type":"constituency","label":"45 - Gifhorn - Peine (Bundestag 2021 - 2025)","api_url":"https://www.abgeordnetenwatch.de/api/v2/constituencies/10785"},"constituency_result":43,"mandate_won":"constituency"},"fraction_membership":[{"id":9597,"entity_type":"fraction_membership","label":"SPD","fraction":{"id":319,"entity_type":"fraction","label":"SPD (Bundestag 2021 - 2025)","api_url":"https://www.abgeordnetenwatch.de/api/v2/fractions/319"}}],"party":{}},{"id":48625,"entity_type":"candidacy_mandate","label":"Hubertus Heil (Bundestag Wahl 2021)","api_url":"https://www.abgeordnetenwatch.de/api/v2/candidacies-mandates/48625","type":"candidacy","parliament_period":{"id":128,"entity_type":"parliament_period","label":"Bundestag Wahl 2021","api_url":"https://www.abgeordnetenwatch.de/api/v2/parliament-periods/128","abgeordnetenwatch_url":"https://www.abgeordnetenwatch.de/bundestag/wahl-2021"},"politician":{"id":79316,"entity_type":"politician","label":"Hubertus Heil","api_url":"https://www.abgeordnetenwatch.de/api/v2/politicians/79316","abgeordnetenwatch_url":"https://www.abgeordnetenwatch.de/profile/hubertus-heil"},"electoral_data":{"id":49547,"entity_type":"electoral_data","label":"Hubertus Heil (Bundestag Wahl 2021)","electoral_list":{},"constituency":{"id":10102,"entity_type":"constituency","label":"45 - Gifhorn - Peine (Bundestag Wahl 2021)","api_url":"https://www.abgeordnetenwatch.de/api/v2/constituencies/10102"},"constituency_result":43},"fraction_membership":{},"party":{"id":1,"entity_type":"party","label":"SPD","api_url":"https://www.abgeordnetenwatch.de/api/v2/parties/1"}},{"id":44533,"entity_type":"candidacy_mandate","label":"Hubertus Heil (Bundestag 2017 - 2021)","api_url":"https://www.abgeordnetenwatch.de/api/v2/candidacies-mandates/44533","id_external_administration":"1030","id_external_administration_description":"mdbID - ID der Bundestagsverwaltung","type":"mandate","parliament_period":{"id":111,"entity_type":"parliament_period","label":"Bundestag 2017 - 2021","api_url":"https://www.abgeordnetenwatch.de/api/v2/parliament-periods/111","abgeordnetenwatch_url":"https://www.abgeordnetenwatch.de/bundestag/19"},"politician":{"id":79316,"entity_type":"politician","label":"Hubertus Heil","api_url":"https://www.abgeordnetenwatch.de/api/v2/politicians/79316","abgeordnetenwatch_url":"https://www.abgeordnetenwatch.de/profile/hubertus-heil"},"electoral_data":{"id":44533,"entity_type":"electoral_data","label":"Hubertus Heil (Bundestag 2017 - 2021)","electoral_list":{"id":114,"entity_type":"electoral_list","label":"Landesliste Niedersachsen (Bundestag 2017 - 2021)","api_url":"https://www.abgeordnetenwatch.de/api/v2/electoral-lists/114"},"list_position":5,"constituency":{"id":4169,"entity_type":"constituency","label":"45 - Gifhorn - Peine (Bundestag 2017 - 2021)","api_url":"https://www.abgeordnetenwatch.de/api/v2/constituencies/4169"},"constituency_result":37.8,"mandate_won":"constituency"},"fraction_membership":[{"id":6778,"entity_type":"fraction_membership","label":"SPD","fraction":{"id":22,"entity_type":"fraction","label":"SPD (Bundestag 2017 - 2021)","api_url":"https://www.abgeordnetenwatch.de/api/v2/fractions/22"}}],"party":{}},{"id":39514,"entity_type":"candidacy_mandate","label":"Hubertus Heil (Bundestag 2013-2017)","api_url":"https://www.abgeordnetenwatch.de/api/v2/candidacies-mandates/39514","type":"mandate","parliament_period":{"id":97,"entity_type":"parliament_period","label":"Bundestag 2013 - 2017","api_url":"https://www.abgeordnetenwatch.de/api/v2/parliament-periods/97","abgeordnetenwatch_url":"https://www.abgeordnetenwatch.de/bundestag/18"},"politician":{"id":79316,"entity_type":"politician","label":"Hubertus Heil","api_url":"https://www.abgeordnetenwatch.de/api/v2/politicians/79316","abgeordnetenwatch_url":"https://www.abgeordnetenwatch.de/profile/hubertus-heil"},"electoral_data":{"id":39514,"entity_type":"electoral_data","label":"Hubertus Heil (Bundestag 2013 - 2017)","electoral_list":{"id":34,"entity_type":"electoral_list","label":"Landesliste Niedersachsen (Bundestag 2013-2017)","api_url":"https://www.abgeordnetenwatch.de/api/v2/electoral-lists/34"},"list_position":5,"constituency":{"id":179,"entity_type":"constituency","label":"45 - Gifhorn - Peine (Bundestag 2013-2017)","api_url":"https://www.abgeordnetenwatch.de/api/v2/constituencies/179"},"constituency_result":43.3,"mandate_won":"constituency"},"fraction_membership":[{"id":1740,"entity_type":"fraction_membership","label":"SPD","fraction":{"id":45,"entity_type":"fraction","label":"SPD (Bundestag 2013-2017)","api_url":"https://www.abgeordnetenwatch.de/api/v2/fractions/45"}}],"party":{}},{"id":39513,"entity_type":"candidacy_mandate","label":"Hubertus Heil (Bundestag 2009-2013)","api_url":"https://www.abgeordnetenwatch.de/api/v2/candidacies-mandates/39513","type":"mandate","parliament_period":{"id":83,"entity_type":"parliament_period","label":"Bundestag 2009 - 2013","api_url":"https://www.abgeordnetenwatch.de/api/v2/parliament-periods/83","abgeordnetenwatch_url":"https://www.abgeordnetenwatch.de/bundestag/17"},"politician":{"id":79316,"entity_type":"politician","label":"Hubertus Heil","api_url":"https://www.abgeordnetenwatch.de/api/v2/politicians/79316","abgeordnetenwatch_url":"https://www.abgeordnetenwatch.de/profile/hubertus-heil"},"electoral_data":{"id":39513,"entity_type":"electoral_data","label":"Hubertus Heil (Bundestag 2009 - 2013)","electoral_list":{"id":63,"entity_type":"electoral_list","label":"Landesliste Niedersachsen (Bundestag 2009-2013)","api_url":"https://www.abgeordnetenwatch.de/api/v2/electoral-lists/63"},"list_position":3,"constituency":{"id":269,"entity_type":"constituency","label":"46 - Gifhorn - Peine (Bundestag 2009-2013)","api_url":"https://www.abgeordnetenwatch.de/api/v2/constituencies/269"},"constituency_result":40.5},"fraction_membership":[{"id":1739,"entity_type":"fraction_membership","label":"SPD","fraction":{"id":116,"entity_type":"fraction","label":"SPD (Bundestag 2009-2013)","api_url":"https://www.abgeordnetenwatch.de/api/v2/fractions/116"}}],"party":{}},{"id":39512,"entity_type":"candidacy_mandate","label":"Hubertus Heil (Bundestag 2005-2009)","api_url":"https://www.abgeordnetenwatch.de/api/v2/candidacies-mandates/39512","type":"mandate","parliament_period":{"id":67,"entity_type":"parliament_period","label":"Bundestag 2005 - 2009","api_url":"https://www.abgeordnetenwatch.de/api/v2/parliament-periods/67","abgeordnetenwatch_url":"https://www.abgeordnetenwatch.de/bundestag/16"},"politician":{"id":79316,"entity_type":"politician","label":"Hubertus Heil","api_url":"https://www.abgeordnetenwatch.de/api/v2/politicians/79316","abgeordnetenwatch_url":"https://www.abgeordnetenwatch.de/profile/hubertus-heil"},"start_date":"1997-11-30","electoral_data":{"id":39512,"entity_type":"electoral_data","label":"Hubertus Heil (Bundestag 2005 - 2009)","electoral_list":{"id":48,"entity_type":"electoral_list","label":"Landesliste Niedersachsen (Bundestag 2005-2009)","api_url":"https://www.abgeordnetenwatch.de/api/v2/electoral-lists/48"},"list_position":15,"constituency":{"id":242,"entity_type":"constituency","label":"45 - Gifhorn - Peine (Bundestag 2005-2009)","api_url":"https://www.abgeordnetenwatch.de/api/v2/constituencies/242"}},"fraction_membership":[{"id":1738,"entity_type":"fraction_membership","label":"SPD","fraction":{"id":27,"entity_type":"fraction","label":"SPD (Bundestag 2005-2009)","api_url":"https://www.abgeordnetenwatch.de/api/v2/fractions/27"}}],"party":{}},{"id":6414,"entity_type":"candidacy_mandate","label":"Hubertus Heil (Bundestag Wahl 2017)","api_url":"https://www.abgeordnetenwatch.de/api/v2/candidacies-mandates/6414","type":"candidacy","parliament_period":{"id":50,"entity_type":"parliament_period","label":"Bundestag Wahl 2017","api_url":"https://www.abgeordnetenwatch.de/api/v2/parliament-periods/50","abgeordnetenwatch_url":"https://www.abgeordnetenwatch.de/bundestag/wahl-2017"},"politician":{"id":79316,"entity_type":"politician","label":"Hubertus Heil","api_url":"https://www.abgeordnetenwatch.de/api/v2/politicians/79316","abgeordnetenwatch_url":"https://www.abgeordnetenwatch.de/profile/hubertus-heil"},"electoral_data":{"id":6414,"entity_type":"electoral_data","label":"Hubertus Heil (Bundestag Wahl 2017)","electoral_list":{"id":273,"entity_type":"electoral_list","label":"Landesliste Niedersachsen (Bundestag Wahl 2017)","api_url":"https://www.abgeordnetenwatch.de/api/v2/electoral-lists/273"},"list_position":5,"constituency":{"id":9055,"entity_type":"constituency","label":"45 - Gifhorn - Peine (Bundestag Wahl 2017)","api_url":"https://www.abgeordnetenwatch.de/api/v2/constituencies/9055"},"constituency_result":37.8,"mandate_won":"constituency"},"fraction_membership":{},"party":{"id":1,"entity_type":"party","label":"SPD","api_url":"https://www.abgeordnetenwatch.de/api/v2/parties/1"}},{"id":6413,"entity_type":"candidacy_mandate","label":"Hubertus Heil (Bundestag Wahl 2013)","api_url":"https://www.abgeordnetenwatch.de/api/v2/candidacies-mandates/6413","type":"candidacy","parliament_period":{"id":36,"entity_type":"parliament_period","label":"Bundestag Wahl 2013","api_url":"https://www.abgeordnetenwatch.de/api/v2/parliament-periods/36","abgeordnetenwatch_url":"https://www.abgeordnetenwatch.de/bundestag/wahl-2013"},"politician":{"id":79316,"entity_type":"politician","label":"Hubertus Heil","api_url":"https://www.abgeordnetenwatch.de/api/v2/politicians/79316","abgeordnetenwatch_url":"https://www.abgeordnetenwatch.de/profile/hubertus-heil"},"electoral_data":{"id":6413,"entity_type":"electoral_data","label":"Hubertus Heil (Bundestag Wahl 2013)","electoral_list":{},"list_position":5,"constituency":{"id":5065,"entity_type":"constituency","label":"45 - Gifhorn - Peine (Bundestag Wahl 2013)","api_url":"https://www.abgeordnetenwatch.de/api/v2/constituencies/5065"},"constituency_result":43.3,"mandate_won":"constituency"},"fraction_membership":{},"party":{"id":1,"entity_type":"party","label":"SPD","api_url":"https://www.abgeordnetenwatch.de/api/v2/parties/1"}},{"id":6412,"entity_type":"candidacy_mandate","label":"Hubertus Heil (Bundestag Wahl 2009)","api_url":"https://www.abgeordnetenwatch.de/api/v2/candidacies-mandates/6412","type":"candidacy","parliament_period":{"id":22,"entity_type":"parliament_period","label":"Bundestag Wahl 2009","api_url":"https://www.abgeordnetenwatch.de/api/v2/parliament-periods/22","abgeordnetenwatch_url":"https://www.abgeordnetenwatch.de/bundestag/wahl-2009"},"politician":{"id":79316,"entity_type":"politician","label":"Hubertus Heil","api_url":"https://www.abgeordnetenwatch.de/api/v2/politicians/79316","abgeordnetenwatch_url":"https://www.abgeordnetenwatch.de/profile/hubertus-heil"},"electoral_data":{"id":6412,"entity_type":"electoral_data","label":"Hubertus Heil (Bundestag Wahl 2009)","electoral_list":{},"list_position":3,"constituency":{"id":5155,"entity_type":"constituency","label":"46 - Gifhorn - Peine (Bundestag Wahl 2009)","api_url":"https://www.abgeordnetenwatch.de/api/v2/constituencies/5155"},"constituency_result":40.5,"mandate_won":"constituency"},"fraction_membership":{},"party":{"id":1,"entity_type":"party","label":"SPD","api_url":"https://www.abgeordnetenwatch.de/api/v2/parties/1"}},{"id":6411,"entity_type":"candidacy_mandate","label":"Hubertus Heil (Bundestag Wahl 2005)","api_url":"https://www.abgeordnetenwatch.de/api/v2/candidacies-mandates/6411","type":"candidacy","parliament_period":{"id":6,"entity_type":"parliament_period","label":"Bundestag Wahl 2005","api_url":"https://www.abgeordnetenwatch.de/api/v2/parliament-periods/6","abgeordnetenwatch_url":"https://www.abgeordnetenwatch.de/bundestag/wahl-2005"},"politician":{"id":79316,"entity_type":"politician","label":"Hubertus Heil","api_url":"https://www.abgeordnetenwatch.de/api/v2/politicians/79316","abgeordnetenwatch_url":"https://www.abgeordnetenwatch.de/profile/hubertus-heil"},"electoral_data":{"id":6411,"entity_type":"electoral_data","label":"Hubertus Heil (Bundestag Wahl 2005)","electoral_list":{"id":207,"entity_type":"electoral_list","label":"Landesliste Niedersachsen (Bundestag Wahl 2005)","api_url":"https://www.abgeordnetenwatch.de/api/v2/electoral-lists/207"},"list_position":15,"constituency":{"id":5128,"entity_type":"constituency","label":"45 - Gifhorn - Peine (Bundestag Wahl 2005)","api_url":"https://www.abgeordnetenwatch.de/api/v2/constituencies/5128"},"constituency_result":51.1},"fraction_membership":{},"party":{"id":1,"entity_type":"party","label":"SPD","api_url":"https://www.abgeordnetenwatch.de/api/v2/parties/1"}}]
