[{"id":49793,"entity_type":"candidacy_mandate","label":"Frank Heinrich (Bundestag Wahl 2021)","api_url":"https://www.abgeordnetenwatch.de/api/v2/candidacies-mandates/49793","type":"candidacy","parliament_period":{"id":128,"entity_type":"parliament_period","label":"Bundestag Wahl 2021","api_url":"https://www.abgeordnetenwatch.de/api/v2/parliament-periods/128","abgeordnetenwatch_url":"https://www.abgeordnetenwatch.de/bundestag/wahl-2021"},"politician":{"id":79319,"entity_type":"politician","label":"Frank Heinrich","api_url":"https://www.abgeordnetenwatch.de/api/v2/politicians/79319","abgeordnetenwatch_url":"https://www.abgeordnetenwatch.de/profile/frank-heinrich"},"party":{"id":2,"entity_type":"party","label":"CDU","api_url":"https://www.abgeordnetenwatch.de/api/v2/parties/2"},"electoral_data":{"id":50715,"entity_type":"electoral_data","label":"Frank Heinrich (Bundestag Wahl 2021)","electoral_list":{"id":368,"entity_type":"electoral_list","label":"Landesliste Sachsen (Bundestag Wahl 2021)","api_url":"https://www.abgeordnetenwatch.de/api/v2/electoral-lists/368"},"list_position":11,"constituency":{"id":10219,"entity_type":"constituency","label":"162 - Chemnitz (Bundestag Wahl 2021)","api_url":"https://www.abgeordnetenwatch.de/api/v2/constituencies/10219"},"constituency_result":18.5,"constituency_result_count":25801},"fraction_membership":{}},{"id":45858,"entity_type":"candidacy_mandate","label":"Frank Heinrich (Bundestag 2017 - 2021)","api_url":"https://www.abgeordnetenwatch.de/api/v2/candidacies-mandates/45858","id_external_administration":"1574","id_external_administration_description":"mdbID - ID der Bundestagsverwaltung","type":"mandate","parliament_period":{"id":111,"entity_type":"parliament_period","label":"Bundestag 2017 - 2021","api_url":"https://www.abgeordnetenwatch.de/api/v2/parliament-periods/111","abgeordnetenwatch_url":"https://www.abgeordnetenwatch.de/bundestag/19"},"politician":{"id":79319,"entity_type":"politician","label":"Frank Heinrich","api_url":"https://www.abgeordnetenwatch.de/api/v2/politicians/79319","abgeordnetenwatch_url":"https://www.abgeordnetenwatch.de/profile/frank-heinrich"},"party":{},"electoral_data":{"id":45858,"entity_type":"electoral_data","label":"Frank Heinrich (Bundestag 2017 - 2021)","electoral_list":{"id":118,"entity_type":"electoral_list","label":"Landesliste Sachsen (Bundestag 2017 - 2021)","api_url":"https://www.abgeordnetenwatch.de/api/v2/electoral-lists/118"},"list_position":9,"constituency":{"id":4286,"entity_type":"constituency","label":"162 - Chemnitz (Bundestag 2017 - 2021)","api_url":"https://www.abgeordnetenwatch.de/api/v2/constituencies/4286"},"constituency_result":26.6,"mandate_won":"constituency"},"fraction_membership":[{"id":8119,"entity_type":"fraction_membership","label":"CDU/CSU","fraction":{"id":81,"entity_type":"fraction","label":"CDU/CSU (Bundestag 2017 - 2021)","api_url":"https://www.abgeordnetenwatch.de/api/v2/fractions/81"}}]},{"id":39520,"entity_type":"candidacy_mandate","label":"Frank Heinrich (Bundestag 2013-2017)","api_url":"https://www.abgeordnetenwatch.de/api/v2/candidacies-mandates/39520","type":"mandate","parliament_period":{"id":97,"entity_type":"parliament_period","label":"Bundestag 2013 - 2017","api_url":"https://www.abgeordnetenwatch.de/api/v2/parliament-periods/97","abgeordnetenwatch_url":"https://www.abgeordnetenwatch.de/bundestag/18"},"politician":{"id":79319,"entity_type":"politician","label":"Frank Heinrich","api_url":"https://www.abgeordnetenwatch.de/api/v2/politicians/79319","abgeordnetenwatch_url":"https://www.abgeordnetenwatch.de/profile/frank-heinrich"},"party":{},"electoral_data":{"id":39520,"entity_type":"electoral_data","label":"Frank Heinrich (Bundestag 2013 - 2017)","electoral_list":{},"constituency":{"id":664,"entity_type":"constituency","label":"162 - Chemnitz (Bundestag 2013-2017)","api_url":"https://www.abgeordnetenwatch.de/api/v2/constituencies/664"},"constituency_result":41.7,"mandate_won":"constituency"},"fraction_membership":[{"id":1746,"entity_type":"fraction_membership","label":"CDU/CSU","fraction":{"id":111,"entity_type":"fraction","label":"CDU/CSU (Bundestag 2013-2017)","api_url":"https://www.abgeordnetenwatch.de/api/v2/fractions/111"}}]},{"id":39519,"entity_type":"candidacy_mandate","label":"Frank Heinrich (Bundestag 2009-2013)","api_url":"https://www.abgeordnetenwatch.de/api/v2/candidacies-mandates/39519","type":"mandate","parliament_period":{"id":83,"entity_type":"parliament_period","label":"Bundestag 2009 - 2013","api_url":"https://www.abgeordnetenwatch.de/api/v2/parliament-periods/83","abgeordnetenwatch_url":"https://www.abgeordnetenwatch.de/bundestag/17"},"politician":{"id":79319,"entity_type":"politician","label":"Frank Heinrich","api_url":"https://www.abgeordnetenwatch.de/api/v2/politicians/79319","abgeordnetenwatch_url":"https://www.abgeordnetenwatch.de/profile/frank-heinrich"},"party":{},"electoral_data":{"id":39519,"entity_type":"electoral_data","label":"Frank Heinrich (Bundestag 2009 - 2013)","electoral_list":{"id":67,"entity_type":"electoral_list","label":"Landesliste Sachsen (Bundestag 2009-2013)","api_url":"https://www.abgeordnetenwatch.de/api/v2/electoral-lists/67"},"list_position":3,"constituency":{"id":673,"entity_type":"constituency","label":"163 - Chemnitz (Bundestag 2009-2013)","api_url":"https://www.abgeordnetenwatch.de/api/v2/constituencies/673"},"constituency_result":34.1},"fraction_membership":[{"id":1745,"entity_type":"fraction_membership","label":"CDU/CSU","fraction":{"id":112,"entity_type":"fraction","label":"CDU/CSU (Bundestag 2009-2013)","api_url":"https://www.abgeordnetenwatch.de/api/v2/fractions/112"}}]},{"id":6423,"entity_type":"candidacy_mandate","label":"Frank Heinrich (Bundestag Wahl 2017)","api_url":"https://www.abgeordnetenwatch.de/api/v2/candidacies-mandates/6423","type":"candidacy","parliament_period":{"id":50,"entity_type":"parliament_period","label":"Bundestag Wahl 2017","api_url":"https://www.abgeordnetenwatch.de/api/v2/parliament-periods/50","abgeordnetenwatch_url":"https://www.abgeordnetenwatch.de/bundestag/wahl-2017"},"politician":{"id":79319,"entity_type":"politician","label":"Frank Heinrich","api_url":"https://www.abgeordnetenwatch.de/api/v2/politicians/79319","abgeordnetenwatch_url":"https://www.abgeordnetenwatch.de/profile/frank-heinrich"},"party":{"id":2,"entity_type":"party","label":"CDU","api_url":"https://www.abgeordnetenwatch.de/api/v2/parties/2"},"electoral_data":{"id":6423,"entity_type":"electoral_data","label":"Frank Heinrich (Bundestag Wahl 2017)","electoral_list":{"id":277,"entity_type":"electoral_list","label":"Landesliste Sachsen (Bundestag Wahl 2017)","api_url":"https://www.abgeordnetenwatch.de/api/v2/electoral-lists/277"},"list_position":9,"constituency":{"id":9172,"entity_type":"constituency","label":"162 - Chemnitz (Bundestag Wahl 2017)","api_url":"https://www.abgeordnetenwatch.de/api/v2/constituencies/9172"},"constituency_result":26.6,"mandate_won":"constituency"},"fraction_membership":{}},{"id":6422,"entity_type":"candidacy_mandate","label":"Frank Heinrich (Bundestag Wahl 2013)","api_url":"https://www.abgeordnetenwatch.de/api/v2/candidacies-mandates/6422","type":"candidacy","parliament_period":{"id":36,"entity_type":"parliament_period","label":"Bundestag Wahl 2013","api_url":"https://www.abgeordnetenwatch.de/api/v2/parliament-periods/36","abgeordnetenwatch_url":"https://www.abgeordnetenwatch.de/bundestag/wahl-2013"},"politician":{"id":79319,"entity_type":"politician","label":"Frank Heinrich","api_url":"https://www.abgeordnetenwatch.de/api/v2/politicians/79319","abgeordnetenwatch_url":"https://www.abgeordnetenwatch.de/profile/frank-heinrich"},"party":{"id":2,"entity_type":"party","label":"CDU","api_url":"https://www.abgeordnetenwatch.de/api/v2/parties/2"},"electoral_data":{"id":6422,"entity_type":"electoral_data","label":"Frank Heinrich (Bundestag Wahl 2013)","electoral_list":{},"constituency":{"id":5550,"entity_type":"constituency","label":"162 - Chemnitz (Bundestag Wahl 2013)","api_url":"https://www.abgeordnetenwatch.de/api/v2/constituencies/5550"},"constituency_result":41.7,"mandate_won":"constituency"},"fraction_membership":{}},{"id":6421,"entity_type":"candidacy_mandate","label":"Frank Heinrich (Bundestag Wahl 2009)","api_url":"https://www.abgeordnetenwatch.de/api/v2/candidacies-mandates/6421","type":"candidacy","parliament_period":{"id":22,"entity_type":"parliament_period","label":"Bundestag Wahl 2009","api_url":"https://www.abgeordnetenwatch.de/api/v2/parliament-periods/22","abgeordnetenwatch_url":"https://www.abgeordnetenwatch.de/bundestag/wahl-2009"},"politician":{"id":79319,"entity_type":"politician","label":"Frank Heinrich","api_url":"https://www.abgeordnetenwatch.de/api/v2/politicians/79319","abgeordnetenwatch_url":"https://www.abgeordnetenwatch.de/profile/frank-heinrich"},"party":{"id":2,"entity_type":"party","label":"CDU","api_url":"https://www.abgeordnetenwatch.de/api/v2/parties/2"},"electoral_data":{"id":6421,"entity_type":"electoral_data","label":"Frank Heinrich (Bundestag Wahl 2009)","electoral_list":{},"constituency":{"id":5559,"entity_type":"constituency","label":"163 - Chemnitz (Bundestag Wahl 2009)","api_url":"https://www.abgeordnetenwatch.de/api/v2/constituencies/5559"},"constituency_result":34.1,"mandate_won":"constituency"},"fraction_membership":{}}]
