{"id":[79314],"entity_type":["politician"],"label":["Matthias Heider"],"api_url":["https://www.abgeordnetenwatch.de/api/v2/politicians/79314"],"abgeordnetenwatch_url":["https://www.abgeordnetenwatch.de/profile/matthias-heider"],"first_name":["Matthias"],"last_name":["Heider"],"birth_name":{},"sex":["m"],"year_of_birth":[1966],"party":{"id":[2],"entity_type":["party"],"label":["CDU"],"api_url":["https://www.abgeordnetenwatch.de/api/v2/parties/2"]},"party_past":{},"education":["Rechtsanwalt"],"residence":{},"occupation":["MdB"],"statistic_questions":[49],"statistic_questions_answered":[49],"qid_wikidata":["Q1909956"],"field_title":{}}
