{"id":[79325],"entity_type":["politician"],"label":["Britta Haßelmann"],"api_url":["https://www.abgeordnetenwatch.de/api/v2/politicians/79325"],"abgeordnetenwatch_url":["https://www.abgeordnetenwatch.de/profile/britta-hasselmann"],"first_name":["Britta"],"last_name":["Haßelmann"],"birth_name":{},"sex":["f"],"year_of_birth":[1961],"party":{"id":[5],"entity_type":["party"],"label":["Bündnis 90/Die Grünen"],"api_url":["https://www.abgeordnetenwatch.de/api/v2/parties/5"]},"party_past":{},"deceased":{},"deceased_date":{},"education":["Dipl. Sozialarbeiterin"],"residence":{},"occupation":["MdB"],"statistic_questions":[16],"statistic_questions_answered":[5],"qid_wikidata":["Q920726"],"field_title":{}}
