{"id":[79321],"entity_type":["politician"],"label":["Mark Hauptmann"],"api_url":["https://www.abgeordnetenwatch.de/api/v2/politicians/79321"],"abgeordnetenwatch_url":["https://www.abgeordnetenwatch.de/profile/mark-hauptmann"],"first_name":["Mark"],"last_name":["Hauptmann"],"birth_name":{},"sex":["m"],"year_of_birth":[1984],"party":{"id":[185],"entity_type":["party"],"label":["parteilos"],"api_url":["https://www.abgeordnetenwatch.de/api/v2/parties/185"]},"party_past":{},"deceased":{},"deceased_date":{},"education":["Politikwissenschafter"],"residence":{},"occupation":["MdB"],"statistic_questions":[41],"statistic_questions_answered":[35],"qid_wikidata":["Q15813755"],"field_title":{}}
