{"id":[79331],"entity_type":["politician"],"label":["Rita Hagl-Kehl"],"api_url":["https://www.abgeordnetenwatch.de/api/v2/politicians/79331"],"abgeordnetenwatch_url":["https://www.abgeordnetenwatch.de/profile/rita-hagl-kehl"],"first_name":["Rita"],"last_name":["Hagl-Kehl"],"birth_name":{},"sex":["f"],"year_of_birth":[1970],"party":{"id":[1],"entity_type":["party"],"label":["SPD"],"api_url":["https://www.abgeordnetenwatch.de/api/v2/parties/1"]},"party_past":{},"deceased":{},"deceased_date":{},"education":["Lehrerin"],"residence":{},"occupation":["Parlamentarische Staatssekretärin bei der Bundesministerin der Jusitz und für Verbraucherschutz, MdB"],"statistic_questions":[1],"statistic_questions_answered":[1],"qid_wikidata":["Q15813119"],"field_title":{}}
