{"id":[79344],"entity_type":["politician"],"label":["Manfred Grund"],"api_url":["https://www.abgeordnetenwatch.de/api/v2/politicians/79344"],"abgeordnetenwatch_url":["https://www.abgeordnetenwatch.de/profile/manfred-grund"],"first_name":["Manfred"],"last_name":["Grund"],"birth_name":{},"sex":["m"],"year_of_birth":[1955],"party":{"id":[2],"entity_type":["party"],"label":["CDU"],"api_url":["https://www.abgeordnetenwatch.de/api/v2/parties/2"]},"party_past":{},"education":["Dipl. Elektroingenieur"],"residence":["Heilbad Heiligenstadt"],"occupation":["MdB"],"statistic_questions":[7],"statistic_questions_answered":[7],"qid_wikidata":["Q1889410"],"field_title":{}}
