[{"id":53929,"entity_type":"candidacy_mandate","label":"Hans-Peter Friedrich (Bundestag 2021 - 2025)","api_url":"https://www.abgeordnetenwatch.de/api/v2/candidacies-mandates/53929","id_external_administration":"1011","id_external_administration_description":"mdbID aus der info-xml-Datei der Bundestagsverwaltung","type":"mandate","parliament_period":{"id":132,"entity_type":"parliament_period","label":"Bundestag 2021 - 2025","api_url":"https://www.abgeordnetenwatch.de/api/v2/parliament-periods/132","abgeordnetenwatch_url":"https://www.abgeordnetenwatch.de/bundestag"},"politician":{"id":79369,"entity_type":"politician","label":"Hans-Peter Friedrich","api_url":"https://www.abgeordnetenwatch.de/api/v2/politicians/79369","abgeordnetenwatch_url":"https://www.abgeordnetenwatch.de/profile/hans-peter-friedrich"},"electoral_data":{"id":54853,"entity_type":"electoral_data","label":"Hans-Peter Friedrich (Bundestag 2021 - 2025)","electoral_list":{"id":411,"entity_type":"electoral_list","label":"Landesliste Bayern (Bundestag 2021 - 2025)","api_url":"https://www.abgeordnetenwatch.de/api/v2/electoral-lists/411"},"list_position":5,"constituency":{"id":10979,"entity_type":"constituency","label":"239 - Hof (Bundestag 2021 - 2025)","api_url":"https://www.abgeordnetenwatch.de/api/v2/constituencies/10979"},"constituency_result":41,"mandate_won":"constituency"},"fraction_membership":[{"id":9776,"entity_type":"fraction_membership","label":"CDU/CSU","fraction":{"id":320,"entity_type":"fraction","label":"CDU/CSU (Bundestag 2021 - 2025)","api_url":"https://www.abgeordnetenwatch.de/api/v2/fractions/320"}}],"party":{}},{"id":49805,"entity_type":"candidacy_mandate","label":"Hans-Peter Friedrich (Bundestag Wahl 2021)","api_url":"https://www.abgeordnetenwatch.de/api/v2/candidacies-mandates/49805","type":"candidacy","parliament_period":{"id":128,"entity_type":"parliament_period","label":"Bundestag Wahl 2021","api_url":"https://www.abgeordnetenwatch.de/api/v2/parliament-periods/128","abgeordnetenwatch_url":"https://www.abgeordnetenwatch.de/bundestag/wahl-2021"},"politician":{"id":79369,"entity_type":"politician","label":"Hans-Peter Friedrich","api_url":"https://www.abgeordnetenwatch.de/api/v2/politicians/79369","abgeordnetenwatch_url":"https://www.abgeordnetenwatch.de/profile/hans-peter-friedrich"},"electoral_data":{"id":50727,"entity_type":"electoral_data","label":"Hans-Peter Friedrich (Bundestag Wahl 2021)","electoral_list":{"id":357,"entity_type":"electoral_list","label":"Landesliste Bayern (Bundestag Wahl 2021)","api_url":"https://www.abgeordnetenwatch.de/api/v2/electoral-lists/357"},"list_position":5,"constituency":{"id":10296,"entity_type":"constituency","label":"239 - Hof (Bundestag Wahl 2021)","api_url":"https://www.abgeordnetenwatch.de/api/v2/constituencies/10296"},"constituency_result":41.2,"constituency_result_count":51312,"mandate_won":"constituency"},"fraction_membership":{},"party":{"id":3,"entity_type":"party","label":"CSU","api_url":"https://www.abgeordnetenwatch.de/api/v2/parties/3"}},{"id":44517,"entity_type":"candidacy_mandate","label":"Hans-Peter Friedrich (Bundestag 2017 - 2021)","api_url":"https://www.abgeordnetenwatch.de/api/v2/candidacies-mandates/44517","id_external_administration":"1011","id_external_administration_description":"mdbID - ID der Bundestagsverwaltung","type":"mandate","parliament_period":{"id":111,"entity_type":"parliament_period","label":"Bundestag 2017 - 2021","api_url":"https://www.abgeordnetenwatch.de/api/v2/parliament-periods/111","abgeordnetenwatch_url":"https://www.abgeordnetenwatch.de/bundestag/19"},"politician":{"id":79369,"entity_type":"politician","label":"Hans-Peter Friedrich","api_url":"https://www.abgeordnetenwatch.de/api/v2/politicians/79369","abgeordnetenwatch_url":"https://www.abgeordnetenwatch.de/profile/hans-peter-friedrich"},"electoral_data":{"id":44517,"entity_type":"electoral_data","label":"Hans-Peter Friedrich (Bundestag 2017 - 2021)","electoral_list":{"id":107,"entity_type":"electoral_list","label":"Landesliste Bayern (Bundestag 2017 - 2021)","api_url":"https://www.abgeordnetenwatch.de/api/v2/electoral-lists/107"},"list_position":8,"constituency":{"id":4363,"entity_type":"constituency","label":"239 - Hof (Bundestag 2017 - 2021)","api_url":"https://www.abgeordnetenwatch.de/api/v2/constituencies/4363"},"constituency_result":47,"mandate_won":"constituency"},"fraction_membership":[{"id":6762,"entity_type":"fraction_membership","label":"CDU/CSU","fraction":{"id":81,"entity_type":"fraction","label":"CDU/CSU (Bundestag 2017 - 2021)","api_url":"https://www.abgeordnetenwatch.de/api/v2/fractions/81"}}],"party":{}},{"id":39619,"entity_type":"candidacy_mandate","label":"Hans-Peter Friedrich (Bundestag 2013-2017)","api_url":"https://www.abgeordnetenwatch.de/api/v2/candidacies-mandates/39619","type":"mandate","parliament_period":{"id":97,"entity_type":"parliament_period","label":"Bundestag 2013 - 2017","api_url":"https://www.abgeordnetenwatch.de/api/v2/parliament-periods/97","abgeordnetenwatch_url":"https://www.abgeordnetenwatch.de/bundestag/18"},"politician":{"id":79369,"entity_type":"politician","label":"Hans-Peter Friedrich","api_url":"https://www.abgeordnetenwatch.de/api/v2/politicians/79369","abgeordnetenwatch_url":"https://www.abgeordnetenwatch.de/profile/hans-peter-friedrich"},"electoral_data":{"id":39619,"entity_type":"electoral_data","label":"Hans-Peter Friedrich (Bundestag 2013 - 2017)","electoral_list":{"id":27,"entity_type":"electoral_list","label":"Landesliste Bayern (Bundestag 2013-2017)","api_url":"https://www.abgeordnetenwatch.de/api/v2/electoral-lists/27"},"list_position":2,"constituency":{"id":1170,"entity_type":"constituency","label":"239 - Hof (Bundestag 2013-2017)","api_url":"https://www.abgeordnetenwatch.de/api/v2/constituencies/1170"},"constituency_result":55.1,"mandate_won":"constituency"},"fraction_membership":[{"id":1845,"entity_type":"fraction_membership","label":"CDU/CSU","fraction":{"id":111,"entity_type":"fraction","label":"CDU/CSU (Bundestag 2013-2017)","api_url":"https://www.abgeordnetenwatch.de/api/v2/fractions/111"}}],"party":{}},{"id":39618,"entity_type":"candidacy_mandate","label":"Hans-Peter Friedrich (Bundestag 2009-2013)","api_url":"https://www.abgeordnetenwatch.de/api/v2/candidacies-mandates/39618","type":"mandate","parliament_period":{"id":83,"entity_type":"parliament_period","label":"Bundestag 2009 - 2013","api_url":"https://www.abgeordnetenwatch.de/api/v2/parliament-periods/83","abgeordnetenwatch_url":"https://www.abgeordnetenwatch.de/bundestag/17"},"politician":{"id":79369,"entity_type":"politician","label":"Hans-Peter Friedrich","api_url":"https://www.abgeordnetenwatch.de/api/v2/politicians/79369","abgeordnetenwatch_url":"https://www.abgeordnetenwatch.de/profile/hans-peter-friedrich"},"electoral_data":{"id":39618,"entity_type":"electoral_data","label":"Hans-Peter Friedrich (Bundestag 2009 - 2013)","electoral_list":{"id":57,"entity_type":"electoral_list","label":"Landesliste Bayern (Bundestag 2009-2013)","api_url":"https://www.abgeordnetenwatch.de/api/v2/electoral-lists/57"},"list_position":14,"constituency":{"id":1641,"entity_type":"constituency","label":"239 - Hof (Bundestag 2009-2013)","api_url":"https://www.abgeordnetenwatch.de/api/v2/constituencies/1641"},"constituency_result":46.5},"fraction_membership":[{"id":1844,"entity_type":"fraction_membership","label":"CDU/CSU","fraction":{"id":112,"entity_type":"fraction","label":"CDU/CSU (Bundestag 2009-2013)","api_url":"https://www.abgeordnetenwatch.de/api/v2/fractions/112"}}],"party":{}},{"id":39617,"entity_type":"candidacy_mandate","label":"Hans-Peter Friedrich (Bundestag 2005-2009)","api_url":"https://www.abgeordnetenwatch.de/api/v2/candidacies-mandates/39617","type":"mandate","parliament_period":{"id":67,"entity_type":"parliament_period","label":"Bundestag 2005 - 2009","api_url":"https://www.abgeordnetenwatch.de/api/v2/parliament-periods/67","abgeordnetenwatch_url":"https://www.abgeordnetenwatch.de/bundestag/16"},"politician":{"id":79369,"entity_type":"politician","label":"Hans-Peter Friedrich","api_url":"https://www.abgeordnetenwatch.de/api/v2/politicians/79369","abgeordnetenwatch_url":"https://www.abgeordnetenwatch.de/profile/hans-peter-friedrich"},"start_date":"1997-11-30","electoral_data":{"id":39617,"entity_type":"electoral_data","label":"Hans-Peter Friedrich (Bundestag 2005 - 2009)","electoral_list":{"id":18,"entity_type":"electoral_list","label":"Landesliste Bayern (Bundestag 2005-2009)","api_url":"https://www.abgeordnetenwatch.de/api/v2/electoral-lists/18"},"list_position":13,"constituency":{"id":1386,"entity_type":"constituency","label":"240 - Hof (Bundestag 2005-2009)","api_url":"https://www.abgeordnetenwatch.de/api/v2/constituencies/1386"}},"fraction_membership":[{"id":1843,"entity_type":"fraction_membership","label":"CDU/CSU","fraction":{"id":26,"entity_type":"fraction","label":"CDU/CSU (Bundestag 2005-2009)","api_url":"https://www.abgeordnetenwatch.de/api/v2/fractions/26"}}],"party":{}},{"id":6566,"entity_type":"candidacy_mandate","label":"Hans-Peter Friedrich (Bundestag Wahl 2017)","api_url":"https://www.abgeordnetenwatch.de/api/v2/candidacies-mandates/6566","type":"candidacy","parliament_period":{"id":50,"entity_type":"parliament_period","label":"Bundestag Wahl 2017","api_url":"https://www.abgeordnetenwatch.de/api/v2/parliament-periods/50","abgeordnetenwatch_url":"https://www.abgeordnetenwatch.de/bundestag/wahl-2017"},"politician":{"id":79369,"entity_type":"politician","label":"Hans-Peter Friedrich","api_url":"https://www.abgeordnetenwatch.de/api/v2/politicians/79369","abgeordnetenwatch_url":"https://www.abgeordnetenwatch.de/profile/hans-peter-friedrich"},"electoral_data":{"id":6566,"entity_type":"electoral_data","label":"Hans-Peter Friedrich (Bundestag Wahl 2017)","electoral_list":{"id":266,"entity_type":"electoral_list","label":"Landesliste Bayern (Bundestag Wahl 2017)","api_url":"https://www.abgeordnetenwatch.de/api/v2/electoral-lists/266"},"list_position":8,"constituency":{"id":9249,"entity_type":"constituency","label":"239 - Hof (Bundestag Wahl 2017)","api_url":"https://www.abgeordnetenwatch.de/api/v2/constituencies/9249"},"constituency_result":47,"mandate_won":"constituency"},"fraction_membership":{},"party":{"id":3,"entity_type":"party","label":"CSU","api_url":"https://www.abgeordnetenwatch.de/api/v2/parties/3"}},{"id":6565,"entity_type":"candidacy_mandate","label":"Hans-Peter Friedrich (Bundestag Wahl 2013)","api_url":"https://www.abgeordnetenwatch.de/api/v2/candidacies-mandates/6565","type":"candidacy","parliament_period":{"id":36,"entity_type":"parliament_period","label":"Bundestag Wahl 2013","api_url":"https://www.abgeordnetenwatch.de/api/v2/parliament-periods/36","abgeordnetenwatch_url":"https://www.abgeordnetenwatch.de/bundestag/wahl-2013"},"politician":{"id":79369,"entity_type":"politician","label":"Hans-Peter Friedrich","api_url":"https://www.abgeordnetenwatch.de/api/v2/politicians/79369","abgeordnetenwatch_url":"https://www.abgeordnetenwatch.de/profile/hans-peter-friedrich"},"electoral_data":{"id":6565,"entity_type":"electoral_data","label":"Hans-Peter Friedrich (Bundestag Wahl 2013)","electoral_list":{},"list_position":2,"constituency":{"id":6056,"entity_type":"constituency","label":"239 - Hof (Bundestag Wahl 2013)","api_url":"https://www.abgeordnetenwatch.de/api/v2/constituencies/6056"},"constituency_result":55.1,"mandate_won":"constituency"},"fraction_membership":{},"party":{"id":3,"entity_type":"party","label":"CSU","api_url":"https://www.abgeordnetenwatch.de/api/v2/parties/3"}},{"id":6564,"entity_type":"candidacy_mandate","label":"Hans-Peter Friedrich (Bundestag Wahl 2009)","api_url":"https://www.abgeordnetenwatch.de/api/v2/candidacies-mandates/6564","type":"candidacy","parliament_period":{"id":22,"entity_type":"parliament_period","label":"Bundestag Wahl 2009","api_url":"https://www.abgeordnetenwatch.de/api/v2/parliament-periods/22","abgeordnetenwatch_url":"https://www.abgeordnetenwatch.de/bundestag/wahl-2009"},"politician":{"id":79369,"entity_type":"politician","label":"Hans-Peter Friedrich","api_url":"https://www.abgeordnetenwatch.de/api/v2/politicians/79369","abgeordnetenwatch_url":"https://www.abgeordnetenwatch.de/profile/hans-peter-friedrich"},"electoral_data":{"id":6564,"entity_type":"electoral_data","label":"Hans-Peter Friedrich (Bundestag Wahl 2009)","electoral_list":{},"list_position":14,"constituency":{"id":6527,"entity_type":"constituency","label":"239 - Hof (Bundestag Wahl 2009)","api_url":"https://www.abgeordnetenwatch.de/api/v2/constituencies/6527"},"constituency_result":46.5,"mandate_won":"constituency"},"fraction_membership":{},"party":{"id":3,"entity_type":"party","label":"CSU","api_url":"https://www.abgeordnetenwatch.de/api/v2/parties/3"}},{"id":6563,"entity_type":"candidacy_mandate","label":"Hans-Peter Friedrich (Bundestag Wahl 2005)","api_url":"https://www.abgeordnetenwatch.de/api/v2/candidacies-mandates/6563","type":"candidacy","parliament_period":{"id":6,"entity_type":"parliament_period","label":"Bundestag Wahl 2005","api_url":"https://www.abgeordnetenwatch.de/api/v2/parliament-periods/6","abgeordnetenwatch_url":"https://www.abgeordnetenwatch.de/bundestag/wahl-2005"},"politician":{"id":79369,"entity_type":"politician","label":"Hans-Peter Friedrich","api_url":"https://www.abgeordnetenwatch.de/api/v2/politicians/79369","abgeordnetenwatch_url":"https://www.abgeordnetenwatch.de/profile/hans-peter-friedrich"},"electoral_data":{"id":6563,"entity_type":"electoral_data","label":"Hans-Peter Friedrich (Bundestag Wahl 2005)","electoral_list":{"id":177,"entity_type":"electoral_list","label":"Landesliste Bayern (Bundestag Wahl 2005)","api_url":"https://www.abgeordnetenwatch.de/api/v2/electoral-lists/177"},"list_position":13,"constituency":{"id":6272,"entity_type":"constituency","label":"240 - Hof (Bundestag Wahl 2005)","api_url":"https://www.abgeordnetenwatch.de/api/v2/constituencies/6272"},"constituency_result":50.2},"fraction_membership":{},"party":{"id":3,"entity_type":"party","label":"CSU","api_url":"https://www.abgeordnetenwatch.de/api/v2/parties/3"}}]
