{"id":[79361],"entity_type":["politician"],"label":["Sigmar Gabriel"],"api_url":["https://www.abgeordnetenwatch.de/api/v2/politicians/79361"],"abgeordnetenwatch_url":["https://www.abgeordnetenwatch.de/profile/sigmar-gabriel"],"first_name":["Sigmar"],"last_name":["Gabriel"],"birth_name":{},"sex":["m"],"year_of_birth":[1959],"party":{"id":[1],"entity_type":["party"],"label":["SPD"],"api_url":["https://www.abgeordnetenwatch.de/api/v2/parties/1"]},"party_past":{},"deceased":{},"deceased_date":{},"education":["Gymnasiallehrer"],"residence":{},"occupation":["MdB"],"statistic_questions":{},"statistic_questions_answered":{},"qid_wikidata":["Q160902"],"field_title":{}}
