[{"id":46266,"entity_type":"candidacy_mandate","label":"Sigmar Gabriel (Bundestag 2017 - 2021)","api_url":"https://www.abgeordnetenwatch.de/api/v2/candidacies-mandates/46266","id_external_administration":"1407","id_external_administration_description":"mdbID - ID der Bundestagsverwaltung","type":"mandate","parliament_period":{"id":111,"entity_type":"parliament_period","label":"Bundestag 2017 - 2021","api_url":"https://www.abgeordnetenwatch.de/api/v2/parliament-periods/111","abgeordnetenwatch_url":"https://www.abgeordnetenwatch.de/bundestag/19"},"politician":{"id":79361,"entity_type":"politician","label":"Sigmar Gabriel","api_url":"https://www.abgeordnetenwatch.de/api/v2/politicians/79361","abgeordnetenwatch_url":"https://www.abgeordnetenwatch.de/profile/sigmar-gabriel"},"end_date":"2019-11-03","electoral_data":{"id":46266,"entity_type":"electoral_data","label":"Sigmar Gabriel (Bundestag 2017 - 2021)","electoral_list":{"id":114,"entity_type":"electoral_list","label":"Landesliste Niedersachsen (Bundestag 2017 - 2021)","api_url":"https://www.abgeordnetenwatch.de/api/v2/electoral-lists/114"},"list_position":25,"constituency":{"id":4173,"entity_type":"constituency","label":"49 - Salzgitter - Wolfenbüttel (Bundestag 2017 - 2021)","api_url":"https://www.abgeordnetenwatch.de/api/v2/constituencies/4173"},"constituency_result":42.8,"mandate_won":"constituency"},"fraction_membership":[{"id":8566,"entity_type":"fraction_membership","label":"SPD","fraction":{"id":22,"entity_type":"fraction","label":"SPD (Bundestag 2017 - 2021)","api_url":"https://www.abgeordnetenwatch.de/api/v2/fractions/22"}}],"party":{}},{"id":39604,"entity_type":"candidacy_mandate","label":"Sigmar Gabriel (Bundestag 2013-2017)","api_url":"https://www.abgeordnetenwatch.de/api/v2/candidacies-mandates/39604","type":"mandate","parliament_period":{"id":97,"entity_type":"parliament_period","label":"Bundestag 2013 - 2017","api_url":"https://www.abgeordnetenwatch.de/api/v2/parliament-periods/97","abgeordnetenwatch_url":"https://www.abgeordnetenwatch.de/bundestag/18"},"politician":{"id":79361,"entity_type":"politician","label":"Sigmar Gabriel","api_url":"https://www.abgeordnetenwatch.de/api/v2/politicians/79361","abgeordnetenwatch_url":"https://www.abgeordnetenwatch.de/profile/sigmar-gabriel"},"electoral_data":{"id":39604,"entity_type":"electoral_data","label":"Sigmar Gabriel (Bundestag 2013 - 2017)","electoral_list":{"id":34,"entity_type":"electoral_list","label":"Landesliste Niedersachsen (Bundestag 2013-2017)","api_url":"https://www.abgeordnetenwatch.de/api/v2/electoral-lists/34"},"list_position":1,"constituency":{"id":1247,"entity_type":"constituency","label":"49 - Salzgitter - Wolfenbüttel (Bundestag 2013-2017)","api_url":"https://www.abgeordnetenwatch.de/api/v2/constituencies/1247"},"constituency_result":46.6,"mandate_won":"constituency"},"fraction_membership":[{"id":1830,"entity_type":"fraction_membership","label":"SPD","fraction":{"id":45,"entity_type":"fraction","label":"SPD (Bundestag 2013-2017)","api_url":"https://www.abgeordnetenwatch.de/api/v2/fractions/45"}}],"party":{}},{"id":39603,"entity_type":"candidacy_mandate","label":"Sigmar Gabriel (Bundestag 2009-2013)","api_url":"https://www.abgeordnetenwatch.de/api/v2/candidacies-mandates/39603","type":"mandate","parliament_period":{"id":83,"entity_type":"parliament_period","label":"Bundestag 2009 - 2013","api_url":"https://www.abgeordnetenwatch.de/api/v2/parliament-periods/83","abgeordnetenwatch_url":"https://www.abgeordnetenwatch.de/bundestag/17"},"politician":{"id":79361,"entity_type":"politician","label":"Sigmar Gabriel","api_url":"https://www.abgeordnetenwatch.de/api/v2/politicians/79361","abgeordnetenwatch_url":"https://www.abgeordnetenwatch.de/profile/sigmar-gabriel"},"electoral_data":{"id":39603,"entity_type":"electoral_data","label":"Sigmar Gabriel (Bundestag 2009 - 2013)","electoral_list":{"id":63,"entity_type":"electoral_list","label":"Landesliste Niedersachsen (Bundestag 2009-2013)","api_url":"https://www.abgeordnetenwatch.de/api/v2/electoral-lists/63"},"list_position":24,"constituency":{"id":1750,"entity_type":"constituency","label":"50 - Salzgitter - Wolfenbüttel (Bundestag 2009-2013)","api_url":"https://www.abgeordnetenwatch.de/api/v2/constituencies/1750"},"constituency_result":44.9},"fraction_membership":[{"id":1829,"entity_type":"fraction_membership","label":"SPD","fraction":{"id":116,"entity_type":"fraction","label":"SPD (Bundestag 2009-2013)","api_url":"https://www.abgeordnetenwatch.de/api/v2/fractions/116"}}],"party":{}},{"id":39602,"entity_type":"candidacy_mandate","label":"Sigmar Gabriel (Bundestag 2005-2009)","api_url":"https://www.abgeordnetenwatch.de/api/v2/candidacies-mandates/39602","type":"mandate","parliament_period":{"id":67,"entity_type":"parliament_period","label":"Bundestag 2005 - 2009","api_url":"https://www.abgeordnetenwatch.de/api/v2/parliament-periods/67","abgeordnetenwatch_url":"https://www.abgeordnetenwatch.de/bundestag/16"},"politician":{"id":79361,"entity_type":"politician","label":"Sigmar Gabriel","api_url":"https://www.abgeordnetenwatch.de/api/v2/politicians/79361","abgeordnetenwatch_url":"https://www.abgeordnetenwatch.de/profile/sigmar-gabriel"},"start_date":"2004-11-30","electoral_data":{"id":39602,"entity_type":"electoral_data","label":"Sigmar Gabriel (Bundestag 2005 - 2009)","electoral_list":{"id":48,"entity_type":"electoral_list","label":"Landesliste Niedersachsen (Bundestag 2005-2009)","api_url":"https://www.abgeordnetenwatch.de/api/v2/electoral-lists/48"},"list_position":5,"constituency":{"id":1473,"entity_type":"constituency","label":"49 - Salzgitter - Wolfenbüttel (Bundestag 2005-2009)","api_url":"https://www.abgeordnetenwatch.de/api/v2/constituencies/1473"}},"fraction_membership":[{"id":1828,"entity_type":"fraction_membership","label":"SPD","fraction":{"id":27,"entity_type":"fraction","label":"SPD (Bundestag 2005-2009)","api_url":"https://www.abgeordnetenwatch.de/api/v2/fractions/27"}}],"party":{}},{"id":37778,"entity_type":"candidacy_mandate","label":"Sigmar Gabriel (Bundestag Wahl 2017)","api_url":"https://www.abgeordnetenwatch.de/api/v2/candidacies-mandates/37778","type":"candidacy","parliament_period":{"id":50,"entity_type":"parliament_period","label":"Bundestag Wahl 2017","api_url":"https://www.abgeordnetenwatch.de/api/v2/parliament-periods/50","abgeordnetenwatch_url":"https://www.abgeordnetenwatch.de/bundestag/wahl-2017"},"politician":{"id":79361,"entity_type":"politician","label":"Sigmar Gabriel","api_url":"https://www.abgeordnetenwatch.de/api/v2/politicians/79361","abgeordnetenwatch_url":"https://www.abgeordnetenwatch.de/profile/sigmar-gabriel"},"electoral_data":{"id":37778,"entity_type":"electoral_data","label":"Sigmar Gabriel (Bundestag Wahl 2017)","electoral_list":{"id":273,"entity_type":"electoral_list","label":"Landesliste Niedersachsen (Bundestag Wahl 2017)","api_url":"https://www.abgeordnetenwatch.de/api/v2/electoral-lists/273"},"list_position":25,"constituency":{"id":9059,"entity_type":"constituency","label":"49 - Salzgitter - Wolfenbüttel (Bundestag Wahl 2017)","api_url":"https://www.abgeordnetenwatch.de/api/v2/constituencies/9059"},"constituency_result":42.8,"mandate_won":"constituency"},"fraction_membership":{},"party":{"id":1,"entity_type":"party","label":"SPD","api_url":"https://www.abgeordnetenwatch.de/api/v2/parties/1"}},{"id":6543,"entity_type":"candidacy_mandate","label":"Sigmar Gabriel (Bundestag Wahl 2013)","api_url":"https://www.abgeordnetenwatch.de/api/v2/candidacies-mandates/6543","type":"candidacy","parliament_period":{"id":36,"entity_type":"parliament_period","label":"Bundestag Wahl 2013","api_url":"https://www.abgeordnetenwatch.de/api/v2/parliament-periods/36","abgeordnetenwatch_url":"https://www.abgeordnetenwatch.de/bundestag/wahl-2013"},"politician":{"id":79361,"entity_type":"politician","label":"Sigmar Gabriel","api_url":"https://www.abgeordnetenwatch.de/api/v2/politicians/79361","abgeordnetenwatch_url":"https://www.abgeordnetenwatch.de/profile/sigmar-gabriel"},"electoral_data":{"id":6543,"entity_type":"electoral_data","label":"Sigmar Gabriel (Bundestag Wahl 2013)","electoral_list":{},"list_position":1,"constituency":{"id":6133,"entity_type":"constituency","label":"49 - Salzgitter - Wolfenbüttel (Bundestag Wahl 2013)","api_url":"https://www.abgeordnetenwatch.de/api/v2/constituencies/6133"},"constituency_result":46.6,"mandate_won":"constituency"},"fraction_membership":{},"party":{"id":1,"entity_type":"party","label":"SPD","api_url":"https://www.abgeordnetenwatch.de/api/v2/parties/1"}},{"id":6542,"entity_type":"candidacy_mandate","label":"Sigmar Gabriel (Bundestag Wahl 2009)","api_url":"https://www.abgeordnetenwatch.de/api/v2/candidacies-mandates/6542","type":"candidacy","parliament_period":{"id":22,"entity_type":"parliament_period","label":"Bundestag Wahl 2009","api_url":"https://www.abgeordnetenwatch.de/api/v2/parliament-periods/22","abgeordnetenwatch_url":"https://www.abgeordnetenwatch.de/bundestag/wahl-2009"},"politician":{"id":79361,"entity_type":"politician","label":"Sigmar Gabriel","api_url":"https://www.abgeordnetenwatch.de/api/v2/politicians/79361","abgeordnetenwatch_url":"https://www.abgeordnetenwatch.de/profile/sigmar-gabriel"},"electoral_data":{"id":6542,"entity_type":"electoral_data","label":"Sigmar Gabriel (Bundestag Wahl 2009)","electoral_list":{},"list_position":24,"constituency":{"id":6636,"entity_type":"constituency","label":"50 - Salzgitter - Wolfenbüttel (Bundestag Wahl 2009)","api_url":"https://www.abgeordnetenwatch.de/api/v2/constituencies/6636"},"constituency_result":44.9,"mandate_won":"constituency"},"fraction_membership":{},"party":{"id":1,"entity_type":"party","label":"SPD","api_url":"https://www.abgeordnetenwatch.de/api/v2/parties/1"}},{"id":6541,"entity_type":"candidacy_mandate","label":"Sigmar Gabriel (Bundestag Wahl 2005)","api_url":"https://www.abgeordnetenwatch.de/api/v2/candidacies-mandates/6541","type":"candidacy","parliament_period":{"id":6,"entity_type":"parliament_period","label":"Bundestag Wahl 2005","api_url":"https://www.abgeordnetenwatch.de/api/v2/parliament-periods/6","abgeordnetenwatch_url":"https://www.abgeordnetenwatch.de/bundestag/wahl-2005"},"politician":{"id":79361,"entity_type":"politician","label":"Sigmar Gabriel","api_url":"https://www.abgeordnetenwatch.de/api/v2/politicians/79361","abgeordnetenwatch_url":"https://www.abgeordnetenwatch.de/profile/sigmar-gabriel"},"electoral_data":{"id":6541,"entity_type":"electoral_data","label":"Sigmar Gabriel (Bundestag Wahl 2005)","electoral_list":{"id":207,"entity_type":"electoral_list","label":"Landesliste Niedersachsen (Bundestag Wahl 2005)","api_url":"https://www.abgeordnetenwatch.de/api/v2/electoral-lists/207"},"list_position":5,"constituency":{"id":6359,"entity_type":"constituency","label":"49 - Salzgitter - Wolfenbüttel (Bundestag Wahl 2005)","api_url":"https://www.abgeordnetenwatch.de/api/v2/constituencies/6359"},"constituency_result":52.3},"fraction_membership":{},"party":{"id":1,"entity_type":"party","label":"SPD","api_url":"https://www.abgeordnetenwatch.de/api/v2/parties/1"}}]
