[{"id":44547,"entity_type":"candidacy_mandate","label":"Alois Gerig (Bundestag 2017 - 2021)","api_url":"https://www.abgeordnetenwatch.de/api/v2/candidacies-mandates/44547","id_external_administration":"1666","id_external_administration_description":"mdbID - ID der Bundestagsverwaltung","type":"mandate","parliament_period":{"id":111,"entity_type":"parliament_period","label":"Bundestag 2017 - 2021","api_url":"https://www.abgeordnetenwatch.de/api/v2/parliament-periods/111","abgeordnetenwatch_url":"https://www.abgeordnetenwatch.de/bundestag/19"},"politician":{"id":79360,"entity_type":"politician","label":"Alois Gerig","api_url":"https://www.abgeordnetenwatch.de/api/v2/politicians/79360","abgeordnetenwatch_url":"https://www.abgeordnetenwatch.de/profile/alois-gerig"},"electoral_data":{"id":44547,"entity_type":"electoral_data","label":"Alois Gerig (Bundestag 2017 - 2021)","electoral_list":{},"list_position":1,"constituency":{"id":4400,"entity_type":"constituency","label":"276 - Odenwald - Tauber (Bundestag 2017 - 2021)","api_url":"https://www.abgeordnetenwatch.de/api/v2/constituencies/4400"},"constituency_result":46.8,"mandate_won":"constituency"},"fraction_membership":[{"id":6792,"entity_type":"fraction_membership","label":"CDU/CSU","fraction":{"id":81,"entity_type":"fraction","label":"CDU/CSU (Bundestag 2017 - 2021)","api_url":"https://www.abgeordnetenwatch.de/api/v2/fractions/81"}}],"party":{}},{"id":39601,"entity_type":"candidacy_mandate","label":"Alois Gerig (Bundestag 2013-2017)","api_url":"https://www.abgeordnetenwatch.de/api/v2/candidacies-mandates/39601","type":"mandate","parliament_period":{"id":97,"entity_type":"parliament_period","label":"Bundestag 2013 - 2017","api_url":"https://www.abgeordnetenwatch.de/api/v2/parliament-periods/97","abgeordnetenwatch_url":"https://www.abgeordnetenwatch.de/bundestag/18"},"politician":{"id":79360,"entity_type":"politician","label":"Alois Gerig","api_url":"https://www.abgeordnetenwatch.de/api/v2/politicians/79360","abgeordnetenwatch_url":"https://www.abgeordnetenwatch.de/profile/alois-gerig"},"electoral_data":{"id":39601,"entity_type":"electoral_data","label":"Alois Gerig (Bundestag 2013 - 2017)","electoral_list":{},"constituency":{"id":1221,"entity_type":"constituency","label":"276 - Odenwald - Tauber (Bundestag 2013-2017)","api_url":"https://www.abgeordnetenwatch.de/api/v2/constituencies/1221"},"constituency_result":59.1,"mandate_won":"constituency"},"fraction_membership":[{"id":1827,"entity_type":"fraction_membership","label":"CDU/CSU","fraction":{"id":111,"entity_type":"fraction","label":"CDU/CSU (Bundestag 2013-2017)","api_url":"https://www.abgeordnetenwatch.de/api/v2/fractions/111"}}],"party":{}},{"id":39600,"entity_type":"candidacy_mandate","label":"Alois Gerig (Bundestag 2009-2013)","api_url":"https://www.abgeordnetenwatch.de/api/v2/candidacies-mandates/39600","type":"mandate","parliament_period":{"id":83,"entity_type":"parliament_period","label":"Bundestag 2009 - 2013","api_url":"https://www.abgeordnetenwatch.de/api/v2/parliament-periods/83","abgeordnetenwatch_url":"https://www.abgeordnetenwatch.de/bundestag/17"},"politician":{"id":79360,"entity_type":"politician","label":"Alois Gerig","api_url":"https://www.abgeordnetenwatch.de/api/v2/politicians/79360","abgeordnetenwatch_url":"https://www.abgeordnetenwatch.de/profile/alois-gerig"},"electoral_data":{"id":39600,"entity_type":"electoral_data","label":"Alois Gerig (Bundestag 2009 - 2013)","electoral_list":{"id":56,"entity_type":"electoral_list","label":"Landesliste Baden-Württemberg (Bundestag 2009-2013)","api_url":"https://www.abgeordnetenwatch.de/api/v2/electoral-lists/56"},"list_position":1,"constituency":{"id":1713,"entity_type":"constituency","label":"276 - Odenwald - Tauber (Bundestag 2009-2013)","api_url":"https://www.abgeordnetenwatch.de/api/v2/constituencies/1713"},"constituency_result":50.3},"fraction_membership":[{"id":1826,"entity_type":"fraction_membership","label":"CDU/CSU","fraction":{"id":112,"entity_type":"fraction","label":"CDU/CSU (Bundestag 2009-2013)","api_url":"https://www.abgeordnetenwatch.de/api/v2/fractions/112"}}],"party":{}},{"id":6540,"entity_type":"candidacy_mandate","label":"Alois Gerig (Bundestag Wahl 2017)","api_url":"https://www.abgeordnetenwatch.de/api/v2/candidacies-mandates/6540","type":"candidacy","parliament_period":{"id":50,"entity_type":"parliament_period","label":"Bundestag Wahl 2017","api_url":"https://www.abgeordnetenwatch.de/api/v2/parliament-periods/50","abgeordnetenwatch_url":"https://www.abgeordnetenwatch.de/bundestag/wahl-2017"},"politician":{"id":79360,"entity_type":"politician","label":"Alois Gerig","api_url":"https://www.abgeordnetenwatch.de/api/v2/politicians/79360","abgeordnetenwatch_url":"https://www.abgeordnetenwatch.de/profile/alois-gerig"},"electoral_data":{"id":6540,"entity_type":"electoral_data","label":"Alois Gerig (Bundestag Wahl 2017)","electoral_list":{},"constituency":{"id":9286,"entity_type":"constituency","label":"276 - Odenwald - Tauber (Bundestag Wahl 2017)","api_url":"https://www.abgeordnetenwatch.de/api/v2/constituencies/9286"},"constituency_result":46.8,"mandate_won":"constituency"},"fraction_membership":{},"party":{"id":2,"entity_type":"party","label":"CDU","api_url":"https://www.abgeordnetenwatch.de/api/v2/parties/2"}},{"id":6539,"entity_type":"candidacy_mandate","label":"Alois Gerig (Bundestag Wahl 2013)","api_url":"https://www.abgeordnetenwatch.de/api/v2/candidacies-mandates/6539","type":"candidacy","parliament_period":{"id":36,"entity_type":"parliament_period","label":"Bundestag Wahl 2013","api_url":"https://www.abgeordnetenwatch.de/api/v2/parliament-periods/36","abgeordnetenwatch_url":"https://www.abgeordnetenwatch.de/bundestag/wahl-2013"},"politician":{"id":79360,"entity_type":"politician","label":"Alois Gerig","api_url":"https://www.abgeordnetenwatch.de/api/v2/politicians/79360","abgeordnetenwatch_url":"https://www.abgeordnetenwatch.de/profile/alois-gerig"},"electoral_data":{"id":6539,"entity_type":"electoral_data","label":"Alois Gerig (Bundestag Wahl 2013)","electoral_list":{},"constituency":{"id":6107,"entity_type":"constituency","label":"276 - Odenwald - Tauber (Bundestag Wahl 2013)","api_url":"https://www.abgeordnetenwatch.de/api/v2/constituencies/6107"},"constituency_result":59.1,"mandate_won":"constituency"},"fraction_membership":{},"party":{"id":2,"entity_type":"party","label":"CDU","api_url":"https://www.abgeordnetenwatch.de/api/v2/parties/2"}},{"id":6538,"entity_type":"candidacy_mandate","label":"Alois Gerig (Bundestag Wahl 2009)","api_url":"https://www.abgeordnetenwatch.de/api/v2/candidacies-mandates/6538","type":"candidacy","parliament_period":{"id":22,"entity_type":"parliament_period","label":"Bundestag Wahl 2009","api_url":"https://www.abgeordnetenwatch.de/api/v2/parliament-periods/22","abgeordnetenwatch_url":"https://www.abgeordnetenwatch.de/bundestag/wahl-2009"},"politician":{"id":79360,"entity_type":"politician","label":"Alois Gerig","api_url":"https://www.abgeordnetenwatch.de/api/v2/politicians/79360","abgeordnetenwatch_url":"https://www.abgeordnetenwatch.de/profile/alois-gerig"},"electoral_data":{"id":6538,"entity_type":"electoral_data","label":"Alois Gerig (Bundestag Wahl 2009)","electoral_list":{},"constituency":{"id":6599,"entity_type":"constituency","label":"276 - Odenwald - Tauber (Bundestag Wahl 2009)","api_url":"https://www.abgeordnetenwatch.de/api/v2/constituencies/6599"},"constituency_result":50.3,"mandate_won":"constituency"},"fraction_membership":{},"party":{"id":2,"entity_type":"party","label":"CDU","api_url":"https://www.abgeordnetenwatch.de/api/v2/parties/2"}}]
