[{"id":44516,"entity_type":"candidacy_mandate","label":"Dagmar Freitag (Bundestag 2017 - 2021)","api_url":"https://www.abgeordnetenwatch.de/api/v2/candidacies-mandates/44516","id_external_administration":"864","id_external_administration_description":"mdbID - ID der Bundestagsverwaltung","type":"mandate","parliament_period":{"id":111,"entity_type":"parliament_period","label":"Bundestag 2017 - 2021","api_url":"https://www.abgeordnetenwatch.de/api/v2/parliament-periods/111","abgeordnetenwatch_url":"https://www.abgeordnetenwatch.de/bundestag/19"},"politician":{"id":79372,"entity_type":"politician","label":"Dagmar Freitag","api_url":"https://www.abgeordnetenwatch.de/api/v2/politicians/79372","abgeordnetenwatch_url":"https://www.abgeordnetenwatch.de/profile/dagmar-freitag"},"electoral_data":{"id":44516,"entity_type":"electoral_data","label":"Dagmar Freitag (Bundestag 2017 - 2021)","electoral_list":{"id":115,"entity_type":"electoral_list","label":"Landesliste Nordrhein-Westfalen (Bundestag 2017 - 2021)","api_url":"https://www.abgeordnetenwatch.de/api/v2/electoral-lists/115"},"list_position":6,"constituency":{"id":4274,"entity_type":"constituency","label":"150 - Märkischer Kreis II (Bundestag 2017 - 2021)","api_url":"https://www.abgeordnetenwatch.de/api/v2/constituencies/4274"},"constituency_result":38.6,"mandate_won":"constituency"},"fraction_membership":[{"id":6761,"entity_type":"fraction_membership","label":"SPD","fraction":{"id":22,"entity_type":"fraction","label":"SPD (Bundestag 2017 - 2021)","api_url":"https://www.abgeordnetenwatch.de/api/v2/fractions/22"}}],"party":{}},{"id":39628,"entity_type":"candidacy_mandate","label":"Dagmar Freitag (Bundestag 2013-2017)","api_url":"https://www.abgeordnetenwatch.de/api/v2/candidacies-mandates/39628","type":"mandate","parliament_period":{"id":97,"entity_type":"parliament_period","label":"Bundestag 2013 - 2017","api_url":"https://www.abgeordnetenwatch.de/api/v2/parliament-periods/97","abgeordnetenwatch_url":"https://www.abgeordnetenwatch.de/bundestag/18"},"politician":{"id":79372,"entity_type":"politician","label":"Dagmar Freitag","api_url":"https://www.abgeordnetenwatch.de/api/v2/politicians/79372","abgeordnetenwatch_url":"https://www.abgeordnetenwatch.de/profile/dagmar-freitag"},"electoral_data":{"id":39628,"entity_type":"electoral_data","label":"Dagmar Freitag (Bundestag 2013 - 2017)","electoral_list":{"id":35,"entity_type":"electoral_list","label":"Landesliste Nordrhein-Westfalen (Bundestag 2013-2017)","api_url":"https://www.abgeordnetenwatch.de/api/v2/electoral-lists/35"},"list_position":20,"constituency":{"id":1198,"entity_type":"constituency","label":"150 - Märkischer Kreis II (Bundestag 2013-2017)","api_url":"https://www.abgeordnetenwatch.de/api/v2/constituencies/1198"},"constituency_result":41.7,"mandate_won":"constituency"},"fraction_membership":[{"id":1854,"entity_type":"fraction_membership","label":"SPD","fraction":{"id":45,"entity_type":"fraction","label":"SPD (Bundestag 2013-2017)","api_url":"https://www.abgeordnetenwatch.de/api/v2/fractions/45"}}],"party":{}},{"id":39627,"entity_type":"candidacy_mandate","label":"Dagmar Freitag (Bundestag 2009-2013)","api_url":"https://www.abgeordnetenwatch.de/api/v2/candidacies-mandates/39627","type":"mandate","parliament_period":{"id":83,"entity_type":"parliament_period","label":"Bundestag 2009 - 2013","api_url":"https://www.abgeordnetenwatch.de/api/v2/parliament-periods/83","abgeordnetenwatch_url":"https://www.abgeordnetenwatch.de/bundestag/17"},"politician":{"id":79372,"entity_type":"politician","label":"Dagmar Freitag","api_url":"https://www.abgeordnetenwatch.de/api/v2/politicians/79372","abgeordnetenwatch_url":"https://www.abgeordnetenwatch.de/profile/dagmar-freitag"},"electoral_data":{"id":39627,"entity_type":"electoral_data","label":"Dagmar Freitag (Bundestag 2009 - 2013)","electoral_list":{"id":64,"entity_type":"electoral_list","label":"Landesliste Nordrhein-Westfalen (Bundestag 2009-2013)","api_url":"https://www.abgeordnetenwatch.de/api/v2/electoral-lists/64"},"list_position":7,"constituency":{"id":1681,"entity_type":"constituency","label":"151 - Märkischer Kreis II (Bundestag 2009-2013)","api_url":"https://www.abgeordnetenwatch.de/api/v2/constituencies/1681"},"constituency_result":41},"fraction_membership":[{"id":1853,"entity_type":"fraction_membership","label":"SPD","fraction":{"id":116,"entity_type":"fraction","label":"SPD (Bundestag 2009-2013)","api_url":"https://www.abgeordnetenwatch.de/api/v2/fractions/116"}}],"party":{}},{"id":39626,"entity_type":"candidacy_mandate","label":"Dagmar Freitag (Bundestag 2005-2009)","api_url":"https://www.abgeordnetenwatch.de/api/v2/candidacies-mandates/39626","type":"mandate","parliament_period":{"id":67,"entity_type":"parliament_period","label":"Bundestag 2005 - 2009","api_url":"https://www.abgeordnetenwatch.de/api/v2/parliament-periods/67","abgeordnetenwatch_url":"https://www.abgeordnetenwatch.de/bundestag/16"},"politician":{"id":79372,"entity_type":"politician","label":"Dagmar Freitag","api_url":"https://www.abgeordnetenwatch.de/api/v2/politicians/79372","abgeordnetenwatch_url":"https://www.abgeordnetenwatch.de/profile/dagmar-freitag"},"start_date":"1993-11-30","electoral_data":{"id":39626,"entity_type":"electoral_data","label":"Dagmar Freitag (Bundestag 2005 - 2009)","electoral_list":{"id":49,"entity_type":"electoral_list","label":"Landesliste Nordrhein-Westfalen (Bundestag 2005-2009)","api_url":"https://www.abgeordnetenwatch.de/api/v2/electoral-lists/49"},"list_position":19,"constituency":{"id":1418,"entity_type":"constituency","label":"151 - Märkischer Kreis II (Bundestag 2005-2009)","api_url":"https://www.abgeordnetenwatch.de/api/v2/constituencies/1418"}},"fraction_membership":[{"id":1852,"entity_type":"fraction_membership","label":"SPD","fraction":{"id":27,"entity_type":"fraction","label":"SPD (Bundestag 2005-2009)","api_url":"https://www.abgeordnetenwatch.de/api/v2/fractions/27"}}],"party":{}},{"id":6577,"entity_type":"candidacy_mandate","label":"Dagmar Freitag (Bundestag Wahl 2017)","api_url":"https://www.abgeordnetenwatch.de/api/v2/candidacies-mandates/6577","type":"candidacy","parliament_period":{"id":50,"entity_type":"parliament_period","label":"Bundestag Wahl 2017","api_url":"https://www.abgeordnetenwatch.de/api/v2/parliament-periods/50","abgeordnetenwatch_url":"https://www.abgeordnetenwatch.de/bundestag/wahl-2017"},"politician":{"id":79372,"entity_type":"politician","label":"Dagmar Freitag","api_url":"https://www.abgeordnetenwatch.de/api/v2/politicians/79372","abgeordnetenwatch_url":"https://www.abgeordnetenwatch.de/profile/dagmar-freitag"},"electoral_data":{"id":6577,"entity_type":"electoral_data","label":"Dagmar Freitag (Bundestag Wahl 2017)","electoral_list":{"id":274,"entity_type":"electoral_list","label":"Landesliste Nordrhein-Westfalen (Bundestag Wahl 2017)","api_url":"https://www.abgeordnetenwatch.de/api/v2/electoral-lists/274"},"list_position":6,"constituency":{"id":9160,"entity_type":"constituency","label":"150 - Märkischer Kreis II (Bundestag Wahl 2017)","api_url":"https://www.abgeordnetenwatch.de/api/v2/constituencies/9160"},"constituency_result":38.6,"mandate_won":"constituency"},"fraction_membership":{},"party":{"id":1,"entity_type":"party","label":"SPD","api_url":"https://www.abgeordnetenwatch.de/api/v2/parties/1"}},{"id":6576,"entity_type":"candidacy_mandate","label":"Dagmar Freitag (Bundestag Wahl 2013)","api_url":"https://www.abgeordnetenwatch.de/api/v2/candidacies-mandates/6576","type":"candidacy","parliament_period":{"id":36,"entity_type":"parliament_period","label":"Bundestag Wahl 2013","api_url":"https://www.abgeordnetenwatch.de/api/v2/parliament-periods/36","abgeordnetenwatch_url":"https://www.abgeordnetenwatch.de/bundestag/wahl-2013"},"politician":{"id":79372,"entity_type":"politician","label":"Dagmar Freitag","api_url":"https://www.abgeordnetenwatch.de/api/v2/politicians/79372","abgeordnetenwatch_url":"https://www.abgeordnetenwatch.de/profile/dagmar-freitag"},"electoral_data":{"id":6576,"entity_type":"electoral_data","label":"Dagmar Freitag (Bundestag Wahl 2013)","electoral_list":{},"list_position":20,"constituency":{"id":6084,"entity_type":"constituency","label":"150 - Märkischer Kreis II (Bundestag Wahl 2013)","api_url":"https://www.abgeordnetenwatch.de/api/v2/constituencies/6084"},"constituency_result":41.7,"mandate_won":"constituency"},"fraction_membership":{},"party":{"id":1,"entity_type":"party","label":"SPD","api_url":"https://www.abgeordnetenwatch.de/api/v2/parties/1"}},{"id":6575,"entity_type":"candidacy_mandate","label":"Dagmar Freitag (Bundestag Wahl 2009)","api_url":"https://www.abgeordnetenwatch.de/api/v2/candidacies-mandates/6575","type":"candidacy","parliament_period":{"id":22,"entity_type":"parliament_period","label":"Bundestag Wahl 2009","api_url":"https://www.abgeordnetenwatch.de/api/v2/parliament-periods/22","abgeordnetenwatch_url":"https://www.abgeordnetenwatch.de/bundestag/wahl-2009"},"politician":{"id":79372,"entity_type":"politician","label":"Dagmar Freitag","api_url":"https://www.abgeordnetenwatch.de/api/v2/politicians/79372","abgeordnetenwatch_url":"https://www.abgeordnetenwatch.de/profile/dagmar-freitag"},"electoral_data":{"id":6575,"entity_type":"electoral_data","label":"Dagmar Freitag (Bundestag Wahl 2009)","electoral_list":{},"list_position":7,"constituency":{"id":6567,"entity_type":"constituency","label":"151 - Märkischer Kreis II (Bundestag Wahl 2009)","api_url":"https://www.abgeordnetenwatch.de/api/v2/constituencies/6567"},"constituency_result":41,"mandate_won":"constituency"},"fraction_membership":{},"party":{"id":1,"entity_type":"party","label":"SPD","api_url":"https://www.abgeordnetenwatch.de/api/v2/parties/1"}},{"id":6574,"entity_type":"candidacy_mandate","label":"Dagmar Freitag (Bundestag Wahl 2005)","api_url":"https://www.abgeordnetenwatch.de/api/v2/candidacies-mandates/6574","type":"candidacy","parliament_period":{"id":6,"entity_type":"parliament_period","label":"Bundestag Wahl 2005","api_url":"https://www.abgeordnetenwatch.de/api/v2/parliament-periods/6","abgeordnetenwatch_url":"https://www.abgeordnetenwatch.de/bundestag/wahl-2005"},"politician":{"id":79372,"entity_type":"politician","label":"Dagmar Freitag","api_url":"https://www.abgeordnetenwatch.de/api/v2/politicians/79372","abgeordnetenwatch_url":"https://www.abgeordnetenwatch.de/profile/dagmar-freitag"},"electoral_data":{"id":6574,"entity_type":"electoral_data","label":"Dagmar Freitag (Bundestag Wahl 2005)","electoral_list":{"id":208,"entity_type":"electoral_list","label":"Landesliste Nordrhein-Westfalen (Bundestag Wahl 2005)","api_url":"https://www.abgeordnetenwatch.de/api/v2/electoral-lists/208"},"list_position":19,"constituency":{"id":6304,"entity_type":"constituency","label":"151 - Märkischer Kreis II (Bundestag Wahl 2005)","api_url":"https://www.abgeordnetenwatch.de/api/v2/constituencies/6304"},"constituency_result":47.5},"fraction_membership":{},"party":{"id":1,"entity_type":"party","label":"SPD","api_url":"https://www.abgeordnetenwatch.de/api/v2/parties/1"}}]
