[{"id":53657,"entity_type":"candidacy_mandate","label":"Klaus Ernst (Bundestag 2021 - 2025)","api_url":"https://www.abgeordnetenwatch.de/api/v2/candidacies-mandates/53657","id_external_administration":"1406","id_external_administration_description":"mdbID aus der info-xml-Datei der Bundestagsverwaltung","type":"mandate","parliament_period":{"id":132,"entity_type":"parliament_period","label":"Bundestag 2021 - 2025","api_url":"https://www.abgeordnetenwatch.de/api/v2/parliament-periods/132","abgeordnetenwatch_url":"https://www.abgeordnetenwatch.de/bundestag"},"politician":{"id":79385,"entity_type":"politician","label":"Klaus Ernst","api_url":"https://www.abgeordnetenwatch.de/api/v2/politicians/79385","abgeordnetenwatch_url":"https://www.abgeordnetenwatch.de/profile/klaus-ernst"},"electoral_data":{"id":54581,"entity_type":"electoral_data","label":"Klaus Ernst (Bundestag 2021 - 2025)","electoral_list":{"id":411,"entity_type":"electoral_list","label":"Landesliste Bayern (Bundestag 2021 - 2025)","api_url":"https://www.abgeordnetenwatch.de/api/v2/electoral-lists/411"},"list_position":2,"constituency":{"id":10990,"entity_type":"constituency","label":"250 - Schweinfurt (Bundestag 2021 - 2025)","api_url":"https://www.abgeordnetenwatch.de/api/v2/constituencies/10990"},"constituency_result":4.2,"mandate_won":"list"},"fraction_membership":[{"id":9504,"entity_type":"fraction_membership","label":"DIE LINKE.","fraction":{"id":324,"entity_type":"fraction","label":"DIE LINKE. (Bundestag 2021 - 2025)","api_url":"https://www.abgeordnetenwatch.de/api/v2/fractions/324"}}],"party":{}},{"id":48726,"entity_type":"candidacy_mandate","label":"Klaus Ernst (Bundestag Wahl 2021)","api_url":"https://www.abgeordnetenwatch.de/api/v2/candidacies-mandates/48726","type":"candidacy","parliament_period":{"id":128,"entity_type":"parliament_period","label":"Bundestag Wahl 2021","api_url":"https://www.abgeordnetenwatch.de/api/v2/parliament-periods/128","abgeordnetenwatch_url":"https://www.abgeordnetenwatch.de/bundestag/wahl-2021"},"politician":{"id":79385,"entity_type":"politician","label":"Klaus Ernst","api_url":"https://www.abgeordnetenwatch.de/api/v2/politicians/79385","abgeordnetenwatch_url":"https://www.abgeordnetenwatch.de/profile/klaus-ernst"},"electoral_data":{"id":49648,"entity_type":"electoral_data","label":"Klaus Ernst (Bundestag Wahl 2021)","electoral_list":{"id":357,"entity_type":"electoral_list","label":"Landesliste Bayern (Bundestag Wahl 2021)","api_url":"https://www.abgeordnetenwatch.de/api/v2/electoral-lists/357"},"list_position":2,"constituency":{"id":10307,"entity_type":"constituency","label":"250 - Schweinfurt (Bundestag Wahl 2021)","api_url":"https://www.abgeordnetenwatch.de/api/v2/constituencies/10307"},"constituency_result":4.2},"fraction_membership":{},"party":{"id":8,"entity_type":"party","label":"DIE LINKE","api_url":"https://www.abgeordnetenwatch.de/api/v2/parties/8"}},{"id":45491,"entity_type":"candidacy_mandate","label":"Klaus Ernst (Bundestag 2017 - 2021)","api_url":"https://www.abgeordnetenwatch.de/api/v2/candidacies-mandates/45491","id_external_administration":"1406","id_external_administration_description":"mdbID - ID der Bundestagsverwaltung","type":"mandate","parliament_period":{"id":111,"entity_type":"parliament_period","label":"Bundestag 2017 - 2021","api_url":"https://www.abgeordnetenwatch.de/api/v2/parliament-periods/111","abgeordnetenwatch_url":"https://www.abgeordnetenwatch.de/bundestag/19"},"politician":{"id":79385,"entity_type":"politician","label":"Klaus Ernst","api_url":"https://www.abgeordnetenwatch.de/api/v2/politicians/79385","abgeordnetenwatch_url":"https://www.abgeordnetenwatch.de/profile/klaus-ernst"},"electoral_data":{"id":45491,"entity_type":"electoral_data","label":"Klaus Ernst (Bundestag 2017 - 2021)","electoral_list":{"id":107,"entity_type":"electoral_list","label":"Landesliste Bayern (Bundestag 2017 - 2021)","api_url":"https://www.abgeordnetenwatch.de/api/v2/electoral-lists/107"},"list_position":1,"constituency":{"id":4374,"entity_type":"constituency","label":"250 - Schweinfurt (Bundestag 2017 - 2021)","api_url":"https://www.abgeordnetenwatch.de/api/v2/constituencies/4374"},"mandate_won":"list"},"fraction_membership":[{"id":7746,"entity_type":"fraction_membership","label":"DIE LINKE","fraction":{"id":41,"entity_type":"fraction","label":"DIE LINKE (Bundestag 2017 - 2021)","api_url":"https://www.abgeordnetenwatch.de/api/v2/fractions/41"}}],"party":{}},{"id":39648,"entity_type":"candidacy_mandate","label":"Klaus Ernst (Bundestag 2013-2017)","api_url":"https://www.abgeordnetenwatch.de/api/v2/candidacies-mandates/39648","type":"mandate","parliament_period":{"id":97,"entity_type":"parliament_period","label":"Bundestag 2013 - 2017","api_url":"https://www.abgeordnetenwatch.de/api/v2/parliament-periods/97","abgeordnetenwatch_url":"https://www.abgeordnetenwatch.de/bundestag/18"},"politician":{"id":79385,"entity_type":"politician","label":"Klaus Ernst","api_url":"https://www.abgeordnetenwatch.de/api/v2/politicians/79385","abgeordnetenwatch_url":"https://www.abgeordnetenwatch.de/profile/klaus-ernst"},"electoral_data":{"id":39648,"entity_type":"electoral_data","label":"Klaus Ernst (Bundestag 2013 - 2017)","electoral_list":{"id":27,"entity_type":"electoral_list","label":"Landesliste Bayern (Bundestag 2013-2017)","api_url":"https://www.abgeordnetenwatch.de/api/v2/electoral-lists/27"},"list_position":1,"constituency":{"id":1250,"entity_type":"constituency","label":"250 - Schweinfurt (Bundestag 2013-2017)","api_url":"https://www.abgeordnetenwatch.de/api/v2/constituencies/1250"},"constituency_result":5.4,"mandate_won":"list"},"fraction_membership":[{"id":1874,"entity_type":"fraction_membership","label":"DIE LINKE","fraction":{"id":73,"entity_type":"fraction","label":"DIE LINKE (Bundestag 2013-2017)","api_url":"https://www.abgeordnetenwatch.de/api/v2/fractions/73"}}],"party":{}},{"id":39647,"entity_type":"candidacy_mandate","label":"Klaus Ernst (Bundestag 2009-2013)","api_url":"https://www.abgeordnetenwatch.de/api/v2/candidacies-mandates/39647","type":"mandate","parliament_period":{"id":83,"entity_type":"parliament_period","label":"Bundestag 2009 - 2013","api_url":"https://www.abgeordnetenwatch.de/api/v2/parliament-periods/83","abgeordnetenwatch_url":"https://www.abgeordnetenwatch.de/bundestag/17"},"politician":{"id":79385,"entity_type":"politician","label":"Klaus Ernst","api_url":"https://www.abgeordnetenwatch.de/api/v2/politicians/79385","abgeordnetenwatch_url":"https://www.abgeordnetenwatch.de/profile/klaus-ernst"},"electoral_data":{"id":39647,"entity_type":"electoral_data","label":"Klaus Ernst (Bundestag 2009 - 2013)","electoral_list":{"id":57,"entity_type":"electoral_list","label":"Landesliste Bayern (Bundestag 2009-2013)","api_url":"https://www.abgeordnetenwatch.de/api/v2/electoral-lists/57"},"list_position":1,"constituency":{"id":1756,"entity_type":"constituency","label":"250 - Schweinfurt (Bundestag 2009-2013)","api_url":"https://www.abgeordnetenwatch.de/api/v2/constituencies/1756"},"constituency_result":10.4},"fraction_membership":[{"id":1873,"entity_type":"fraction_membership","label":"DIE LINKE","fraction":{"id":61,"entity_type":"fraction","label":"DIE LINKE (Bundestag 2009-2013)","api_url":"https://www.abgeordnetenwatch.de/api/v2/fractions/61"}}],"party":{}},{"id":39646,"entity_type":"candidacy_mandate","label":"Klaus Ernst (Bundestag 2005-2009)","api_url":"https://www.abgeordnetenwatch.de/api/v2/candidacies-mandates/39646","type":"mandate","parliament_period":{"id":67,"entity_type":"parliament_period","label":"Bundestag 2005 - 2009","api_url":"https://www.abgeordnetenwatch.de/api/v2/parliament-periods/67","abgeordnetenwatch_url":"https://www.abgeordnetenwatch.de/bundestag/16"},"politician":{"id":79385,"entity_type":"politician","label":"Klaus Ernst","api_url":"https://www.abgeordnetenwatch.de/api/v2/politicians/79385","abgeordnetenwatch_url":"https://www.abgeordnetenwatch.de/profile/klaus-ernst"},"start_date":"2004-11-30","electoral_data":{"id":39646,"entity_type":"electoral_data","label":"Klaus Ernst (Bundestag 2005 - 2009)","electoral_list":{"id":18,"entity_type":"electoral_list","label":"Landesliste Bayern (Bundestag 2005-2009)","api_url":"https://www.abgeordnetenwatch.de/api/v2/electoral-lists/18"},"list_position":1,"constituency":{"id":1478,"entity_type":"constituency","label":"251 - Schweinfurt (Bundestag 2005-2009)","api_url":"https://www.abgeordnetenwatch.de/api/v2/constituencies/1478"}},"fraction_membership":[{"id":1872,"entity_type":"fraction_membership","label":"DIE LINKE","fraction":{"id":90,"entity_type":"fraction","label":"DIE LINKE (Bundestag 2005-2009)","api_url":"https://www.abgeordnetenwatch.de/api/v2/fractions/90"}}],"party":{}},{"id":6605,"entity_type":"candidacy_mandate","label":"Klaus Ernst (Bundestag Wahl 2017)","api_url":"https://www.abgeordnetenwatch.de/api/v2/candidacies-mandates/6605","type":"candidacy","parliament_period":{"id":50,"entity_type":"parliament_period","label":"Bundestag Wahl 2017","api_url":"https://www.abgeordnetenwatch.de/api/v2/parliament-periods/50","abgeordnetenwatch_url":"https://www.abgeordnetenwatch.de/bundestag/wahl-2017"},"politician":{"id":79385,"entity_type":"politician","label":"Klaus Ernst","api_url":"https://www.abgeordnetenwatch.de/api/v2/politicians/79385","abgeordnetenwatch_url":"https://www.abgeordnetenwatch.de/profile/klaus-ernst"},"electoral_data":{"id":6605,"entity_type":"electoral_data","label":"Klaus Ernst (Bundestag Wahl 2017)","electoral_list":{"id":266,"entity_type":"electoral_list","label":"Landesliste Bayern (Bundestag Wahl 2017)","api_url":"https://www.abgeordnetenwatch.de/api/v2/electoral-lists/266"},"list_position":1,"constituency":{"id":9260,"entity_type":"constituency","label":"250 - Schweinfurt (Bundestag Wahl 2017)","api_url":"https://www.abgeordnetenwatch.de/api/v2/constituencies/9260"},"constituency_result":7.8,"mandate_won":"list"},"fraction_membership":{},"party":{"id":8,"entity_type":"party","label":"DIE LINKE","api_url":"https://www.abgeordnetenwatch.de/api/v2/parties/8"}},{"id":6604,"entity_type":"candidacy_mandate","label":"Klaus Ernst (Bundestag Wahl 2013)","api_url":"https://www.abgeordnetenwatch.de/api/v2/candidacies-mandates/6604","type":"candidacy","parliament_period":{"id":36,"entity_type":"parliament_period","label":"Bundestag Wahl 2013","api_url":"https://www.abgeordnetenwatch.de/api/v2/parliament-periods/36","abgeordnetenwatch_url":"https://www.abgeordnetenwatch.de/bundestag/wahl-2013"},"politician":{"id":79385,"entity_type":"politician","label":"Klaus Ernst","api_url":"https://www.abgeordnetenwatch.de/api/v2/politicians/79385","abgeordnetenwatch_url":"https://www.abgeordnetenwatch.de/profile/klaus-ernst"},"electoral_data":{"id":6604,"entity_type":"electoral_data","label":"Klaus Ernst (Bundestag Wahl 2013)","electoral_list":{},"list_position":1,"constituency":{"id":6136,"entity_type":"constituency","label":"250 - Schweinfurt (Bundestag Wahl 2013)","api_url":"https://www.abgeordnetenwatch.de/api/v2/constituencies/6136"},"constituency_result":5.4,"mandate_won":"list"},"fraction_membership":{},"party":{"id":8,"entity_type":"party","label":"DIE LINKE","api_url":"https://www.abgeordnetenwatch.de/api/v2/parties/8"}},{"id":6603,"entity_type":"candidacy_mandate","label":"Klaus Ernst (Bundestag Wahl 2009)","api_url":"https://www.abgeordnetenwatch.de/api/v2/candidacies-mandates/6603","type":"candidacy","parliament_period":{"id":22,"entity_type":"parliament_period","label":"Bundestag Wahl 2009","api_url":"https://www.abgeordnetenwatch.de/api/v2/parliament-periods/22","abgeordnetenwatch_url":"https://www.abgeordnetenwatch.de/bundestag/wahl-2009"},"politician":{"id":79385,"entity_type":"politician","label":"Klaus Ernst","api_url":"https://www.abgeordnetenwatch.de/api/v2/politicians/79385","abgeordnetenwatch_url":"https://www.abgeordnetenwatch.de/profile/klaus-ernst"},"electoral_data":{"id":6603,"entity_type":"electoral_data","label":"Klaus Ernst (Bundestag Wahl 2009)","electoral_list":{},"list_position":1,"constituency":{"id":6642,"entity_type":"constituency","label":"250 - Schweinfurt (Bundestag Wahl 2009)","api_url":"https://www.abgeordnetenwatch.de/api/v2/constituencies/6642"},"constituency_result":10.4},"fraction_membership":{},"party":{"id":8,"entity_type":"party","label":"DIE LINKE","api_url":"https://www.abgeordnetenwatch.de/api/v2/parties/8"}},{"id":6602,"entity_type":"candidacy_mandate","label":"Klaus Ernst (Bundestag Wahl 2005)","api_url":"https://www.abgeordnetenwatch.de/api/v2/candidacies-mandates/6602","type":"candidacy","parliament_period":{"id":6,"entity_type":"parliament_period","label":"Bundestag Wahl 2005","api_url":"https://www.abgeordnetenwatch.de/api/v2/parliament-periods/6","abgeordnetenwatch_url":"https://www.abgeordnetenwatch.de/bundestag/wahl-2005"},"politician":{"id":79385,"entity_type":"politician","label":"Klaus Ernst","api_url":"https://www.abgeordnetenwatch.de/api/v2/politicians/79385","abgeordnetenwatch_url":"https://www.abgeordnetenwatch.de/profile/klaus-ernst"},"electoral_data":{"id":6602,"entity_type":"electoral_data","label":"Klaus Ernst (Bundestag Wahl 2005)","electoral_list":{"id":177,"entity_type":"electoral_list","label":"Landesliste Bayern (Bundestag Wahl 2005)","api_url":"https://www.abgeordnetenwatch.de/api/v2/electoral-lists/177"},"list_position":1,"constituency":{"id":6364,"entity_type":"constituency","label":"251 - Schweinfurt (Bundestag Wahl 2005)","api_url":"https://www.abgeordnetenwatch.de/api/v2/constituencies/6364"},"constituency_result":6.4},"fraction_membership":{},"party":{"id":8,"entity_type":"party","label":"DIE LINKE","api_url":"https://www.abgeordnetenwatch.de/api/v2/parties/8"}}]
