[{"id":44512,"entity_type":"candidacy_mandate","label":"Maria Flachsbarth (Bundestag 2017 - 2021)","api_url":"https://www.abgeordnetenwatch.de/api/v2/candidacies-mandates/44512","id_external_administration":"1216","id_external_administration_description":"mdbID - ID der Bundestagsverwaltung","type":"mandate","parliament_period":{"id":111,"entity_type":"parliament_period","label":"Bundestag 2017 - 2021","api_url":"https://www.abgeordnetenwatch.de/api/v2/parliament-periods/111","abgeordnetenwatch_url":"https://www.abgeordnetenwatch.de/bundestag/19"},"politician":{"id":79382,"entity_type":"politician","label":"Maria Flachsbarth","api_url":"https://www.abgeordnetenwatch.de/api/v2/politicians/79382","abgeordnetenwatch_url":"https://www.abgeordnetenwatch.de/profile/maria-flachsbarth"},"electoral_data":{"id":44512,"entity_type":"electoral_data","label":"Maria Flachsbarth (Bundestag 2017 - 2021)","electoral_list":{"id":114,"entity_type":"electoral_list","label":"Landesliste Niedersachsen (Bundestag 2017 - 2021)","api_url":"https://www.abgeordnetenwatch.de/api/v2/electoral-lists/114"},"list_position":4,"constituency":{"id":4171,"entity_type":"constituency","label":"47 - Hannover-Land II (Bundestag 2017 - 2021)","api_url":"https://www.abgeordnetenwatch.de/api/v2/constituencies/4171"},"constituency_result":35.2,"mandate_won":"list"},"fraction_membership":[{"id":6757,"entity_type":"fraction_membership","label":"CDU/CSU","fraction":{"id":81,"entity_type":"fraction","label":"CDU/CSU (Bundestag 2017 - 2021)","api_url":"https://www.abgeordnetenwatch.de/api/v2/fractions/81"}}],"party":{}},{"id":39642,"entity_type":"candidacy_mandate","label":"Maria Flachsbarth (Bundestag 2013-2017)","api_url":"https://www.abgeordnetenwatch.de/api/v2/candidacies-mandates/39642","type":"mandate","parliament_period":{"id":97,"entity_type":"parliament_period","label":"Bundestag 2013 - 2017","api_url":"https://www.abgeordnetenwatch.de/api/v2/parliament-periods/97","abgeordnetenwatch_url":"https://www.abgeordnetenwatch.de/bundestag/18"},"politician":{"id":79382,"entity_type":"politician","label":"Maria Flachsbarth","api_url":"https://www.abgeordnetenwatch.de/api/v2/politicians/79382","abgeordnetenwatch_url":"https://www.abgeordnetenwatch.de/profile/maria-flachsbarth"},"electoral_data":{"id":39642,"entity_type":"electoral_data","label":"Maria Flachsbarth (Bundestag 2013 - 2017)","electoral_list":{"id":34,"entity_type":"electoral_list","label":"Landesliste Niedersachsen (Bundestag 2013-2017)","api_url":"https://www.abgeordnetenwatch.de/api/v2/electoral-lists/34"},"list_position":4,"constituency":{"id":1163,"entity_type":"constituency","label":"47 - Hannover-Land II (Bundestag 2013-2017)","api_url":"https://www.abgeordnetenwatch.de/api/v2/constituencies/1163"},"constituency_result":41.9,"mandate_won":"list"},"fraction_membership":[{"id":1868,"entity_type":"fraction_membership","label":"CDU/CSU","fraction":{"id":111,"entity_type":"fraction","label":"CDU/CSU (Bundestag 2013-2017)","api_url":"https://www.abgeordnetenwatch.de/api/v2/fractions/111"}}],"party":{}},{"id":39641,"entity_type":"candidacy_mandate","label":"Maria Flachsbarth (Bundestag 2009-2013)","api_url":"https://www.abgeordnetenwatch.de/api/v2/candidacies-mandates/39641","type":"mandate","parliament_period":{"id":83,"entity_type":"parliament_period","label":"Bundestag 2009 - 2013","api_url":"https://www.abgeordnetenwatch.de/api/v2/parliament-periods/83","abgeordnetenwatch_url":"https://www.abgeordnetenwatch.de/bundestag/17"},"politician":{"id":79382,"entity_type":"politician","label":"Maria Flachsbarth","api_url":"https://www.abgeordnetenwatch.de/api/v2/politicians/79382","abgeordnetenwatch_url":"https://www.abgeordnetenwatch.de/profile/maria-flachsbarth"},"electoral_data":{"id":39641,"entity_type":"electoral_data","label":"Maria Flachsbarth (Bundestag 2009 - 2013)","electoral_list":{"id":63,"entity_type":"electoral_list","label":"Landesliste Niedersachsen (Bundestag 2009-2013)","api_url":"https://www.abgeordnetenwatch.de/api/v2/electoral-lists/63"},"list_position":6,"constituency":{"id":1628,"entity_type":"constituency","label":"48 - Hannover-Land II (Bundestag 2009-2013)","api_url":"https://www.abgeordnetenwatch.de/api/v2/constituencies/1628"},"constituency_result":36.2},"fraction_membership":[{"id":1867,"entity_type":"fraction_membership","label":"CDU/CSU","fraction":{"id":112,"entity_type":"fraction","label":"CDU/CSU (Bundestag 2009-2013)","api_url":"https://www.abgeordnetenwatch.de/api/v2/fractions/112"}}],"party":{}},{"id":39640,"entity_type":"candidacy_mandate","label":"Maria Flachsbarth (Bundestag 2005-2009)","api_url":"https://www.abgeordnetenwatch.de/api/v2/candidacies-mandates/39640","type":"mandate","parliament_period":{"id":67,"entity_type":"parliament_period","label":"Bundestag 2005 - 2009","api_url":"https://www.abgeordnetenwatch.de/api/v2/parliament-periods/67","abgeordnetenwatch_url":"https://www.abgeordnetenwatch.de/bundestag/16"},"politician":{"id":79382,"entity_type":"politician","label":"Maria Flachsbarth","api_url":"https://www.abgeordnetenwatch.de/api/v2/politicians/79382","abgeordnetenwatch_url":"https://www.abgeordnetenwatch.de/profile/maria-flachsbarth"},"start_date":"2001-11-30","electoral_data":{"id":39640,"entity_type":"electoral_data","label":"Maria Flachsbarth (Bundestag 2005 - 2009)","electoral_list":{"id":48,"entity_type":"electoral_list","label":"Landesliste Niedersachsen (Bundestag 2005-2009)","api_url":"https://www.abgeordnetenwatch.de/api/v2/electoral-lists/48"},"list_position":6,"constituency":{"id":1376,"entity_type":"constituency","label":"47 - Hannover - Land II (Bundestag 2005-2009)","api_url":"https://www.abgeordnetenwatch.de/api/v2/constituencies/1376"}},"fraction_membership":[{"id":1866,"entity_type":"fraction_membership","label":"CDU/CSU","fraction":{"id":26,"entity_type":"fraction","label":"CDU/CSU (Bundestag 2005-2009)","api_url":"https://www.abgeordnetenwatch.de/api/v2/fractions/26"}}],"party":{}},{"id":6598,"entity_type":"candidacy_mandate","label":"Maria Flachsbarth (Bundestag Wahl 2017)","api_url":"https://www.abgeordnetenwatch.de/api/v2/candidacies-mandates/6598","type":"candidacy","parliament_period":{"id":50,"entity_type":"parliament_period","label":"Bundestag Wahl 2017","api_url":"https://www.abgeordnetenwatch.de/api/v2/parliament-periods/50","abgeordnetenwatch_url":"https://www.abgeordnetenwatch.de/bundestag/wahl-2017"},"politician":{"id":79382,"entity_type":"politician","label":"Maria Flachsbarth","api_url":"https://www.abgeordnetenwatch.de/api/v2/politicians/79382","abgeordnetenwatch_url":"https://www.abgeordnetenwatch.de/profile/maria-flachsbarth"},"electoral_data":{"id":6598,"entity_type":"electoral_data","label":"Maria Flachsbarth (Bundestag Wahl 2017)","electoral_list":{"id":273,"entity_type":"electoral_list","label":"Landesliste Niedersachsen (Bundestag Wahl 2017)","api_url":"https://www.abgeordnetenwatch.de/api/v2/electoral-lists/273"},"list_position":4,"constituency":{"id":9057,"entity_type":"constituency","label":"47 - Hannover-Land II (Bundestag Wahl 2017)","api_url":"https://www.abgeordnetenwatch.de/api/v2/constituencies/9057"},"constituency_result":35.2,"mandate_won":"list"},"fraction_membership":{},"party":{"id":2,"entity_type":"party","label":"CDU","api_url":"https://www.abgeordnetenwatch.de/api/v2/parties/2"}},{"id":6597,"entity_type":"candidacy_mandate","label":"Maria Flachsbarth (Bundestag Wahl 2013)","api_url":"https://www.abgeordnetenwatch.de/api/v2/candidacies-mandates/6597","type":"candidacy","parliament_period":{"id":36,"entity_type":"parliament_period","label":"Bundestag Wahl 2013","api_url":"https://www.abgeordnetenwatch.de/api/v2/parliament-periods/36","abgeordnetenwatch_url":"https://www.abgeordnetenwatch.de/bundestag/wahl-2013"},"politician":{"id":79382,"entity_type":"politician","label":"Maria Flachsbarth","api_url":"https://www.abgeordnetenwatch.de/api/v2/politicians/79382","abgeordnetenwatch_url":"https://www.abgeordnetenwatch.de/profile/maria-flachsbarth"},"electoral_data":{"id":6597,"entity_type":"electoral_data","label":"Maria Flachsbarth (Bundestag Wahl 2013)","electoral_list":{},"list_position":4,"constituency":{"id":6049,"entity_type":"constituency","label":"47 - Hannover-Land II (Bundestag Wahl 2013)","api_url":"https://www.abgeordnetenwatch.de/api/v2/constituencies/6049"},"constituency_result":41.9,"mandate_won":"list"},"fraction_membership":{},"party":{"id":2,"entity_type":"party","label":"CDU","api_url":"https://www.abgeordnetenwatch.de/api/v2/parties/2"}},{"id":6596,"entity_type":"candidacy_mandate","label":"Maria Flachsbarth (Bundestag Wahl 2009)","api_url":"https://www.abgeordnetenwatch.de/api/v2/candidacies-mandates/6596","type":"candidacy","parliament_period":{"id":22,"entity_type":"parliament_period","label":"Bundestag Wahl 2009","api_url":"https://www.abgeordnetenwatch.de/api/v2/parliament-periods/22","abgeordnetenwatch_url":"https://www.abgeordnetenwatch.de/bundestag/wahl-2009"},"politician":{"id":79382,"entity_type":"politician","label":"Maria Flachsbarth","api_url":"https://www.abgeordnetenwatch.de/api/v2/politicians/79382","abgeordnetenwatch_url":"https://www.abgeordnetenwatch.de/profile/maria-flachsbarth"},"electoral_data":{"id":6596,"entity_type":"electoral_data","label":"Maria Flachsbarth (Bundestag Wahl 2009)","electoral_list":{},"list_position":6,"constituency":{"id":6514,"entity_type":"constituency","label":"48 - Hannover-Land II (Bundestag Wahl 2009)","api_url":"https://www.abgeordnetenwatch.de/api/v2/constituencies/6514"},"constituency_result":36.2},"fraction_membership":{},"party":{"id":2,"entity_type":"party","label":"CDU","api_url":"https://www.abgeordnetenwatch.de/api/v2/parties/2"}},{"id":6595,"entity_type":"candidacy_mandate","label":"Maria Flachsbarth (Bundestag Wahl 2005)","api_url":"https://www.abgeordnetenwatch.de/api/v2/candidacies-mandates/6595","type":"candidacy","parliament_period":{"id":6,"entity_type":"parliament_period","label":"Bundestag Wahl 2005","api_url":"https://www.abgeordnetenwatch.de/api/v2/parliament-periods/6","abgeordnetenwatch_url":"https://www.abgeordnetenwatch.de/bundestag/wahl-2005"},"politician":{"id":79382,"entity_type":"politician","label":"Maria Flachsbarth","api_url":"https://www.abgeordnetenwatch.de/api/v2/politicians/79382","abgeordnetenwatch_url":"https://www.abgeordnetenwatch.de/profile/maria-flachsbarth"},"electoral_data":{"id":6595,"entity_type":"electoral_data","label":"Maria Flachsbarth (Bundestag Wahl 2005)","electoral_list":{"id":207,"entity_type":"electoral_list","label":"Landesliste Niedersachsen (Bundestag Wahl 2005)","api_url":"https://www.abgeordnetenwatch.de/api/v2/electoral-lists/207"},"list_position":6,"constituency":{"id":6262,"entity_type":"constituency","label":"47 - Hannover - Land II (Bundestag Wahl 2005)","api_url":"https://www.abgeordnetenwatch.de/api/v2/constituencies/6262"},"constituency_result":36.1},"fraction_membership":{},"party":{"id":2,"entity_type":"party","label":"CDU","api_url":"https://www.abgeordnetenwatch.de/api/v2/parties/2"}}]
