{"id":[79387],"entity_type":["politician"],"label":["Saskia Esken"],"api_url":["https://www.abgeordnetenwatch.de/api/v2/politicians/79387"],"abgeordnetenwatch_url":["https://www.abgeordnetenwatch.de/profile/saskia-esken"],"first_name":["Saskia"],"last_name":["Esken"],"birth_name":{},"sex":["f"],"year_of_birth":[1961],"party":{"id":[1],"entity_type":["party"],"label":["SPD"],"api_url":["https://www.abgeordnetenwatch.de/api/v2/parties/1"]},"party_past":{},"education":["staatl. gepr. Informatikerin"],"residence":{},"occupation":["MdB/ SPD-Parteivorsitzende"],"statistic_questions":[44],"statistic_questions_answered":{},"qid_wikidata":["Q15813082"],"field_title":{}}
