[{"id":53969,"entity_type":"candidacy_mandate","label":"Michael Donth (Bundestag 2021 - 2025)","api_url":"https://www.abgeordnetenwatch.de/api/v2/candidacies-mandates/53969","id_external_administration":"1792","id_external_administration_description":"mdbID aus der info-xml-Datei der Bundestagsverwaltung","type":"mandate","parliament_period":{"id":132,"entity_type":"parliament_period","label":"Bundestag 2021 - 2025","api_url":"https://www.abgeordnetenwatch.de/api/v2/parliament-periods/132","abgeordnetenwatch_url":"https://www.abgeordnetenwatch.de/bundestag"},"politician":{"id":79397,"entity_type":"politician","label":"Michael Donth","api_url":"https://www.abgeordnetenwatch.de/api/v2/politicians/79397","abgeordnetenwatch_url":"https://www.abgeordnetenwatch.de/profile/michael-donth"},"electoral_data":{"id":54893,"entity_type":"electoral_data","label":"Michael Donth (Bundestag 2021 - 2025)","constituency":{"id":11029,"entity_type":"constituency","label":"289 - Reutlingen (Bundestag 2021 - 2025)","api_url":"https://www.abgeordnetenwatch.de/api/v2/constituencies/11029"},"constituency_result":32,"mandate_won":"constituency"},"fraction_membership":[{"id":9816,"entity_type":"fraction_membership","label":"CDU/CSU","fraction":{"id":320,"entity_type":"fraction","label":"CDU/CSU (Bundestag 2021 - 2025)","api_url":"https://www.abgeordnetenwatch.de/api/v2/fractions/320"}}],"party":{}},{"id":49811,"entity_type":"candidacy_mandate","label":"Michael Donth (Bundestag Wahl 2021)","api_url":"https://www.abgeordnetenwatch.de/api/v2/candidacies-mandates/49811","type":"candidacy","parliament_period":{"id":128,"entity_type":"parliament_period","label":"Bundestag Wahl 2021","api_url":"https://www.abgeordnetenwatch.de/api/v2/parliament-periods/128","abgeordnetenwatch_url":"https://www.abgeordnetenwatch.de/bundestag/wahl-2021"},"politician":{"id":79397,"entity_type":"politician","label":"Michael Donth","api_url":"https://www.abgeordnetenwatch.de/api/v2/politicians/79397","abgeordnetenwatch_url":"https://www.abgeordnetenwatch.de/profile/michael-donth"},"electoral_data":{"id":50733,"entity_type":"electoral_data","label":"Michael Donth (Bundestag Wahl 2021)","constituency":{"id":10346,"entity_type":"constituency","label":"289 - Reutlingen (Bundestag Wahl 2021)","api_url":"https://www.abgeordnetenwatch.de/api/v2/constituencies/10346"},"constituency_result":32.6,"constituency_result_count":49631,"mandate_won":"constituency"},"fraction_membership":{},"party":{"id":2,"entity_type":"party","label":"CDU","api_url":"https://www.abgeordnetenwatch.de/api/v2/parties/2"}},{"id":44508,"entity_type":"candidacy_mandate","label":"Michael Donth (Bundestag 2017 - 2021)","api_url":"https://www.abgeordnetenwatch.de/api/v2/candidacies-mandates/44508","id_external_administration":"1792","id_external_administration_description":"mdbID - ID der Bundestagsverwaltung","type":"mandate","parliament_period":{"id":111,"entity_type":"parliament_period","label":"Bundestag 2017 - 2021","api_url":"https://www.abgeordnetenwatch.de/api/v2/parliament-periods/111","abgeordnetenwatch_url":"https://www.abgeordnetenwatch.de/bundestag/19"},"politician":{"id":79397,"entity_type":"politician","label":"Michael Donth","api_url":"https://www.abgeordnetenwatch.de/api/v2/politicians/79397","abgeordnetenwatch_url":"https://www.abgeordnetenwatch.de/profile/michael-donth"},"electoral_data":{"id":44508,"entity_type":"electoral_data","label":"Michael Donth (Bundestag 2017 - 2021)","list_position":1,"constituency":{"id":4413,"entity_type":"constituency","label":"289 - Reutlingen (Bundestag 2017 - 2021)","api_url":"https://www.abgeordnetenwatch.de/api/v2/constituencies/4413"},"constituency_result":40.8,"mandate_won":"constituency"},"fraction_membership":[{"id":6753,"entity_type":"fraction_membership","label":"CDU/CSU","fraction":{"id":81,"entity_type":"fraction","label":"CDU/CSU (Bundestag 2017 - 2021)","api_url":"https://www.abgeordnetenwatch.de/api/v2/fractions/81"}}],"party":{}},{"id":39664,"entity_type":"candidacy_mandate","label":"Michael Donth (Bundestag 2013-2017)","api_url":"https://www.abgeordnetenwatch.de/api/v2/candidacies-mandates/39664","type":"mandate","parliament_period":{"id":97,"entity_type":"parliament_period","label":"Bundestag 2013 - 2017","api_url":"https://www.abgeordnetenwatch.de/api/v2/parliament-periods/97","abgeordnetenwatch_url":"https://www.abgeordnetenwatch.de/bundestag/18"},"politician":{"id":79397,"entity_type":"politician","label":"Michael Donth","api_url":"https://www.abgeordnetenwatch.de/api/v2/politicians/79397","abgeordnetenwatch_url":"https://www.abgeordnetenwatch.de/profile/michael-donth"},"electoral_data":{"id":39664,"entity_type":"electoral_data","label":"Michael Donth (Bundestag 2013 - 2017)","constituency":{"id":1239,"entity_type":"constituency","label":"289 - Reutlingen (Bundestag 2013-2017)","api_url":"https://www.abgeordnetenwatch.de/api/v2/constituencies/1239"},"constituency_result":51.9,"mandate_won":"constituency"},"fraction_membership":[{"id":1890,"entity_type":"fraction_membership","label":"CDU/CSU","fraction":{"id":111,"entity_type":"fraction","label":"CDU/CSU (Bundestag 2013-2017)","api_url":"https://www.abgeordnetenwatch.de/api/v2/fractions/111"}}],"party":{}},{"id":6634,"entity_type":"candidacy_mandate","label":"Michael Donth (Bundestag Wahl 2017)","api_url":"https://www.abgeordnetenwatch.de/api/v2/candidacies-mandates/6634","type":"candidacy","parliament_period":{"id":50,"entity_type":"parliament_period","label":"Bundestag Wahl 2017","api_url":"https://www.abgeordnetenwatch.de/api/v2/parliament-periods/50","abgeordnetenwatch_url":"https://www.abgeordnetenwatch.de/bundestag/wahl-2017"},"politician":{"id":79397,"entity_type":"politician","label":"Michael Donth","api_url":"https://www.abgeordnetenwatch.de/api/v2/politicians/79397","abgeordnetenwatch_url":"https://www.abgeordnetenwatch.de/profile/michael-donth"},"electoral_data":{"id":6634,"entity_type":"electoral_data","label":"Michael Donth (Bundestag Wahl 2017)","constituency":{"id":9299,"entity_type":"constituency","label":"289 - Reutlingen (Bundestag Wahl 2017)","api_url":"https://www.abgeordnetenwatch.de/api/v2/constituencies/9299"},"constituency_result":40.8,"mandate_won":"constituency"},"fraction_membership":{},"party":{"id":2,"entity_type":"party","label":"CDU","api_url":"https://www.abgeordnetenwatch.de/api/v2/parties/2"}},{"id":6633,"entity_type":"candidacy_mandate","label":"Michael Donth (Bundestag Wahl 2013)","api_url":"https://www.abgeordnetenwatch.de/api/v2/candidacies-mandates/6633","type":"candidacy","parliament_period":{"id":36,"entity_type":"parliament_period","label":"Bundestag Wahl 2013","api_url":"https://www.abgeordnetenwatch.de/api/v2/parliament-periods/36","abgeordnetenwatch_url":"https://www.abgeordnetenwatch.de/bundestag/wahl-2013"},"politician":{"id":79397,"entity_type":"politician","label":"Michael Donth","api_url":"https://www.abgeordnetenwatch.de/api/v2/politicians/79397","abgeordnetenwatch_url":"https://www.abgeordnetenwatch.de/profile/michael-donth"},"electoral_data":{"id":6633,"entity_type":"electoral_data","label":"Michael Donth (Bundestag Wahl 2013)","constituency":{"id":6125,"entity_type":"constituency","label":"289 - Reutlingen (Bundestag Wahl 2013)","api_url":"https://www.abgeordnetenwatch.de/api/v2/constituencies/6125"},"constituency_result":51.9,"mandate_won":"constituency"},"fraction_membership":{},"party":{"id":2,"entity_type":"party","label":"CDU","api_url":"https://www.abgeordnetenwatch.de/api/v2/parties/2"}}]
