{"id":[79393],"entity_type":["politician"],"label":["Enak Ferlemann"],"api_url":["https://www.abgeordnetenwatch.de/api/v2/politicians/79393"],"abgeordnetenwatch_url":["https://www.abgeordnetenwatch.de/profile/enak-ferlemann"],"first_name":["Enak"],"last_name":["Ferlemann"],"birth_name":{},"sex":["m"],"year_of_birth":[1963],"party":{"id":[2],"entity_type":["party"],"label":["CDU"],"api_url":["https://www.abgeordnetenwatch.de/api/v2/parties/2"]},"party_past":{},"deceased":{},"deceased_date":{},"education":["Bankkaufmann, Studium der Rechtswissenschaft, Politologie und Philosophie"],"residence":{},"occupation":["MdB"],"statistic_questions":{},"statistic_questions_answered":{},"qid_wikidata":["Q1285697"],"field_title":{}}
