[{"id":53669,"entity_type":"candidacy_mandate","label":"Johannes Fechner (Bundestag 2021 - 2025)","api_url":"https://www.abgeordnetenwatch.de/api/v2/candidacies-mandates/53669","id_external_administration":"1800","id_external_administration_description":"mdbID aus der info-xml-Datei der Bundestagsverwaltung","type":"mandate","parliament_period":{"id":132,"entity_type":"parliament_period","label":"Bundestag 2021 - 2025","api_url":"https://www.abgeordnetenwatch.de/api/v2/parliament-periods/132","abgeordnetenwatch_url":"https://www.abgeordnetenwatch.de/bundestag"},"politician":{"id":79390,"entity_type":"politician","label":"Johannes Fechner","api_url":"https://www.abgeordnetenwatch.de/api/v2/politicians/79390","abgeordnetenwatch_url":"https://www.abgeordnetenwatch.de/profile/johannes-fechner"},"electoral_data":{"id":54593,"entity_type":"electoral_data","label":"Johannes Fechner (Bundestag 2021 - 2025)","electoral_list":{"id":410,"entity_type":"electoral_list","label":"Landesliste Baden-Württemberg (Bundestag 2021 - 2025)","api_url":"https://www.abgeordnetenwatch.de/api/v2/electoral-lists/410"},"list_position":6,"constituency":{"id":11023,"entity_type":"constituency","label":"283 - Emmendingen - Lahr (Bundestag 2021 - 2025)","api_url":"https://www.abgeordnetenwatch.de/api/v2/constituencies/11023"},"mandate_won":"list"},"fraction_membership":[{"id":9516,"entity_type":"fraction_membership","label":"SPD","fraction":{"id":319,"entity_type":"fraction","label":"SPD (Bundestag 2021 - 2025)","api_url":"https://www.abgeordnetenwatch.de/api/v2/fractions/319"}}],"party":{}},{"id":48613,"entity_type":"candidacy_mandate","label":"Johannes Fechner (Bundestag Wahl 2021)","api_url":"https://www.abgeordnetenwatch.de/api/v2/candidacies-mandates/48613","type":"candidacy","parliament_period":{"id":128,"entity_type":"parliament_period","label":"Bundestag Wahl 2021","api_url":"https://www.abgeordnetenwatch.de/api/v2/parliament-periods/128","abgeordnetenwatch_url":"https://www.abgeordnetenwatch.de/bundestag/wahl-2021"},"politician":{"id":79390,"entity_type":"politician","label":"Johannes Fechner","api_url":"https://www.abgeordnetenwatch.de/api/v2/politicians/79390","abgeordnetenwatch_url":"https://www.abgeordnetenwatch.de/profile/johannes-fechner"},"electoral_data":{"id":49535,"entity_type":"electoral_data","label":"Johannes Fechner (Bundestag Wahl 2021)","electoral_list":{"id":358,"entity_type":"electoral_list","label":"Landesliste Baden-Württemberg (Bundestag Wahl 2021)","api_url":"https://www.abgeordnetenwatch.de/api/v2/electoral-lists/358"},"list_position":6,"constituency":{"id":10340,"entity_type":"constituency","label":"283 - Emmendingen - Lahr (Bundestag Wahl 2021)","api_url":"https://www.abgeordnetenwatch.de/api/v2/constituencies/10340"},"constituency_result":27.8,"constituency_result_count":46318},"fraction_membership":{},"party":{"id":1,"entity_type":"party","label":"SPD","api_url":"https://www.abgeordnetenwatch.de/api/v2/parties/1"}},{"id":45249,"entity_type":"candidacy_mandate","label":"Johannes Fechner (Bundestag 2017 - 2021)","api_url":"https://www.abgeordnetenwatch.de/api/v2/candidacies-mandates/45249","id_external_administration":"1800","id_external_administration_description":"mdbID - ID der Bundestagsverwaltung","type":"mandate","parliament_period":{"id":111,"entity_type":"parliament_period","label":"Bundestag 2017 - 2021","api_url":"https://www.abgeordnetenwatch.de/api/v2/parliament-periods/111","abgeordnetenwatch_url":"https://www.abgeordnetenwatch.de/bundestag/19"},"politician":{"id":79390,"entity_type":"politician","label":"Johannes Fechner","api_url":"https://www.abgeordnetenwatch.de/api/v2/politicians/79390","abgeordnetenwatch_url":"https://www.abgeordnetenwatch.de/profile/johannes-fechner"},"electoral_data":{"id":45249,"entity_type":"electoral_data","label":"Johannes Fechner (Bundestag 2017 - 2021)","electoral_list":{"id":106,"entity_type":"electoral_list","label":"Landesliste Baden-Württemberg (Bundestag 2017 - 2021)","api_url":"https://www.abgeordnetenwatch.de/api/v2/electoral-lists/106"},"list_position":10,"constituency":{"id":4407,"entity_type":"constituency","label":"283 - Emmendingen - Lahr (Bundestag 2017 - 2021)","api_url":"https://www.abgeordnetenwatch.de/api/v2/constituencies/4407"},"mandate_won":"list"},"fraction_membership":[{"id":7501,"entity_type":"fraction_membership","label":"SPD","fraction":{"id":22,"entity_type":"fraction","label":"SPD (Bundestag 2017 - 2021)","api_url":"https://www.abgeordnetenwatch.de/api/v2/fractions/22"}}],"party":{}},{"id":39657,"entity_type":"candidacy_mandate","label":"Johannes Fechner (Bundestag 2013-2017)","api_url":"https://www.abgeordnetenwatch.de/api/v2/candidacies-mandates/39657","type":"mandate","parliament_period":{"id":97,"entity_type":"parliament_period","label":"Bundestag 2013 - 2017","api_url":"https://www.abgeordnetenwatch.de/api/v2/parliament-periods/97","abgeordnetenwatch_url":"https://www.abgeordnetenwatch.de/bundestag/18"},"politician":{"id":79390,"entity_type":"politician","label":"Johannes Fechner","api_url":"https://www.abgeordnetenwatch.de/api/v2/politicians/79390","abgeordnetenwatch_url":"https://www.abgeordnetenwatch.de/profile/johannes-fechner"},"electoral_data":{"id":39657,"entity_type":"electoral_data","label":"Johannes Fechner (Bundestag 2013 - 2017)","electoral_list":{"id":26,"entity_type":"electoral_list","label":"Landesliste Baden-Württemberg (Bundestag 2013-2017)","api_url":"https://www.abgeordnetenwatch.de/api/v2/electoral-lists/26"},"list_position":19,"constituency":{"id":173,"entity_type":"constituency","label":"283 - Emmendingen - Lahr (Bundestag 2013-2017)","api_url":"https://www.abgeordnetenwatch.de/api/v2/constituencies/173"},"constituency_result":26.4,"mandate_won":"list"},"fraction_membership":[{"id":1883,"entity_type":"fraction_membership","label":"SPD","fraction":{"id":45,"entity_type":"fraction","label":"SPD (Bundestag 2013-2017)","api_url":"https://www.abgeordnetenwatch.de/api/v2/fractions/45"}}],"party":{}},{"id":6620,"entity_type":"candidacy_mandate","label":"Johannes Fechner (Bundestag Wahl 2017)","api_url":"https://www.abgeordnetenwatch.de/api/v2/candidacies-mandates/6620","type":"candidacy","parliament_period":{"id":50,"entity_type":"parliament_period","label":"Bundestag Wahl 2017","api_url":"https://www.abgeordnetenwatch.de/api/v2/parliament-periods/50","abgeordnetenwatch_url":"https://www.abgeordnetenwatch.de/bundestag/wahl-2017"},"politician":{"id":79390,"entity_type":"politician","label":"Johannes Fechner","api_url":"https://www.abgeordnetenwatch.de/api/v2/politicians/79390","abgeordnetenwatch_url":"https://www.abgeordnetenwatch.de/profile/johannes-fechner"},"electoral_data":{"id":6620,"entity_type":"electoral_data","label":"Johannes Fechner (Bundestag Wahl 2017)","electoral_list":{"id":265,"entity_type":"electoral_list","label":"Landesliste Baden-Württemberg (Bundestag Wahl 2017)","api_url":"https://www.abgeordnetenwatch.de/api/v2/electoral-lists/265"},"list_position":10,"constituency":{"id":9293,"entity_type":"constituency","label":"283 - Emmendingen - Lahr (Bundestag Wahl 2017)","api_url":"https://www.abgeordnetenwatch.de/api/v2/constituencies/9293"},"constituency_result":23.7,"mandate_won":"list"},"fraction_membership":{},"party":{"id":1,"entity_type":"party","label":"SPD","api_url":"https://www.abgeordnetenwatch.de/api/v2/parties/1"}},{"id":6619,"entity_type":"candidacy_mandate","label":"Johannes Fechner (Bundestag Wahl 2013)","api_url":"https://www.abgeordnetenwatch.de/api/v2/candidacies-mandates/6619","type":"candidacy","parliament_period":{"id":36,"entity_type":"parliament_period","label":"Bundestag Wahl 2013","api_url":"https://www.abgeordnetenwatch.de/api/v2/parliament-periods/36","abgeordnetenwatch_url":"https://www.abgeordnetenwatch.de/bundestag/wahl-2013"},"politician":{"id":79390,"entity_type":"politician","label":"Johannes Fechner","api_url":"https://www.abgeordnetenwatch.de/api/v2/politicians/79390","abgeordnetenwatch_url":"https://www.abgeordnetenwatch.de/profile/johannes-fechner"},"electoral_data":{"id":6619,"entity_type":"electoral_data","label":"Johannes Fechner (Bundestag Wahl 2013)","electoral_list":{},"list_position":19,"constituency":{"id":5059,"entity_type":"constituency","label":"283 - Emmendingen - Lahr (Bundestag Wahl 2013)","api_url":"https://www.abgeordnetenwatch.de/api/v2/constituencies/5059"},"constituency_result":26.4,"mandate_won":"list"},"fraction_membership":{},"party":{"id":1,"entity_type":"party","label":"SPD","api_url":"https://www.abgeordnetenwatch.de/api/v2/parties/1"}},{"id":6618,"entity_type":"candidacy_mandate","label":"Johannes Fechner (Bundestag Wahl 2009)","api_url":"https://www.abgeordnetenwatch.de/api/v2/candidacies-mandates/6618","type":"candidacy","parliament_period":{"id":22,"entity_type":"parliament_period","label":"Bundestag Wahl 2009","api_url":"https://www.abgeordnetenwatch.de/api/v2/parliament-periods/22","abgeordnetenwatch_url":"https://www.abgeordnetenwatch.de/bundestag/wahl-2009"},"politician":{"id":79390,"entity_type":"politician","label":"Johannes Fechner","api_url":"https://www.abgeordnetenwatch.de/api/v2/politicians/79390","abgeordnetenwatch_url":"https://www.abgeordnetenwatch.de/profile/johannes-fechner"},"electoral_data":{"id":6618,"entity_type":"electoral_data","label":"Johannes Fechner (Bundestag Wahl 2009)","electoral_list":{},"list_position":25,"constituency":{"id":6470,"entity_type":"constituency","label":"283 - Emmendingen - Lahr (Bundestag Wahl 2009)","api_url":"https://www.abgeordnetenwatch.de/api/v2/constituencies/6470"},"constituency_result":24.2},"fraction_membership":{},"party":{"id":1,"entity_type":"party","label":"SPD","api_url":"https://www.abgeordnetenwatch.de/api/v2/parties/1"}},{"id":6617,"entity_type":"candidacy_mandate","label":"Johannes Fechner (Bundestag Wahl 2005)","api_url":"https://www.abgeordnetenwatch.de/api/v2/candidacies-mandates/6617","type":"candidacy","parliament_period":{"id":6,"entity_type":"parliament_period","label":"Bundestag Wahl 2005","api_url":"https://www.abgeordnetenwatch.de/api/v2/parliament-periods/6","abgeordnetenwatch_url":"https://www.abgeordnetenwatch.de/bundestag/wahl-2005"},"politician":{"id":79390,"entity_type":"politician","label":"Johannes Fechner","api_url":"https://www.abgeordnetenwatch.de/api/v2/politicians/79390","abgeordnetenwatch_url":"https://www.abgeordnetenwatch.de/profile/johannes-fechner"},"electoral_data":{"id":6617,"entity_type":"electoral_data","label":"Johannes Fechner (Bundestag Wahl 2005)","electoral_list":{"id":200,"entity_type":"electoral_list","label":"Landesliste Baden-Württemberg (Bundestag Wahl 2005)","api_url":"https://www.abgeordnetenwatch.de/api/v2/electoral-lists/200"},"list_position":29,"constituency":{"id":6228,"entity_type":"constituency","label":"284 - Emmendingen-Lahr (Bundestag Wahl 2005)","api_url":"https://www.abgeordnetenwatch.de/api/v2/constituencies/6228"},"constituency_result":36.4},"fraction_membership":{},"party":{"id":1,"entity_type":"party","label":"SPD","api_url":"https://www.abgeordnetenwatch.de/api/v2/parties/1"}}]
