{"id":[79416],"entity_type":["politician"],"label":["Lars Castellucci"],"api_url":["https://www.abgeordnetenwatch.de/api/v2/politicians/79416"],"abgeordnetenwatch_url":["https://www.abgeordnetenwatch.de/profile/lars-castellucci"],"first_name":["Lars"],"last_name":["Castellucci"],"birth_name":{},"sex":["m"],"year_of_birth":[1974],"party":{"id":[1],"entity_type":["party"],"label":["SPD"],"api_url":["https://www.abgeordnetenwatch.de/api/v2/parties/1"]},"party_past":{},"deceased":{},"deceased_date":{},"education":["Professor für Nachhaltiges Management, Integrations- und Diversity Management"],"residence":["Wiesloch"],"occupation":["Mitglied des Bundestages"],"statistic_questions":[9],"statistic_questions_answered":[6],"qid_wikidata":["Q15262812"],"field_title":["Dr."]}
