{"id":[79412],"entity_type":["politician"],"label":["Alexander Dobrindt"],"api_url":["https://www.abgeordnetenwatch.de/api/v2/politicians/79412"],"abgeordnetenwatch_url":["https://www.abgeordnetenwatch.de/profile/alexander-dobrindt"],"first_name":["Alexander"],"last_name":["Dobrindt"],"birth_name":{},"sex":["m"],"year_of_birth":[1970],"party":{"id":[3],"entity_type":["party"],"label":["CSU"],"api_url":["https://www.abgeordnetenwatch.de/api/v2/parties/3"]},"party_past":{},"deceased":{},"deceased_date":{},"education":["Diplom-Soziologe"],"residence":{},"occupation":["MdB, CSU-Landesgruppenchef"],"statistic_questions":[15],"statistic_questions_answered":[12],"qid_wikidata":["Q85783"],"field_title":{}}
