[{"id":52161,"entity_type":"candidacy_mandate","label":"Marco Bülow (Bundestag Wahl 2021)","api_url":"https://www.abgeordnetenwatch.de/api/v2/candidacies-mandates/52161","type":"candidacy","parliament_period":{"id":128,"entity_type":"parliament_period","label":"Bundestag Wahl 2021","api_url":"https://www.abgeordnetenwatch.de/api/v2/parliament-periods/128","abgeordnetenwatch_url":"https://www.abgeordnetenwatch.de/bundestag/wahl-2021"},"politician":{"id":79422,"entity_type":"politician","label":"Marco Bülow","api_url":"https://www.abgeordnetenwatch.de/api/v2/politicians/79422","abgeordnetenwatch_url":"https://www.abgeordnetenwatch.de/profile/marco-buelow"},"party":{"id":16,"entity_type":"party","label":"Die PARTEI","api_url":"https://www.abgeordnetenwatch.de/api/v2/parties/16"},"electoral_data":{"id":53083,"entity_type":"electoral_data","label":"Marco Bülow (Bundestag Wahl 2021)","electoral_list":{"id":365,"entity_type":"electoral_list","label":"Landesliste Nordrhein-Westfalen (Bundestag Wahl 2021)","api_url":"https://www.abgeordnetenwatch.de/api/v2/electoral-lists/365"},"list_position":3,"constituency":{"id":10199,"entity_type":"constituency","label":"142 - Dortmund I (Bundestag Wahl 2021)","api_url":"https://www.abgeordnetenwatch.de/api/v2/constituencies/10199"},"constituency_result":8.6,"constituency_result_count":13361},"fraction_membership":{}},{"id":39712,"entity_type":"candidacy_mandate","label":"Marco Bülow (Bundestag 2017 - 2021)","api_url":"https://www.abgeordnetenwatch.de/api/v2/candidacies-mandates/39712","id_external_administration":"1273","id_external_administration_description":"mdbID - ID der Bundestagsverwaltung","type":"mandate","parliament_period":{"id":111,"entity_type":"parliament_period","label":"Bundestag 2017 - 2021","api_url":"https://www.abgeordnetenwatch.de/api/v2/parliament-periods/111","abgeordnetenwatch_url":"https://www.abgeordnetenwatch.de/bundestag/19"},"politician":{"id":79422,"entity_type":"politician","label":"Marco Bülow","api_url":"https://www.abgeordnetenwatch.de/api/v2/politicians/79422","abgeordnetenwatch_url":"https://www.abgeordnetenwatch.de/profile/marco-buelow"},"party":{},"info":"Austritt aus Partei","electoral_data":{"id":39712,"entity_type":"electoral_data","label":"Marco Bülow (Bundestag 2017 - 2021)","electoral_list":{"id":115,"entity_type":"electoral_list","label":"Landesliste Nordrhein-Westfalen (Bundestag 2017 - 2021)","api_url":"https://www.abgeordnetenwatch.de/api/v2/electoral-lists/115"},"list_position":56,"constituency":{"id":4266,"entity_type":"constituency","label":"142 - Dortmund I (Bundestag 2017 - 2021)","api_url":"https://www.abgeordnetenwatch.de/api/v2/constituencies/4266"},"constituency_result":38.8,"mandate_won":"constituency"},"fraction_membership":[{"id":8093,"entity_type":"fraction_membership","label":"fraktionslos seit 28.11.2018","fraction":{"id":231,"entity_type":"fraction","label":"fraktionslos (Bundestag 2017 - 2021)","api_url":"https://www.abgeordnetenwatch.de/api/v2/fractions/231"},"valid_from":"2018-11-28"}]},{"id":39711,"entity_type":"candidacy_mandate","label":"Marco Bülow (Bundestag 2013-2017)","api_url":"https://www.abgeordnetenwatch.de/api/v2/candidacies-mandates/39711","type":"mandate","parliament_period":{"id":97,"entity_type":"parliament_period","label":"Bundestag 2013 - 2017","api_url":"https://www.abgeordnetenwatch.de/api/v2/parliament-periods/97","abgeordnetenwatch_url":"https://www.abgeordnetenwatch.de/bundestag/18"},"politician":{"id":79422,"entity_type":"politician","label":"Marco Bülow","api_url":"https://www.abgeordnetenwatch.de/api/v2/politicians/79422","abgeordnetenwatch_url":"https://www.abgeordnetenwatch.de/profile/marco-buelow"},"party":{},"electoral_data":{"id":39711,"entity_type":"electoral_data","label":"Marco Bülow (Bundestag 2013 - 2017)","electoral_list":{"id":35,"entity_type":"electoral_list","label":"Landesliste Nordrhein-Westfalen (Bundestag 2013-2017)","api_url":"https://www.abgeordnetenwatch.de/api/v2/electoral-lists/35"},"list_position":38,"constituency":{"id":1134,"entity_type":"constituency","label":"142 - Dortmund I (Bundestag 2013-2017)","api_url":"https://www.abgeordnetenwatch.de/api/v2/constituencies/1134"},"constituency_result":45.4,"mandate_won":"constituency"},"fraction_membership":[{"id":1937,"entity_type":"fraction_membership","label":"SPD","fraction":{"id":45,"entity_type":"fraction","label":"SPD (Bundestag 2013-2017)","api_url":"https://www.abgeordnetenwatch.de/api/v2/fractions/45"}}]},{"id":39710,"entity_type":"candidacy_mandate","label":"Marco Bülow (Bundestag 2009-2013)","api_url":"https://www.abgeordnetenwatch.de/api/v2/candidacies-mandates/39710","type":"mandate","parliament_period":{"id":83,"entity_type":"parliament_period","label":"Bundestag 2009 - 2013","api_url":"https://www.abgeordnetenwatch.de/api/v2/parliament-periods/83","abgeordnetenwatch_url":"https://www.abgeordnetenwatch.de/bundestag/17"},"politician":{"id":79422,"entity_type":"politician","label":"Marco Bülow","api_url":"https://www.abgeordnetenwatch.de/api/v2/politicians/79422","abgeordnetenwatch_url":"https://www.abgeordnetenwatch.de/profile/marco-buelow"},"party":{},"electoral_data":{"id":39710,"entity_type":"electoral_data","label":"Marco Bülow (Bundestag 2009 - 2013)","electoral_list":{"id":64,"entity_type":"electoral_list","label":"Landesliste Nordrhein-Westfalen (Bundestag 2009-2013)","api_url":"https://www.abgeordnetenwatch.de/api/v2/electoral-lists/64"},"list_position":55,"constituency":{"id":1572,"entity_type":"constituency","label":"143 - Dortmund I (Bundestag 2009-2013)","api_url":"https://www.abgeordnetenwatch.de/api/v2/constituencies/1572"},"constituency_result":41.2},"fraction_membership":[{"id":1936,"entity_type":"fraction_membership","label":"SPD","fraction":{"id":116,"entity_type":"fraction","label":"SPD (Bundestag 2009-2013)","api_url":"https://www.abgeordnetenwatch.de/api/v2/fractions/116"}}]},{"id":39709,"entity_type":"candidacy_mandate","label":"Marco Bülow (Bundestag 2005-2009)","api_url":"https://www.abgeordnetenwatch.de/api/v2/candidacies-mandates/39709","type":"mandate","parliament_period":{"id":67,"entity_type":"parliament_period","label":"Bundestag 2005 - 2009","api_url":"https://www.abgeordnetenwatch.de/api/v2/parliament-periods/67","abgeordnetenwatch_url":"https://www.abgeordnetenwatch.de/bundestag/16"},"politician":{"id":79422,"entity_type":"politician","label":"Marco Bülow","api_url":"https://www.abgeordnetenwatch.de/api/v2/politicians/79422","abgeordnetenwatch_url":"https://www.abgeordnetenwatch.de/profile/marco-buelow"},"party":{},"start_date":"2001-11-30","electoral_data":{"id":39709,"entity_type":"electoral_data","label":"Marco Bülow (Bundestag 2005 - 2009)","electoral_list":{"id":49,"entity_type":"electoral_list","label":"Landesliste Nordrhein-Westfalen (Bundestag 2005-2009)","api_url":"https://www.abgeordnetenwatch.de/api/v2/electoral-lists/49"},"list_position":52,"constituency":{"id":1333,"entity_type":"constituency","label":"143 - Dortmund I (Bundestag 2005-2009)","api_url":"https://www.abgeordnetenwatch.de/api/v2/constituencies/1333"}},"fraction_membership":[{"id":1935,"entity_type":"fraction_membership","label":"SPD","fraction":{"id":27,"entity_type":"fraction","label":"SPD (Bundestag 2005-2009)","api_url":"https://www.abgeordnetenwatch.de/api/v2/fractions/27"}}]},{"id":6704,"entity_type":"candidacy_mandate","label":"Marco Bülow (Bundestag Wahl 2017)","api_url":"https://www.abgeordnetenwatch.de/api/v2/candidacies-mandates/6704","type":"candidacy","parliament_period":{"id":50,"entity_type":"parliament_period","label":"Bundestag Wahl 2017","api_url":"https://www.abgeordnetenwatch.de/api/v2/parliament-periods/50","abgeordnetenwatch_url":"https://www.abgeordnetenwatch.de/bundestag/wahl-2017"},"politician":{"id":79422,"entity_type":"politician","label":"Marco Bülow","api_url":"https://www.abgeordnetenwatch.de/api/v2/politicians/79422","abgeordnetenwatch_url":"https://www.abgeordnetenwatch.de/profile/marco-buelow"},"party":{"id":1,"entity_type":"party","label":"SPD","api_url":"https://www.abgeordnetenwatch.de/api/v2/parties/1"},"electoral_data":{"id":6704,"entity_type":"electoral_data","label":"Marco Bülow (Bundestag Wahl 2017)","electoral_list":{"id":274,"entity_type":"electoral_list","label":"Landesliste Nordrhein-Westfalen (Bundestag Wahl 2017)","api_url":"https://www.abgeordnetenwatch.de/api/v2/electoral-lists/274"},"list_position":56,"constituency":{"id":9152,"entity_type":"constituency","label":"142 - Dortmund I (Bundestag Wahl 2017)","api_url":"https://www.abgeordnetenwatch.de/api/v2/constituencies/9152"},"constituency_result":38.8,"mandate_won":"constituency"},"fraction_membership":{}},{"id":6703,"entity_type":"candidacy_mandate","label":"Marco Bülow (Bundestag Wahl 2013)","api_url":"https://www.abgeordnetenwatch.de/api/v2/candidacies-mandates/6703","type":"candidacy","parliament_period":{"id":36,"entity_type":"parliament_period","label":"Bundestag Wahl 2013","api_url":"https://www.abgeordnetenwatch.de/api/v2/parliament-periods/36","abgeordnetenwatch_url":"https://www.abgeordnetenwatch.de/bundestag/wahl-2013"},"politician":{"id":79422,"entity_type":"politician","label":"Marco Bülow","api_url":"https://www.abgeordnetenwatch.de/api/v2/politicians/79422","abgeordnetenwatch_url":"https://www.abgeordnetenwatch.de/profile/marco-buelow"},"party":{"id":1,"entity_type":"party","label":"SPD","api_url":"https://www.abgeordnetenwatch.de/api/v2/parties/1"},"electoral_data":{"id":6703,"entity_type":"electoral_data","label":"Marco Bülow (Bundestag Wahl 2013)","electoral_list":{},"list_position":38,"constituency":{"id":6020,"entity_type":"constituency","label":"142 - Dortmund I (Bundestag Wahl 2013)","api_url":"https://www.abgeordnetenwatch.de/api/v2/constituencies/6020"},"constituency_result":45.4,"mandate_won":"constituency"},"fraction_membership":{}},{"id":6702,"entity_type":"candidacy_mandate","label":"Marco Bülow (Bundestag Wahl 2009)","api_url":"https://www.abgeordnetenwatch.de/api/v2/candidacies-mandates/6702","type":"candidacy","parliament_period":{"id":22,"entity_type":"parliament_period","label":"Bundestag Wahl 2009","api_url":"https://www.abgeordnetenwatch.de/api/v2/parliament-periods/22","abgeordnetenwatch_url":"https://www.abgeordnetenwatch.de/bundestag/wahl-2009"},"politician":{"id":79422,"entity_type":"politician","label":"Marco Bülow","api_url":"https://www.abgeordnetenwatch.de/api/v2/politicians/79422","abgeordnetenwatch_url":"https://www.abgeordnetenwatch.de/profile/marco-buelow"},"party":{"id":1,"entity_type":"party","label":"SPD","api_url":"https://www.abgeordnetenwatch.de/api/v2/parties/1"},"electoral_data":{"id":6702,"entity_type":"electoral_data","label":"Marco Bülow (Bundestag Wahl 2009)","electoral_list":{},"list_position":55,"constituency":{"id":6458,"entity_type":"constituency","label":"143 - Dortmund I (Bundestag Wahl 2009)","api_url":"https://www.abgeordnetenwatch.de/api/v2/constituencies/6458"},"constituency_result":41.2,"mandate_won":"constituency"},"fraction_membership":{}},{"id":6701,"entity_type":"candidacy_mandate","label":"Marco Bülow (Bundestag Wahl 2005)","api_url":"https://www.abgeordnetenwatch.de/api/v2/candidacies-mandates/6701","type":"candidacy","parliament_period":{"id":6,"entity_type":"parliament_period","label":"Bundestag Wahl 2005","api_url":"https://www.abgeordnetenwatch.de/api/v2/parliament-periods/6","abgeordnetenwatch_url":"https://www.abgeordnetenwatch.de/bundestag/wahl-2005"},"politician":{"id":79422,"entity_type":"politician","label":"Marco Bülow","api_url":"https://www.abgeordnetenwatch.de/api/v2/politicians/79422","abgeordnetenwatch_url":"https://www.abgeordnetenwatch.de/profile/marco-buelow"},"party":{"id":1,"entity_type":"party","label":"SPD","api_url":"https://www.abgeordnetenwatch.de/api/v2/parties/1"},"electoral_data":{"id":6701,"entity_type":"electoral_data","label":"Marco Bülow (Bundestag Wahl 2005)","electoral_list":{"id":208,"entity_type":"electoral_list","label":"Landesliste Nordrhein-Westfalen (Bundestag Wahl 2005)","api_url":"https://www.abgeordnetenwatch.de/api/v2/electoral-lists/208"},"list_position":52,"constituency":{"id":6219,"entity_type":"constituency","label":"143 - Dortmund I (Bundestag Wahl 2005)","api_url":"https://www.abgeordnetenwatch.de/api/v2/constituencies/6219"},"constituency_result":56.3},"fraction_membership":{}}]
