{"id":[79427],"entity_type":["politician"],"label":["Reinhard Brandl"],"api_url":["https://www.abgeordnetenwatch.de/api/v2/politicians/79427"],"abgeordnetenwatch_url":["https://www.abgeordnetenwatch.de/profile/reinhard-brandl"],"first_name":["Reinhard"],"last_name":["Brandl"],"birth_name":{},"sex":["m"],"year_of_birth":[1977],"party":{"id":[3],"entity_type":["party"],"label":["CSU"],"api_url":["https://www.abgeordnetenwatch.de/api/v2/parties/3"]},"party_past":{},"deceased":{},"deceased_date":{},"education":["Dipl. Wirtschaftsingenieur"],"residence":{},"occupation":["MdB"],"statistic_questions":[2],"statistic_questions_answered":{},"qid_wikidata":["Q111160"],"field_title":{}}
