[{"id":46207,"entity_type":"candidacy_mandate","label":"Martin Burkert (Bundestag 2017 - 2021)","api_url":"https://www.abgeordnetenwatch.de/api/v2/candidacies-mandates/46207","id_external_administration":"1396","id_external_administration_description":"mdbID - ID der Bundestagsverwaltung","type":"mandate","parliament_period":{"id":111,"entity_type":"parliament_period","label":"Bundestag 2017 - 2021","api_url":"https://www.abgeordnetenwatch.de/api/v2/parliament-periods/111","abgeordnetenwatch_url":"https://www.abgeordnetenwatch.de/bundestag/19"},"politician":{"id":79424,"entity_type":"politician","label":"Martin Burkert","api_url":"https://www.abgeordnetenwatch.de/api/v2/politicians/79424","abgeordnetenwatch_url":"https://www.abgeordnetenwatch.de/profile/martin-burkert"},"end_date":"2020-02-01","electoral_data":{"id":46207,"entity_type":"electoral_data","label":"Martin Burkert (Bundestag 2017 - 2021)","electoral_list":{"id":107,"entity_type":"electoral_list","label":"Landesliste Bayern (Bundestag 2017 - 2021)","api_url":"https://www.abgeordnetenwatch.de/api/v2/electoral-lists/107"},"list_position":3,"constituency":{"id":4369,"entity_type":"constituency","label":"245 - Nürnberg-Süd (Bundestag 2017 - 2021)","api_url":"https://www.abgeordnetenwatch.de/api/v2/constituencies/4369"},"constituency_result":26.5,"mandate_won":"list"},"fraction_membership":[{"id":8505,"entity_type":"fraction_membership","label":"SPD","fraction":{"id":22,"entity_type":"fraction","label":"SPD (Bundestag 2017 - 2021)","api_url":"https://www.abgeordnetenwatch.de/api/v2/fractions/22"}}],"party":{}},{"id":39718,"entity_type":"candidacy_mandate","label":"Martin Burkert (Bundestag 2013-2017)","api_url":"https://www.abgeordnetenwatch.de/api/v2/candidacies-mandates/39718","type":"mandate","parliament_period":{"id":97,"entity_type":"parliament_period","label":"Bundestag 2013 - 2017","api_url":"https://www.abgeordnetenwatch.de/api/v2/parliament-periods/97","abgeordnetenwatch_url":"https://www.abgeordnetenwatch.de/bundestag/18"},"politician":{"id":79424,"entity_type":"politician","label":"Martin Burkert","api_url":"https://www.abgeordnetenwatch.de/api/v2/politicians/79424","abgeordnetenwatch_url":"https://www.abgeordnetenwatch.de/profile/martin-burkert"},"electoral_data":{"id":39718,"entity_type":"electoral_data","label":"Martin Burkert (Bundestag 2013 - 2017)","electoral_list":{"id":27,"entity_type":"electoral_list","label":"Landesliste Bayern (Bundestag 2013-2017)","api_url":"https://www.abgeordnetenwatch.de/api/v2/electoral-lists/27"},"list_position":3,"constituency":{"id":1215,"entity_type":"constituency","label":"245 - Nürnberg-Süd (Bundestag 2013-2017)","api_url":"https://www.abgeordnetenwatch.de/api/v2/constituencies/1215"},"constituency_result":32.3,"mandate_won":"list"},"fraction_membership":[{"id":1944,"entity_type":"fraction_membership","label":"SPD","fraction":{"id":45,"entity_type":"fraction","label":"SPD (Bundestag 2013-2017)","api_url":"https://www.abgeordnetenwatch.de/api/v2/fractions/45"}}],"party":{}},{"id":39717,"entity_type":"candidacy_mandate","label":"Martin Burkert (Bundestag 2009-2013)","api_url":"https://www.abgeordnetenwatch.de/api/v2/candidacies-mandates/39717","type":"mandate","parliament_period":{"id":83,"entity_type":"parliament_period","label":"Bundestag 2009 - 2013","api_url":"https://www.abgeordnetenwatch.de/api/v2/parliament-periods/83","abgeordnetenwatch_url":"https://www.abgeordnetenwatch.de/bundestag/17"},"politician":{"id":79424,"entity_type":"politician","label":"Martin Burkert","api_url":"https://www.abgeordnetenwatch.de/api/v2/politicians/79424","abgeordnetenwatch_url":"https://www.abgeordnetenwatch.de/profile/martin-burkert"},"electoral_data":{"id":39717,"entity_type":"electoral_data","label":"Martin Burkert (Bundestag 2009 - 2013)","electoral_list":{"id":57,"entity_type":"electoral_list","label":"Landesliste Bayern (Bundestag 2009-2013)","api_url":"https://www.abgeordnetenwatch.de/api/v2/electoral-lists/57"},"list_position":13,"constituency":{"id":1706,"entity_type":"constituency","label":"245 - Nürnberg-Süd (Bundestag 2009-2013)","api_url":"https://www.abgeordnetenwatch.de/api/v2/constituencies/1706"},"constituency_result":30.2},"fraction_membership":[{"id":1943,"entity_type":"fraction_membership","label":"SPD","fraction":{"id":116,"entity_type":"fraction","label":"SPD (Bundestag 2009-2013)","api_url":"https://www.abgeordnetenwatch.de/api/v2/fractions/116"}}],"party":{}},{"id":39716,"entity_type":"candidacy_mandate","label":"Martin Burkert (Bundestag 2005-2009)","api_url":"https://www.abgeordnetenwatch.de/api/v2/candidacies-mandates/39716","type":"mandate","parliament_period":{"id":67,"entity_type":"parliament_period","label":"Bundestag 2005 - 2009","api_url":"https://www.abgeordnetenwatch.de/api/v2/parliament-periods/67","abgeordnetenwatch_url":"https://www.abgeordnetenwatch.de/bundestag/16"},"politician":{"id":79424,"entity_type":"politician","label":"Martin Burkert","api_url":"https://www.abgeordnetenwatch.de/api/v2/politicians/79424","abgeordnetenwatch_url":"https://www.abgeordnetenwatch.de/profile/martin-burkert"},"start_date":"2004-11-30","electoral_data":{"id":39716,"entity_type":"electoral_data","label":"Martin Burkert (Bundestag 2005 - 2009)","electoral_list":{"id":18,"entity_type":"electoral_list","label":"Landesliste Bayern (Bundestag 2005-2009)","api_url":"https://www.abgeordnetenwatch.de/api/v2/electoral-lists/18"},"list_position":23,"constituency":{"id":1439,"entity_type":"constituency","label":"246 - Nürnberg-Süd (Bundestag 2005-2009)","api_url":"https://www.abgeordnetenwatch.de/api/v2/constituencies/1439"},"mandate_won":"list"},"fraction_membership":[{"id":1942,"entity_type":"fraction_membership","label":"SPD","fraction":{"id":27,"entity_type":"fraction","label":"SPD (Bundestag 2005-2009)","api_url":"https://www.abgeordnetenwatch.de/api/v2/fractions/27"}}],"party":{}},{"id":6711,"entity_type":"candidacy_mandate","label":"Martin Burkert (Bundestag Wahl 2017)","api_url":"https://www.abgeordnetenwatch.de/api/v2/candidacies-mandates/6711","type":"candidacy","parliament_period":{"id":50,"entity_type":"parliament_period","label":"Bundestag Wahl 2017","api_url":"https://www.abgeordnetenwatch.de/api/v2/parliament-periods/50","abgeordnetenwatch_url":"https://www.abgeordnetenwatch.de/bundestag/wahl-2017"},"politician":{"id":79424,"entity_type":"politician","label":"Martin Burkert","api_url":"https://www.abgeordnetenwatch.de/api/v2/politicians/79424","abgeordnetenwatch_url":"https://www.abgeordnetenwatch.de/profile/martin-burkert"},"electoral_data":{"id":6711,"entity_type":"electoral_data","label":"Martin Burkert (Bundestag Wahl 2017)","electoral_list":{"id":266,"entity_type":"electoral_list","label":"Landesliste Bayern (Bundestag Wahl 2017)","api_url":"https://www.abgeordnetenwatch.de/api/v2/electoral-lists/266"},"list_position":3,"constituency":{"id":9255,"entity_type":"constituency","label":"245 - Nürnberg-Süd (Bundestag Wahl 2017)","api_url":"https://www.abgeordnetenwatch.de/api/v2/constituencies/9255"},"constituency_result":26.5,"mandate_won":"list"},"fraction_membership":{},"party":{"id":1,"entity_type":"party","label":"SPD","api_url":"https://www.abgeordnetenwatch.de/api/v2/parties/1"}},{"id":6710,"entity_type":"candidacy_mandate","label":"Martin Burkert (Bundestag Wahl 2013)","api_url":"https://www.abgeordnetenwatch.de/api/v2/candidacies-mandates/6710","type":"candidacy","parliament_period":{"id":36,"entity_type":"parliament_period","label":"Bundestag Wahl 2013","api_url":"https://www.abgeordnetenwatch.de/api/v2/parliament-periods/36","abgeordnetenwatch_url":"https://www.abgeordnetenwatch.de/bundestag/wahl-2013"},"politician":{"id":79424,"entity_type":"politician","label":"Martin Burkert","api_url":"https://www.abgeordnetenwatch.de/api/v2/politicians/79424","abgeordnetenwatch_url":"https://www.abgeordnetenwatch.de/profile/martin-burkert"},"electoral_data":{"id":6710,"entity_type":"electoral_data","label":"Martin Burkert (Bundestag Wahl 2013)","electoral_list":{},"list_position":3,"constituency":{"id":6101,"entity_type":"constituency","label":"245 - Nürnberg-Süd (Bundestag Wahl 2013)","api_url":"https://www.abgeordnetenwatch.de/api/v2/constituencies/6101"},"constituency_result":32.3,"mandate_won":"list"},"fraction_membership":{},"party":{"id":1,"entity_type":"party","label":"SPD","api_url":"https://www.abgeordnetenwatch.de/api/v2/parties/1"}},{"id":6709,"entity_type":"candidacy_mandate","label":"Martin Burkert (Bundestag Wahl 2009)","api_url":"https://www.abgeordnetenwatch.de/api/v2/candidacies-mandates/6709","type":"candidacy","parliament_period":{"id":22,"entity_type":"parliament_period","label":"Bundestag Wahl 2009","api_url":"https://www.abgeordnetenwatch.de/api/v2/parliament-periods/22","abgeordnetenwatch_url":"https://www.abgeordnetenwatch.de/bundestag/wahl-2009"},"politician":{"id":79424,"entity_type":"politician","label":"Martin Burkert","api_url":"https://www.abgeordnetenwatch.de/api/v2/politicians/79424","abgeordnetenwatch_url":"https://www.abgeordnetenwatch.de/profile/martin-burkert"},"electoral_data":{"id":6709,"entity_type":"electoral_data","label":"Martin Burkert (Bundestag Wahl 2009)","electoral_list":{},"list_position":13,"constituency":{"id":6592,"entity_type":"constituency","label":"245 - Nürnberg-Süd (Bundestag Wahl 2009)","api_url":"https://www.abgeordnetenwatch.de/api/v2/constituencies/6592"},"constituency_result":30.2},"fraction_membership":{},"party":{"id":1,"entity_type":"party","label":"SPD","api_url":"https://www.abgeordnetenwatch.de/api/v2/parties/1"}},{"id":6708,"entity_type":"candidacy_mandate","label":"Martin Burkert (Bundestag Wahl 2005)","api_url":"https://www.abgeordnetenwatch.de/api/v2/candidacies-mandates/6708","type":"candidacy","parliament_period":{"id":6,"entity_type":"parliament_period","label":"Bundestag Wahl 2005","api_url":"https://www.abgeordnetenwatch.de/api/v2/parliament-periods/6","abgeordnetenwatch_url":"https://www.abgeordnetenwatch.de/bundestag/wahl-2005"},"politician":{"id":79424,"entity_type":"politician","label":"Martin Burkert","api_url":"https://www.abgeordnetenwatch.de/api/v2/politicians/79424","abgeordnetenwatch_url":"https://www.abgeordnetenwatch.de/profile/martin-burkert"},"electoral_data":{"id":6708,"entity_type":"electoral_data","label":"Martin Burkert (Bundestag Wahl 2005)","electoral_list":{"id":177,"entity_type":"electoral_list","label":"Landesliste Bayern (Bundestag Wahl 2005)","api_url":"https://www.abgeordnetenwatch.de/api/v2/electoral-lists/177"},"list_position":23,"constituency":{"id":6325,"entity_type":"constituency","label":"246 - Nürnberg-Süd (Bundestag Wahl 2005)","api_url":"https://www.abgeordnetenwatch.de/api/v2/constituencies/6325"},"constituency_result":38.8,"mandate_won":"list"},"fraction_membership":{},"party":{"id":1,"entity_type":"party","label":"SPD","api_url":"https://www.abgeordnetenwatch.de/api/v2/parties/1"}}]
