[{"id":44284,"entity_type":"candidacy_mandate","label":"Ralf Brauksiepe (Bundestag 2017 - 2021)","api_url":"https://www.abgeordnetenwatch.de/api/v2/candidacies-mandates/44284","id_external_administration":"983","id_external_administration_description":"mdbID - ID der Bundestagsverwaltung","type":"mandate","parliament_period":{"id":111,"entity_type":"parliament_period","label":"Bundestag 2017 - 2021","api_url":"https://www.abgeordnetenwatch.de/api/v2/parliament-periods/111","abgeordnetenwatch_url":"https://www.abgeordnetenwatch.de/bundestag/19"},"politician":{"id":79431,"entity_type":"politician","label":"Ralf Brauksiepe","api_url":"https://www.abgeordnetenwatch.de/api/v2/politicians/79431","abgeordnetenwatch_url":"https://www.abgeordnetenwatch.de/profile/ralf-brauksiepe"},"end_date":"2018-11-04","electoral_data":{"id":44284,"entity_type":"electoral_data","label":"Ralf Brauksiepe (Bundestag 2017 - 2021)","electoral_list":{"id":115,"entity_type":"electoral_list","label":"Landesliste Nordrhein-Westfalen (Bundestag 2017 - 2021)","api_url":"https://www.abgeordnetenwatch.de/api/v2/electoral-lists/115"},"list_position":10,"constituency":{"id":4263,"entity_type":"constituency","label":"139 - Ennepe-Ruhr-Kreis II (Bundestag 2017 - 2021)","api_url":"https://www.abgeordnetenwatch.de/api/v2/constituencies/4263"},"constituency_result":32.9,"mandate_won":"list"},"fraction_membership":[{"id":6527,"entity_type":"fraction_membership","label":"CDU/CSU","fraction":{"id":81,"entity_type":"fraction","label":"CDU/CSU (Bundestag 2017 - 2021)","api_url":"https://www.abgeordnetenwatch.de/api/v2/fractions/81"}}],"party":{}},{"id":44283,"entity_type":"candidacy_mandate","label":"Ralf Brauksiepe (Bundestag 2013-2017)","api_url":"https://www.abgeordnetenwatch.de/api/v2/candidacies-mandates/44283","type":"mandate","parliament_period":{"id":97,"entity_type":"parliament_period","label":"Bundestag 2013 - 2017","api_url":"https://www.abgeordnetenwatch.de/api/v2/parliament-periods/97","abgeordnetenwatch_url":"https://www.abgeordnetenwatch.de/bundestag/18"},"politician":{"id":79431,"entity_type":"politician","label":"Ralf Brauksiepe","api_url":"https://www.abgeordnetenwatch.de/api/v2/politicians/79431","abgeordnetenwatch_url":"https://www.abgeordnetenwatch.de/profile/ralf-brauksiepe"},"electoral_data":{"id":44283,"entity_type":"electoral_data","label":"Ralf Brauksiepe (Bundestag 2013 - 2017)","electoral_list":{"id":35,"entity_type":"electoral_list","label":"Landesliste Nordrhein-Westfalen (Bundestag 2013-2017)","api_url":"https://www.abgeordnetenwatch.de/api/v2/electoral-lists/35"},"list_position":13,"constituency":{"id":1139,"entity_type":"constituency","label":"139 - Ennepe-Ruhr-Kreis II (Bundestag 2013-2017)","api_url":"https://www.abgeordnetenwatch.de/api/v2/constituencies/1139"},"constituency_result":35.8,"mandate_won":"list"},"fraction_membership":[{"id":6526,"entity_type":"fraction_membership","label":"CDU/CSU","fraction":{"id":111,"entity_type":"fraction","label":"CDU/CSU (Bundestag 2013-2017)","api_url":"https://www.abgeordnetenwatch.de/api/v2/fractions/111"}}],"party":{}},{"id":44282,"entity_type":"candidacy_mandate","label":"Ralf Brauksiepe (Bundestag 2009-2013)","api_url":"https://www.abgeordnetenwatch.de/api/v2/candidacies-mandates/44282","type":"mandate","parliament_period":{"id":83,"entity_type":"parliament_period","label":"Bundestag 2009 - 2013","api_url":"https://www.abgeordnetenwatch.de/api/v2/parliament-periods/83","abgeordnetenwatch_url":"https://www.abgeordnetenwatch.de/bundestag/17"},"politician":{"id":79431,"entity_type":"politician","label":"Ralf Brauksiepe","api_url":"https://www.abgeordnetenwatch.de/api/v2/politicians/79431","abgeordnetenwatch_url":"https://www.abgeordnetenwatch.de/profile/ralf-brauksiepe"},"electoral_data":{"id":44282,"entity_type":"electoral_data","label":"Ralf Brauksiepe (Bundestag 2009 - 2013)","electoral_list":{"id":64,"entity_type":"electoral_list","label":"Landesliste Nordrhein-Westfalen (Bundestag 2009-2013)","api_url":"https://www.abgeordnetenwatch.de/api/v2/electoral-lists/64"},"list_position":10,"constituency":{"id":1585,"entity_type":"constituency","label":"140 - Ennepe-Ruhr-Kreis II (Bundestag 2009-2013)","api_url":"https://www.abgeordnetenwatch.de/api/v2/constituencies/1585"},"constituency_result":30.4},"fraction_membership":[{"id":6525,"entity_type":"fraction_membership","label":"CDU/CSU","fraction":{"id":112,"entity_type":"fraction","label":"CDU/CSU (Bundestag 2009-2013)","api_url":"https://www.abgeordnetenwatch.de/api/v2/fractions/112"}}],"party":{}},{"id":44281,"entity_type":"candidacy_mandate","label":"Ralf Brauksiepe (Bundestag 2005-2009)","api_url":"https://www.abgeordnetenwatch.de/api/v2/candidacies-mandates/44281","type":"mandate","parliament_period":{"id":67,"entity_type":"parliament_period","label":"Bundestag 2005 - 2009","api_url":"https://www.abgeordnetenwatch.de/api/v2/parliament-periods/67","abgeordnetenwatch_url":"https://www.abgeordnetenwatch.de/bundestag/16"},"politician":{"id":79431,"entity_type":"politician","label":"Ralf Brauksiepe","api_url":"https://www.abgeordnetenwatch.de/api/v2/politicians/79431","abgeordnetenwatch_url":"https://www.abgeordnetenwatch.de/profile/ralf-brauksiepe"},"start_date":"1997-11-30","electoral_data":{"id":44281,"entity_type":"electoral_data","label":"Ralf Brauksiepe (Bundestag 2005 - 2009)","electoral_list":{"id":49,"entity_type":"electoral_list","label":"Landesliste Nordrhein-Westfalen (Bundestag 2005-2009)","api_url":"https://www.abgeordnetenwatch.de/api/v2/electoral-lists/49"},"list_position":17,"constituency":{"id":1343,"entity_type":"constituency","label":"140 - Ennepe-Ruhr-Kreis II (Bundestag 2005-2009)","api_url":"https://www.abgeordnetenwatch.de/api/v2/constituencies/1343"},"mandate_won":"list"},"fraction_membership":[{"id":6524,"entity_type":"fraction_membership","label":"CDU/CSU","fraction":{"id":26,"entity_type":"fraction","label":"CDU/CSU (Bundestag 2005-2009)","api_url":"https://www.abgeordnetenwatch.de/api/v2/fractions/26"}}],"party":{}},{"id":35203,"entity_type":"candidacy_mandate","label":"Ralf Brauksiepe (Bundestag Wahl 2017)","api_url":"https://www.abgeordnetenwatch.de/api/v2/candidacies-mandates/35203","type":"candidacy","parliament_period":{"id":50,"entity_type":"parliament_period","label":"Bundestag Wahl 2017","api_url":"https://www.abgeordnetenwatch.de/api/v2/parliament-periods/50","abgeordnetenwatch_url":"https://www.abgeordnetenwatch.de/bundestag/wahl-2017"},"politician":{"id":79431,"entity_type":"politician","label":"Ralf Brauksiepe","api_url":"https://www.abgeordnetenwatch.de/api/v2/politicians/79431","abgeordnetenwatch_url":"https://www.abgeordnetenwatch.de/profile/ralf-brauksiepe"},"electoral_data":{"id":35203,"entity_type":"electoral_data","label":"Ralf Brauksiepe (Bundestag Wahl 2017)","electoral_list":{"id":274,"entity_type":"electoral_list","label":"Landesliste Nordrhein-Westfalen (Bundestag Wahl 2017)","api_url":"https://www.abgeordnetenwatch.de/api/v2/electoral-lists/274"},"list_position":10,"constituency":{"id":9149,"entity_type":"constituency","label":"139 - Ennepe-Ruhr-Kreis II (Bundestag Wahl 2017)","api_url":"https://www.abgeordnetenwatch.de/api/v2/constituencies/9149"},"constituency_result":32.9,"mandate_won":"list"},"fraction_membership":{},"party":{"id":2,"entity_type":"party","label":"CDU","api_url":"https://www.abgeordnetenwatch.de/api/v2/parties/2"}},{"id":34959,"entity_type":"candidacy_mandate","label":"Ralf Brauksiepe (Bundestag Wahl 2013)","api_url":"https://www.abgeordnetenwatch.de/api/v2/candidacies-mandates/34959","type":"candidacy","parliament_period":{"id":36,"entity_type":"parliament_period","label":"Bundestag Wahl 2013","api_url":"https://www.abgeordnetenwatch.de/api/v2/parliament-periods/36","abgeordnetenwatch_url":"https://www.abgeordnetenwatch.de/bundestag/wahl-2013"},"politician":{"id":79431,"entity_type":"politician","label":"Ralf Brauksiepe","api_url":"https://www.abgeordnetenwatch.de/api/v2/politicians/79431","abgeordnetenwatch_url":"https://www.abgeordnetenwatch.de/profile/ralf-brauksiepe"},"electoral_data":{"id":34959,"entity_type":"electoral_data","label":"Ralf Brauksiepe (Bundestag Wahl 2013)","electoral_list":{},"list_position":13,"constituency":{"id":6025,"entity_type":"constituency","label":"139 - Ennepe-Ruhr-Kreis II (Bundestag Wahl 2013)","api_url":"https://www.abgeordnetenwatch.de/api/v2/constituencies/6025"},"constituency_result":35.8,"mandate_won":"list"},"fraction_membership":{},"party":{"id":2,"entity_type":"party","label":"CDU","api_url":"https://www.abgeordnetenwatch.de/api/v2/parties/2"}},{"id":34958,"entity_type":"candidacy_mandate","label":"Ralf Brauksiepe (Bundestag Wahl 2009)","api_url":"https://www.abgeordnetenwatch.de/api/v2/candidacies-mandates/34958","type":"candidacy","parliament_period":{"id":22,"entity_type":"parliament_period","label":"Bundestag Wahl 2009","api_url":"https://www.abgeordnetenwatch.de/api/v2/parliament-periods/22","abgeordnetenwatch_url":"https://www.abgeordnetenwatch.de/bundestag/wahl-2009"},"politician":{"id":79431,"entity_type":"politician","label":"Ralf Brauksiepe","api_url":"https://www.abgeordnetenwatch.de/api/v2/politicians/79431","abgeordnetenwatch_url":"https://www.abgeordnetenwatch.de/profile/ralf-brauksiepe"},"electoral_data":{"id":34958,"entity_type":"electoral_data","label":"Ralf Brauksiepe (Bundestag Wahl 2009)","electoral_list":{},"list_position":10,"constituency":{"id":6471,"entity_type":"constituency","label":"140 - Ennepe-Ruhr-Kreis II (Bundestag Wahl 2009)","api_url":"https://www.abgeordnetenwatch.de/api/v2/constituencies/6471"},"constituency_result":30.4},"fraction_membership":{},"party":{"id":2,"entity_type":"party","label":"CDU","api_url":"https://www.abgeordnetenwatch.de/api/v2/parties/2"}},{"id":34957,"entity_type":"candidacy_mandate","label":"Ralf Brauksiepe (Bundestag Wahl 2005)","api_url":"https://www.abgeordnetenwatch.de/api/v2/candidacies-mandates/34957","type":"candidacy","parliament_period":{"id":6,"entity_type":"parliament_period","label":"Bundestag Wahl 2005","api_url":"https://www.abgeordnetenwatch.de/api/v2/parliament-periods/6","abgeordnetenwatch_url":"https://www.abgeordnetenwatch.de/bundestag/wahl-2005"},"politician":{"id":79431,"entity_type":"politician","label":"Ralf Brauksiepe","api_url":"https://www.abgeordnetenwatch.de/api/v2/politicians/79431","abgeordnetenwatch_url":"https://www.abgeordnetenwatch.de/profile/ralf-brauksiepe"},"electoral_data":{"id":34957,"entity_type":"electoral_data","label":"Ralf Brauksiepe (Bundestag Wahl 2005)","electoral_list":{"id":208,"entity_type":"electoral_list","label":"Landesliste Nordrhein-Westfalen (Bundestag Wahl 2005)","api_url":"https://www.abgeordnetenwatch.de/api/v2/electoral-lists/208"},"list_position":17,"constituency":{"id":6229,"entity_type":"constituency","label":"140 - Ennepe-Ruhr-Kreis II (Bundestag Wahl 2005)","api_url":"https://www.abgeordnetenwatch.de/api/v2/constituencies/6229"},"constituency_result":30.9,"mandate_won":"list"},"fraction_membership":{},"party":{"id":2,"entity_type":"party","label":"CDU","api_url":"https://www.abgeordnetenwatch.de/api/v2/parties/2"}}]
