{"id":[79433],"entity_type":["politician"],"label":["Heike Brehmer"],"api_url":["https://www.abgeordnetenwatch.de/api/v2/politicians/79433"],"abgeordnetenwatch_url":["https://www.abgeordnetenwatch.de/profile/heike-brehmer"],"first_name":["Heike"],"last_name":["Brehmer"],"birth_name":{},"sex":["f"],"year_of_birth":[1962],"party":{"id":[2],"entity_type":["party"],"label":["CDU"],"api_url":["https://www.abgeordnetenwatch.de/api/v2/parties/2"]},"party_past":{},"education":["Dipl. Betriebswirtin"],"residence":{},"occupation":["MdB"],"statistic_questions":[11],"statistic_questions_answered":[11],"qid_wikidata":["Q1594501"],"field_title":{}}
