[{"id":46265,"entity_type":"candidacy_mandate","label":"Heidrun Bluhm-Förster (Bundestag 2017 - 2021)","api_url":"https://www.abgeordnetenwatch.de/api/v2/candidacies-mandates/46265","id_external_administration":"1391","id_external_administration_description":"mdbID - ID der Bundestagsverwaltung","type":"mandate","parliament_period":{"id":111,"entity_type":"parliament_period","label":"Bundestag 2017 - 2021","api_url":"https://www.abgeordnetenwatch.de/api/v2/parliament-periods/111","abgeordnetenwatch_url":"https://www.abgeordnetenwatch.de/bundestag/19"},"politician":{"id":79437,"entity_type":"politician","label":"Heidrun Bluhm-Förster","api_url":"https://www.abgeordnetenwatch.de/api/v2/politicians/79437","abgeordnetenwatch_url":"https://www.abgeordnetenwatch.de/profile/heidrun-bluhm-foerster"},"electoral_data":{"id":46265,"entity_type":"electoral_data","label":"Heidrun Bluhm-Förster (Bundestag 2017 - 2021)","electoral_list":{"id":113,"entity_type":"electoral_list","label":"Landesliste Mecklenburg-Vorpommern (Bundestag 2017 - 2021)","api_url":"https://www.abgeordnetenwatch.de/api/v2/electoral-lists/113"},"list_position":2,"constituency":{"id":4141,"entity_type":"constituency","label":"17 - Mecklenburgische Seenplatte II - Landkreis Rostock III (Bundestag 2017 - 2021)","api_url":"https://www.abgeordnetenwatch.de/api/v2/constituencies/4141"},"constituency_result":17.4,"mandate_won":"list"},"fraction_membership":[{"id":8565,"entity_type":"fraction_membership","label":"DIE LINKE","fraction":{"id":41,"entity_type":"fraction","label":"DIE LINKE (Bundestag 2017 - 2021)","api_url":"https://www.abgeordnetenwatch.de/api/v2/fractions/41"}}],"party":{}},{"id":39747,"entity_type":"candidacy_mandate","label":"Heidrun Bluhm-Förster (Bundestag 2013-2017)","api_url":"https://www.abgeordnetenwatch.de/api/v2/candidacies-mandates/39747","type":"mandate","parliament_period":{"id":97,"entity_type":"parliament_period","label":"Bundestag 2013 - 2017","api_url":"https://www.abgeordnetenwatch.de/api/v2/parliament-periods/97","abgeordnetenwatch_url":"https://www.abgeordnetenwatch.de/bundestag/18"},"politician":{"id":79437,"entity_type":"politician","label":"Heidrun Bluhm-Förster","api_url":"https://www.abgeordnetenwatch.de/api/v2/politicians/79437","abgeordnetenwatch_url":"https://www.abgeordnetenwatch.de/profile/heidrun-bluhm-foerster"},"electoral_data":{"id":39747,"entity_type":"electoral_data","label":"Heidrun Bluhm-Förster (Bundestag 2013 - 2017)","electoral_list":{"id":33,"entity_type":"electoral_list","label":"Landesliste Mecklenburg-Vorpommern (Bundestag 2013-2017)","api_url":"https://www.abgeordnetenwatch.de/api/v2/electoral-lists/33"},"list_position":2,"constituency":{"id":1199,"entity_type":"constituency","label":"17 - Mecklenburgische Seenplatte II - Landkreis Rostock III (Bundestag 2013-2017)","api_url":"https://www.abgeordnetenwatch.de/api/v2/constituencies/1199"},"constituency_result":22.7,"mandate_won":"list"},"fraction_membership":[{"id":1973,"entity_type":"fraction_membership","label":"DIE LINKE","fraction":{"id":73,"entity_type":"fraction","label":"DIE LINKE (Bundestag 2013-2017)","api_url":"https://www.abgeordnetenwatch.de/api/v2/fractions/73"}}],"party":{}},{"id":39746,"entity_type":"candidacy_mandate","label":"Heidrun Bluhm-Förster (Bundestag 2009-2013)","api_url":"https://www.abgeordnetenwatch.de/api/v2/candidacies-mandates/39746","type":"mandate","parliament_period":{"id":83,"entity_type":"parliament_period","label":"Bundestag 2009 - 2013","api_url":"https://www.abgeordnetenwatch.de/api/v2/parliament-periods/83","abgeordnetenwatch_url":"https://www.abgeordnetenwatch.de/bundestag/17"},"politician":{"id":79437,"entity_type":"politician","label":"Heidrun Bluhm-Förster","api_url":"https://www.abgeordnetenwatch.de/api/v2/politicians/79437","abgeordnetenwatch_url":"https://www.abgeordnetenwatch.de/profile/heidrun-bluhm-foerster"},"electoral_data":{"id":39746,"entity_type":"electoral_data","label":"Heidrun Bluhm-Förster (Bundestag 2009 - 2013)","electoral_list":{"id":62,"entity_type":"electoral_list","label":"Landesliste Mecklenburg-Vorpommern (Bundestag 2009-2013)","api_url":"https://www.abgeordnetenwatch.de/api/v2/electoral-lists/62"},"list_position":3,"constituency":{"id":1524,"entity_type":"constituency","label":"17 - Bad Doberan - Güstrow - Müritz (Bundestag 2009-2013)","api_url":"https://www.abgeordnetenwatch.de/api/v2/constituencies/1524"},"constituency_result":27.3},"fraction_membership":[{"id":1972,"entity_type":"fraction_membership","label":"DIE LINKE","fraction":{"id":61,"entity_type":"fraction","label":"DIE LINKE (Bundestag 2009-2013)","api_url":"https://www.abgeordnetenwatch.de/api/v2/fractions/61"}}],"party":{}},{"id":39745,"entity_type":"candidacy_mandate","label":"Heidrun Bluhm-Förster (Bundestag 2005-2009)","api_url":"https://www.abgeordnetenwatch.de/api/v2/candidacies-mandates/39745","type":"mandate","parliament_period":{"id":67,"entity_type":"parliament_period","label":"Bundestag 2005 - 2009","api_url":"https://www.abgeordnetenwatch.de/api/v2/parliament-periods/67","abgeordnetenwatch_url":"https://www.abgeordnetenwatch.de/bundestag/16"},"politician":{"id":79437,"entity_type":"politician","label":"Heidrun Bluhm-Förster","api_url":"https://www.abgeordnetenwatch.de/api/v2/politicians/79437","abgeordnetenwatch_url":"https://www.abgeordnetenwatch.de/profile/heidrun-bluhm-foerster"},"start_date":"2004-11-30","electoral_data":{"id":39745,"entity_type":"electoral_data","label":"Heidrun Bluhm-Förster (Bundestag 2005 - 2009)","electoral_list":{"id":47,"entity_type":"electoral_list","label":"Landesliste Mecklenburg-Vorpommern (Bundestag 2005-2009)","api_url":"https://www.abgeordnetenwatch.de/api/v2/electoral-lists/47"},"list_position":3,"constituency":{}},"fraction_membership":[{"id":1971,"entity_type":"fraction_membership","label":"DIE LINKE","fraction":{"id":90,"entity_type":"fraction","label":"DIE LINKE (Bundestag 2005-2009)","api_url":"https://www.abgeordnetenwatch.de/api/v2/fractions/90"}}],"party":{}},{"id":6749,"entity_type":"candidacy_mandate","label":"Heidrun Bluhm-Förster (Bundestag Wahl 2017)","api_url":"https://www.abgeordnetenwatch.de/api/v2/candidacies-mandates/6749","type":"candidacy","parliament_period":{"id":50,"entity_type":"parliament_period","label":"Bundestag Wahl 2017","api_url":"https://www.abgeordnetenwatch.de/api/v2/parliament-periods/50","abgeordnetenwatch_url":"https://www.abgeordnetenwatch.de/bundestag/wahl-2017"},"politician":{"id":79437,"entity_type":"politician","label":"Heidrun Bluhm-Förster","api_url":"https://www.abgeordnetenwatch.de/api/v2/politicians/79437","abgeordnetenwatch_url":"https://www.abgeordnetenwatch.de/profile/heidrun-bluhm-foerster"},"electoral_data":{"id":6749,"entity_type":"electoral_data","label":"Heidrun Bluhm-Förster (Bundestag Wahl 2017)","electoral_list":{"id":272,"entity_type":"electoral_list","label":"Landesliste Mecklenburg-Vorpommern (Bundestag Wahl 2017)","api_url":"https://www.abgeordnetenwatch.de/api/v2/electoral-lists/272"},"list_position":2,"constituency":{"id":9027,"entity_type":"constituency","label":"17 - Mecklenburgische Seenplatte II - Landkreis Rostock III (Bundestag Wahl 2017)","api_url":"https://www.abgeordnetenwatch.de/api/v2/constituencies/9027"},"constituency_result":17.4,"mandate_won":"list"},"fraction_membership":{},"party":{"id":8,"entity_type":"party","label":"DIE LINKE","api_url":"https://www.abgeordnetenwatch.de/api/v2/parties/8"}},{"id":6748,"entity_type":"candidacy_mandate","label":"Heidrun Bluhm-Förster (Bundestag Wahl 2013)","api_url":"https://www.abgeordnetenwatch.de/api/v2/candidacies-mandates/6748","type":"candidacy","parliament_period":{"id":36,"entity_type":"parliament_period","label":"Bundestag Wahl 2013","api_url":"https://www.abgeordnetenwatch.de/api/v2/parliament-periods/36","abgeordnetenwatch_url":"https://www.abgeordnetenwatch.de/bundestag/wahl-2013"},"politician":{"id":79437,"entity_type":"politician","label":"Heidrun Bluhm-Förster","api_url":"https://www.abgeordnetenwatch.de/api/v2/politicians/79437","abgeordnetenwatch_url":"https://www.abgeordnetenwatch.de/profile/heidrun-bluhm-foerster"},"electoral_data":{"id":6748,"entity_type":"electoral_data","label":"Heidrun Bluhm-Förster (Bundestag Wahl 2013)","electoral_list":{},"list_position":2,"constituency":{"id":6085,"entity_type":"constituency","label":"17 - Mecklenburgische Seenplatte II - Landkreis Rostock III (Bundestag Wahl 2013)","api_url":"https://www.abgeordnetenwatch.de/api/v2/constituencies/6085"},"constituency_result":22.7,"mandate_won":"list"},"fraction_membership":{},"party":{"id":8,"entity_type":"party","label":"DIE LINKE","api_url":"https://www.abgeordnetenwatch.de/api/v2/parties/8"}},{"id":6747,"entity_type":"candidacy_mandate","label":"Heidrun Bluhm-Förster (Bundestag Wahl 2009)","api_url":"https://www.abgeordnetenwatch.de/api/v2/candidacies-mandates/6747","type":"candidacy","parliament_period":{"id":22,"entity_type":"parliament_period","label":"Bundestag Wahl 2009","api_url":"https://www.abgeordnetenwatch.de/api/v2/parliament-periods/22","abgeordnetenwatch_url":"https://www.abgeordnetenwatch.de/bundestag/wahl-2009"},"politician":{"id":79437,"entity_type":"politician","label":"Heidrun Bluhm-Förster","api_url":"https://www.abgeordnetenwatch.de/api/v2/politicians/79437","abgeordnetenwatch_url":"https://www.abgeordnetenwatch.de/profile/heidrun-bluhm-foerster"},"electoral_data":{"id":6747,"entity_type":"electoral_data","label":"Heidrun Bluhm-Förster (Bundestag Wahl 2009)","electoral_list":{},"list_position":3,"constituency":{"id":6410,"entity_type":"constituency","label":"17 - Bad Doberan - Güstrow - Müritz (Bundestag Wahl 2009)","api_url":"https://www.abgeordnetenwatch.de/api/v2/constituencies/6410"},"constituency_result":27.3},"fraction_membership":{},"party":{"id":8,"entity_type":"party","label":"DIE LINKE","api_url":"https://www.abgeordnetenwatch.de/api/v2/parties/8"}}]
