[{"id":44494,"entity_type":"candidacy_mandate","label":"Norbert Brackmann (Bundestag 2017 - 2021)","api_url":"https://www.abgeordnetenwatch.de/api/v2/candidacies-mandates/44494","id_external_administration":"1576","id_external_administration_description":"mdbID - ID der Bundestagsverwaltung","type":"mandate","parliament_period":{"id":111,"entity_type":"parliament_period","label":"Bundestag 2017 - 2021","api_url":"https://www.abgeordnetenwatch.de/api/v2/parliament-periods/111","abgeordnetenwatch_url":"https://www.abgeordnetenwatch.de/bundestag/19"},"politician":{"id":79440,"entity_type":"politician","label":"Norbert Brackmann","api_url":"https://www.abgeordnetenwatch.de/api/v2/politicians/79440","abgeordnetenwatch_url":"https://www.abgeordnetenwatch.de/profile/norbert-brackmann"},"electoral_data":{"id":44494,"entity_type":"electoral_data","label":"Norbert Brackmann (Bundestag 2017 - 2021)","electoral_list":{"id":120,"entity_type":"electoral_list","label":"Landesliste Schleswig-Holstein (Bundestag 2017 - 2021)","api_url":"https://www.abgeordnetenwatch.de/api/v2/electoral-lists/120"},"list_position":2,"constituency":{"id":4134,"entity_type":"constituency","label":"10 - Herzogtum Lauenburg - Stormarn-Süd (Bundestag 2017 - 2021)","api_url":"https://www.abgeordnetenwatch.de/api/v2/constituencies/4134"},"constituency_result":39.5,"mandate_won":"constituency"},"fraction_membership":[{"id":6739,"entity_type":"fraction_membership","label":"CDU/CSU","fraction":{"id":81,"entity_type":"fraction","label":"CDU/CSU (Bundestag 2017 - 2021)","api_url":"https://www.abgeordnetenwatch.de/api/v2/fractions/81"}}],"party":{}},{"id":39752,"entity_type":"candidacy_mandate","label":"Norbert Brackmann (Bundestag 2013-2017)","api_url":"https://www.abgeordnetenwatch.de/api/v2/candidacies-mandates/39752","type":"mandate","parliament_period":{"id":97,"entity_type":"parliament_period","label":"Bundestag 2013 - 2017","api_url":"https://www.abgeordnetenwatch.de/api/v2/parliament-periods/97","abgeordnetenwatch_url":"https://www.abgeordnetenwatch.de/bundestag/18"},"politician":{"id":79440,"entity_type":"politician","label":"Norbert Brackmann","api_url":"https://www.abgeordnetenwatch.de/api/v2/politicians/79440","abgeordnetenwatch_url":"https://www.abgeordnetenwatch.de/profile/norbert-brackmann"},"electoral_data":{"id":39752,"entity_type":"electoral_data","label":"Norbert Brackmann (Bundestag 2013 - 2017)","electoral_list":{"id":39,"entity_type":"electoral_list","label":"Landesliste Schleswig-Holstein (Bundestag 2013-2017)","api_url":"https://www.abgeordnetenwatch.de/api/v2/electoral-lists/39"},"list_position":9,"constituency":{"id":1166,"entity_type":"constituency","label":"10 - Herzogtum Lauenburg - Stormarn-Süd (Bundestag 2013-2017)","api_url":"https://www.abgeordnetenwatch.de/api/v2/constituencies/1166"},"constituency_result":45.2,"mandate_won":"constituency"},"fraction_membership":[{"id":1978,"entity_type":"fraction_membership","label":"CDU/CSU","fraction":{"id":111,"entity_type":"fraction","label":"CDU/CSU (Bundestag 2013-2017)","api_url":"https://www.abgeordnetenwatch.de/api/v2/fractions/111"}}],"party":{}},{"id":39751,"entity_type":"candidacy_mandate","label":"Norbert Brackmann (Bundestag 2009-2013)","api_url":"https://www.abgeordnetenwatch.de/api/v2/candidacies-mandates/39751","type":"mandate","parliament_period":{"id":83,"entity_type":"parliament_period","label":"Bundestag 2009 - 2013","api_url":"https://www.abgeordnetenwatch.de/api/v2/parliament-periods/83","abgeordnetenwatch_url":"https://www.abgeordnetenwatch.de/bundestag/17"},"politician":{"id":79440,"entity_type":"politician","label":"Norbert Brackmann","api_url":"https://www.abgeordnetenwatch.de/api/v2/politicians/79440","abgeordnetenwatch_url":"https://www.abgeordnetenwatch.de/profile/norbert-brackmann"},"electoral_data":{"id":39751,"entity_type":"electoral_data","label":"Norbert Brackmann (Bundestag 2009 - 2013)","electoral_list":{"id":69,"entity_type":"electoral_list","label":"Landesliste Schleswig-Holstein (Bundestag 2009-2013)","api_url":"https://www.abgeordnetenwatch.de/api/v2/electoral-lists/69"},"list_position":11,"constituency":{"id":1637,"entity_type":"constituency","label":"10 - Herzogtum Lauenburg - Stormarn-Süd (Bundestag 2009-2013)","api_url":"https://www.abgeordnetenwatch.de/api/v2/constituencies/1637"},"constituency_result":39.9},"fraction_membership":[{"id":1977,"entity_type":"fraction_membership","label":"CDU/CSU","fraction":{"id":112,"entity_type":"fraction","label":"CDU/CSU (Bundestag 2009-2013)","api_url":"https://www.abgeordnetenwatch.de/api/v2/fractions/112"}}],"party":{}},{"id":6755,"entity_type":"candidacy_mandate","label":"Norbert Brackmann (Bundestag Wahl 2017)","api_url":"https://www.abgeordnetenwatch.de/api/v2/candidacies-mandates/6755","type":"candidacy","parliament_period":{"id":50,"entity_type":"parliament_period","label":"Bundestag Wahl 2017","api_url":"https://www.abgeordnetenwatch.de/api/v2/parliament-periods/50","abgeordnetenwatch_url":"https://www.abgeordnetenwatch.de/bundestag/wahl-2017"},"politician":{"id":79440,"entity_type":"politician","label":"Norbert Brackmann","api_url":"https://www.abgeordnetenwatch.de/api/v2/politicians/79440","abgeordnetenwatch_url":"https://www.abgeordnetenwatch.de/profile/norbert-brackmann"},"electoral_data":{"id":6755,"entity_type":"electoral_data","label":"Norbert Brackmann (Bundestag Wahl 2017)","electoral_list":{"id":279,"entity_type":"electoral_list","label":"Landesliste Schleswig-Holstein (Bundestag Wahl 2017)","api_url":"https://www.abgeordnetenwatch.de/api/v2/electoral-lists/279"},"list_position":2,"constituency":{"id":9020,"entity_type":"constituency","label":"10 - Herzogtum Lauenburg - Stormarn-Süd (Bundestag Wahl 2017)","api_url":"https://www.abgeordnetenwatch.de/api/v2/constituencies/9020"},"constituency_result":39.5,"mandate_won":"constituency"},"fraction_membership":{},"party":{"id":2,"entity_type":"party","label":"CDU","api_url":"https://www.abgeordnetenwatch.de/api/v2/parties/2"}},{"id":6754,"entity_type":"candidacy_mandate","label":"Norbert Brackmann (Bundestag Wahl 2013)","api_url":"https://www.abgeordnetenwatch.de/api/v2/candidacies-mandates/6754","type":"candidacy","parliament_period":{"id":36,"entity_type":"parliament_period","label":"Bundestag Wahl 2013","api_url":"https://www.abgeordnetenwatch.de/api/v2/parliament-periods/36","abgeordnetenwatch_url":"https://www.abgeordnetenwatch.de/bundestag/wahl-2013"},"politician":{"id":79440,"entity_type":"politician","label":"Norbert Brackmann","api_url":"https://www.abgeordnetenwatch.de/api/v2/politicians/79440","abgeordnetenwatch_url":"https://www.abgeordnetenwatch.de/profile/norbert-brackmann"},"electoral_data":{"id":6754,"entity_type":"electoral_data","label":"Norbert Brackmann (Bundestag Wahl 2013)","electoral_list":{},"list_position":9,"constituency":{"id":6052,"entity_type":"constituency","label":"10 - Herzogtum Lauenburg - Stormarn-Süd (Bundestag Wahl 2013)","api_url":"https://www.abgeordnetenwatch.de/api/v2/constituencies/6052"},"constituency_result":45.2,"mandate_won":"constituency"},"fraction_membership":{},"party":{"id":2,"entity_type":"party","label":"CDU","api_url":"https://www.abgeordnetenwatch.de/api/v2/parties/2"}},{"id":6753,"entity_type":"candidacy_mandate","label":"Norbert Brackmann (Bundestag Wahl 2009)","api_url":"https://www.abgeordnetenwatch.de/api/v2/candidacies-mandates/6753","type":"candidacy","parliament_period":{"id":22,"entity_type":"parliament_period","label":"Bundestag Wahl 2009","api_url":"https://www.abgeordnetenwatch.de/api/v2/parliament-periods/22","abgeordnetenwatch_url":"https://www.abgeordnetenwatch.de/bundestag/wahl-2009"},"politician":{"id":79440,"entity_type":"politician","label":"Norbert Brackmann","api_url":"https://www.abgeordnetenwatch.de/api/v2/politicians/79440","abgeordnetenwatch_url":"https://www.abgeordnetenwatch.de/profile/norbert-brackmann"},"electoral_data":{"id":6753,"entity_type":"electoral_data","label":"Norbert Brackmann (Bundestag Wahl 2009)","electoral_list":{},"constituency":{"id":6523,"entity_type":"constituency","label":"10 - Herzogtum Lauenburg - Stormarn-Süd (Bundestag Wahl 2009)","api_url":"https://www.abgeordnetenwatch.de/api/v2/constituencies/6523"},"constituency_result":39.9,"mandate_won":"constituency"},"fraction_membership":{},"party":{"id":2,"entity_type":"party","label":"CDU","api_url":"https://www.abgeordnetenwatch.de/api/v2/parties/2"}}]
