{"id":[79446],"entity_type":["politician"],"label":["Peter Beyer"],"api_url":["https://www.abgeordnetenwatch.de/api/v2/politicians/79446"],"abgeordnetenwatch_url":["https://www.abgeordnetenwatch.de/profile/peter-beyer"],"first_name":["Peter"],"last_name":["Beyer"],"birth_name":{},"sex":["m"],"year_of_birth":[1970],"party":{"id":[2],"entity_type":["party"],"label":["CDU"],"api_url":["https://www.abgeordnetenwatch.de/api/v2/parties/2"]},"party_past":{},"deceased":{},"deceased_date":{},"education":["Studium der Rechtswissenschaften"],"residence":{},"occupation":["MdB"],"statistic_questions":{},"statistic_questions_answered":{},"qid_wikidata":["Q2073936"],"field_title":{}}
