[{"id":45564,"entity_type":"candidacy_mandate","label":"Sybille Benning (Bundestag 2017 - 2021)","api_url":"https://www.abgeordnetenwatch.de/api/v2/candidacies-mandates/45564","id_external_administration":"1781","id_external_administration_description":"mdbID - ID der Bundestagsverwaltung","type":"mandate","parliament_period":{"id":111,"entity_type":"parliament_period","label":"Bundestag 2017 - 2021","api_url":"https://www.abgeordnetenwatch.de/api/v2/parliament-periods/111","abgeordnetenwatch_url":"https://www.abgeordnetenwatch.de/bundestag/19"},"politician":{"id":79449,"entity_type":"politician","label":"Sybille Benning","api_url":"https://www.abgeordnetenwatch.de/api/v2/politicians/79449","abgeordnetenwatch_url":"https://www.abgeordnetenwatch.de/profile/sybille-benning"},"electoral_data":{"id":45564,"entity_type":"electoral_data","label":"Sybille Benning (Bundestag 2017 - 2021)","electoral_list":{"id":115,"entity_type":"electoral_list","label":"Landesliste Nordrhein-Westfalen (Bundestag 2017 - 2021)","api_url":"https://www.abgeordnetenwatch.de/api/v2/electoral-lists/115"},"list_position":29,"constituency":{"id":4253,"entity_type":"constituency","label":"129 - Münster (Bundestag 2017 - 2021)","api_url":"https://www.abgeordnetenwatch.de/api/v2/constituencies/4253"},"constituency_result":37.2,"mandate_won":"constituency"},"fraction_membership":[{"id":7819,"entity_type":"fraction_membership","label":"CDU/CSU","fraction":{"id":81,"entity_type":"fraction","label":"CDU/CSU (Bundestag 2017 - 2021)","api_url":"https://www.abgeordnetenwatch.de/api/v2/fractions/81"}}],"party":{}},{"id":39773,"entity_type":"candidacy_mandate","label":"Sybille Benning (Bundestag 2013-2017)","api_url":"https://www.abgeordnetenwatch.de/api/v2/candidacies-mandates/39773","type":"mandate","parliament_period":{"id":97,"entity_type":"parliament_period","label":"Bundestag 2013 - 2017","api_url":"https://www.abgeordnetenwatch.de/api/v2/parliament-periods/97","abgeordnetenwatch_url":"https://www.abgeordnetenwatch.de/bundestag/18"},"politician":{"id":79449,"entity_type":"politician","label":"Sybille Benning","api_url":"https://www.abgeordnetenwatch.de/api/v2/politicians/79449","abgeordnetenwatch_url":"https://www.abgeordnetenwatch.de/profile/sybille-benning"},"electoral_data":{"id":39773,"entity_type":"electoral_data","label":"Sybille Benning (Bundestag 2013 - 2017)","electoral_list":{"id":35,"entity_type":"electoral_list","label":"Landesliste Nordrhein-Westfalen (Bundestag 2013-2017)","api_url":"https://www.abgeordnetenwatch.de/api/v2/electoral-lists/35"},"list_position":31,"constituency":{"id":1208,"entity_type":"constituency","label":"129 - Münster (Bundestag 2013-2017)","api_url":"https://www.abgeordnetenwatch.de/api/v2/constituencies/1208"},"constituency_result":38.8,"mandate_won":"constituency"},"fraction_membership":[{"id":1999,"entity_type":"fraction_membership","label":"CDU/CSU","fraction":{"id":111,"entity_type":"fraction","label":"CDU/CSU (Bundestag 2013-2017)","api_url":"https://www.abgeordnetenwatch.de/api/v2/fractions/111"}}],"party":{}},{"id":6781,"entity_type":"candidacy_mandate","label":"Sybille Benning (Bundestag Wahl 2017)","api_url":"https://www.abgeordnetenwatch.de/api/v2/candidacies-mandates/6781","type":"candidacy","parliament_period":{"id":50,"entity_type":"parliament_period","label":"Bundestag Wahl 2017","api_url":"https://www.abgeordnetenwatch.de/api/v2/parliament-periods/50","abgeordnetenwatch_url":"https://www.abgeordnetenwatch.de/bundestag/wahl-2017"},"politician":{"id":79449,"entity_type":"politician","label":"Sybille Benning","api_url":"https://www.abgeordnetenwatch.de/api/v2/politicians/79449","abgeordnetenwatch_url":"https://www.abgeordnetenwatch.de/profile/sybille-benning"},"electoral_data":{"id":6781,"entity_type":"electoral_data","label":"Sybille Benning (Bundestag Wahl 2017)","electoral_list":{"id":274,"entity_type":"electoral_list","label":"Landesliste Nordrhein-Westfalen (Bundestag Wahl 2017)","api_url":"https://www.abgeordnetenwatch.de/api/v2/electoral-lists/274"},"list_position":29,"constituency":{"id":9139,"entity_type":"constituency","label":"129 - Münster (Bundestag Wahl 2017)","api_url":"https://www.abgeordnetenwatch.de/api/v2/constituencies/9139"},"constituency_result":37.2,"mandate_won":"constituency"},"fraction_membership":{},"party":{"id":2,"entity_type":"party","label":"CDU","api_url":"https://www.abgeordnetenwatch.de/api/v2/parties/2"}},{"id":6780,"entity_type":"candidacy_mandate","label":"Sybille Benning (Bundestag Wahl 2013)","api_url":"https://www.abgeordnetenwatch.de/api/v2/candidacies-mandates/6780","type":"candidacy","parliament_period":{"id":36,"entity_type":"parliament_period","label":"Bundestag Wahl 2013","api_url":"https://www.abgeordnetenwatch.de/api/v2/parliament-periods/36","abgeordnetenwatch_url":"https://www.abgeordnetenwatch.de/bundestag/wahl-2013"},"politician":{"id":79449,"entity_type":"politician","label":"Sybille Benning","api_url":"https://www.abgeordnetenwatch.de/api/v2/politicians/79449","abgeordnetenwatch_url":"https://www.abgeordnetenwatch.de/profile/sybille-benning"},"electoral_data":{"id":6780,"entity_type":"electoral_data","label":"Sybille Benning (Bundestag Wahl 2013)","electoral_list":{},"list_position":31,"constituency":{"id":6094,"entity_type":"constituency","label":"129 - Münster (Bundestag Wahl 2013)","api_url":"https://www.abgeordnetenwatch.de/api/v2/constituencies/6094"},"constituency_result":38.8,"mandate_won":"constituency"},"fraction_membership":{},"party":{"id":2,"entity_type":"party","label":"CDU","api_url":"https://www.abgeordnetenwatch.de/api/v2/parties/2"}}]
