[{"id":53743,"entity_type":"candidacy_mandate","label":"André Berghegger (Bundestag 2021 - 2025)","api_url":"https://www.abgeordnetenwatch.de/api/v2/candidacies-mandates/53743","id_external_administration":"1782","id_external_administration_description":"mdbID aus der info-xml-Datei der Bundestagsverwaltung","type":"mandate","parliament_period":{"id":132,"entity_type":"parliament_period","label":"Bundestag 2021 - 2025","api_url":"https://www.abgeordnetenwatch.de/api/v2/parliament-periods/132","abgeordnetenwatch_url":"https://www.abgeordnetenwatch.de/bundestag"},"politician":{"id":79447,"entity_type":"politician","label":"André Berghegger","api_url":"https://www.abgeordnetenwatch.de/api/v2/politicians/79447","abgeordnetenwatch_url":"https://www.abgeordnetenwatch.de/profile/andre-berghegger"},"electoral_data":{"id":54667,"entity_type":"electoral_data","label":"André Berghegger (Bundestag 2021 - 2025)","electoral_list":{"id":418,"entity_type":"electoral_list","label":"Landesliste Niedersachsen (Bundestag 2021 - 2025)","api_url":"https://www.abgeordnetenwatch.de/api/v2/electoral-lists/418"},"list_position":22,"constituency":{"id":10778,"entity_type":"constituency","label":"38 - Osnabrück-Land (Bundestag 2021 - 2025)","api_url":"https://www.abgeordnetenwatch.de/api/v2/constituencies/10778"},"constituency_result":36,"mandate_won":"constituency"},"fraction_membership":[{"id":9590,"entity_type":"fraction_membership","label":"CDU/CSU","fraction":{"id":320,"entity_type":"fraction","label":"CDU/CSU (Bundestag 2021 - 2025)","api_url":"https://www.abgeordnetenwatch.de/api/v2/fractions/320"}}],"party":{}},{"id":49821,"entity_type":"candidacy_mandate","label":"André Berghegger (Bundestag Wahl 2021)","api_url":"https://www.abgeordnetenwatch.de/api/v2/candidacies-mandates/49821","type":"candidacy","parliament_period":{"id":128,"entity_type":"parliament_period","label":"Bundestag Wahl 2021","api_url":"https://www.abgeordnetenwatch.de/api/v2/parliament-periods/128","abgeordnetenwatch_url":"https://www.abgeordnetenwatch.de/bundestag/wahl-2021"},"politician":{"id":79447,"entity_type":"politician","label":"André Berghegger","api_url":"https://www.abgeordnetenwatch.de/api/v2/politicians/79447","abgeordnetenwatch_url":"https://www.abgeordnetenwatch.de/profile/andre-berghegger"},"electoral_data":{"id":50743,"entity_type":"electoral_data","label":"André Berghegger (Bundestag Wahl 2021)","electoral_list":{},"constituency":{"id":10095,"entity_type":"constituency","label":"38 - Osnabrück-Land (Bundestag Wahl 2021)","api_url":"https://www.abgeordnetenwatch.de/api/v2/constituencies/10095"},"constituency_result":36},"fraction_membership":{},"party":{"id":2,"entity_type":"party","label":"CDU","api_url":"https://www.abgeordnetenwatch.de/api/v2/parties/2"}},{"id":44488,"entity_type":"candidacy_mandate","label":"André Berghegger (Bundestag 2017 - 2021)","api_url":"https://www.abgeordnetenwatch.de/api/v2/candidacies-mandates/44488","id_external_administration":"1782","id_external_administration_description":"mdbID - ID der Bundestagsverwaltung","type":"mandate","parliament_period":{"id":111,"entity_type":"parliament_period","label":"Bundestag 2017 - 2021","api_url":"https://www.abgeordnetenwatch.de/api/v2/parliament-periods/111","abgeordnetenwatch_url":"https://www.abgeordnetenwatch.de/bundestag/19"},"politician":{"id":79447,"entity_type":"politician","label":"André Berghegger","api_url":"https://www.abgeordnetenwatch.de/api/v2/politicians/79447","abgeordnetenwatch_url":"https://www.abgeordnetenwatch.de/profile/andre-berghegger"},"electoral_data":{"id":44488,"entity_type":"electoral_data","label":"André Berghegger (Bundestag 2017 - 2021)","electoral_list":{"id":114,"entity_type":"electoral_list","label":"Landesliste Niedersachsen (Bundestag 2017 - 2021)","api_url":"https://www.abgeordnetenwatch.de/api/v2/electoral-lists/114"},"list_position":22,"constituency":{"id":4162,"entity_type":"constituency","label":"38 - Osnabrück-Land (Bundestag 2017 - 2021)","api_url":"https://www.abgeordnetenwatch.de/api/v2/constituencies/4162"},"constituency_result":45.6,"mandate_won":"constituency"},"fraction_membership":[{"id":6733,"entity_type":"fraction_membership","label":"CDU/CSU","fraction":{"id":81,"entity_type":"fraction","label":"CDU/CSU (Bundestag 2017 - 2021)","api_url":"https://www.abgeordnetenwatch.de/api/v2/fractions/81"}}],"party":{}},{"id":39769,"entity_type":"candidacy_mandate","label":"André Berghegger (Bundestag 2013-2017)","api_url":"https://www.abgeordnetenwatch.de/api/v2/candidacies-mandates/39769","type":"mandate","parliament_period":{"id":97,"entity_type":"parliament_period","label":"Bundestag 2013 - 2017","api_url":"https://www.abgeordnetenwatch.de/api/v2/parliament-periods/97","abgeordnetenwatch_url":"https://www.abgeordnetenwatch.de/bundestag/18"},"politician":{"id":79447,"entity_type":"politician","label":"André Berghegger","api_url":"https://www.abgeordnetenwatch.de/api/v2/politicians/79447","abgeordnetenwatch_url":"https://www.abgeordnetenwatch.de/profile/andre-berghegger"},"electoral_data":{"id":39769,"entity_type":"electoral_data","label":"André Berghegger (Bundestag 2013 - 2017)","electoral_list":{"id":34,"entity_type":"electoral_list","label":"Landesliste Niedersachsen (Bundestag 2013-2017)","api_url":"https://www.abgeordnetenwatch.de/api/v2/electoral-lists/34"},"list_position":22,"constituency":{"id":1225,"entity_type":"constituency","label":"38 - Osnabrück-Land (Bundestag 2013-2017)","api_url":"https://www.abgeordnetenwatch.de/api/v2/constituencies/1225"},"constituency_result":53.1,"mandate_won":"constituency"},"fraction_membership":[{"id":1995,"entity_type":"fraction_membership","label":"CDU/CSU","fraction":{"id":111,"entity_type":"fraction","label":"CDU/CSU (Bundestag 2013-2017)","api_url":"https://www.abgeordnetenwatch.de/api/v2/fractions/111"}}],"party":{}},{"id":6776,"entity_type":"candidacy_mandate","label":"André Berghegger (Bundestag Wahl 2017)","api_url":"https://www.abgeordnetenwatch.de/api/v2/candidacies-mandates/6776","type":"candidacy","parliament_period":{"id":50,"entity_type":"parliament_period","label":"Bundestag Wahl 2017","api_url":"https://www.abgeordnetenwatch.de/api/v2/parliament-periods/50","abgeordnetenwatch_url":"https://www.abgeordnetenwatch.de/bundestag/wahl-2017"},"politician":{"id":79447,"entity_type":"politician","label":"André Berghegger","api_url":"https://www.abgeordnetenwatch.de/api/v2/politicians/79447","abgeordnetenwatch_url":"https://www.abgeordnetenwatch.de/profile/andre-berghegger"},"electoral_data":{"id":6776,"entity_type":"electoral_data","label":"André Berghegger (Bundestag Wahl 2017)","electoral_list":{"id":273,"entity_type":"electoral_list","label":"Landesliste Niedersachsen (Bundestag Wahl 2017)","api_url":"https://www.abgeordnetenwatch.de/api/v2/electoral-lists/273"},"list_position":22,"constituency":{"id":9048,"entity_type":"constituency","label":"38 - Osnabrück-Land (Bundestag Wahl 2017)","api_url":"https://www.abgeordnetenwatch.de/api/v2/constituencies/9048"},"constituency_result":45.6,"mandate_won":"constituency"},"fraction_membership":{},"party":{"id":2,"entity_type":"party","label":"CDU","api_url":"https://www.abgeordnetenwatch.de/api/v2/parties/2"}},{"id":6775,"entity_type":"candidacy_mandate","label":"André Berghegger (Bundestag Wahl 2013)","api_url":"https://www.abgeordnetenwatch.de/api/v2/candidacies-mandates/6775","type":"candidacy","parliament_period":{"id":36,"entity_type":"parliament_period","label":"Bundestag Wahl 2013","api_url":"https://www.abgeordnetenwatch.de/api/v2/parliament-periods/36","abgeordnetenwatch_url":"https://www.abgeordnetenwatch.de/bundestag/wahl-2013"},"politician":{"id":79447,"entity_type":"politician","label":"André Berghegger","api_url":"https://www.abgeordnetenwatch.de/api/v2/politicians/79447","abgeordnetenwatch_url":"https://www.abgeordnetenwatch.de/profile/andre-berghegger"},"electoral_data":{"id":6775,"entity_type":"electoral_data","label":"André Berghegger (Bundestag Wahl 2013)","electoral_list":{},"list_position":22,"constituency":{"id":6111,"entity_type":"constituency","label":"38 - Osnabrück-Land (Bundestag Wahl 2013)","api_url":"https://www.abgeordnetenwatch.de/api/v2/constituencies/6111"},"constituency_result":53.1,"mandate_won":"constituency"},"fraction_membership":{},"party":{"id":2,"entity_type":"party","label":"CDU","api_url":"https://www.abgeordnetenwatch.de/api/v2/parties/2"}}]
