[{"id":53810,"entity_type":"candidacy_mandate","label":"Peter Beyer (Bundestag 2021 - 2025)","api_url":"https://www.abgeordnetenwatch.de/api/v2/candidacies-mandates/53810","id_external_administration":"1558","id_external_administration_description":"mdbID aus der info-xml-Datei der Bundestagsverwaltung","type":"mandate","parliament_period":{"id":132,"entity_type":"parliament_period","label":"Bundestag 2021 - 2025","api_url":"https://www.abgeordnetenwatch.de/api/v2/parliament-periods/132","abgeordnetenwatch_url":"https://www.abgeordnetenwatch.de/bundestag"},"politician":{"id":79446,"entity_type":"politician","label":"Peter Beyer","api_url":"https://www.abgeordnetenwatch.de/api/v2/politicians/79446","abgeordnetenwatch_url":"https://www.abgeordnetenwatch.de/profile/peter-beyer"},"electoral_data":{"id":54734,"entity_type":"electoral_data","label":"Peter Beyer (Bundestag 2021 - 2025)","electoral_list":{"id":419,"entity_type":"electoral_list","label":"Landesliste Nordrhein-Westfalen (Bundestag 2021 - 2025)","api_url":"https://www.abgeordnetenwatch.de/api/v2/electoral-lists/419"},"list_position":28,"constituency":{"id":10845,"entity_type":"constituency","label":"105 - Mettmann II (Bundestag 2021 - 2025)","api_url":"https://www.abgeordnetenwatch.de/api/v2/constituencies/10845"},"constituency_result":31,"mandate_won":"constituency"},"fraction_membership":[{"id":9657,"entity_type":"fraction_membership","label":"CDU/CSU","fraction":{"id":320,"entity_type":"fraction","label":"CDU/CSU (Bundestag 2021 - 2025)","api_url":"https://www.abgeordnetenwatch.de/api/v2/fractions/320"}}],"party":{}},{"id":49820,"entity_type":"candidacy_mandate","label":"Peter Beyer (Bundestag Wahl 2021)","api_url":"https://www.abgeordnetenwatch.de/api/v2/candidacies-mandates/49820","type":"candidacy","parliament_period":{"id":128,"entity_type":"parliament_period","label":"Bundestag Wahl 2021","api_url":"https://www.abgeordnetenwatch.de/api/v2/parliament-periods/128","abgeordnetenwatch_url":"https://www.abgeordnetenwatch.de/bundestag/wahl-2021"},"politician":{"id":79446,"entity_type":"politician","label":"Peter Beyer","api_url":"https://www.abgeordnetenwatch.de/api/v2/politicians/79446","abgeordnetenwatch_url":"https://www.abgeordnetenwatch.de/profile/peter-beyer"},"electoral_data":{"id":50742,"entity_type":"electoral_data","label":"Peter Beyer (Bundestag Wahl 2021)","electoral_list":{"id":365,"entity_type":"electoral_list","label":"Landesliste Nordrhein-Westfalen (Bundestag Wahl 2021)","api_url":"https://www.abgeordnetenwatch.de/api/v2/electoral-lists/365"},"list_position":28,"constituency":{"id":10162,"entity_type":"constituency","label":"105 - Mettmann II (Bundestag Wahl 2021)","api_url":"https://www.abgeordnetenwatch.de/api/v2/constituencies/10162"},"constituency_result":31.3},"fraction_membership":{},"party":{"id":2,"entity_type":"party","label":"CDU","api_url":"https://www.abgeordnetenwatch.de/api/v2/parties/2"}},{"id":44489,"entity_type":"candidacy_mandate","label":"Peter Beyer (Bundestag 2017 - 2021)","api_url":"https://www.abgeordnetenwatch.de/api/v2/candidacies-mandates/44489","id_external_administration":"1558","id_external_administration_description":"mdbID - ID der Bundestagsverwaltung","type":"mandate","parliament_period":{"id":111,"entity_type":"parliament_period","label":"Bundestag 2017 - 2021","api_url":"https://www.abgeordnetenwatch.de/api/v2/parliament-periods/111","abgeordnetenwatch_url":"https://www.abgeordnetenwatch.de/bundestag/19"},"politician":{"id":79446,"entity_type":"politician","label":"Peter Beyer","api_url":"https://www.abgeordnetenwatch.de/api/v2/politicians/79446","abgeordnetenwatch_url":"https://www.abgeordnetenwatch.de/profile/peter-beyer"},"electoral_data":{"id":44489,"entity_type":"electoral_data","label":"Peter Beyer (Bundestag 2017 - 2021)","electoral_list":{"id":115,"entity_type":"electoral_list","label":"Landesliste Nordrhein-Westfalen (Bundestag 2017 - 2021)","api_url":"https://www.abgeordnetenwatch.de/api/v2/electoral-lists/115"},"list_position":51,"constituency":{"id":4229,"entity_type":"constituency","label":"105 - Mettmann II (Bundestag 2017 - 2021)","api_url":"https://www.abgeordnetenwatch.de/api/v2/constituencies/4229"},"constituency_result":39.3,"mandate_won":"constituency"},"fraction_membership":[{"id":6734,"entity_type":"fraction_membership","label":"CDU/CSU","fraction":{"id":81,"entity_type":"fraction","label":"CDU/CSU (Bundestag 2017 - 2021)","api_url":"https://www.abgeordnetenwatch.de/api/v2/fractions/81"}}],"party":{}},{"id":39768,"entity_type":"candidacy_mandate","label":"Peter Beyer (Bundestag 2013-2017)","api_url":"https://www.abgeordnetenwatch.de/api/v2/candidacies-mandates/39768","type":"mandate","parliament_period":{"id":97,"entity_type":"parliament_period","label":"Bundestag 2013 - 2017","api_url":"https://www.abgeordnetenwatch.de/api/v2/parliament-periods/97","abgeordnetenwatch_url":"https://www.abgeordnetenwatch.de/bundestag/18"},"politician":{"id":79446,"entity_type":"politician","label":"Peter Beyer","api_url":"https://www.abgeordnetenwatch.de/api/v2/politicians/79446","abgeordnetenwatch_url":"https://www.abgeordnetenwatch.de/profile/peter-beyer"},"electoral_data":{"id":39768,"entity_type":"electoral_data","label":"Peter Beyer (Bundestag 2013 - 2017)","electoral_list":{"id":35,"entity_type":"electoral_list","label":"Landesliste Nordrhein-Westfalen (Bundestag 2013-2017)","api_url":"https://www.abgeordnetenwatch.de/api/v2/electoral-lists/35"},"list_position":51,"constituency":{"id":1201,"entity_type":"constituency","label":"105 - Mettmann II (Bundestag 2013-2017)","api_url":"https://www.abgeordnetenwatch.de/api/v2/constituencies/1201"},"constituency_result":45.6,"mandate_won":"constituency"},"fraction_membership":[{"id":1994,"entity_type":"fraction_membership","label":"CDU/CSU","fraction":{"id":111,"entity_type":"fraction","label":"CDU/CSU (Bundestag 2013-2017)","api_url":"https://www.abgeordnetenwatch.de/api/v2/fractions/111"}}],"party":{}},{"id":39767,"entity_type":"candidacy_mandate","label":"Peter Beyer (Bundestag 2009-2013)","api_url":"https://www.abgeordnetenwatch.de/api/v2/candidacies-mandates/39767","type":"mandate","parliament_period":{"id":83,"entity_type":"parliament_period","label":"Bundestag 2009 - 2013","api_url":"https://www.abgeordnetenwatch.de/api/v2/parliament-periods/83","abgeordnetenwatch_url":"https://www.abgeordnetenwatch.de/bundestag/17"},"politician":{"id":79446,"entity_type":"politician","label":"Peter Beyer","api_url":"https://www.abgeordnetenwatch.de/api/v2/politicians/79446","abgeordnetenwatch_url":"https://www.abgeordnetenwatch.de/profile/peter-beyer"},"electoral_data":{"id":39767,"entity_type":"electoral_data","label":"Peter Beyer (Bundestag 2009 - 2013)","electoral_list":{"id":64,"entity_type":"electoral_list","label":"Landesliste Nordrhein-Westfalen (Bundestag 2009-2013)","api_url":"https://www.abgeordnetenwatch.de/api/v2/electoral-lists/64"},"list_position":53,"constituency":{"id":1684,"entity_type":"constituency","label":"106 - Mettmann II (Bundestag 2009-2013)","api_url":"https://www.abgeordnetenwatch.de/api/v2/constituencies/1684"},"constituency_result":39.8},"fraction_membership":[{"id":1993,"entity_type":"fraction_membership","label":"CDU/CSU","fraction":{"id":112,"entity_type":"fraction","label":"CDU/CSU (Bundestag 2009-2013)","api_url":"https://www.abgeordnetenwatch.de/api/v2/fractions/112"}}],"party":{}},{"id":6774,"entity_type":"candidacy_mandate","label":"Peter Beyer (Bundestag Wahl 2017)","api_url":"https://www.abgeordnetenwatch.de/api/v2/candidacies-mandates/6774","type":"candidacy","parliament_period":{"id":50,"entity_type":"parliament_period","label":"Bundestag Wahl 2017","api_url":"https://www.abgeordnetenwatch.de/api/v2/parliament-periods/50","abgeordnetenwatch_url":"https://www.abgeordnetenwatch.de/bundestag/wahl-2017"},"politician":{"id":79446,"entity_type":"politician","label":"Peter Beyer","api_url":"https://www.abgeordnetenwatch.de/api/v2/politicians/79446","abgeordnetenwatch_url":"https://www.abgeordnetenwatch.de/profile/peter-beyer"},"electoral_data":{"id":6774,"entity_type":"electoral_data","label":"Peter Beyer (Bundestag Wahl 2017)","electoral_list":{"id":274,"entity_type":"electoral_list","label":"Landesliste Nordrhein-Westfalen (Bundestag Wahl 2017)","api_url":"https://www.abgeordnetenwatch.de/api/v2/electoral-lists/274"},"list_position":51,"constituency":{"id":9115,"entity_type":"constituency","label":"105 - Mettmann II (Bundestag Wahl 2017)","api_url":"https://www.abgeordnetenwatch.de/api/v2/constituencies/9115"},"constituency_result":39.3,"mandate_won":"constituency"},"fraction_membership":{},"party":{"id":2,"entity_type":"party","label":"CDU","api_url":"https://www.abgeordnetenwatch.de/api/v2/parties/2"}},{"id":6773,"entity_type":"candidacy_mandate","label":"Peter Beyer (Bundestag Wahl 2013)","api_url":"https://www.abgeordnetenwatch.de/api/v2/candidacies-mandates/6773","type":"candidacy","parliament_period":{"id":36,"entity_type":"parliament_period","label":"Bundestag Wahl 2013","api_url":"https://www.abgeordnetenwatch.de/api/v2/parliament-periods/36","abgeordnetenwatch_url":"https://www.abgeordnetenwatch.de/bundestag/wahl-2013"},"politician":{"id":79446,"entity_type":"politician","label":"Peter Beyer","api_url":"https://www.abgeordnetenwatch.de/api/v2/politicians/79446","abgeordnetenwatch_url":"https://www.abgeordnetenwatch.de/profile/peter-beyer"},"electoral_data":{"id":6773,"entity_type":"electoral_data","label":"Peter Beyer (Bundestag Wahl 2013)","electoral_list":{},"list_position":51,"constituency":{"id":6087,"entity_type":"constituency","label":"105 - Mettmann II (Bundestag Wahl 2013)","api_url":"https://www.abgeordnetenwatch.de/api/v2/constituencies/6087"},"constituency_result":45.6,"mandate_won":"constituency"},"fraction_membership":{},"party":{"id":2,"entity_type":"party","label":"CDU","api_url":"https://www.abgeordnetenwatch.de/api/v2/parties/2"}},{"id":6772,"entity_type":"candidacy_mandate","label":"Peter Beyer (Bundestag Wahl 2009)","api_url":"https://www.abgeordnetenwatch.de/api/v2/candidacies-mandates/6772","type":"candidacy","parliament_period":{"id":22,"entity_type":"parliament_period","label":"Bundestag Wahl 2009","api_url":"https://www.abgeordnetenwatch.de/api/v2/parliament-periods/22","abgeordnetenwatch_url":"https://www.abgeordnetenwatch.de/bundestag/wahl-2009"},"politician":{"id":79446,"entity_type":"politician","label":"Peter Beyer","api_url":"https://www.abgeordnetenwatch.de/api/v2/politicians/79446","abgeordnetenwatch_url":"https://www.abgeordnetenwatch.de/profile/peter-beyer"},"electoral_data":{"id":6772,"entity_type":"electoral_data","label":"Peter Beyer (Bundestag Wahl 2009)","electoral_list":{},"list_position":53,"constituency":{"id":6570,"entity_type":"constituency","label":"106 - Mettmann II (Bundestag Wahl 2009)","api_url":"https://www.abgeordnetenwatch.de/api/v2/constituencies/6570"},"constituency_result":39.8,"mandate_won":"constituency"},"fraction_membership":{},"party":{"id":2,"entity_type":"party","label":"CDU","api_url":"https://www.abgeordnetenwatch.de/api/v2/parties/2"}}]
