{"id":[79449],"entity_type":["politician"],"label":["Sybille Benning"],"api_url":["https://www.abgeordnetenwatch.de/api/v2/politicians/79449"],"abgeordnetenwatch_url":["https://www.abgeordnetenwatch.de/profile/sybille-benning"],"first_name":["Sybille"],"last_name":["Benning"],"birth_name":{},"sex":["f"],"year_of_birth":[1961],"party":{"id":[2],"entity_type":["party"],"label":["CDU"],"api_url":["https://www.abgeordnetenwatch.de/api/v2/parties/2"]},"party_past":{},"education":["Dipl.-Ing. Landschaftspflegerin"],"residence":{},"occupation":["MdB"],"statistic_questions":[23],"statistic_questions_answered":[10],"qid_wikidata":["Q14945716"],"field_title":{}}
