[{"id":53986,"entity_type":"candidacy_mandate","label":"Dietmar Bartsch (Bundestag 2021 - 2025)","api_url":"https://www.abgeordnetenwatch.de/api/v2/candidacies-mandates/53986","id_external_administration":"973","id_external_administration_description":"mdbID aus der info-xml-Datei der Bundestagsverwaltung","type":"mandate","parliament_period":{"id":132,"entity_type":"parliament_period","label":"Bundestag 2021 - 2025","api_url":"https://www.abgeordnetenwatch.de/api/v2/parliament-periods/132","abgeordnetenwatch_url":"https://www.abgeordnetenwatch.de/bundestag"},"politician":{"id":79454,"entity_type":"politician","label":"Dietmar Bartsch","api_url":"https://www.abgeordnetenwatch.de/api/v2/politicians/79454","abgeordnetenwatch_url":"https://www.abgeordnetenwatch.de/profile/dietmar-bartsch"},"electoral_data":{"id":54910,"entity_type":"electoral_data","label":"Dietmar Bartsch (Bundestag 2021 - 2025)","electoral_list":{"id":417,"entity_type":"electoral_list","label":"Landesliste Mecklenburg Vorpommern (Bundestag 2021 - 2025)","api_url":"https://www.abgeordnetenwatch.de/api/v2/electoral-lists/417"},"list_position":1,"constituency":{"id":10754,"entity_type":"constituency","label":"14 - Rostock - Landkreis Rostock II (Bundestag 2021 - 2025)","api_url":"https://www.abgeordnetenwatch.de/api/v2/constituencies/10754"},"constituency_result":18.2,"mandate_won":"list"},"fraction_membership":[{"id":9833,"entity_type":"fraction_membership","label":"DIE LINKE.","fraction":{"id":324,"entity_type":"fraction","label":"DIE LINKE. (Bundestag 2021 - 2025)","api_url":"https://www.abgeordnetenwatch.de/api/v2/fractions/324"}}],"party":{}},{"id":48728,"entity_type":"candidacy_mandate","label":"Dietmar Bartsch (Bundestag Wahl 2021)","api_url":"https://www.abgeordnetenwatch.de/api/v2/candidacies-mandates/48728","type":"candidacy","parliament_period":{"id":128,"entity_type":"parliament_period","label":"Bundestag Wahl 2021","api_url":"https://www.abgeordnetenwatch.de/api/v2/parliament-periods/128","abgeordnetenwatch_url":"https://www.abgeordnetenwatch.de/bundestag/wahl-2021"},"politician":{"id":79454,"entity_type":"politician","label":"Dietmar Bartsch","api_url":"https://www.abgeordnetenwatch.de/api/v2/politicians/79454","abgeordnetenwatch_url":"https://www.abgeordnetenwatch.de/profile/dietmar-bartsch"},"electoral_data":{"id":49650,"entity_type":"electoral_data","label":"Dietmar Bartsch (Bundestag Wahl 2021)","electoral_list":{"id":363,"entity_type":"electoral_list","label":"Landesliste Mecklenburg-Vorpommern (Bundestag Wahl 2021)","api_url":"https://www.abgeordnetenwatch.de/api/v2/electoral-lists/363"},"list_position":1,"constituency":{"id":10071,"entity_type":"constituency","label":"14 - Rostock - Landkreis Rostock II (Bundestag Wahl 2021)","api_url":"https://www.abgeordnetenwatch.de/api/v2/constituencies/10071"},"constituency_result":18.2},"fraction_membership":{},"party":{"id":8,"entity_type":"party","label":"DIE LINKE","api_url":"https://www.abgeordnetenwatch.de/api/v2/parties/8"}},{"id":46023,"entity_type":"candidacy_mandate","label":"Dietmar Bartsch (Bundestag 2017 - 2021)","api_url":"https://www.abgeordnetenwatch.de/api/v2/candidacies-mandates/46023","id_external_administration":"973","id_external_administration_description":"mdbID - ID der Bundestagsverwaltung","type":"mandate","parliament_period":{"id":111,"entity_type":"parliament_period","label":"Bundestag 2017 - 2021","api_url":"https://www.abgeordnetenwatch.de/api/v2/parliament-periods/111","abgeordnetenwatch_url":"https://www.abgeordnetenwatch.de/bundestag/19"},"politician":{"id":79454,"entity_type":"politician","label":"Dietmar Bartsch","api_url":"https://www.abgeordnetenwatch.de/api/v2/politicians/79454","abgeordnetenwatch_url":"https://www.abgeordnetenwatch.de/profile/dietmar-bartsch"},"electoral_data":{"id":46023,"entity_type":"electoral_data","label":"Dietmar Bartsch (Bundestag 2017 - 2021)","electoral_list":{"id":113,"entity_type":"electoral_list","label":"Landesliste Mecklenburg-Vorpommern (Bundestag 2017 - 2021)","api_url":"https://www.abgeordnetenwatch.de/api/v2/electoral-lists/113"},"list_position":1,"constituency":{"id":4138,"entity_type":"constituency","label":"14 - Rostock - Landkreis Rostock II (Bundestag 2017 - 2021)","api_url":"https://www.abgeordnetenwatch.de/api/v2/constituencies/4138"},"constituency_result":24.8,"mandate_won":"list"},"fraction_membership":[{"id":8288,"entity_type":"fraction_membership","label":"DIE LINKE","fraction":{"id":41,"entity_type":"fraction","label":"DIE LINKE (Bundestag 2017 - 2021)","api_url":"https://www.abgeordnetenwatch.de/api/v2/fractions/41"}}],"party":{}},{"id":39782,"entity_type":"candidacy_mandate","label":"Dietmar Bartsch (Bundestag 2013-2017)","api_url":"https://www.abgeordnetenwatch.de/api/v2/candidacies-mandates/39782","type":"mandate","parliament_period":{"id":97,"entity_type":"parliament_period","label":"Bundestag 2013 - 2017","api_url":"https://www.abgeordnetenwatch.de/api/v2/parliament-periods/97","abgeordnetenwatch_url":"https://www.abgeordnetenwatch.de/bundestag/18"},"politician":{"id":79454,"entity_type":"politician","label":"Dietmar Bartsch","api_url":"https://www.abgeordnetenwatch.de/api/v2/politicians/79454","abgeordnetenwatch_url":"https://www.abgeordnetenwatch.de/profile/dietmar-bartsch"},"electoral_data":{"id":39782,"entity_type":"electoral_data","label":"Dietmar Bartsch (Bundestag 2013 - 2017)","electoral_list":{"id":33,"entity_type":"electoral_list","label":"Landesliste Mecklenburg-Vorpommern (Bundestag 2013-2017)","api_url":"https://www.abgeordnetenwatch.de/api/v2/electoral-lists/33"},"list_position":1,"constituency":{"id":1251,"entity_type":"constituency","label":"12 - Schwerin - Ludwigslust-Parchim I - Nordwestmecklenburg I (Bundestag 2013-2017)","api_url":"https://www.abgeordnetenwatch.de/api/v2/constituencies/1251"},"constituency_result":22.2,"mandate_won":"list"},"fraction_membership":[{"id":2008,"entity_type":"fraction_membership","label":"DIE LINKE","fraction":{"id":73,"entity_type":"fraction","label":"DIE LINKE (Bundestag 2013-2017)","api_url":"https://www.abgeordnetenwatch.de/api/v2/fractions/73"}}],"party":{}},{"id":39781,"entity_type":"candidacy_mandate","label":"Dietmar Bartsch (Bundestag 2009-2013)","api_url":"https://www.abgeordnetenwatch.de/api/v2/candidacies-mandates/39781","type":"mandate","parliament_period":{"id":83,"entity_type":"parliament_period","label":"Bundestag 2009 - 2013","api_url":"https://www.abgeordnetenwatch.de/api/v2/parliament-periods/83","abgeordnetenwatch_url":"https://www.abgeordnetenwatch.de/bundestag/17"},"politician":{"id":79454,"entity_type":"politician","label":"Dietmar Bartsch","api_url":"https://www.abgeordnetenwatch.de/api/v2/politicians/79454","abgeordnetenwatch_url":"https://www.abgeordnetenwatch.de/profile/dietmar-bartsch"},"electoral_data":{"id":39781,"entity_type":"electoral_data","label":"Dietmar Bartsch (Bundestag 2009 - 2013)","electoral_list":{"id":62,"entity_type":"electoral_list","label":"Landesliste Mecklenburg-Vorpommern (Bundestag 2009-2013)","api_url":"https://www.abgeordnetenwatch.de/api/v2/electoral-lists/62"},"list_position":1,"constituency":{"id":1757,"entity_type":"constituency","label":"13 - Schwerin - Ludwigslust (Bundestag 2009-2013)","api_url":"https://www.abgeordnetenwatch.de/api/v2/constituencies/1757"},"constituency_result":28.5},"fraction_membership":[{"id":2007,"entity_type":"fraction_membership","label":"DIE LINKE","fraction":{"id":61,"entity_type":"fraction","label":"DIE LINKE (Bundestag 2009-2013)","api_url":"https://www.abgeordnetenwatch.de/api/v2/fractions/61"}}],"party":{}},{"id":39780,"entity_type":"candidacy_mandate","label":"Dietmar Bartsch (Bundestag 2005-2009)","api_url":"https://www.abgeordnetenwatch.de/api/v2/candidacies-mandates/39780","type":"mandate","parliament_period":{"id":67,"entity_type":"parliament_period","label":"Bundestag 2005 - 2009","api_url":"https://www.abgeordnetenwatch.de/api/v2/parliament-periods/67","abgeordnetenwatch_url":"https://www.abgeordnetenwatch.de/bundestag/16"},"politician":{"id":79454,"entity_type":"politician","label":"Dietmar Bartsch","api_url":"https://www.abgeordnetenwatch.de/api/v2/politicians/79454","abgeordnetenwatch_url":"https://www.abgeordnetenwatch.de/profile/dietmar-bartsch"},"start_date":"2004-11-30","electoral_data":{"id":39780,"entity_type":"electoral_data","label":"Dietmar Bartsch (Bundestag 2005 - 2009)","electoral_list":{"id":47,"entity_type":"electoral_list","label":"Landesliste Mecklenburg-Vorpommern (Bundestag 2005-2009)","api_url":"https://www.abgeordnetenwatch.de/api/v2/electoral-lists/47"},"list_position":1,"constituency":{"id":1479,"entity_type":"constituency","label":"13 - Schwerin - Ludwigslust (Bundestag 2005-2009)","api_url":"https://www.abgeordnetenwatch.de/api/v2/constituencies/1479"}},"fraction_membership":[{"id":2006,"entity_type":"fraction_membership","label":"DIE LINKE","fraction":{"id":90,"entity_type":"fraction","label":"DIE LINKE (Bundestag 2005-2009)","api_url":"https://www.abgeordnetenwatch.de/api/v2/fractions/90"}}],"party":{}},{"id":6794,"entity_type":"candidacy_mandate","label":"Dietmar Bartsch (Bundestag Wahl 2017)","api_url":"https://www.abgeordnetenwatch.de/api/v2/candidacies-mandates/6794","type":"candidacy","parliament_period":{"id":50,"entity_type":"parliament_period","label":"Bundestag Wahl 2017","api_url":"https://www.abgeordnetenwatch.de/api/v2/parliament-periods/50","abgeordnetenwatch_url":"https://www.abgeordnetenwatch.de/bundestag/wahl-2017"},"politician":{"id":79454,"entity_type":"politician","label":"Dietmar Bartsch","api_url":"https://www.abgeordnetenwatch.de/api/v2/politicians/79454","abgeordnetenwatch_url":"https://www.abgeordnetenwatch.de/profile/dietmar-bartsch"},"electoral_data":{"id":6794,"entity_type":"electoral_data","label":"Dietmar Bartsch (Bundestag Wahl 2017)","electoral_list":{"id":272,"entity_type":"electoral_list","label":"Landesliste Mecklenburg-Vorpommern (Bundestag Wahl 2017)","api_url":"https://www.abgeordnetenwatch.de/api/v2/electoral-lists/272"},"list_position":1,"constituency":{"id":9024,"entity_type":"constituency","label":"14 - Rostock - Landkreis Rostock II (Bundestag Wahl 2017)","api_url":"https://www.abgeordnetenwatch.de/api/v2/constituencies/9024"},"constituency_result":24.8,"mandate_won":"list"},"fraction_membership":{},"party":{"id":8,"entity_type":"party","label":"DIE LINKE","api_url":"https://www.abgeordnetenwatch.de/api/v2/parties/8"}},{"id":6793,"entity_type":"candidacy_mandate","label":"Dietmar Bartsch (Bundestag Wahl 2013)","api_url":"https://www.abgeordnetenwatch.de/api/v2/candidacies-mandates/6793","type":"candidacy","parliament_period":{"id":36,"entity_type":"parliament_period","label":"Bundestag Wahl 2013","api_url":"https://www.abgeordnetenwatch.de/api/v2/parliament-periods/36","abgeordnetenwatch_url":"https://www.abgeordnetenwatch.de/bundestag/wahl-2013"},"politician":{"id":79454,"entity_type":"politician","label":"Dietmar Bartsch","api_url":"https://www.abgeordnetenwatch.de/api/v2/politicians/79454","abgeordnetenwatch_url":"https://www.abgeordnetenwatch.de/profile/dietmar-bartsch"},"electoral_data":{"id":6793,"entity_type":"electoral_data","label":"Dietmar Bartsch (Bundestag Wahl 2013)","electoral_list":{},"list_position":1,"constituency":{"id":6137,"entity_type":"constituency","label":"12 - Schwerin - Ludwigslust-Parchim I - Nordwestmecklenburg I (Bundestag Wahl 2013)","api_url":"https://www.abgeordnetenwatch.de/api/v2/constituencies/6137"},"constituency_result":22.2,"mandate_won":"list"},"fraction_membership":{},"party":{"id":8,"entity_type":"party","label":"DIE LINKE","api_url":"https://www.abgeordnetenwatch.de/api/v2/parties/8"}},{"id":6792,"entity_type":"candidacy_mandate","label":"Dietmar Bartsch (Bundestag Wahl 2009)","api_url":"https://www.abgeordnetenwatch.de/api/v2/candidacies-mandates/6792","type":"candidacy","parliament_period":{"id":22,"entity_type":"parliament_period","label":"Bundestag Wahl 2009","api_url":"https://www.abgeordnetenwatch.de/api/v2/parliament-periods/22","abgeordnetenwatch_url":"https://www.abgeordnetenwatch.de/bundestag/wahl-2009"},"politician":{"id":79454,"entity_type":"politician","label":"Dietmar Bartsch","api_url":"https://www.abgeordnetenwatch.de/api/v2/politicians/79454","abgeordnetenwatch_url":"https://www.abgeordnetenwatch.de/profile/dietmar-bartsch"},"electoral_data":{"id":6792,"entity_type":"electoral_data","label":"Dietmar Bartsch (Bundestag Wahl 2009)","electoral_list":{},"list_position":1,"constituency":{"id":6643,"entity_type":"constituency","label":"13 - Schwerin - Ludwigslust (Bundestag Wahl 2009)","api_url":"https://www.abgeordnetenwatch.de/api/v2/constituencies/6643"},"constituency_result":28.5},"fraction_membership":{},"party":{"id":8,"entity_type":"party","label":"DIE LINKE","api_url":"https://www.abgeordnetenwatch.de/api/v2/parties/8"}},{"id":6791,"entity_type":"candidacy_mandate","label":"Dietmar Bartsch (Bundestag Wahl 2005)","api_url":"https://www.abgeordnetenwatch.de/api/v2/candidacies-mandates/6791","type":"candidacy","parliament_period":{"id":6,"entity_type":"parliament_period","label":"Bundestag Wahl 2005","api_url":"https://www.abgeordnetenwatch.de/api/v2/parliament-periods/6","abgeordnetenwatch_url":"https://www.abgeordnetenwatch.de/bundestag/wahl-2005"},"politician":{"id":79454,"entity_type":"politician","label":"Dietmar Bartsch","api_url":"https://www.abgeordnetenwatch.de/api/v2/politicians/79454","abgeordnetenwatch_url":"https://www.abgeordnetenwatch.de/profile/dietmar-bartsch"},"electoral_data":{"id":6791,"entity_type":"electoral_data","label":"Dietmar Bartsch (Bundestag Wahl 2005)","electoral_list":{"id":206,"entity_type":"electoral_list","label":"Landesliste Mecklenburg-Vorpommern (Bundestag Wahl 2005)","api_url":"https://www.abgeordnetenwatch.de/api/v2/electoral-lists/206"},"list_position":1,"constituency":{"id":6365,"entity_type":"constituency","label":"13 - Schwerin - Ludwigslust (Bundestag Wahl 2005)","api_url":"https://www.abgeordnetenwatch.de/api/v2/constituencies/6365"},"constituency_result":21.3},"fraction_membership":{},"party":{"id":8,"entity_type":"party","label":"DIE LINKE","api_url":"https://www.abgeordnetenwatch.de/api/v2/parties/8"}}]
