[{"id":53820,"entity_type":"candidacy_mandate","label":"Bärbel Bas (Bundestag 2021 - 2025)","api_url":"https://www.abgeordnetenwatch.de/api/v2/candidacies-mandates/53820","id_external_administration":"1607","id_external_administration_description":"mdbID aus der info-xml-Datei der Bundestagsverwaltung","type":"mandate","parliament_period":{"id":132,"entity_type":"parliament_period","label":"Bundestag 2021 - 2025","api_url":"https://www.abgeordnetenwatch.de/api/v2/parliament-periods/132","abgeordnetenwatch_url":"https://www.abgeordnetenwatch.de/bundestag"},"politician":{"id":79455,"entity_type":"politician","label":"Bärbel Bas","api_url":"https://www.abgeordnetenwatch.de/api/v2/politicians/79455","abgeordnetenwatch_url":"https://www.abgeordnetenwatch.de/profile/baerbel-bas"},"electoral_data":{"id":54744,"entity_type":"electoral_data","label":"Bärbel Bas (Bundestag 2021 - 2025)","electoral_list":{"id":419,"entity_type":"electoral_list","label":"Landesliste Nordrhein-Westfalen (Bundestag 2021 - 2025)","api_url":"https://www.abgeordnetenwatch.de/api/v2/electoral-lists/419"},"list_position":12,"constituency":{"id":10855,"entity_type":"constituency","label":"115 - Duisburg I (Bundestag 2021 - 2025)","api_url":"https://www.abgeordnetenwatch.de/api/v2/constituencies/10855"},"constituency_result":40,"mandate_won":"constituency"},"fraction_membership":[{"id":9667,"entity_type":"fraction_membership","label":"SPD","fraction":{"id":319,"entity_type":"fraction","label":"SPD (Bundestag 2021 - 2025)","api_url":"https://www.abgeordnetenwatch.de/api/v2/fractions/319"}}],"party":{}},{"id":48608,"entity_type":"candidacy_mandate","label":"Bärbel Bas (Bundestag Wahl 2021)","api_url":"https://www.abgeordnetenwatch.de/api/v2/candidacies-mandates/48608","type":"candidacy","parliament_period":{"id":128,"entity_type":"parliament_period","label":"Bundestag Wahl 2021","api_url":"https://www.abgeordnetenwatch.de/api/v2/parliament-periods/128","abgeordnetenwatch_url":"https://www.abgeordnetenwatch.de/bundestag/wahl-2021"},"politician":{"id":79455,"entity_type":"politician","label":"Bärbel Bas","api_url":"https://www.abgeordnetenwatch.de/api/v2/politicians/79455","abgeordnetenwatch_url":"https://www.abgeordnetenwatch.de/profile/baerbel-bas"},"electoral_data":{"id":49530,"entity_type":"electoral_data","label":"Bärbel Bas (Bundestag Wahl 2021)","electoral_list":{"id":365,"entity_type":"electoral_list","label":"Landesliste Nordrhein-Westfalen (Bundestag Wahl 2021)","api_url":"https://www.abgeordnetenwatch.de/api/v2/electoral-lists/365"},"list_position":12,"constituency":{"id":10172,"entity_type":"constituency","label":"115 - Duisburg I (Bundestag Wahl 2021)","api_url":"https://www.abgeordnetenwatch.de/api/v2/constituencies/10172"},"constituency_result":40.3},"fraction_membership":{},"party":{"id":1,"entity_type":"party","label":"SPD","api_url":"https://www.abgeordnetenwatch.de/api/v2/parties/1"}},{"id":44485,"entity_type":"candidacy_mandate","label":"Bärbel Bas (Bundestag 2017 - 2021)","api_url":"https://www.abgeordnetenwatch.de/api/v2/candidacies-mandates/44485","id_external_administration":"1607","id_external_administration_description":"mdbID - ID der Bundestagsverwaltung","type":"mandate","parliament_period":{"id":111,"entity_type":"parliament_period","label":"Bundestag 2017 - 2021","api_url":"https://www.abgeordnetenwatch.de/api/v2/parliament-periods/111","abgeordnetenwatch_url":"https://www.abgeordnetenwatch.de/bundestag/19"},"politician":{"id":79455,"entity_type":"politician","label":"Bärbel Bas","api_url":"https://www.abgeordnetenwatch.de/api/v2/politicians/79455","abgeordnetenwatch_url":"https://www.abgeordnetenwatch.de/profile/baerbel-bas"},"electoral_data":{"id":44485,"entity_type":"electoral_data","label":"Bärbel Bas (Bundestag 2017 - 2021)","electoral_list":{"id":115,"entity_type":"electoral_list","label":"Landesliste Nordrhein-Westfalen (Bundestag 2017 - 2021)","api_url":"https://www.abgeordnetenwatch.de/api/v2/electoral-lists/115"},"list_position":32,"constituency":{"id":4239,"entity_type":"constituency","label":"115 - Duisburg I (Bundestag 2017 - 2021)","api_url":"https://www.abgeordnetenwatch.de/api/v2/constituencies/4239"},"constituency_result":38.3,"mandate_won":"constituency"},"fraction_membership":[{"id":6730,"entity_type":"fraction_membership","label":"SPD","fraction":{"id":22,"entity_type":"fraction","label":"SPD (Bundestag 2017 - 2021)","api_url":"https://www.abgeordnetenwatch.de/api/v2/fractions/22"}}],"party":{}},{"id":39784,"entity_type":"candidacy_mandate","label":"Bärbel Bas (Bundestag 2013-2017)","api_url":"https://www.abgeordnetenwatch.de/api/v2/candidacies-mandates/39784","type":"mandate","parliament_period":{"id":97,"entity_type":"parliament_period","label":"Bundestag 2013 - 2017","api_url":"https://www.abgeordnetenwatch.de/api/v2/parliament-periods/97","abgeordnetenwatch_url":"https://www.abgeordnetenwatch.de/bundestag/18"},"politician":{"id":79455,"entity_type":"politician","label":"Bärbel Bas","api_url":"https://www.abgeordnetenwatch.de/api/v2/politicians/79455","abgeordnetenwatch_url":"https://www.abgeordnetenwatch.de/profile/baerbel-bas"},"electoral_data":{"id":39784,"entity_type":"electoral_data","label":"Bärbel Bas (Bundestag 2013 - 2017)","electoral_list":{"id":35,"entity_type":"electoral_list","label":"Landesliste Nordrhein-Westfalen (Bundestag 2013-2017)","api_url":"https://www.abgeordnetenwatch.de/api/v2/electoral-lists/35"},"list_position":30,"constituency":{"id":1136,"entity_type":"constituency","label":"115 - Duisburg I (Bundestag 2013-2017)","api_url":"https://www.abgeordnetenwatch.de/api/v2/constituencies/1136"},"constituency_result":46.6,"mandate_won":"constituency"},"fraction_membership":[{"id":2010,"entity_type":"fraction_membership","label":"SPD","fraction":{"id":45,"entity_type":"fraction","label":"SPD (Bundestag 2013-2017)","api_url":"https://www.abgeordnetenwatch.de/api/v2/fractions/45"}}],"party":{}},{"id":39783,"entity_type":"candidacy_mandate","label":"Bärbel Bas (Bundestag 2009-2013)","api_url":"https://www.abgeordnetenwatch.de/api/v2/candidacies-mandates/39783","type":"mandate","parliament_period":{"id":83,"entity_type":"parliament_period","label":"Bundestag 2009 - 2013","api_url":"https://www.abgeordnetenwatch.de/api/v2/parliament-periods/83","abgeordnetenwatch_url":"https://www.abgeordnetenwatch.de/bundestag/17"},"politician":{"id":79455,"entity_type":"politician","label":"Bärbel Bas","api_url":"https://www.abgeordnetenwatch.de/api/v2/politicians/79455","abgeordnetenwatch_url":"https://www.abgeordnetenwatch.de/profile/baerbel-bas"},"electoral_data":{"id":39783,"entity_type":"electoral_data","label":"Bärbel Bas (Bundestag 2009 - 2013)","electoral_list":{"id":64,"entity_type":"electoral_list","label":"Landesliste Nordrhein-Westfalen (Bundestag 2009-2013)","api_url":"https://www.abgeordnetenwatch.de/api/v2/electoral-lists/64"},"list_position":35,"constituency":{"id":1576,"entity_type":"constituency","label":"116 - Duisburg I (Bundestag 2009-2013)","api_url":"https://www.abgeordnetenwatch.de/api/v2/constituencies/1576"},"constituency_result":42.2},"fraction_membership":[{"id":2009,"entity_type":"fraction_membership","label":"SPD","fraction":{"id":116,"entity_type":"fraction","label":"SPD (Bundestag 2009-2013)","api_url":"https://www.abgeordnetenwatch.de/api/v2/fractions/116"}}],"party":{}},{"id":6797,"entity_type":"candidacy_mandate","label":"Bärbel Bas (Bundestag Wahl 2017)","api_url":"https://www.abgeordnetenwatch.de/api/v2/candidacies-mandates/6797","type":"candidacy","parliament_period":{"id":50,"entity_type":"parliament_period","label":"Bundestag Wahl 2017","api_url":"https://www.abgeordnetenwatch.de/api/v2/parliament-periods/50","abgeordnetenwatch_url":"https://www.abgeordnetenwatch.de/bundestag/wahl-2017"},"politician":{"id":79455,"entity_type":"politician","label":"Bärbel Bas","api_url":"https://www.abgeordnetenwatch.de/api/v2/politicians/79455","abgeordnetenwatch_url":"https://www.abgeordnetenwatch.de/profile/baerbel-bas"},"electoral_data":{"id":6797,"entity_type":"electoral_data","label":"Bärbel Bas (Bundestag Wahl 2017)","electoral_list":{"id":274,"entity_type":"electoral_list","label":"Landesliste Nordrhein-Westfalen (Bundestag Wahl 2017)","api_url":"https://www.abgeordnetenwatch.de/api/v2/electoral-lists/274"},"list_position":32,"constituency":{"id":9125,"entity_type":"constituency","label":"115 - Duisburg I (Bundestag Wahl 2017)","api_url":"https://www.abgeordnetenwatch.de/api/v2/constituencies/9125"},"constituency_result":38.3,"mandate_won":"constituency"},"fraction_membership":{},"party":{"id":1,"entity_type":"party","label":"SPD","api_url":"https://www.abgeordnetenwatch.de/api/v2/parties/1"}},{"id":6796,"entity_type":"candidacy_mandate","label":"Bärbel Bas (Bundestag Wahl 2013)","api_url":"https://www.abgeordnetenwatch.de/api/v2/candidacies-mandates/6796","type":"candidacy","parliament_period":{"id":36,"entity_type":"parliament_period","label":"Bundestag Wahl 2013","api_url":"https://www.abgeordnetenwatch.de/api/v2/parliament-periods/36","abgeordnetenwatch_url":"https://www.abgeordnetenwatch.de/bundestag/wahl-2013"},"politician":{"id":79455,"entity_type":"politician","label":"Bärbel Bas","api_url":"https://www.abgeordnetenwatch.de/api/v2/politicians/79455","abgeordnetenwatch_url":"https://www.abgeordnetenwatch.de/profile/baerbel-bas"},"electoral_data":{"id":6796,"entity_type":"electoral_data","label":"Bärbel Bas (Bundestag Wahl 2013)","electoral_list":{},"list_position":30,"constituency":{"id":6022,"entity_type":"constituency","label":"115 - Duisburg I (Bundestag Wahl 2013)","api_url":"https://www.abgeordnetenwatch.de/api/v2/constituencies/6022"},"constituency_result":46.6,"mandate_won":"constituency"},"fraction_membership":{},"party":{"id":1,"entity_type":"party","label":"SPD","api_url":"https://www.abgeordnetenwatch.de/api/v2/parties/1"}},{"id":6795,"entity_type":"candidacy_mandate","label":"Bärbel Bas (Bundestag Wahl 2009)","api_url":"https://www.abgeordnetenwatch.de/api/v2/candidacies-mandates/6795","type":"candidacy","parliament_period":{"id":22,"entity_type":"parliament_period","label":"Bundestag Wahl 2009","api_url":"https://www.abgeordnetenwatch.de/api/v2/parliament-periods/22","abgeordnetenwatch_url":"https://www.abgeordnetenwatch.de/bundestag/wahl-2009"},"politician":{"id":79455,"entity_type":"politician","label":"Bärbel Bas","api_url":"https://www.abgeordnetenwatch.de/api/v2/politicians/79455","abgeordnetenwatch_url":"https://www.abgeordnetenwatch.de/profile/baerbel-bas"},"electoral_data":{"id":6795,"entity_type":"electoral_data","label":"Bärbel Bas (Bundestag Wahl 2009)","electoral_list":{},"list_position":35,"constituency":{"id":6462,"entity_type":"constituency","label":"116 - Duisburg I (Bundestag Wahl 2009)","api_url":"https://www.abgeordnetenwatch.de/api/v2/constituencies/6462"},"constituency_result":42.2,"mandate_won":"constituency"},"fraction_membership":{},"party":{"id":1,"entity_type":"party","label":"SPD","api_url":"https://www.abgeordnetenwatch.de/api/v2/parties/1"}}]
