[{"id":49823,"entity_type":"candidacy_mandate","label":"Maik Beermann (Bundestag Wahl 2021)","api_url":"https://www.abgeordnetenwatch.de/api/v2/candidacies-mandates/49823","type":"candidacy","parliament_period":{"id":128,"entity_type":"parliament_period","label":"Bundestag Wahl 2021","api_url":"https://www.abgeordnetenwatch.de/api/v2/parliament-periods/128","abgeordnetenwatch_url":"https://www.abgeordnetenwatch.de/bundestag/wahl-2021"},"politician":{"id":79452,"entity_type":"politician","label":"Maik Beermann","api_url":"https://www.abgeordnetenwatch.de/api/v2/politicians/79452","abgeordnetenwatch_url":"https://www.abgeordnetenwatch.de/profile/maik-beermann"},"party":{"id":2,"entity_type":"party","label":"CDU","api_url":"https://www.abgeordnetenwatch.de/api/v2/parties/2"},"electoral_data":{"id":50745,"entity_type":"electoral_data","label":"Maik Beermann (Bundestag Wahl 2021)","electoral_list":{},"constituency":{"id":10097,"entity_type":"constituency","label":"40 - Nienburg II - Schaumburg (Bundestag Wahl 2021)","api_url":"https://www.abgeordnetenwatch.de/api/v2/constituencies/10097"},"constituency_result":30.9},"fraction_membership":{}},{"id":44486,"entity_type":"candidacy_mandate","label":"Maik Beermann (Bundestag 2017 - 2021)","api_url":"https://www.abgeordnetenwatch.de/api/v2/candidacies-mandates/44486","id_external_administration":"1780","id_external_administration_description":"mdbID - ID der Bundestagsverwaltung","type":"mandate","parliament_period":{"id":111,"entity_type":"parliament_period","label":"Bundestag 2017 - 2021","api_url":"https://www.abgeordnetenwatch.de/api/v2/parliament-periods/111","abgeordnetenwatch_url":"https://www.abgeordnetenwatch.de/bundestag/19"},"politician":{"id":79452,"entity_type":"politician","label":"Maik Beermann","api_url":"https://www.abgeordnetenwatch.de/api/v2/politicians/79452","abgeordnetenwatch_url":"https://www.abgeordnetenwatch.de/profile/maik-beermann"},"party":{},"electoral_data":{"id":44486,"entity_type":"electoral_data","label":"Maik Beermann (Bundestag 2017 - 2021)","electoral_list":{"id":114,"entity_type":"electoral_list","label":"Landesliste Niedersachsen (Bundestag 2017 - 2021)","api_url":"https://www.abgeordnetenwatch.de/api/v2/electoral-lists/114"},"list_position":26,"constituency":{"id":4164,"entity_type":"constituency","label":"40 - Nienburg II - Schaumburg (Bundestag 2017 - 2021)","api_url":"https://www.abgeordnetenwatch.de/api/v2/constituencies/4164"},"constituency_result":40.6,"mandate_won":"constituency"},"fraction_membership":[{"id":6731,"entity_type":"fraction_membership","label":"CDU/CSU","fraction":{"id":81,"entity_type":"fraction","label":"CDU/CSU (Bundestag 2017 - 2021)","api_url":"https://www.abgeordnetenwatch.de/api/v2/fractions/81"}}]},{"id":39779,"entity_type":"candidacy_mandate","label":"Maik Beermann (Bundestag 2013-2017)","api_url":"https://www.abgeordnetenwatch.de/api/v2/candidacies-mandates/39779","type":"mandate","parliament_period":{"id":97,"entity_type":"parliament_period","label":"Bundestag 2013 - 2017","api_url":"https://www.abgeordnetenwatch.de/api/v2/parliament-periods/97","abgeordnetenwatch_url":"https://www.abgeordnetenwatch.de/bundestag/18"},"politician":{"id":79452,"entity_type":"politician","label":"Maik Beermann","api_url":"https://www.abgeordnetenwatch.de/api/v2/politicians/79452","abgeordnetenwatch_url":"https://www.abgeordnetenwatch.de/profile/maik-beermann"},"party":{},"electoral_data":{"id":39779,"entity_type":"electoral_data","label":"Maik Beermann (Bundestag 2013 - 2017)","electoral_list":{"id":34,"entity_type":"electoral_list","label":"Landesliste Niedersachsen (Bundestag 2013-2017)","api_url":"https://www.abgeordnetenwatch.de/api/v2/electoral-lists/34"},"list_position":26,"constituency":{"id":1213,"entity_type":"constituency","label":"40 - Nienburg II - Schaumburg (Bundestag 2013-2017)","api_url":"https://www.abgeordnetenwatch.de/api/v2/constituencies/1213"},"constituency_result":41.6,"mandate_won":"list"},"fraction_membership":[{"id":2005,"entity_type":"fraction_membership","label":"CDU/CSU","fraction":{"id":111,"entity_type":"fraction","label":"CDU/CSU (Bundestag 2013-2017)","api_url":"https://www.abgeordnetenwatch.de/api/v2/fractions/111"}}]},{"id":6790,"entity_type":"candidacy_mandate","label":"Maik Beermann (Bundestag Wahl 2017)","api_url":"https://www.abgeordnetenwatch.de/api/v2/candidacies-mandates/6790","type":"candidacy","parliament_period":{"id":50,"entity_type":"parliament_period","label":"Bundestag Wahl 2017","api_url":"https://www.abgeordnetenwatch.de/api/v2/parliament-periods/50","abgeordnetenwatch_url":"https://www.abgeordnetenwatch.de/bundestag/wahl-2017"},"politician":{"id":79452,"entity_type":"politician","label":"Maik Beermann","api_url":"https://www.abgeordnetenwatch.de/api/v2/politicians/79452","abgeordnetenwatch_url":"https://www.abgeordnetenwatch.de/profile/maik-beermann"},"party":{"id":2,"entity_type":"party","label":"CDU","api_url":"https://www.abgeordnetenwatch.de/api/v2/parties/2"},"electoral_data":{"id":6790,"entity_type":"electoral_data","label":"Maik Beermann (Bundestag Wahl 2017)","electoral_list":{"id":273,"entity_type":"electoral_list","label":"Landesliste Niedersachsen (Bundestag Wahl 2017)","api_url":"https://www.abgeordnetenwatch.de/api/v2/electoral-lists/273"},"list_position":26,"constituency":{"id":9050,"entity_type":"constituency","label":"40 - Nienburg II - Schaumburg (Bundestag Wahl 2017)","api_url":"https://www.abgeordnetenwatch.de/api/v2/constituencies/9050"},"constituency_result":40.6,"mandate_won":"constituency"},"fraction_membership":{}},{"id":6789,"entity_type":"candidacy_mandate","label":"Maik Beermann (Bundestag Wahl 2013)","api_url":"https://www.abgeordnetenwatch.de/api/v2/candidacies-mandates/6789","type":"candidacy","parliament_period":{"id":36,"entity_type":"parliament_period","label":"Bundestag Wahl 2013","api_url":"https://www.abgeordnetenwatch.de/api/v2/parliament-periods/36","abgeordnetenwatch_url":"https://www.abgeordnetenwatch.de/bundestag/wahl-2013"},"politician":{"id":79452,"entity_type":"politician","label":"Maik Beermann","api_url":"https://www.abgeordnetenwatch.de/api/v2/politicians/79452","abgeordnetenwatch_url":"https://www.abgeordnetenwatch.de/profile/maik-beermann"},"party":{"id":2,"entity_type":"party","label":"CDU","api_url":"https://www.abgeordnetenwatch.de/api/v2/parties/2"},"electoral_data":{"id":6789,"entity_type":"electoral_data","label":"Maik Beermann (Bundestag Wahl 2013)","electoral_list":{},"list_position":26,"constituency":{"id":6099,"entity_type":"constituency","label":"40 - Nienburg II - Schaumburg (Bundestag Wahl 2013)","api_url":"https://www.abgeordnetenwatch.de/api/v2/constituencies/6099"},"constituency_result":41.6,"mandate_won":"list"},"fraction_membership":{}}]
