{"id":[79468],"entity_type":["politician"],"label":["Dorothee Bär"],"api_url":["https://www.abgeordnetenwatch.de/api/v2/politicians/79468"],"abgeordnetenwatch_url":["https://www.abgeordnetenwatch.de/profile/dorothee-baer"],"first_name":["Dorothee"],"last_name":["Bär"],"birth_name":{},"sex":["f"],"year_of_birth":[1978],"party":{"id":[3],"entity_type":["party"],"label":["CSU"],"api_url":["https://www.abgeordnetenwatch.de/api/v2/parties/3"]},"party_past":{},"deceased":{},"deceased_date":{},"education":["Diplom-Politologin"],"residence":{},"occupation":["MdB"],"statistic_questions":[3],"statistic_questions_answered":{},"qid_wikidata":["Q85851"],"field_title":{}}
