{"id":[79477],"entity_type":["politician"],"label":["Christian Petry"],"api_url":["https://www.abgeordnetenwatch.de/api/v2/politicians/79477"],"abgeordnetenwatch_url":["https://www.abgeordnetenwatch.de/profile/christian-petry"],"first_name":["Christian"],"last_name":["Petry"],"birth_name":{},"sex":["m"],"year_of_birth":[1965],"party":{"id":[1],"entity_type":["party"],"label":["SPD"],"api_url":["https://www.abgeordnetenwatch.de/api/v2/parties/1"]},"party_past":{},"deceased":{},"deceased_date":{},"education":["Dipl. Verwaltungswirt"],"residence":{},"occupation":["MdB"],"statistic_questions":[5],"statistic_questions_answered":[3],"qid_wikidata":["Q15794238"],"field_title":{}}
