{"id":[79481],"entity_type":["politician"],"label":["Angelika Glöckner"],"api_url":["https://www.abgeordnetenwatch.de/api/v2/politicians/79481"],"abgeordnetenwatch_url":["https://www.abgeordnetenwatch.de/profile/angelika-gloeckner"],"first_name":["Angelika"],"last_name":["Glöckner"],"birth_name":{},"sex":["f"],"year_of_birth":[1962],"party":{"id":[1],"entity_type":["party"],"label":["SPD"],"api_url":["https://www.abgeordnetenwatch.de/api/v2/parties/1"]},"party_past":{},"education":["Verwaltungsfachwirtin"],"residence":{},"occupation":["MdB"],"statistic_questions":[14],"statistic_questions_answered":[14],"qid_wikidata":["Q19834635"],"field_title":{}}
