[{"id":132,"entity_type":"parliament_period","label":"Bundestag 2021 - 2025","api_url":"https://www.abgeordnetenwatch.de/api/v2/parliament-periods/132","abgeordnetenwatch_url":"https://www.abgeordnetenwatch.de/bundestag","parliament":{"id":5,"entity_type":"parliament","label":"Bundestag","api_url":"https://www.abgeordnetenwatch.de/api/v2/parliaments/5","abgeordnetenwatch_url":"https://www.abgeordnetenwatch.de/bundestag"},"previous_period":{"id":128,"entity_type":"parliament_period","label":"Bundestag Wahl 2021","api_url":"https://www.abgeordnetenwatch.de/api/v2/parliament-periods/128","abgeordnetenwatch_url":"https://www.abgeordnetenwatch.de/bundestag/wahl-2021"},"type":"legislature","start_date_period":"2021-09-29","end_date_period":"2025-10-26"},{"id":128,"entity_type":"parliament_period","label":"Bundestag Wahl 2021","api_url":"https://www.abgeordnetenwatch.de/api/v2/parliament-periods/128","abgeordnetenwatch_url":"https://www.abgeordnetenwatch.de/bundestag/wahl-2021","parliament":{"id":5,"entity_type":"parliament","label":"Bundestag","api_url":"https://www.abgeordnetenwatch.de/api/v2/parliaments/5","abgeordnetenwatch_url":"https://www.abgeordnetenwatch.de/bundestag"},"previous_period":{"id":111,"entity_type":"parliament_period","label":"Bundestag 2017 - 2021","api_url":"https://www.abgeordnetenwatch.de/api/v2/parliament-periods/111","abgeordnetenwatch_url":"https://www.abgeordnetenwatch.de/bundestag/19"},"type":"election","election_date":"2021-09-26","start_date_period":"2021-07-06","end_date_period":"2021-09-26"},{"id":111,"entity_type":"parliament_period","label":"Bundestag 2017 - 2021","api_url":"https://www.abgeordnetenwatch.de/api/v2/parliament-periods/111","abgeordnetenwatch_url":"https://www.abgeordnetenwatch.de/bundestag/19","parliament":{"id":5,"entity_type":"parliament","label":"Bundestag","api_url":"https://www.abgeordnetenwatch.de/api/v2/parliaments/5","abgeordnetenwatch_url":"https://www.abgeordnetenwatch.de/bundestag"},"previous_period":{"id":50,"entity_type":"parliament_period","label":"Bundestag Wahl 2017","api_url":"https://www.abgeordnetenwatch.de/api/v2/parliament-periods/50","abgeordnetenwatch_url":"https://www.abgeordnetenwatch.de/bundestag/wahl-2017"},"type":"legislature","start_date_period":"2017-10-24","end_date_period":"2021-10-25"},{"id":97,"entity_type":"parliament_period","label":"Bundestag 2013 - 2017","api_url":"https://www.abgeordnetenwatch.de/api/v2/parliament-periods/97","abgeordnetenwatch_url":"https://www.abgeordnetenwatch.de/bundestag/18","parliament":{"id":5,"entity_type":"parliament","label":"Bundestag","api_url":"https://www.abgeordnetenwatch.de/api/v2/parliaments/5","abgeordnetenwatch_url":"https://www.abgeordnetenwatch.de/bundestag"},"previous_period":{"id":36,"entity_type":"parliament_period","label":"Bundestag Wahl 2013","api_url":"https://www.abgeordnetenwatch.de/api/v2/parliament-periods/36","abgeordnetenwatch_url":"https://www.abgeordnetenwatch.de/bundestag/wahl-2013"},"type":"legislature","start_date_period":"2013-10-22","end_date_period":"2017-10-24"},{"id":83,"entity_type":"parliament_period","label":"Bundestag 2009 - 2013","api_url":"https://www.abgeordnetenwatch.de/api/v2/parliament-periods/83","abgeordnetenwatch_url":"https://www.abgeordnetenwatch.de/bundestag/17","parliament":{"id":5,"entity_type":"parliament","label":"Bundestag","api_url":"https://www.abgeordnetenwatch.de/api/v2/parliaments/5","abgeordnetenwatch_url":"https://www.abgeordnetenwatch.de/bundestag"},"previous_period":{"id":22,"entity_type":"parliament_period","label":"Bundestag Wahl 2009","api_url":"https://www.abgeordnetenwatch.de/api/v2/parliament-periods/22","abgeordnetenwatch_url":"https://www.abgeordnetenwatch.de/bundestag/wahl-2009"},"type":"legislature","start_date_period":"2009-10-27","end_date_period":"2013-09-22"},{"id":67,"entity_type":"parliament_period","label":"Bundestag 2005 - 2009","api_url":"https://www.abgeordnetenwatch.de/api/v2/parliament-periods/67","abgeordnetenwatch_url":"https://www.abgeordnetenwatch.de/bundestag/16","parliament":{"id":5,"entity_type":"parliament","label":"Bundestag","api_url":"https://www.abgeordnetenwatch.de/api/v2/parliaments/5","abgeordnetenwatch_url":"https://www.abgeordnetenwatch.de/bundestag"},"previous_period":{"id":6,"entity_type":"parliament_period","label":"Bundestag Wahl 2005","api_url":"https://www.abgeordnetenwatch.de/api/v2/parliament-periods/6","abgeordnetenwatch_url":"https://www.abgeordnetenwatch.de/bundestag/wahl-2005"},"type":"legislature","start_date_period":"2005-09-18","end_date_period":"2009-09-27"},{"id":50,"entity_type":"parliament_period","label":"Bundestag Wahl 2017","api_url":"https://www.abgeordnetenwatch.de/api/v2/parliament-periods/50","abgeordnetenwatch_url":"https://www.abgeordnetenwatch.de/bundestag/wahl-2017","parliament":{"id":5,"entity_type":"parliament","label":"Bundestag","api_url":"https://www.abgeordnetenwatch.de/api/v2/parliaments/5","abgeordnetenwatch_url":"https://www.abgeordnetenwatch.de/bundestag"},"previous_period":{},"type":"election","election_date":"2017-09-24","start_date_period":"2017-07-20","end_date_period":"2017-09-23"},{"id":36,"entity_type":"parliament_period","label":"Bundestag Wahl 2013","api_url":"https://www.abgeordnetenwatch.de/api/v2/parliament-periods/36","abgeordnetenwatch_url":"https://www.abgeordnetenwatch.de/bundestag/wahl-2013","parliament":{"id":5,"entity_type":"parliament","label":"Bundestag","api_url":"https://www.abgeordnetenwatch.de/api/v2/parliaments/5","abgeordnetenwatch_url":"https://www.abgeordnetenwatch.de/bundestag"},"previous_period":{},"type":"election","election_date":"2013-09-22","start_date_period":"2013-09-10","end_date_period":"2013-10-20"},{"id":22,"entity_type":"parliament_period","label":"Bundestag Wahl 2009","api_url":"https://www.abgeordnetenwatch.de/api/v2/parliament-periods/22","abgeordnetenwatch_url":"https://www.abgeordnetenwatch.de/bundestag/wahl-2009","parliament":{"id":5,"entity_type":"parliament","label":"Bundestag","api_url":"https://www.abgeordnetenwatch.de/api/v2/parliaments/5","abgeordnetenwatch_url":"https://www.abgeordnetenwatch.de/bundestag"},"previous_period":{},"type":"election","election_date":"2009-09-27","start_date_period":"2009-09-19","end_date_period":"2009-10-26"},{"id":6,"entity_type":"parliament_period","label":"Bundestag Wahl 2005","api_url":"https://www.abgeordnetenwatch.de/api/v2/parliament-periods/6","abgeordnetenwatch_url":"https://www.abgeordnetenwatch.de/bundestag/wahl-2005","parliament":{"id":5,"entity_type":"parliament","label":"Bundestag","api_url":"https://www.abgeordnetenwatch.de/api/v2/parliaments/5","abgeordnetenwatch_url":"https://www.abgeordnetenwatch.de/bundestag"},"previous_period":{},"type":"election","election_date":"2005-09-18","start_date_period":"2005-08-18","end_date_period":"2005-09-18"}]
